show_a,show_b,cosine_similarity
Felipe Avello,Nancho Parra,0.9347747726287043
Jorge Romero,Profesor Salomón y Tutu-Tutu,0.875480066180711
"Daniel Muñoz ""El Carmelo""",Profesor Salomón y Tutu-Tutu,0.8634680446250058
Edmundo Arrocet,Gilberto Gless,0.8603147539570011
Memo Bunke,Piña Colada,0.812712911341093
George Harris,Los Atletas de la Risa,0.8006400632101124
Profesor Salomón y Tutu-Tutu,Rudy Rey,0.8004149431488456
Edmundo Arrocet,Hugo Goodman,0.7859230049919103
Memo Bunke y Natalia Cuevas,Natalia Cuevas,0.7839404535910127
Edmundo Arrocet,Julio Sabala,0.7805415785130132
Lucho Navarro,Rudy Rey,0.7803599146748823
Alison Mandel,Natalia Valdebenito,0.7775203379887955
George Harris,Paulo Iglesias,0.7746795371179089
"Daniel Muñoz ""El Carmelo""",Jorge Romero,0.7692291068679035
Jenny Cavallo,Natalia Valdebenito,0.7556988412623165
Gloria Benavides,Jappening con ja,0.7415986624737221
Bombo Fica,Felipe Avello,0.7413842672001574
Gilberto Gless,Julio Sabala,0.7384563608235855
Pedro Ruminot,Álvaro Salas,0.7366000209114286
Millenium Show,Ruperto,0.7353097507273015
Jani Dueñas,Jenny Cavallo,0.7182730791329972
"Daniel Muñoz ""El Carmelo""",Los Acetatos,0.7074186628439931
Carlos García,Profesor Salomón y Tutu-Tutu,0.7063104865258104
Dino Gordillo,Sandy,0.7054191801665366
Jappening con ja,Piña Colada,0.7034199974666511
Carlos García,"Daniel Muñoz ""El Carmelo""",0.7017501994967801
Felo,Julio Sabala,0.6980569134078661
Pamela Leiva,Stefan Kramer,0.6903115221733858
Felo,Profesor Salomón y Tutu-Tutu,0.683748625585374
Carlos García,Payahop,0.6811254688623026
"Daniel Muñoz ""El Carmelo""",Rudy Rey,0.6803078172598033
Pedro Ruminot,Sergio Freire,0.6802458504157597
Hermógenes Conache,Álvaro Salas,0.679633850838964
Los Atletas de la Risa,Paulo Iglesias,0.678742360710223
Carlos García,Edmundo Arrocet,0.6769294236637796
Alison Mandel,Memo Bunke y Natalia Cuevas,0.674068229271016
Carlos García,Felo,0.673201823603568
Álvaro Salas,Óscar Gangas,0.672628894307786
Carlos García,Julio Sabala,0.6716815419350645
Belén Mora,"Daniela ""Chiqui"" Aguayo",0.6707092687373033
Melón y Melame,Millenium Show,0.6706864726288054
Gilberto Gless,Los Acetatos,0.6704222685321051
Arturo Ruiz-Tagle,Dinamita Show,0.6700237572190726
Coco Legrand,Juan Pablo López,0.6676839677340205
Gloria Benavides,Hugo Varela,0.6663838060151435
Jorge Romero,Rudy Rey,0.6654491027454161
Alison Mandel,Jenny Cavallo,0.6653693152161899
Paulo Iglesias,Rodrigo Villegas,0.6643682182153914
"Daniel Muñoz ""El Carmelo""",Felo,0.6629219037628346
Huaso Filomeno,Luis Slimming,0.6627770216867133
"Juan Luis ""Jajá"" Calderón",Juan Pablo López,0.6623982386508082
Jappening con ja,Memo Bunke,0.6623542657318076
Carlos García,Rudy Rey,0.6592089616879968
Felipe Avello,Óscar Gangas,0.6581719104581454
Fabrizio Copano,Pedro Ruminot,0.6580473483281499
Alison Mandel,"Daniela ""Chiqui"" Aguayo",0.6575139856359006
Luis Slimming,"Paul Vásquez ""El Flaco""",0.6546749581903234
Edmundo Arrocet,Los Acetatos,0.6544372612137738
Felo,Payahop,0.6541922842738394
Hermógenes Conache,"Jorge ""Chino"" Navarrete",0.6536409319973682
Gilberto Gless,Hugo Goodman,0.6519078507352463
"Daniel Muñoz ""El Carmelo""",Julio Sabala,0.651027238334537
Lucho Navarro,Profesor Salomón y Tutu-Tutu,0.650551166547157
Fusión Humor,Stefan Kramer,0.6504514717974501
Pujillay,Álvaro Salas,0.6503533737358046
Edmundo Arrocet,Felo,0.648736570698086
Felo,Jorge Romero,0.6476765362132954
Bombo Fica,Óscar Gangas,0.6464983222265597
Carlos García,Gloria Benavides,0.6459748670404547
Bombo Fica,Nancho Parra,0.6457763866882026
"Jorge ""Chino"" Navarrete",Lucho Miranda,0.6448827980981076
Julio Sabala,Los Acetatos,0.6447017503688826
Fabrizio Copano,Sergio Freire,0.6444438179100886
Alejandra Azcárate,"Daniela ""Chiqui"" Aguayo",0.642379992537181
Alison Mandel,Natalia Cuevas,0.6420845262475672
Dinamita Show,Nancho Parra,0.6418253374139818
Los Locos del Humor,Mauricio Palma,0.6415264439417593
Bombo Fica,Pedro Ruminot,0.6406006053263955
Huaso Filomeno,Los Locos del Humor,0.6358850722552932
Centella,Stefan Kramer,0.6356580101415191
Dinamita Show,Fusión Humor,0.6352888911907056
Diego Urrutia,Mauricio Palma,0.6348133826178942
Juan Pablo López,Palta Meléndez,0.634350200096861
Dinamita Show,Stefan Kramer,0.631410284323897
Lucho Miranda,Pamela Leiva,0.630445582984068
Jani Dueñas,Natalia Valdebenito,0.6268124138368817
Pujillay,Rodrigo González,0.6238305102844194
Alex Ortiz,"Juan Luis ""Jajá"" Calderón",0.6209216265495533
Huaso Filomeno,Mauricio Palma,0.6199732779402585
Los Acetatos,Millenium Show,0.6179412317899963
Hugo Goodman,Pamela Leiva,0.6175104760805076
Alejandra Azcárate,Jenny Cavallo,0.6156526572998354
Stefan Kramer,Óscar Gangas,0.6147927847738999
Memo Bunke y Natalia Cuevas,Natalia Valdebenito,0.6138577609219905
Centella,Juan Pablo López,0.6132069477314241
Carlos García,Jorge Romero,0.6131322755983504
Dino Gordillo,Juan Pablo López,0.6121515230587515
Payahop,Profesor Salomón y Tutu-Tutu,0.611097242674323
Arturo Ruiz-Tagle,Melón y Melame,0.6088054613056263
Gigi Martin,Melón y Melame,0.6086492644494937
Jorge Alís,Pujillay,0.6083407869348667
Dino Gordillo,Zip-Zup,0.607135186596651
Melón y Melame,Ruperto,0.6039923795467617
Pedro Ruminot,Pujillay,0.6039542640954404
Nancho Parra,Óscar Gangas,0.6039158609002635
Jorge Alís,Álvaro Salas,0.6036869454053695
Alejandra Azcárate,"Carlos ""El Mono"" Sánchez",0.603419858648524
Dinamita Show,Óscar Gangas,0.6033686183951859
Los Indolatinos,Memo Bunke,0.6031707864492194
Lucho Navarro,Millenium Show,0.601863559941718
Jorge Alís,Pedro Ruminot,0.6010838660047395
Pamela Leiva,Óscar Gangas,0.6010443189810529
Alison Mandel,Pamela Leiva,0.5994733901626447
"Daniela ""Chiqui"" Aguayo",Javiera Contador,0.5992110231228335
Gloria Benavides,Piña Colada,0.5969699303449488
Coco Legrand,"Juan Luis ""Jajá"" Calderón",0.5957218247698113
Fusión Humor,Ricardo Meruane,0.5942365378351303
Gloria Benavides,Los Indolatinos,0.59309152032411
Coco Legrand,Ricardo Meruane,0.5925634549438763
Jorge Romero,Payahop,0.5920244884066842
Ricardo Meruane,Sandy,0.5910034868557253
Alex Ortiz,Dino Gordillo,0.5883707543349649
George Harris,Rodrigo Villegas,0.5881904841520808
Edo Caroe,Ricardo Meruane,0.5874857787037954
Pedro Ruminot,Rodrigo González,0.5870614312990017
Alejandra Azcárate,Natalia Valdebenito,0.5863393299709047
Alejandra Azcárate,Alison Mandel,0.584908903122872
Alex Ortiz,Juan Pablo López,0.5837162678349321
Fusión Humor,"Jorge ""Chino"" Navarrete",0.5825727502096238
Julio Sabala,Profesor Salomón y Tutu-Tutu,0.5809633577541383
Dinamita Show,"Jorge ""Chino"" Navarrete",0.5800040195948157
Jorge Romero,Lucho Navarro,0.5788463060764463
Dinamita Show,Los Indolatinos,0.5787618931741604
Coco Legrand,León Murillo,0.5786973831270843
Jappening con ja,Los Indolatinos,0.5786220989912484
Pamela Leiva,Rodrigo González,0.5779579621238294
Bombo Fica,Dinamita Show,0.5776271945666379
"Daniel Muñoz ""El Carmelo""",Edmundo Arrocet,0.5767064256740123
Bastián Paz,Ruperto,0.576672504942965
Gilberto Gless,Gloria Benavides,0.5761050417742304
Edo Caroe,Pamela Leiva,0.5755762531125865
Hugo Varela,Los Indolatinos,0.5749875580828073
Diego Urrutia,Stefan Kramer,0.5742579193325653
Rodrigo González,Óscar Gangas,0.5737638106253999
Hugo Goodman,Julio Sabala,0.5727827499978252
Coco Legrand,Los Indolatinos,0.5724528976628266
Centella,Ricardo Meruane,0.5718753253492852
Dinamita Show,"Paul Vásquez ""El Flaco""",0.5702767662396208
Gloria Benavides,Natalia Cuevas,0.5680463939347172
Fabrizio Copano,Álvaro Salas,0.5678694648512459
Lucho Miranda,Luis Slimming,0.5675626748254023
Edo Caroe,Stefan Kramer,0.5667301005013589
Dino Gordillo,Los Locos del Humor,0.5661386947357465
Carlos García,Gilberto Gless,0.5660764599655765
Arturo Ruiz-Tagle,Bombo Fica,0.5657541606697984
"Jorge ""Chino"" Navarrete",Luis Slimming,0.5653469105303744
Javiera Contador,Lucho Miranda,0.5649767920358424
"Jorge ""Chino"" Navarrete","Paul Vásquez ""El Flaco""",0.5646254907803996
Dinamita Show,Felipe Avello,0.5627844765809353
Ernesto Belloni,Zip-Zup,0.5620701596309741
Alex Ortiz,"Daniela ""Chiqui"" Aguayo",0.5609501264941238
Alex Ortiz,Javiera Contador,0.5605425503116559
Jorge Romero,Rodrigo Villegas,0.5598066392196857
Belén Mora,Edo Caroe,0.5592731853790955
Diego Urrutia,El Pampero,0.5586538448379685
Gloria Benavides,Memo Bunke y Natalia Cuevas,0.5584352478740668
"Daniel Muñoz ""El Carmelo""",Lucho Navarro,0.5581443394220368
Hugo Goodman,Los Acetatos,0.5558166284203108
Alison Mandel,Javiera Contador,0.5554684004483164
Bombo Fica,Juan Pablo López,0.5550966228846486
Felo,Rudy Rey,0.5549671470692514
Carlos García,Lucho Navarro,0.5549213276103558
Rodrigo Villegas,Rudy Rey,0.5549212267815489
Lucho Miranda,Stefan Kramer,0.5548671271612591
Coco Legrand,Dino Gordillo,0.5545871752076589
"Daniel Muñoz ""El Carmelo""",Payahop,0.5538725240413853
Carlos García,Los Acetatos,0.5533006403154942
Arturo Ruiz-Tagle,Gigi Martin,0.5527715582688578
Fabrizio Copano,Palta Meléndez,0.5520829941896803
Hermógenes Conache,Zip-Zup,0.5518993026211594
Juan Pablo López,Zip-Zup,0.551460360612464
Los Locos del Humor,Rodrigo González,0.5509748021963398
Centella,Hermógenes Conache,0.5501732370729912
Edo Caroe,Pedro Ruminot,0.5480998241333483
Diego Urrutia,Dino Gordillo,0.5476052742582025
Fabrizio Copano,Rodrigo González,0.547572315388764
Hugo Goodman,Stefan Kramer,0.5472721389078988
Dinamita Show,Millenium Show,0.5472456792483291
Dinamita Show,Melón y Melame,0.5465866508219105
Hugo Varela,Piña Colada,0.5464977132720954
Juan Pablo López,Luis Slimming,0.545892797681416
Diego Urrutia,Rodrigo González,0.5458811227011339
Los Locos del Humor,Pujillay,0.5458294832310854
Edo Caroe,Fusión Humor,0.5457381692310617
Los Indolatinos,"Paul Vásquez ""El Flaco""",0.5452988370911303
Diego Urrutia,Lucho Miranda,0.5441045553030572
"Paul Vásquez ""El Flaco""",Rodrigo Villegas,0.5439098820274602
Gigi Martin,Julio Sabala,0.543813205832993
Coco Legrand,Zip-Zup,0.5431083033584504
Rodrigo González,Álvaro Salas,0.542539236107168
Fabrizio Copano,"Juan Luis ""Jajá"" Calderón",0.542525487394636
Coco Legrand,Sergio Freire,0.5421841581383335
Bombo Fica,Álvaro Salas,0.5413470954822506
Centella,Lucho Miranda,0.541186056987831
Alex Ortiz,Lucho Miranda,0.5403959124504667
Bombo Fica,Pujillay,0.5397426488691819
Coco Legrand,Palta Meléndez,0.5395205872772987
Diego Urrutia,Huaso Filomeno,0.5393244889209882
Dino Gordillo,Fabrizio Copano,0.5388517680000152
Juan Pablo López,Lucho Miranda,0.5387693706572086
Arturo Ruiz-Tagle,"Jorge ""Chino"" Navarrete",0.538161391039154
Bastián Paz,Dinamita Show,0.5380465609625578
Alex Ortiz,Luis Slimming,0.5369340653992285
Diego Urrutia,Fusión Humor,0.5368220610631463
Coco Legrand,Óscar Gangas,0.5364493139453848
Centella,Sandy,0.5364414496447173
León Murillo,Palta Meléndez,0.5357725930520663
León Murillo,Ricardo Meruane,0.5347483635894649
Dino Gordillo,"Juan Luis ""Jajá"" Calderón",0.5342652029871453
El Pampero,Sergio Freire,0.5339584899657424
Edmundo Arrocet,Natalia Cuevas,0.5333249617672666
Fabrizio Copano,Felo,0.533182117610488
"Carlos ""El Mono"" Sánchez",Melón y Melame,0.5327083357875886
Coco Legrand,Álvaro Salas,0.5323870214114251
Fabrizio Copano,Juan Pablo López,0.5317138608181541
Arturo Ruiz-Tagle,Fusión Humor,0.5315231636768324
"Daniela ""Chiqui"" Aguayo",Rodrigo González,0.5313684668331642
"Carlos ""El Mono"" Sánchez",Jenny Cavallo,0.5303972955571589
Arturo Ruiz-Tagle,"Paul Vásquez ""El Flaco""",0.5300817309767502
Coco Legrand,Los Locos del Humor,0.5296310320871195
Hermógenes Conache,Juan Pablo López,0.5295696786838023
Bombo Fica,Sergio Freire,0.5292382636320757
Lucho Navarro,Rodrigo Villegas,0.5291953972414155
Millenium Show,Rudy Rey,0.5265185075341199
Coco Legrand,Pamela Leiva,0.5262480808560663
Huaso Filomeno,Álvaro Salas,0.5259449212783145
Gigi Martin,Los Acetatos,0.5245021921610222
Alejandra Azcárate,Jani Dueñas,0.5234333077028989
Diego Urrutia,Los Locos del Humor,0.5224482034294999
Arturo Ruiz-Tagle,Millenium Show,0.522002630288579
"Jorge ""Chino"" Navarrete",Stefan Kramer,0.521351013082762
Los Locos del Humor,Melón y Melame,0.5213012989761124
Fabrizio Copano,Luis Slimming,0.5212560194620209
Los Indolatinos,Piña Colada,0.521218695075855
Dinamita Show,Sandy,0.5209280315503234
Los Indolatinos,Pamela Leiva,0.5199992701054631
Hugo Varela,Jappening con ja,0.5197636850115165
Julio Sabala,Natalia Cuevas,0.5192872525772078
Bombo Fica,Jorge Alís,0.5190298669657896
Fusión Humor,Rodrigo González,0.5188532588484361
Coco Legrand,Hermógenes Conache,0.518728031330983
Arturo Ruiz-Tagle,Rodrigo Villegas,0.5186858303823921
"Juan Luis ""Jajá"" Calderón",Luis Slimming,0.5177404644763831
Felo,Hugo Varela,0.5174726785979785
"Juan Luis ""Jajá"" Calderón",León Murillo,0.5167664687135071
Ernesto Belloni,Hermógenes Conache,0.5165652806058931
Coco Legrand,Fabrizio Copano,0.5162495642365809
Jorge Romero,Julio Sabala,0.515458855774958
Gloria Benavides,Julio Sabala,0.5153890814688685
Lucho Miranda,Óscar Gangas,0.5152300948633113
Hugo Goodman,Lucho Miranda,0.5151818044600585
Arturo Ruiz-Tagle,Pedro Ruminot,0.5146924505478302
Mauricio Palma,Payahop,0.5144780510567428
Payahop,Rudy Rey,0.5140585118002452
Los Indolatinos,Los Locos del Humor,0.5133674131145449
Los Indolatinos,Rodrigo Villegas,0.5131397872581638
Jorge Alís,Palta Meléndez,0.5130275265767703
"Carlos ""El Mono"" Sánchez",Gigi Martin,0.5126074165063059
Coco Legrand,Stefan Kramer,0.5123593650761833
Coco Legrand,Los Atletas de la Risa,0.5120478540121354
"Daniela ""Chiqui"" Aguayo",Jenny Cavallo,0.5118995900572488
Centella,"Jorge ""Chino"" Navarrete",0.5114333107924481
Juan Pablo López,Óscar Gangas,0.511240607620626
Edo Caroe,Sergio Freire,0.5111703143558674
Hermógenes Conache,Los Indolatinos,0.5104742726773096
Coco Legrand,Natalia Valdebenito,0.510215136094504
Diego Urrutia,Fabrizio Copano,0.5098499868977212
Natalia Cuevas,Natalia Valdebenito,0.5095646294238619
Ernesto Belloni,Lucho Navarro,0.5095318307506855
Edmundo Arrocet,Gloria Benavides,0.5074686409558782
Huaso Filomeno,Rodrigo González,0.5064025373405596
Dinamita Show,Dino Gordillo,0.506328897163359
Julio Sabala,Rudy Rey,0.5057982567759021
Huaso Filomeno,Pujillay,0.5051004646059557
Diego Urrutia,Óscar Gangas,0.5048632819460245
Carlos García,Hugo Varela,0.5046132725098906
Ricardo Meruane,Stefan Kramer,0.504512880133211
Diego Urrutia,Payahop,0.5040193743412856
Millenium Show,Sandy,0.5035298447939107
Javiera Contador,Melón y Melame,0.5026988081093421
Alison Mandel,Jani Dueñas,0.5020946227208131
Dinamita Show,Ruperto,0.5016660170869846
Paulo Iglesias,Sergio Freire,0.5007739496686042
Hermógenes Conache,"Paul Vásquez ""El Flaco""",0.5002300250423114
Carlos García,Diego Urrutia,0.4993544548072083
Carlos García,Los Indolatinos,0.4988072051070196
Coco Legrand,Edo Caroe,0.4980640728192283
Diego Urrutia,Zip-Zup,0.49793675216989997
Felo,Gloria Benavides,0.49651834529537414
Profesor Salomón y Tutu-Tutu,Rodrigo Villegas,0.4963688838072974
Bombo Fica,Rodrigo González,0.49618047951566374
Bastián Paz,Jani Dueñas,0.49596675894904335
Los Atletas de la Risa,Rodrigo Villegas,0.4945035396698732
Hermógenes Conache,Pedro Ruminot,0.4943820630950675
Gilberto Gless,Natalia Cuevas,0.4935546394392578
Piña Colada,Rudy Rey,0.4933131855314821
Fusión Humor,Melón y Melame,0.4928328859990904
Los Acetatos,Rudy Rey,0.4923055463893936
Jani Dueñas,Palta Meléndez,0.49222681976841215
Felo,Rodrigo Villegas,0.4919071731076699
Felo,Gilberto Gless,0.4915069023279367
Lucho Navarro,Ruperto,0.49085327572309523
Arturo Ruiz-Tagle,Bastián Paz,0.4902899060433701
"Daniela ""Chiqui"" Aguayo",Jani Dueñas,0.49000114743119744
Dino Gordillo,Huaso Filomeno,0.48965584548602603
Bombo Fica,"Paul Vásquez ""El Flaco""",0.48898821815635385
Jappening con ja,Ruperto,0.4889786220903718
Zip-Zup,Óscar Gangas,0.4883091613905711
Lucho Navarro,Payahop,0.4873558236773775
Fusión Humor,Óscar Gangas,0.4848813193077558
Luis Slimming,Sergio Freire,0.48422721200032226
"Daniela ""Chiqui"" Aguayo",Natalia Valdebenito,0.48378757038059483
Rodrigo González,Stefan Kramer,0.48304005071414197
Edo Caroe,Javiera Contador,0.4825235292203781
Carlos García,Rodrigo Villegas,0.4814660547340145
Fabrizio Copano,Óscar Gangas,0.48116079692416575
Dino Gordillo,Óscar Gangas,0.4797936552059212
Fusión Humor,Sergio Freire,0.47944069504051484
Fabrizio Copano,Pujillay,0.4789458186639797
Arturo Ruiz-Tagle,Ruperto,0.47889999656517745
Dino Gordillo,Rodrigo González,0.4782824725722108
Belén Mora,Javiera Contador,0.47770842065491886
Felo,Lucho Navarro,0.47662212542457333
Ricardo Meruane,Sergio Freire,0.4761290970697973
Bastián Paz,Dino Gordillo,0.4751968034804532
Huaso Filomeno,"Jorge ""Chino"" Navarrete",0.47500421706891816
Arturo Ruiz-Tagle,Álvaro Salas,0.47486399967371484
Bombo Fica,Los Indolatinos,0.4745390725792381
Gloria Benavides,Memo Bunke,0.4738544552984984
Dino Gordillo,Luis Slimming,0.47365767620086174
Jenny Cavallo,Memo Bunke y Natalia Cuevas,0.47308629190365614
Gloria Benavides,Los Acetatos,0.47302201030226965
Dino Gordillo,Álvaro Salas,0.47302077091351163
Pedro Ruminot,Óscar Gangas,0.472771154047353
Juan Pablo López,Los Indolatinos,0.47257954289837234
Dinamita Show,Álvaro Salas,0.47257775159709836
Gloria Benavides,Ruperto,0.4719069661498077
Hugo Varela,Memo Bunke,0.4714205860250269
Ernesto Belloni,León Murillo,0.47122195322349475
"Juan Luis ""Jajá"" Calderón",Ricardo Meruane,0.4711061730172495
Juan Pablo López,Rodrigo Villegas,0.47066021329084134
"Daniel Muñoz ""El Carmelo""",Jani Dueñas,0.46889416182975485
"Jorge ""Chino"" Navarrete",Los Indolatinos,0.46828734289375
Bombo Fica,Palta Meléndez,0.468159897902347
Jorge Alís,Óscar Gangas,0.4674363628715141
Rodrigo González,Rodrigo Villegas,0.46721438760708317
Bastián Paz,Fusión Humor,0.46630096375513364
Jorge Alís,Sandy,0.4662424018459103
Juan Pablo López,Stefan Kramer,0.46561255096996645
Edmundo Arrocet,Profesor Salomón y Tutu-Tutu,0.46557282566723235
Hermógenes Conache,Óscar Gangas,0.46540927374170826
Felo,Gigi Martin,0.4653836761196982
Javiera Contador,Natalia Cuevas,0.46534069804331263
Fabrizio Copano,Fusión Humor,0.4645197287681523
Bastián Paz,Palta Meléndez,0.4642904725576173
Dino Gordillo,Hugo Varela,0.46399646440236125
"Daniela ""Chiqui"" Aguayo",Edo Caroe,0.4595047147817182
Edmundo Arrocet,Payahop,0.45908676531353776
Dino Gordillo,El Pampero,0.4587807317097314
Palta Meléndez,Sergio Freire,0.4587688556524195
Coco Legrand,Rodrigo González,0.4585558533773405
León Murillo,Sandy,0.4585430015381699
Fabrizio Copano,Jorge Alís,0.4584506331934869
Juan Pablo López,Álvaro Salas,0.4576438486331644
"Jorge ""Chino"" Navarrete",Álvaro Salas,0.45730301435149695
Bastián Paz,Millenium Show,0.45617667528689254
Bombo Fica,Rodrigo Villegas,0.4556489288109587
El Pampero,Zip-Zup,0.45561434942277923
Dinamita Show,Rodrigo González,0.4553247629491145
Julio Sabala,Memo Bunke y Natalia Cuevas,0.45528166357589817
"Daniel Muñoz ""El Carmelo""",Hugo Varela,0.4552668835426858
Dinamita Show,Pamela Leiva,0.45514140972836653
"Carlos ""El Mono"" Sánchez",Dino Gordillo,0.4551363872096382
Dinamita Show,Gigi Martin,0.45426563157978883
Diego Urrutia,Rodrigo Villegas,0.45362301641721
Sandy,Stefan Kramer,0.4531710074540605
Coco Legrand,Jenny Cavallo,0.45280347506014834
Palta Meléndez,"Paul Vásquez ""El Flaco""",0.4526889736991573
"Daniel Muñoz ""El Carmelo""",Ruperto,0.452465596263819
Centella,Coco Legrand,0.45242846856071195
Pedro Ruminot,Ricardo Meruane,0.4518307360546411
Dino Gordillo,Pujillay,0.45127521666222903
Hermógenes Conache,Huaso Filomeno,0.45122233923230975
Bastián Paz,Melón y Melame,0.4512182003407434
Bombo Fica,Fabrizio Copano,0.45110362417418065
Fabrizio Copano,Huaso Filomeno,0.45092570894683975
Edmundo Arrocet,Jorge Romero,0.4506064632380195
Juan Pablo López,Paulo Iglesias,0.45001600788658686
Dinamita Show,Rodrigo Villegas,0.44927719658143417
Bombo Fica,Paulo Iglesias,0.4489949155644003
Coco Legrand,Pedro Ruminot,0.44871116550758683
Dinamita Show,Los Acetatos,0.44870527017941575
Hugo Varela,Los Locos del Humor,0.44816181735274735
Centella,Edo Caroe,0.4480278833351336
Fabrizio Copano,Ricardo Meruane,0.4469394484015854
Felo,Stefan Kramer,0.44693325235761
Melón y Melame,Rodrigo Villegas,0.4464064231790654
Felo,Los Acetatos,0.44538249754746584
Pamela Leiva,Álvaro Salas,0.44526143970418103
Jorge Alís,Juan Pablo López,0.44455485475000406
Huaso Filomeno,"Paul Vásquez ""El Flaco""",0.4437375988000504
Fusión Humor,Lucho Miranda,0.4437002038657218
Mauricio Palma,Melón y Melame,0.443278095977475
Hugo Goodman,Rodrigo González,0.44214478472615115
"Daniel Muñoz ""El Carmelo""",Rodrigo Villegas,0.44187846710318257
Hugo Goodman,Natalia Cuevas,0.4416769715698106
Arturo Ruiz-Tagle,Juan Pablo López,0.44165754405041224
Lucho Navarro,Melón y Melame,0.4406889668842111
Dino Gordillo,Los Indolatinos,0.4405691950266948
Hermógenes Conache,Lucho Miranda,0.44022672517647765
Pujillay,Óscar Gangas,0.44001113451837126
El Pampero,Huaso Filomeno,0.4396719596524171
Los Locos del Humor,Álvaro Salas,0.43857130573899067
Arturo Ruiz-Tagle,Fabrizio Copano,0.43802814592945694
Melón y Melame,Rodrigo González,0.4379293448476074
Bastián Paz,El Pampero,0.43756546882740555
Arturo Ruiz-Tagle,Memo Bunke,0.43713927336330666
Coco Legrand,Sandy,0.43684518153965873
Centella,Javiera Contador,0.43679660264921316
Hugo Varela,Rudy Rey,0.43674863616932386
Jorge Alís,Mauricio Palma,0.43670212331026365
Dinamita Show,Ernesto Belloni,0.43650015176694124
"Carlos ""El Mono"" Sánchez",Huaso Filomeno,0.4362767431408534
Rodrigo González,Sergio Freire,0.4362713334344265
Coco Legrand,Paulo Iglesias,0.4362386512435592
Los Acetatos,Ruperto,0.4356137777613854
"Juan Luis ""Jajá"" Calderón",Palta Meléndez,0.43542644546020776
Mauricio Palma,Rodrigo González,0.43501147709696486
Payahop,Sandy,0.43453217448881337
Sergio Freire,Álvaro Salas,0.4341281530535476
Hugo Varela,Pujillay,0.4340862924978272
"Jorge ""Chino"" Navarrete",Pamela Leiva,0.43308885289842963
Lucho Navarro,Sandy,0.4328139393330302
Mauricio Palma,Palta Meléndez,0.43230295111921985
Pamela Leiva,"Paul Vásquez ""El Flaco""",0.43214098313832205
Jani Dueñas,Memo Bunke y Natalia Cuevas,0.4313885125588008
Coco Legrand,"Jorge ""Chino"" Navarrete",0.4312263664224468
Bastián Paz,Bombo Fica,0.4311795077285
Juan Pablo López,Sergio Freire,0.4311573940998161
Arturo Ruiz-Tagle,Palta Meléndez,0.43098467646944055
Hugo Varela,Pamela Leiva,0.4307027041097473
Lucho Miranda,Rodrigo González,0.43061777315773564
Coco Legrand,"Paul Vásquez ""El Flaco""",0.43043972915563605
Arturo Ruiz-Tagle,Stefan Kramer,0.4304184783289705
Palta Meléndez,Pedro Ruminot,0.43037700954465163
"Daniel Muñoz ""El Carmelo""",Millenium Show,0.4302786245716212
Hugo Goodman,Álvaro Salas,0.4299389833864934
Diego Urrutia,Pamela Leiva,0.4296312679361025
Los Indolatinos,Rudy Rey,0.42906515567313913
Bastián Paz,Rodrigo Villegas,0.42866700896937554
"Juan Luis ""Jajá"" Calderón",Pedro Ruminot,0.4284403603437414
"Carlos ""El Mono"" Sánchez",Natalia Valdebenito,0.42787607882876544
Juan Pablo López,"Paul Vásquez ""El Flaco""",0.4276997685044542
Alison Mandel,Belén Mora,0.4275858853000643
Alejandra Azcárate,Belén Mora,0.42750611847559483
Dinamita Show,Lucho Miranda,0.42680388880003267
Fusión Humor,Hermógenes Conache,0.42676565355872004
Fabrizio Copano,Profesor Salomón y Tutu-Tutu,0.426737441780596
El Pampero,Sandy,0.42635071693622184
Gloria Benavides,Rudy Rey,0.42620404048391153
Coco Legrand,Luis Slimming,0.4254419557413238
Dino Gordillo,Lucho Miranda,0.42522454185422087
Diego Urrutia,Jorge Romero,0.4250357818915021
"Juan Luis ""Jajá"" Calderón",Sandy,0.42466636579693706
Los Locos del Humor,"Paul Vásquez ""El Flaco""",0.424549589873914
Diego Urrutia,Sandy,0.42428665611347127
"Carlos ""El Mono"" Sánchez",Zip-Zup,0.42424527030752446
Millenium Show,Álvaro Salas,0.4242269762729332
Bastián Paz,Sandy,0.42379260894893556
Hermógenes Conache,Hugo Goodman,0.4236206724091738
Hugo Goodman,Óscar Gangas,0.42347229646685797
Centella,Palta Meléndez,0.42342754361482277
Edmundo Arrocet,Stefan Kramer,0.42334166878874624
Fusión Humor,Hugo Goodman,0.4232319732546675
Los Indolatinos,Sandy,0.42297164689171773
Hugo Varela,Profesor Salomón y Tutu-Tutu,0.4224850356235815
Fabrizio Copano,Rodrigo Villegas,0.4224593371047109
Centella,Ernesto Belloni,0.4218860064904682
Centella,Pamela Leiva,0.42081562306963366
Fusión Humor,Álvaro Salas,0.4202195178161229
Fusión Humor,Pamela Leiva,0.4200875829786879
"Carlos ""El Mono"" Sánchez",Rodrigo González,0.4200025583743506
Hugo Goodman,"Jorge ""Chino"" Navarrete",0.41960882973980235
Dino Gordillo,Jorge Alís,0.4192368006020502
Hermógenes Conache,Luis Slimming,0.4192258906026148
Coco Legrand,Hugo Varela,0.4190056074885819
Fusión Humor,Payahop,0.41874740039756086
Bombo Fica,Stefan Kramer,0.41873049311877086
Edo Caroe,Fabrizio Copano,0.4186347069735689
Arturo Ruiz-Tagle,Rodrigo González,0.41827844659551744
"Paul Vásquez ""El Flaco""",Óscar Gangas,0.4179820368642063
Edo Caroe,"Juan Luis ""Jajá"" Calderón",0.4179469887000041
Huaso Filomeno,Óscar Gangas,0.41791247048715396
Dinamita Show,Hugo Goodman,0.41777730499134924
"Daniela ""Chiqui"" Aguayo",Dino Gordillo,0.41711607049657956
Arturo Ruiz-Tagle,Los Acetatos,0.4170815320419379
"Jorge ""Chino"" Navarrete",Rodrigo Villegas,0.4166367945357494
Edo Caroe,Luis Slimming,0.4165471062630231
Fabrizio Copano,Jorge Romero,0.4160518044893077
Edmundo Arrocet,Rudy Rey,0.41568644069290484
Bastián Paz,"Paul Vásquez ""El Flaco""",0.4154001614491284
Memo Bunke y Natalia Cuevas,Piña Colada,0.4151735084368803
Coco Legrand,Jani Dueñas,0.41496939895570684
Fabrizio Copano,Jani Dueñas,0.4149246073529045
Fusión Humor,Pedro Ruminot,0.41462247366083066
Felo,Sandy,0.41380283543252305
Palta Meléndez,Paulo Iglesias,0.41335448000083264
Hermógenes Conache,Jorge Alís,0.41319058835485595
"Daniela ""Chiqui"" Aguayo",Los Indolatinos,0.41310521935503497
Dino Gordillo,Jenny Cavallo,0.41302181091244483
Juan Pablo López,Pedro Ruminot,0.41294213239215655
Los Locos del Humor,Payahop,0.4127103119032651
Hermógenes Conache,Rodrigo González,0.4122292418059341
Jorge Alís,Paulo Iglesias,0.4116295474709675
Hermógenes Conache,Ricardo Meruane,0.4113825925451006
Diego Urrutia,Juan Pablo López,0.41114686323833016
"Paul Vásquez ""El Flaco""",Rodrigo González,0.41091563220082267
Arturo Ruiz-Tagle,Coco Legrand,0.41067082568729596
Luis Slimming,Palta Meléndez,0.4103496134274253
Rodrigo Villegas,Ruperto,0.40993162056868726
Felipe Avello,"Paul Vásquez ""El Flaco""",0.4098259995666644
Coco Legrand,Fusión Humor,0.409638883059056
Fusión Humor,Mauricio Palma,0.4096314488574684
Edo Caroe,León Murillo,0.40942979137654306
Stefan Kramer,Álvaro Salas,0.40941113705805876
Carlos García,Fabrizio Copano,0.4092073941354777
Jenny Cavallo,León Murillo,0.40888518062659907
El Pampero,Fabrizio Copano,0.4082777287477719
Javiera Contador,Juan Pablo López,0.40825627561602695
Edo Caroe,Rodrigo González,0.40812466597654956
"Daniela ""Chiqui"" Aguayo",Juan Pablo López,0.4077740373710422
Rodrigo Villegas,Sergio Freire,0.4077601765274212
"Daniela ""Chiqui"" Aguayo",Palta Meléndez,0.4076515828838924
Sergio Freire,Óscar Gangas,0.4072326433511984
Fabrizio Copano,Rudy Rey,0.407040895138589
Bombo Fica,Coco Legrand,0.40699906809278014
Memo Bunke,"Paul Vásquez ""El Flaco""",0.4069928079806169
Bombo Fica,"Daniela ""Chiqui"" Aguayo",0.4069888328108992
"Paul Vásquez ""El Flaco""",Rudy Rey,0.4069261593036599
Luis Slimming,Rodrigo Villegas,0.40666275656784673
Palta Meléndez,Rodrigo Villegas,0.40659809272953806
Javiera Contador,Pamela Leiva,0.406395565233136
Gigi Martin,Memo Bunke,0.4060893749667797
Centella,Dinamita Show,0.40572004823995983
Gigi Martin,Sandy,0.4051894839622173
"Carlos ""El Mono"" Sánchez",Coco Legrand,0.4049107960378773
Centella,Payahop,0.40484985617858166
Juan Pablo López,Ricardo Meruane,0.40476539023902847
Jenny Cavallo,Pamela Leiva,0.4042589510267149
El Pampero,Jorge Romero,0.40379886633987877
Payahop,Rodrigo Villegas,0.4037971642011522
Ernesto Belloni,Álvaro Salas,0.403538598056958
Dinamita Show,Juan Pablo López,0.4033008878605641
Julio Sabala,Lucho Navarro,0.4025950141694304
Centella,Dino Gordillo,0.4025392408281405
Fusión Humor,Millenium Show,0.40199516724563034
Memo Bunke y Natalia Cuevas,Profesor Salomón y Tutu-Tutu,0.4019128922151312
Ernesto Belloni,Felipe Avello,0.40162122680277074
Bastián Paz,"Daniela ""Chiqui"" Aguayo",0.4016136889261904
Sergio Freire,Zip-Zup,0.4015526406105614
Natalia Valdebenito,Pamela Leiva,0.4013460197586481
Los Acetatos,Lucho Navarro,0.40123903288432705
Ernesto Belloni,Los Indolatinos,0.40117480988266235
Fusión Humor,Los Locos del Humor,0.4006544334984217
Diego Urrutia,Javiera Contador,0.40051648858354866
Jappening con ja,Millenium Show,0.400421341840848
Diego Urrutia,Hugo Varela,0.40006840376195085
Huaso Filomeno,Rodrigo Villegas,0.40006176906962987
Huaso Filomeno,Melón y Melame,0.399757357901016
George Harris,Rodrigo González,0.3992396658762935
Gigi Martin,Piña Colada,0.39892047703307415
Coco Legrand,Dinamita Show,0.3984416687848399
Rodrigo Villegas,Sandy,0.39843173184117714
Juan Pablo López,Rodrigo González,0.39818416313415855
Felipe Avello,Payahop,0.3980318214359804
"Carlos ""El Mono"" Sánchez",Memo Bunke,0.3980318099992598
Dino Gordillo,Palta Meléndez,0.3978588281384634
Memo Bunke y Natalia Cuevas,Pamela Leiva,0.39764935206904695
Julio Sabala,Rodrigo Villegas,0.3975367342172975
Javiera Contador,Luis Slimming,0.39697146204802736
Paulo Iglesias,Rodrigo González,0.3968394902208906
Dino Gordillo,Ricardo Meruane,0.39632147689330455
Diego Urrutia,Felo,0.3961873425300942
Bastián Paz,"Jorge ""Chino"" Navarrete",0.39588636470292354
Bastián Paz,Óscar Gangas,0.3956938152083259
Pedro Ruminot,Rodrigo Villegas,0.39511939727133494
Fabrizio Copano,Hugo Varela,0.3950204703320358
Natalia Cuevas,Pamela Leiva,0.3949618512507282
Javiera Contador,Memo Bunke y Natalia Cuevas,0.39489412890822095
Los Indolatinos,Rodrigo González,0.39463785596727885
Los Indolatinos,Stefan Kramer,0.3943165210191793
Bastián Paz,Diego Urrutia,0.3936366923926817
Dinamita Show,Paulo Iglesias,0.3935187287056027
Lucho Miranda,"Paul Vásquez ""El Flaco""",0.39347140122546337
El Pampero,"Jorge ""Chino"" Navarrete",0.39341325267297905
"Carlos ""El Mono"" Sánchez",Los Indolatinos,0.39338496875795087
Coco Legrand,Rodrigo Villegas,0.39320939946671934
"Carlos ""El Mono"" Sánchez",Dinamita Show,0.39316476247095555
Hermógenes Conache,Pujillay,0.3928373664527049
Hugo Varela,Álvaro Salas,0.39278812742540337
Hugo Goodman,Pedro Ruminot,0.39241440135787975
Los Indolatinos,Luis Slimming,0.3922272079936891
Felipe Avello,Paulo Iglesias,0.39198786462793206
Fabrizio Copano,Lucho Navarro,0.3919188666440391
Huaso Filomeno,Juan Pablo López,0.39186445361993644
Los Locos del Humor,Pamela Leiva,0.391840692357523
Bombo Fica,Ernesto Belloni,0.3918310094171857
Dino Gordillo,Sergio Freire,0.3917918775124647
Hugo Goodman,Los Indolatinos,0.3915885405078137
Jenny Cavallo,Natalia Cuevas,0.39151965675241956
Fabrizio Copano,Mauricio Palma,0.3914639173620575
Dinamita Show,Hermógenes Conache,0.3913047494089262
Carlos García,Hugo Goodman,0.3909219187974906
Gigi Martin,Millenium Show,0.3908842719421025
Belén Mora,Pamela Leiva,0.39086487874109244
Fabrizio Copano,Payahop,0.390702596033842
Jorge Alís,Rodrigo González,0.3905090122641294
Los Indolatinos,Melón y Melame,0.39030570943724574
Centella,Fusión Humor,0.39001292390048176
Millenium Show,Rodrigo Villegas,0.3890567901625017
Arturo Ruiz-Tagle,Hermógenes Conache,0.38896149323400026
Arturo Ruiz-Tagle,Sergio Freire,0.38839274776530025
Paulo Iglesias,Pedro Ruminot,0.38827032505154796
Dino Gordillo,Millenium Show,0.3880681088670084
Dino Gordillo,Javiera Contador,0.3875431040944003
"Daniela ""Chiqui"" Aguayo",Pamela Leiva,0.38735110075837154
Los Indolatinos,Millenium Show,0.3871746406886954
"Daniel Muñoz ""El Carmelo""",Fabrizio Copano,0.3871521195394406
Huaso Filomeno,Jorge Alís,0.386859415957235
Paulo Iglesias,Óscar Gangas,0.38683592389873106
Alejandra Azcárate,Edo Caroe,0.3864884698073713
Jenny Cavallo,Zip-Zup,0.386290502286053
"Carlos ""El Mono"" Sánchez",Fabrizio Copano,0.385985274364524
León Murillo,Lucho Navarro,0.3849892909985125
Alejandra Azcárate,Los Indolatinos,0.3846947110906801
"Daniela ""Chiqui"" Aguayo",Luis Slimming,0.3842578088197309
"Jorge ""Chino"" Navarrete",Sandy,0.38419235853415995
Los Atletas de la Risa,Rodrigo González,0.383725223679417
Los Locos del Humor,Luis Slimming,0.38371150302313634
"Daniel Muñoz ""El Carmelo""",Gilberto Gless,0.38319206392051636
Diego Urrutia,Melón y Melame,0.38294902620953897
Alison Mandel,Los Indolatinos,0.3827339355383583
Pamela Leiva,Pujillay,0.3824917733506394
"Carlos ""El Mono"" Sánchez",Paulo Iglesias,0.38218350929783645
Fabrizio Copano,Julio Sabala,0.38198624540698606
Fusión Humor,Ruperto,0.38197930279707326
Memo Bunke y Natalia Cuevas,Rudy Rey,0.38196596547053413
"Jorge ""Chino"" Navarrete",Juan Pablo López,0.38194375900297206
Dino Gordillo,"Paul Vásquez ""El Flaco""",0.38153463904301754
Alex Ortiz,Belén Mora,0.3814622783806206
Centella,Óscar Gangas,0.3807721412769818
Melón y Melame,Sandy,0.3807603247839983
Bastián Paz,Los Indolatinos,0.38062235406019046
Felo,Pujillay,0.38059694660208804
Coco Legrand,Huaso Filomeno,0.38046852782958124
Gloria Benavides,Hugo Goodman,0.3797295109671217
Juan Pablo López,Los Locos del Humor,0.3792934252552453
Fabrizio Copano,Melón y Melame,0.37915539713673213
Bombo Fica,Gloria Benavides,0.37902379820479865
Edo Caroe,Lucho Miranda,0.37875892636560815
Huaso Filomeno,Pedro Ruminot,0.37856134324113266
Hermógenes Conache,Pamela Leiva,0.37848187330683564
Mauricio Palma,Pujillay,0.37843847939778247
Lucho Miranda,Álvaro Salas,0.37829002685702245
Mauricio Palma,Stefan Kramer,0.3777730091176149
Centella,Los Indolatinos,0.377692791059434
Arturo Ruiz-Tagle,Los Indolatinos,0.3774889241697236
Hugo Varela,Jani Dueñas,0.37719194231579034
Diego Urrutia,Hugo Goodman,0.37681771917811546
Memo Bunke,Rodrigo Villegas,0.3767359562466863
"Daniela ""Chiqui"" Aguayo",Pujillay,0.3766073683733362
Hugo Varela,Memo Bunke y Natalia Cuevas,0.3765788657907375
Edmundo Arrocet,Pamela Leiva,0.3765011666116473
Bastián Paz,León Murillo,0.375836944686898
Fabrizio Copano,Javiera Contador,0.3756887761644278
Bombo Fica,Dino Gordillo,0.37567931949101613
El Pampero,Rodrigo Villegas,0.37541502353400136
Belén Mora,Bombo Fica,0.3747099850668629
Juan Pablo López,Mauricio Palma,0.37460787503578524
"Jorge ""Chino"" Navarrete",Ricardo Meruane,0.3743686893009338
Gloria Benavides,Millenium Show,0.37434547441747174
Zip-Zup,Álvaro Salas,0.37410184858573836
Edo Caroe,Juan Pablo López,0.3739799885700812
Fabrizio Copano,Natalia Valdebenito,0.3737435875983923
Los Indolatinos,Ricardo Meruane,0.3736198882132259
Diego Urrutia,Lucho Navarro,0.3736086772741346
Fabrizio Copano,Zip-Zup,0.373574916527506
"Carlos ""El Mono"" Sánchez",Los Locos del Humor,0.3733215005136592
Los Acetatos,Los Indolatinos,0.3731987739465175
Gloria Benavides,Lucho Navarro,0.3730972620904523
"Daniela ""Chiqui"" Aguayo",Lucho Miranda,0.3727116641881475
Jorge Alís,León Murillo,0.37247274639795713
Centella,Felo,0.3722582359417856
Bastián Paz,Rodrigo González,0.37213369690144016
Alison Mandel,Edo Caroe,0.37200783716097174
Edmundo Arrocet,Gigi Martin,0.3719181673072237
Coco Legrand,Diego Urrutia,0.3718460967685195
Los Indolatinos,Palta Meléndez,0.3716616561481565
Melón y Melame,Piña Colada,0.37165102399292566
Alison Mandel,Rodrigo González,0.3715231473812097
Jappening con ja,Melón y Melame,0.3713360778338567
Lucho Miranda,Rodrigo Villegas,0.3710750219731068
Los Indolatinos,Zip-Zup,0.37103309239841115
Fabrizio Copano,Sandy,0.3709908795626804
Carlos García,Memo Bunke y Natalia Cuevas,0.37077561935576786
Bastián Paz,Coco Legrand,0.3706950827198139
Los Atletas de la Risa,Sergio Freire,0.3702534195544321
Edo Caroe,"Jorge ""Chino"" Navarrete",0.37013446237939784
Nancho Parra,"Paul Vásquez ""El Flaco""",0.3700882489936677
Diego Urrutia,"Jorge ""Chino"" Navarrete",0.3699493001187348
Gigi Martin,Gilberto Gless,0.3699280146301447
Diego Urrutia,Dinamita Show,0.36974667592139887
Hugo Varela,Los Acetatos,0.36972625390774416
Arturo Ruiz-Tagle,Jani Dueñas,0.3695152456840634
Dino Gordillo,"Jorge ""Chino"" Navarrete",0.3694791025557341
Bombo Fica,Huaso Filomeno,0.3692267525713445
Carlos García,Sandy,0.3691929317808637
Carlos García,Mauricio Palma,0.3687830949885255
Jappening con ja,Rudy Rey,0.36873829934710023
Edmundo Arrocet,Rodrigo Villegas,0.36839924463895307
Jani Dueñas,Profesor Salomón y Tutu-Tutu,0.36806691543462794
Coco Legrand,Mauricio Palma,0.36797651023691497
Los Indolatinos,Álvaro Salas,0.36751387376146305
Bombo Fica,Pamela Leiva,0.36744538823444856
Alex Ortiz,Los Locos del Humor,0.3669063033629818
Ernesto Belloni,Payahop,0.3665978892485919
Natalia Valdebenito,Sergio Freire,0.3665936214359179
Dino Gordillo,Stefan Kramer,0.3662580785964604
Arturo Ruiz-Tagle,Hugo Goodman,0.36611799403014883
Arturo Ruiz-Tagle,Dino Gordillo,0.36479027721479285
Alison Mandel,"Carlos ""El Mono"" Sánchez",0.3646712840339492
Huaso Filomeno,Lucho Miranda,0.3645258608422523
Felipe Avello,Stefan Kramer,0.36414694416055476
Bombo Fica,Memo Bunke,0.3641452493618314
"Juan Luis ""Jajá"" Calderón",Lucho Miranda,0.36377527069084153
Hermógenes Conache,Palta Meléndez,0.3637556782277824
Alison Mandel,Stefan Kramer,0.3634969841235778
"Carlos ""El Mono"" Sánchez","Daniela ""Chiqui"" Aguayo",0.3633242156341411
Hermógenes Conache,Rodrigo Villegas,0.36325963921960863
Dinamita Show,Ricardo Meruane,0.3629927835829479
"Paul Vásquez ""El Flaco""",Stefan Kramer,0.362700289435813
Los Acetatos,Melón y Melame,0.3626771001109469
Los Locos del Humor,Zip-Zup,0.3625995624313444
Centella,"Paul Vásquez ""El Flaco""",0.36246171287768836
Nancho Parra,Paulo Iglesias,0.3620582821518195
Felo,Jani Dueñas,0.36184239089338804
Jani Dueñas,Javiera Contador,0.3617129508646953
Carlos García,Stefan Kramer,0.3616629017812502
Arturo Ruiz-Tagle,"Carlos ""El Mono"" Sánchez",0.3614939916103755
Dinamita Show,Payahop,0.3614306243772389
Alejandra Azcárate,Coco Legrand,0.36137045548312685
Bombo Fica,Hermógenes Conache,0.36106426979016776
Julio Sabala,Payahop,0.3607349947091776
Pamela Leiva,Pedro Ruminot,0.3606845732111927
Hermógenes Conache,Los Locos del Humor,0.3604980741795289
Jani Dueñas,Pamela Leiva,0.36037971532147156
Carlos García,Ruperto,0.3602678611639861
Ernesto Belloni,"Jorge ""Chino"" Navarrete",0.3601920270841938
"Daniel Muñoz ""El Carmelo""",Gloria Benavides,0.3597046608411525
Los Acetatos,Profesor Salomón y Tutu-Tutu,0.35965463503627976
Bombo Fica,Edo Caroe,0.35930281882240817
Palta Meléndez,Sandy,0.3592902498338772
"Carlos ""El Mono"" Sánchez",Ernesto Belloni,0.35918128569822666
Ernesto Belloni,Sandy,0.35917338245607405
El Pampero,Luis Slimming,0.3588262726301829
Payahop,Stefan Kramer,0.3586467878787332
Jani Dueñas,Los Acetatos,0.35862176851653527
"Carlos ""El Mono"" Sánchez",Rodrigo Villegas,0.3581098469524263
Belén Mora,Jenny Cavallo,0.35797001110913623
Felipe Avello,Felo,0.35789456159901795
Diego Urrutia,Edmundo Arrocet,0.35762690054763074
Palta Meléndez,Ricardo Meruane,0.3572582945722094
Juan Pablo López,Sandy,0.35703219126555596
Pamela Leiva,Ricardo Meruane,0.3568032036277365
Javiera Contador,Jenny Cavallo,0.35675329316568816
"Jorge ""Chino"" Navarrete",Los Acetatos,0.35672004363093895
Fusión Humor,Los Indolatinos,0.35658233542981477
Alex Ortiz,Palta Meléndez,0.35654461216683686
Los Atletas de la Risa,Natalia Valdebenito,0.3562565352191069
Centella,Hugo Goodman,0.35600539345947296
Gloria Benavides,Rodrigo Villegas,0.3557735151184342
Diego Urrutia,Profesor Salomón y Tutu-Tutu,0.3557150514200932
Ernesto Belloni,Fusión Humor,0.35566608575841285
Fabrizio Copano,Los Locos del Humor,0.35564881153297406
Edmundo Arrocet,Los Indolatinos,0.35549630569486707
Alison Mandel,Dinamita Show,0.3549478740888639
Jenny Cavallo,Jorge Alís,0.35454074396467883
Belén Mora,Pujillay,0.354108043708453
Gloria Benavides,Pamela Leiva,0.35404280427458273
Jorge Alís,Zip-Zup,0.35384483638709324
"Carlos ""El Mono"" Sánchez",Felo,0.35384306322467773
Carlos García,Los Locos del Humor,0.35352593865662846
Edo Caroe,Hugo Goodman,0.3533744534394278
Juan Pablo López,Pamela Leiva,0.35337051669177777
Edo Caroe,Óscar Gangas,0.35300007138858025
"Juan Luis ""Jajá"" Calderón",Los Atletas de la Risa,0.3529235518673753
Palta Meléndez,Zip-Zup,0.3528279673033677
Millenium Show,Palta Meléndez,0.3526464943881472
Dino Gordillo,Rodrigo Villegas,0.351818464987255
Javiera Contador,Rodrigo Villegas,0.3515992225545153
"Daniela ""Chiqui"" Aguayo",Rodrigo Villegas,0.35129632761119695
Hugo Varela,Stefan Kramer,0.35116138808066577
Dino Gordillo,Los Atletas de la Risa,0.3509995987445391
Sandy,Zip-Zup,0.35085909595582004
Jani Dueñas,Lucho Navarro,0.3507475190617436
Jorge Alís,"Juan Luis ""Jajá"" Calderón",0.35046484697752006
"Juan Luis ""Jajá"" Calderón",Los Indolatinos,0.35030029242453925
Nancho Parra,Payahop,0.3500970149324229
Paulo Iglesias,Zip-Zup,0.34995772899587796
Dino Gordillo,Pamela Leiva,0.34984941230181155
Los Indolatinos,Lucho Miranda,0.34978021195673686
Bombo Fica,Melón y Melame,0.34961022282734017
"Juan Luis ""Jajá"" Calderón",Álvaro Salas,0.3494956740277925
Alex Ortiz,Fabrizio Copano,0.3492255557585794
Payahop,Ricardo Meruane,0.3491905115692528
Arturo Ruiz-Tagle,Sandy,0.3490882413476987
Carlos García,Jappening con ja,0.3490515533818694
Profesor Salomón y Tutu-Tutu,Pujillay,0.34884851153289614
Pujillay,Rodrigo Villegas,0.34878361914966954
Centella,Rodrigo Villegas,0.3487799848589447
"Daniela ""Chiqui"" Aguayo","Paul Vásquez ""El Flaco""",0.34856796842994603
Jorge Romero,Los Acetatos,0.3484505198212701
Fusión Humor,Los Acetatos,0.34826234132213957
Luis Slimming,Álvaro Salas,0.3482423532928463
Javiera Contador,"Juan Luis ""Jajá"" Calderón",0.3478586807499793
"Carlos ""El Mono"" Sánchez",Lucho Navarro,0.34780096961281715
Carlos García,Pujillay,0.3477468850084431
Los Locos del Humor,Óscar Gangas,0.347612232022564
Nancho Parra,Stefan Kramer,0.34749969609274717
Felipe Avello,Álvaro Salas,0.3474160811643264
Ernesto Belloni,Paulo Iglesias,0.3473557785878003
Los Indolatinos,Lucho Navarro,0.34734983112522916
Huaso Filomeno,Sergio Freire,0.347252688319027
Gloria Benavides,Sandy,0.3471784952348534
Ricardo Meruane,Rodrigo González,0.34623165965705904
Mauricio Palma,Álvaro Salas,0.3461387439829679
Centella,Diego Urrutia,0.34612700697516435
Belén Mora,Pedro Ruminot,0.3461022928824449
Jenny Cavallo,Palta Meléndez,0.34606151560347176
Javiera Contador,Natalia Valdebenito,0.34571782921811967
Centella,"Daniela ""Chiqui"" Aguayo",0.3455417416262739
Los Acetatos,Sandy,0.3453294200093102
Gloria Benavides,Melón y Melame,0.3434762742763039
Edmundo Arrocet,Lucho Navarro,0.34345048022005736
Hugo Varela,Jenny Cavallo,0.3431514690091719
Millenium Show,"Paul Vásquez ""El Flaco""",0.3423798057436366
Los Indolatinos,Pujillay,0.34229910494360044
Mauricio Palma,Óscar Gangas,0.3422333497830854
Alison Mandel,Lucho Miranda,0.3421246141832885
"Carlos ""El Mono"" Sánchez",Álvaro Salas,0.3418600730781609
Dinamita Show,Jorge Alís,0.3416708388604475
Luis Slimming,Rudy Rey,0.3416538840397096
"Daniel Muñoz ""El Carmelo""",Diego Urrutia,0.34159277052099796
Juan Pablo López,Nancho Parra,0.3415143261342182
Dino Gordillo,Melón y Melame,0.3407621015420156
Carlos García,Dinamita Show,0.3405534166595161
Pedro Ruminot,Sandy,0.3405192744296072
Belén Mora,Rodrigo González,0.34026814048246906
Ernesto Belloni,Nancho Parra,0.3400937820086492
Felipe Avello,Jorge Alís,0.3395001792866241
Millenium Show,Pedro Ruminot,0.33915584019436973
Centella,Zip-Zup,0.33891304815393336
Los Locos del Humor,Sergio Freire,0.33879437255480127
Melón y Melame,Memo Bunke,0.338602343531352
Fusión Humor,Sandy,0.33857582064763153
Melón y Melame,Payahop,0.3383389243632032
Bombo Fica,Los Locos del Humor,0.3380868275644067
Arturo Ruiz-Tagle,"Daniel Muñoz ""El Carmelo""",0.3380408161958036
"Juan Luis ""Jajá"" Calderón",Los Locos del Humor,0.3378782432049773
Melón y Melame,"Paul Vásquez ""El Flaco""",0.3377673070541964
Centella,Edmundo Arrocet,0.3377063779673446
Rodrigo Villegas,Óscar Gangas,0.337658939037189
Paulo Iglesias,Sandy,0.33706788582076846
Natalia Valdebenito,Rodrigo González,0.3370187087155043
George Harris,Sergio Freire,0.33698894190307677
Jani Dueñas,Mauricio Palma,0.33683674991759543
Fusión Humor,Zip-Zup,0.33672781369933413
Dino Gordillo,Paulo Iglesias,0.33664891617496434
Melón y Melame,Álvaro Salas,0.3365814318120894
El Pampero,Fusión Humor,0.3365191291917999
Paulo Iglesias,Álvaro Salas,0.3363889900178475
Juan Pablo López,León Murillo,0.33617062798697916
Centella,Jorge Alís,0.33601184547260454
Jani Dueñas,Julio Sabala,0.3359794572151875
Arturo Ruiz-Tagle,Óscar Gangas,0.33594560779471905
Bastián Paz,Pamela Leiva,0.33579708576577727
Arturo Ruiz-Tagle,Edo Caroe,0.3357102843881706
Juan Pablo López,Los Atletas de la Risa,0.33551477424268145
Fabrizio Copano,Millenium Show,0.3354808953797186
Javiera Contador,Sandy,0.33504528222090313
Jani Dueñas,Natalia Cuevas,0.3347485707411896
Gloria Benavides,Profesor Salomón y Tutu-Tutu,0.3344225994309968
Pedro Ruminot,Stefan Kramer,0.3344094715202563
Fusión Humor,Juan Pablo López,0.3342705012383304
Diego Urrutia,Sergio Freire,0.3339594080838489
Bombo Fica,Felo,0.33386962760181527
Rudy Rey,Sandy,0.3337632337218981
Alison Mandel,"Jorge ""Chino"" Navarrete",0.33365975488942984
"Carlos ""El Mono"" Sánchez",Hugo Varela,0.3336499925074952
"Daniela ""Chiqui"" Aguayo",Dinamita Show,0.3335574260116972
Dinamita Show,Memo Bunke,0.3335460374927209
"Paul Vásquez ""El Flaco""",Paulo Iglesias,0.33326511005770937
Bombo Fica,Fusión Humor,0.33326128728639787
"Carlos ""El Mono"" Sánchez",Diego Urrutia,0.3332610778368265
Bombo Fica,Carlos García,0.333058935509873
Bombo Fica,Centella,0.3327771137417665
Rodrigo Villegas,Stefan Kramer,0.3326322267129153
Belén Mora,Jani Dueñas,0.3323718433112201
Javiera Contador,"Jorge ""Chino"" Navarrete",0.33228798679090993
Diego Urrutia,Luis Slimming,0.33200522165361424
Felo,Natalia Cuevas,0.331569612593648
Los Indolatinos,Ruperto,0.33126085099741803
Payahop,Pujillay,0.33125173207837166
"Daniel Muñoz ""El Carmelo""",Memo Bunke y Natalia Cuevas,0.3312081990761706
"Jorge ""Chino"" Navarrete",Óscar Gangas,0.33110877834497454
Fusión Humor,"Paul Vásquez ""El Flaco""",0.3309387259634146
Arturo Ruiz-Tagle,Luis Slimming,0.3305363983359217
Los Indolatinos,Óscar Gangas,0.33047473603138866
Carlos García,Felipe Avello,0.3303267787314379
Jenny Cavallo,Los Locos del Humor,0.32964911775321826
Jani Dueñas,León Murillo,0.32933465139609686
Dinamita Show,Zip-Zup,0.3291535231892587
Dino Gordillo,Fusión Humor,0.3288097514620444
Jorge Romero,Pujillay,0.3288094556073684
Edmundo Arrocet,Sandy,0.32843833862854555
Arturo Ruiz-Tagle,Javiera Contador,0.3283766844135229
Millenium Show,Piña Colada,0.3283551669342797
Los Locos del Humor,Rodrigo Villegas,0.3277808212207894
Dinamita Show,Lucho Navarro,0.32769278901859444
"Juan Luis ""Jajá"" Calderón",Sergio Freire,0.3276906962010421
Dinamita Show,Los Locos del Humor,0.3274086056746557
Fabrizio Copano,Hermógenes Conache,0.32681912687818
Bombo Fica,Mauricio Palma,0.3266088914860519
Dino Gordillo,Ernesto Belloni,0.3265186411738654
Ernesto Belloni,Juan Pablo López,0.3265141546849509
Alex Ortiz,Pujillay,0.32646890705882925
Dinamita Show,León Murillo,0.32639383991940313
Huaso Filomeno,Javiera Contador,0.32631889660465857
Carlos García,Fusión Humor,0.3262679273939691
Felo,Memo Bunke y Natalia Cuevas,0.32624011599350106
Luis Slimming,Pedro Ruminot,0.32602060274576383
Los Indolatinos,Paulo Iglesias,0.32511101981873364
Carlos García,Nancho Parra,0.3250013468748091
Natalia Valdebenito,Paulo Iglesias,0.32494452374481236
León Murillo,Los Indolatinos,0.32464507167528595
Fabrizio Copano,Gigi Martin,0.32400847093031987
"Daniela ""Chiqui"" Aguayo",Paulo Iglesias,0.3239267847399332
"Daniela ""Chiqui"" Aguayo",Jorge Alís,0.3238845134599392
Belén Mora,Dino Gordillo,0.32386722627939285
"Carlos ""El Mono"" Sánchez",El Pampero,0.3237108236576923
Dino Gordillo,Felo,0.3234514305462735
Ernesto Belloni,Ricardo Meruane,0.32318103659673275
Los Locos del Humor,Stefan Kramer,0.3230522736809816
"Daniela ""Chiqui"" Aguayo",Pedro Ruminot,0.3224086104865705
Alejandra Azcárate,Pamela Leiva,0.3220187019297463
El Pampero,Óscar Gangas,0.322004327713445
Jorge Romero,Memo Bunke y Natalia Cuevas,0.3218202206085081
"Daniela ""Chiqui"" Aguayo",León Murillo,0.321453088108741
Huaso Filomeno,Hugo Varela,0.32138632500481845
Ruperto,Sandy,0.32123556691898686
Bastián Paz,Fabrizio Copano,0.32109213205214815
Gigi Martin,"Paul Vásquez ""El Flaco""",0.32094318273107086
"Jorge ""Chino"" Navarrete",Millenium Show,0.320722747783319
Felipe Avello,Juan Pablo López,0.32035233290727083
Lucho Navarro,Paulo Iglesias,0.32010653867857236
Huaso Filomeno,Jenny Cavallo,0.31992166018604873
Alison Mandel,"Paul Vásquez ""El Flaco""",0.3198265351788594
Carlos García,Piña Colada,0.3196860389167269
Memo Bunke,Rudy Rey,0.3193214183265969
Luis Slimming,Rodrigo González,0.3190329474050648
Ernesto Belloni,Sergio Freire,0.31889121230559225
Huaso Filomeno,Payahop,0.3187332812033244
Huaso Filomeno,Paulo Iglesias,0.3186969493663115
"Daniel Muñoz ""El Carmelo""",Pujillay,0.31848514326729965
Hugo Varela,Natalia Valdebenito,0.31809419994293264
Bastián Paz,Lucho Miranda,0.31804145353460067
Mauricio Palma,Pedro Ruminot,0.3179299769316049
Diego Urrutia,Rudy Rey,0.3176055558353241
Melón y Melame,Pedro Ruminot,0.3175062756605638
Alex Ortiz,Diego Urrutia,0.31729270019474376
León Murillo,Sergio Freire,0.31722321297585554
Felo,Óscar Gangas,0.3172129577660389
"Carlos ""El Mono"" Sánchez",Piña Colada,0.3171113568601261
Jani Dueñas,Jorge Romero,0.31707309289548424
"Daniel Muñoz ""El Carmelo""",Hugo Goodman,0.31705793181033093
Jani Dueñas,Millenium Show,0.3167541211546276
Fabrizio Copano,Stefan Kramer,0.3160150234981295
Felipe Avello,Pujillay,0.3158532876896142
Dinamita Show,Edo Caroe,0.3158064233755716
"Daniela ""Chiqui"" Aguayo",Fabrizio Copano,0.31561435289359063
Gloria Benavides,Payahop,0.31530972118767114
Dino Gordillo,Gigi Martin,0.31524386200938453
Fusión Humor,Luis Slimming,0.31468058381224356
Los Locos del Humor,Sandy,0.3146612319184969
Ricardo Meruane,Zip-Zup,0.31449049060208323
León Murillo,Paulo Iglesias,0.3143892977413479
Bastián Paz,Carlos García,0.3142419631629262
Coco Legrand,Lucho Miranda,0.31415209006991457
Luis Slimming,Óscar Gangas,0.3140581013868215
Bastián Paz,Stefan Kramer,0.314044894338004
Arturo Ruiz-Tagle,Ricardo Meruane,0.31394715146726615
Bombo Fica,Zip-Zup,0.3137926040257459
Gloria Benavides,Jorge Romero,0.31367109095113654
Lucho Navarro,Palta Meléndez,0.31354009603834737
Edo Caroe,Álvaro Salas,0.3129828177032302
Alison Mandel,Centella,0.31289622852017274
Alex Ortiz,Rodrigo González,0.31286989291201855
Diego Urrutia,Álvaro Salas,0.31285535824476657
Alison Mandel,Coco Legrand,0.31272647219305905
Los Atletas de la Risa,Zip-Zup,0.31223833959464276
"Carlos ""El Mono"" Sánchez",León Murillo,0.3122254847912126
Alejandra Azcárate,Paulo Iglesias,0.31217318037565756
Alejandra Azcárate,Dinamita Show,0.3120235918392903
Bastián Paz,Javiera Contador,0.3118682433923215
Bastián Paz,Jappening con ja,0.31173809740257075
Edo Caroe,Sandy,0.31139535949602515
Arturo Ruiz-Tagle,Centella,0.31102888738519774
Arturo Ruiz-Tagle,Huaso Filomeno,0.31093239590135396
Carlos García,Melón y Melame,0.3108156055426023
Diego Urrutia,Pujillay,0.3106193590712423
Alison Mandel,Óscar Gangas,0.31055042709751335
Hugo Varela,Jorge Romero,0.3105128044985105
Rodrigo González,Zip-Zup,0.3103604252353582
Huaso Filomeno,"Juan Luis ""Jajá"" Calderón",0.3102304830612215
Bastián Paz,Jenny Cavallo,0.31016594703461225
Huaso Filomeno,Zip-Zup,0.30944819827059095
El Pampero,Lucho Miranda,0.30924027217471556
Edo Caroe,Los Indolatinos,0.30898570139933396
Natalia Valdebenito,Álvaro Salas,0.30893092014157675
Pujillay,Rudy Rey,0.3083794201901505
Carlos García,Jani Dueñas,0.3082069834523742
Pamela Leiva,Rodrigo Villegas,0.3080997327952497
"Jorge ""Chino"" Navarrete",Rodrigo González,0.30802921500695973
Alison Mandel,Gloria Benavides,0.3079836315223377
Dino Gordillo,Hermógenes Conache,0.30758074636448657
Dinamita Show,Pujillay,0.3074685490048794
Fabrizio Copano,Lucho Miranda,0.3074057895772687
Alex Ortiz,Huaso Filomeno,0.30726189986182595
Fusión Humor,Palta Meléndez,0.3070987638301081
Lucho Navarro,"Paul Vásquez ""El Flaco""",0.3068883494489127
Jenny Cavallo,Álvaro Salas,0.30686772705493076
Edo Caroe,"Paul Vásquez ""El Flaco""",0.3066384801452615
Hugo Goodman,"Paul Vásquez ""El Flaco""",0.30653255347260827
"Daniel Muñoz ""El Carmelo""",Fusión Humor,0.3065272741715211
Gloria Benavides,Javiera Contador,0.30612702677107684
Natalia Valdebenito,Palta Meléndez,0.306034919072364
Hugo Varela,Julio Sabala,0.3059532066633869
Bastián Paz,Los Locos del Humor,0.3059371813393383
Felo,Hugo Goodman,0.3051002839802982
Ernesto Belloni,Jorge Alís,0.30503049435066293
Carlos García,El Pampero,0.30475222166656746
Felo,Nancho Parra,0.3045104681012373
Coco Legrand,Jorge Alís,0.3043420959202052
Ernesto Belloni,Los Locos del Humor,0.304018567998149
Arturo Ruiz-Tagle,Lucho Miranda,0.3039884909624762
"Jorge ""Chino"" Navarrete",Los Locos del Humor,0.3036407674714485
Melón y Melame,Stefan Kramer,0.3032258470037994
Alejandra Azcárate,Rodrigo González,0.3028614369903973
Dinamita Show,Pedro Ruminot,0.3028406416517774
Javiera Contador,Rodrigo González,0.3025768653753661
Los Locos del Humor,Millenium Show,0.3014785574251768
Fusión Humor,León Murillo,0.30101391677379313
Dino Gordillo,Pedro Ruminot,0.3009832257209002
Ricardo Meruane,Óscar Gangas,0.30097813450177235
Palta Meléndez,Rodrigo González,0.30095723451456735
Jani Dueñas,Álvaro Salas,0.3007959639102858
Hugo Varela,Óscar Gangas,0.30069695355305887
Arturo Ruiz-Tagle,Pamela Leiva,0.3005888696242048
Millenium Show,Pujillay,0.3004597061206128
Los Acetatos,Natalia Cuevas,0.30032553443979476
Felipe Avello,Rodrigo Villegas,0.29968452138573787
Los Locos del Humor,Natalia Valdebenito,0.2996121728311357
Bastián Paz,Gloria Benavides,0.2994266771151741
"Carlos ""El Mono"" Sánchez",Óscar Gangas,0.29917956143503893
Hugo Varela,Zip-Zup,0.29915354713213665
Edo Caroe,Jani Dueñas,0.2990332082818613
Los Acetatos,Rodrigo Villegas,0.298943093183847
Fusión Humor,Javiera Contador,0.29878458281654136
Carlos García,Natalia Cuevas,0.29874970215643243
Carlos García,Pamela Leiva,0.29870548344914327
Jani Dueñas,Jorge Alís,0.2986412556061717
Alison Mandel,Hugo Goodman,0.29830599330267926
Fusión Humor,Rodrigo Villegas,0.2981772529839031
Alejandra Azcárate,Zip-Zup,0.29811604694844657
"Daniela ""Chiqui"" Aguayo","Jorge ""Chino"" Navarrete",0.2979996925743275
Fabrizio Copano,Jenny Cavallo,0.2978041947401939
Palta Meléndez,Álvaro Salas,0.2976602539580811
Gigi Martin,Hugo Goodman,0.2975142599825932
"Daniela ""Chiqui"" Aguayo",Los Locos del Humor,0.29743621919010893
Palta Meléndez,Óscar Gangas,0.29708883219200816
Felipe Avello,Huaso Filomeno,0.2969494900153917
Bombo Fica,Hugo Goodman,0.29648076623826297
Centella,Álvaro Salas,0.29638741651871836
Los Indolatinos,Pedro Ruminot,0.2963408283301412
Dino Gordillo,León Murillo,0.296279772642922
Natalia Cuevas,Sandy,0.2953087130551918
León Murillo,Zip-Zup,0.2951167852811152
Felo,Los Indolatinos,0.2948801660761909
Gigi Martin,Javiera Contador,0.2948590297502873
"Juan Luis ""Jajá"" Calderón",Stefan Kramer,0.29447414907057756
Gloria Benavides,Pujillay,0.2943722634381782
Arturo Ruiz-Tagle,Nancho Parra,0.2942934570765504
Jenny Cavallo,Juan Pablo López,0.2941579301459429
Dinamita Show,Palta Meléndez,0.29390460957115255
Diego Urrutia,Los Indolatinos,0.2939017783629869
"Juan Luis ""Jajá"" Calderón",Pamela Leiva,0.2938825517241657
"Carlos ""El Mono"" Sánchez",Sandy,0.2938483442649864
"Juan Luis ""Jajá"" Calderón",Rodrigo González,0.29370193692536556
Jappening con ja,Lucho Navarro,0.29364173716335
Dinamita Show,Huaso Filomeno,0.29360798912295316
Ernesto Belloni,Melón y Melame,0.29353422983095234
Alejandra Azcárate,Dino Gordillo,0.2934519713249016
Juan Pablo López,Natalia Valdebenito,0.2932245492349724
"Daniela ""Chiqui"" Aguayo",Huaso Filomeno,0.29301253107731723
Edmundo Arrocet,Fabrizio Copano,0.2925027192805535
El Pampero,Los Locos del Humor,0.29223059879601593
León Murillo,Los Locos del Humor,0.29205110126992073
Ernesto Belloni,"Paul Vásquez ""El Flaco""",0.29149930922675354
Jappening con ja,Rodrigo Villegas,0.29141076910838054
"Daniel Muñoz ""El Carmelo""",Dinamita Show,0.2912458342775952
Felo,Álvaro Salas,0.29075816712494384
"Paul Vásquez ""El Flaco""",Sandy,0.2907268150892713
Sandy,Álvaro Salas,0.29054308430322756
Sandy,Sergio Freire,0.2904648849357186
Centella,Rodrigo González,0.2903862991012213
Dinamita Show,Jani Dueñas,0.2902342364643326
Alison Mandel,Diego Urrutia,0.29020848995323206
Julio Sabala,Melón y Melame,0.2901532670661205
Alison Mandel,Bombo Fica,0.2900126303678265
Gilberto Gless,Hugo Varela,0.2900079606331702
León Murillo,Luis Slimming,0.2898550843824299
Javiera Contador,Julio Sabala,0.28918531809723513
Luis Slimming,Pamela Leiva,0.28901462338420725
Bombo Fica,Luis Slimming,0.28828724402381417
Juan Pablo López,Pujillay,0.2880455946504086
Palta Meléndez,Rudy Rey,0.28803325271556535
Jorge Romero,Ruperto,0.2877381347304914
Gilberto Gless,Los Indolatinos,0.28767824570905215
Los Indolatinos,Natalia Valdebenito,0.28755092885433575
Los Locos del Humor,Palta Meléndez,0.28730928058095734
Alison Mandel,Luis Slimming,0.28728846090708277
"Paul Vásquez ""El Flaco""",Álvaro Salas,0.2870616357667315
Edo Caroe,Hermógenes Conache,0.28687449187189007
Fabrizio Copano,León Murillo,0.28681213913998455
Bastián Paz,Centella,0.28653757029087856
Bombo Fica,Ricardo Meruane,0.28632501338802757
Bastián Paz,Zip-Zup,0.2863023416775407
Gigi Martin,Rodrigo González,0.2861905316348858
Bastián Paz,Lucho Navarro,0.28618092084160995
Gloria Benavides,Stefan Kramer,0.28593044946990365
Bombo Fica,"Carlos ""El Mono"" Sánchez",0.28536434872726896
"Paul Vásquez ""El Flaco""",Sergio Freire,0.28526517923365163
Dino Gordillo,Mauricio Palma,0.284917636037634
Edmundo Arrocet,Ricardo Meruane,0.28484853167915564
Lucho Miranda,Ricardo Meruane,0.2848321128851268
Ernesto Belloni,Óscar Gangas,0.2847831609939384
Edmundo Arrocet,Hugo Varela,0.2843488960733005
Belén Mora,Sergio Freire,0.2839934224029036
Luis Slimming,Ricardo Meruane,0.2837200406805754
"Carlos ""El Mono"" Sánchez",Jani Dueñas,0.2835623400049081
Luis Slimming,Millenium Show,0.2835515286314244
León Murillo,"Paul Vásquez ""El Flaco""",0.2835331338883239
Hugo Goodman,Javiera Contador,0.28347853085053476
Hermógenes Conache,Stefan Kramer,0.28345635642111583
Carlos García,Millenium Show,0.2833567655320205
"Carlos ""El Mono"" Sánchez","Paul Vásquez ""El Flaco""",0.2832889738080789
Coco Legrand,El Pampero,0.28319667317740665
Memo Bunke y Natalia Cuevas,Payahop,0.2829692285926534
"Juan Luis ""Jajá"" Calderón",Óscar Gangas,0.2829054434095917
"Carlos ""El Mono"" Sánchez",Luis Slimming,0.2825608331653707
Profesor Salomón y Tutu-Tutu,Ruperto,0.2825241522079877
Jani Dueñas,Rudy Rey,0.28249459828097434
Alex Ortiz,Rodrigo Villegas,0.28231356556770304
Centella,Natalia Cuevas,0.28226739527823563
Jorge Romero,Sandy,0.28224985363521843
El Pampero,Rodrigo González,0.2816559775633013
Hugo Goodman,Pujillay,0.281551490088909
"Paul Vásquez ""El Flaco""",Pujillay,0.28141064763554197
"Jorge ""Chino"" Navarrete",Sergio Freire,0.28100225442059185
Los Locos del Humor,Pedro Ruminot,0.2808326384758514
Dinamita Show,Luis Slimming,0.2807481547437726
El Pampero,Hugo Varela,0.28054911299780905
Belén Mora,Los Locos del Humor,0.28053825484270833
Bastián Paz,Mauricio Palma,0.28011464232255445
Felo,Melón y Melame,0.2800134720893181
Alex Ortiz,Los Indolatinos,0.27993393517241344
Alison Mandel,Juan Pablo López,0.2798524564660881
Alison Mandel,Dino Gordillo,0.27981776717325946
Los Locos del Humor,Paulo Iglesias,0.27978792575255285
Payahop,Ruperto,0.2796384443709329
Hugo Varela,Rodrigo Villegas,0.2795254404606556
Hugo Varela,Sandy,0.27921318116354527
Nancho Parra,Ruperto,0.278922995281774
Diego Urrutia,Hermógenes Conache,0.27880920393161546
Piña Colada,Pujillay,0.2782105974752688
Gigi Martin,Rodrigo Villegas,0.2779506960450822
Dinamita Show,Gloria Benavides,0.2776198540890316
Melón y Melame,Rudy Rey,0.27737953667221876
Alejandra Azcárate,Álvaro Salas,0.27734083270520354
Ricardo Meruane,Álvaro Salas,0.27727644694204095
Bombo Fica,Ruperto,0.2768852965952344
Huaso Filomeno,Los Indolatinos,0.2767848037212951
Hugo Goodman,Rodrigo Villegas,0.2767192470343007
Arturo Ruiz-Tagle,Julio Sabala,0.27647019465029626
Carlos García,Óscar Gangas,0.2764188767030986
Alejandra Azcárate,Javiera Contador,0.2760924551505432
Paulo Iglesias,Pujillay,0.27599093066869196
Jorge Alís,Nancho Parra,0.2758444159949277
Hermógenes Conache,Mauricio Palma,0.27574696726073356
"Daniela ""Chiqui"" Aguayo","Juan Luis ""Jajá"" Calderón",0.27522420317332585
Lucho Navarro,Memo Bunke y Natalia Cuevas,0.27447337419899426
Edmundo Arrocet,Lucho Miranda,0.2743242917789564
Nancho Parra,Álvaro Salas,0.27389615000208545
Bombo Fica,Gigi Martin,0.27345481751885153
Diego Urrutia,"Juan Luis ""Jajá"" Calderón",0.273049849161983
"Daniela ""Chiqui"" Aguayo",Diego Urrutia,0.2730211919262213
Felo,Ruperto,0.27295195134180583
Javiera Contador,Jorge Romero,0.2724387918234629
Alejandra Azcárate,Hugo Varela,0.27216357566551563
Luis Slimming,Natalia Valdebenito,0.27210032650862453
Centella,Jani Dueñas,0.27197594133489217
Mauricio Palma,Zip-Zup,0.27194049850949054
Rodrigo Villegas,Zip-Zup,0.27177942542630507
Dino Gordillo,Lucho Navarro,0.2714345580928564
Edo Caroe,Melón y Melame,0.2712636161935781
Luis Slimming,Sandy,0.2712449577967962
Diego Urrutia,Jenny Cavallo,0.2712133932333473
Arturo Ruiz-Tagle,Jorge Alís,0.27117057468600186
Ernesto Belloni,Jenny Cavallo,0.27099454406325935
Lucho Miranda,Palta Meléndez,0.2708448464071144
Dino Gordillo,Payahop,0.27074663509167246
Ernesto Belloni,Gloria Benavides,0.27039752389139243
Los Acetatos,Payahop,0.2700591702759498
Los Locos del Humor,Lucho Navarro,0.26981596174140904
Rudy Rey,Ruperto,0.269686556303625
Diego Urrutia,Pedro Ruminot,0.26905897414074736
Palta Meléndez,Piña Colada,0.26898320954883936
Dino Gordillo,Jani Dueñas,0.26884866671004687
"Jorge ""Chino"" Navarrete",León Murillo,0.26856578421038907
"Carlos ""El Mono"" Sánchez",Juan Pablo López,0.26835272100577234
Felo,Juan Pablo López,0.2679212286496793
León Murillo,Stefan Kramer,0.2678139447599851
Edo Caroe,Natalia Valdebenito,0.26774703309451287
Fabrizio Copano,Los Indolatinos,0.26756104809619513
Bastián Paz,Edo Caroe,0.2675017443935321
Julio Sabala,Los Indolatinos,0.26749244820471985
Ernesto Belloni,Millenium Show,0.267381201415196
Jenny Cavallo,Lucho Navarro,0.26712664119206164
Gloria Benavides,Jani Dueñas,0.26688068363251155
Arturo Ruiz-Tagle,Felipe Avello,0.26674662137611654
"Jorge ""Chino"" Navarrete",Zip-Zup,0.26673768521012
Bombo Fica,Jappening con ja,0.2661293435339925
Carlos García,Memo Bunke,0.26601890495079616
Nancho Parra,Rodrigo Villegas,0.2657182062480808
Javiera Contador,Pedro Ruminot,0.2656240768468696
Centella,Fabrizio Copano,0.26548069889326453
Jappening con ja,Memo Bunke y Natalia Cuevas,0.2653247974924475
Huaso Filomeno,Natalia Valdebenito,0.26518542833484177
Dinamita Show,Felo,0.26514328564443435
"Jorge ""Chino"" Navarrete",Pedro Ruminot,0.2650987816290979
Julio Sabala,Piña Colada,0.264867783163333
Jenny Cavallo,Mauricio Palma,0.26467142820229217
Alex Ortiz,Sandy,0.26466521308493635
Arturo Ruiz-Tagle,"Daniela ""Chiqui"" Aguayo",0.26427690396783726
Edmundo Arrocet,Fusión Humor,0.26412242478462294
"Juan Luis ""Jajá"" Calderón",Pujillay,0.2637630436927425
Hugo Varela,Payahop,0.2635091231205021
Jani Dueñas,Pujillay,0.263319747417863
Lucho Navarro,Piña Colada,0.26294958751798025
Alex Ortiz,Bombo Fica,0.2628039125417028
Diego Urrutia,Jorge Alís,0.2622205877090443
Gloria Benavides,Nancho Parra,0.26211442713840805
Luis Slimming,Melón y Melame,0.2620540362033583
Los Locos del Humor,Lucho Miranda,0.26193609410892865
Alex Ortiz,Centella,0.26184429080438126
Fabrizio Copano,Pamela Leiva,0.261069239838597
Sergio Freire,Stefan Kramer,0.2609552470774161
"Carlos ""El Mono"" Sánchez",Jorge Alís,0.2607139934420956
Centella,Luis Slimming,0.2606350649351637
Dino Gordillo,Los Acetatos,0.2606252155944882
Bombo Fica,"Juan Luis ""Jajá"" Calderón",0.2601120168917316
Javiera Contador,Stefan Kramer,0.26006822201759205
Hugo Varela,Juan Pablo López,0.2599221449627057
Dinamita Show,Edmundo Arrocet,0.2598412123635158
"Daniela ""Chiqui"" Aguayo",Sergio Freire,0.2598250401231151
Belén Mora,Ernesto Belloni,0.2595779978647412
Javiera Contador,Lucho Navarro,0.2594158444054114
Edmundo Arrocet,Jani Dueñas,0.25930931482511993
Felipe Avello,Pamela Leiva,0.2592025777336925
Carlos García,Ernesto Belloni,0.25907635582085364
Los Atletas de la Risa,Los Locos del Humor,0.2584213893093696
"Carlos ""El Mono"" Sánchez",Javiera Contador,0.258256572552062
Los Locos del Humor,Ricardo Meruane,0.2579194817408286
Melón y Melame,Palta Meléndez,0.2577591229591132
Hermógenes Conache,Payahop,0.25733399472080326
Hugo Varela,"Jorge ""Chino"" Navarrete",0.2571259133923567
Alison Mandel,Huaso Filomeno,0.2567641717225875
Hermógenes Conache,Sandy,0.2564213274676233
Centella,León Murillo,0.2563491497034416
Hermógenes Conache,Sergio Freire,0.256302325677314
Javiera Contador,Payahop,0.256214045545959
Alejandra Azcárate,Ernesto Belloni,0.25617554045892404
Huaso Filomeno,Sandy,0.2559714295275375
Coco Legrand,"Daniela ""Chiqui"" Aguayo",0.2558883812524916
Dinamita Show,Javiera Contador,0.2557419346661481
Felo,Jorge Alís,0.25565171645806023
Jani Dueñas,Stefan Kramer,0.2555294577428912
Alejandra Azcárate,Lucho Navarro,0.2553830928133689
Bastián Paz,Jorge Alís,0.2551023312199439
Memo Bunke,Palta Meléndez,0.2550616431411589
Hugo Varela,Rodrigo González,0.2549599384993833
Bastián Paz,Huaso Filomeno,0.25492139647376916
Los Indolatinos,Payahop,0.25486965061218586
Dino Gordillo,Natalia Valdebenito,0.25484338503914966
El Pampero,Javiera Contador,0.2547985482166188
Natalia Cuevas,Payahop,0.25454681338328244
Jenny Cavallo,Luis Slimming,0.2542708060483523
Bastián Paz,Ricardo Meruane,0.25417231218988967
Carlos García,León Murillo,0.2540621617382327
Arturo Ruiz-Tagle,Felo,0.25378105050687383
Los Acetatos,Stefan Kramer,0.25369399832701195
Los Indolatinos,Sergio Freire,0.25328924959259175
Diego Urrutia,Jani Dueñas,0.2532495052010656
Dinamita Show,Mauricio Palma,0.2532263262114096
"Jorge ""Chino"" Navarrete",Melón y Melame,0.25315512231101145
Carlos García,"Juan Luis ""Jajá"" Calderón",0.2528105970426546
"Paul Vásquez ""El Flaco""",Zip-Zup,0.2527697250253701
Jorge Alís,Millenium Show,0.252671458022102
Nancho Parra,Pujillay,0.25243030287784307
"Carlos ""El Mono"" Sánchez",Sergio Freire,0.2523268957273181
Natalia Cuevas,Ricardo Meruane,0.2518317295867178
León Murillo,Pedro Ruminot,0.2518162512429311
Diego Urrutia,Edo Caroe,0.25181239066173844
Payahop,Óscar Gangas,0.2517366833842724
"Daniel Muñoz ""El Carmelo""",Sandy,0.2517269449579074
"Daniel Muñoz ""El Carmelo""",Los Indolatinos,0.2516073077416076
Sandy,Óscar Gangas,0.2514486936597606
Hugo Goodman,Jorge Alís,0.25126333688102925
"Carlos ""El Mono"" Sánchez",Julio Sabala,0.2511572046419029
Fabrizio Copano,Los Atletas de la Risa,0.25103675801345443
Los Locos del Humor,Rudy Rey,0.251025863132264
Alex Ortiz,"Paul Vásquez ""El Flaco""",0.2509606381490436
Jani Dueñas,"Jorge ""Chino"" Navarrete",0.25095482690376425
Natalia Valdebenito,Óscar Gangas,0.25092480330755657
Jani Dueñas,Rodrigo Villegas,0.2509212074075423
Belén Mora,"Paul Vásquez ""El Flaco""",0.25046706446482714
Javiera Contador,Palta Meléndez,0.2503854738229366
Coco Legrand,Felo,0.2503777730022834
"Daniela ""Chiqui"" Aguayo",Lucho Navarro,0.2501445574568213
Hermógenes Conache,Paulo Iglesias,0.24996355150691746
Edo Caroe,Rodrigo Villegas,0.249778469081302
Felipe Avello,Pedro Ruminot,0.24966887883785227
Carlos García,Coco Legrand,0.2496618766901243
Ernesto Belloni,Lucho Miranda,0.24959986070377999
Felipe Avello,Luis Slimming,0.24956087646839598
Centella,Mauricio Palma,0.24955164675090136
Gloria Benavides,Natalia Valdebenito,0.24949827553925463
Lucho Navarro,Pujillay,0.24925887678759
"Paul Vásquez ""El Flaco""",Pedro Ruminot,0.249052400301695
Jorge Alís,Lucho Navarro,0.24897701457753615
Los Acetatos,"Paul Vásquez ""El Flaco""",0.2488960100795848
Gigi Martin,Gloria Benavides,0.24876517420847916
Huaso Filomeno,Nancho Parra,0.24867679281409644
Ruperto,Álvaro Salas,0.24859695713668423
Hugo Goodman,Jani Dueñas,0.2483202192156032
Edo Caroe,Palta Meléndez,0.24825177478189078
Memo Bunke y Natalia Cuevas,Pujillay,0.2482019807404929
Centella,Felipe Avello,0.24762117546168735
Bastián Paz,Nancho Parra,0.24743518912924747
Luis Slimming,Paulo Iglesias,0.247307743530541
Ernesto Belloni,Gigi Martin,0.24722405090346514
Bastián Paz,"Carlos ""El Mono"" Sánchez",0.24688604569740727
Fusión Humor,Huaso Filomeno,0.24686088749295712
Bastián Paz,Juan Pablo López,0.24656749425869748
"Paul Vásquez ""El Flaco""",Piña Colada,0.24650019252422725
Bastián Paz,Belén Mora,0.2464280184684437
Huaso Filomeno,Memo Bunke,0.24613574785384834
"Daniela ""Chiqui"" Aguayo",Ernesto Belloni,0.2459716210784549
Felo,Huaso Filomeno,0.24596580268991364
Hugo Goodman,Juan Pablo López,0.24592785561543073
Edmundo Arrocet,Óscar Gangas,0.24589515997046052
Lucho Navarro,Luis Slimming,0.24560665902518913
Coco Legrand,Pujillay,0.24540745442708237
Alejandra Azcárate,Óscar Gangas,0.2453307769754285
Dinamita Show,Fabrizio Copano,0.2446924150767596
Alison Mandel,Rodrigo Villegas,0.24445229741409089
Bombo Fica,Lucho Miranda,0.24433323914344815
Julio Sabala,Memo Bunke,0.24424440724369784
Diego Urrutia,"Paul Vásquez ""El Flaco""",0.24395947170008858
Ernesto Belloni,Hugo Goodman,0.24383760640939994
Pujillay,Sandy,0.24348640338330063
Gigi Martin,Natalia Cuevas,0.24317027292304497
Dino Gordillo,Ruperto,0.2431191326747748
"Juan Luis ""Jajá"" Calderón",Mauricio Palma,0.24286008009813406
Fusión Humor,Gigi Martin,0.24239599056313257
Arturo Ruiz-Tagle,Pujillay,0.24223148574328024
Alison Mandel,Hermógenes Conache,0.24219843129916174
Lucho Miranda,Pedro Ruminot,0.24219394132432523
Diego Urrutia,Julio Sabala,0.24199854039989716
Payahop,Zip-Zup,0.24194293387762913
Luis Slimming,Stefan Kramer,0.24189982690896827
Natalia Cuevas,Stefan Kramer,0.24173891807673148
Bombo Fica,Sandy,0.24166280117146213
Bombo Fica,Payahop,0.24160238309412674
Centella,Paulo Iglesias,0.2413857746474812
Jani Dueñas,Payahop,0.24137711082384994
Bombo Fica,"Jorge ""Chino"" Navarrete",0.24048893628499485
Los Indolatinos,Memo Bunke y Natalia Cuevas,0.24044513846506782
Natalia Valdebenito,Pedro Ruminot,0.24030905160833305
Alex Ortiz,Bastián Paz,0.2402072025348654
Bastián Paz,Luis Slimming,0.24018591844018108
Edmundo Arrocet,Memo Bunke y Natalia Cuevas,0.24007486471640693
Ernesto Belloni,Pedro Ruminot,0.23990239070385222
Memo Bunke,Memo Bunke y Natalia Cuevas,0.23981968688191005
El Pampero,Palta Meléndez,0.23970742963847036
Fabrizio Copano,Paulo Iglesias,0.23951844698331803
Alison Mandel,Paulo Iglesias,0.2394222842904829
Fusión Humor,Jani Dueñas,0.239332105359857
Lucho Miranda,Melón y Melame,0.23916990627740833
Hugo Varela,Luis Slimming,0.23909168427006294
Coco Legrand,Ernesto Belloni,0.238827299309669
Rodrigo Villegas,Álvaro Salas,0.23865970700464445
Felipe Avello,Lucho Miranda,0.23859125563440006
Hugo Varela,Los Atletas de la Risa,0.23858027757944492
Gigi Martin,Nancho Parra,0.2383485020860531
"Daniel Muñoz ""El Carmelo""",Stefan Kramer,0.23827400362619808
El Pampero,Paulo Iglesias,0.2382359382374428
Felo,Pamela Leiva,0.2382209239494422
Bastián Paz,Los Acetatos,0.23800417060178322
Julio Sabala,Pamela Leiva,0.23784787671524674
Jorge Alís,Stefan Kramer,0.23763535555689316
Bombo Fica,León Murillo,0.2375873444100954
Lucho Miranda,Sergio Freire,0.23758511973611188
Gloria Benavides,Los Locos del Humor,0.2373746017878483
Piña Colada,Sandy,0.23737328699775384
El Pampero,Rudy Rey,0.2372863326761289
Hugo Varela,Millenium Show,0.23703619200896367
Fusión Humor,Lucho Navarro,0.23684334869781598
Carlos García,Gigi Martin,0.236759867286294
Coco Legrand,Hugo Goodman,0.23651762470298698
Alison Mandel,Bastián Paz,0.23647488317908189
Alejandra Azcárate,Jorge Alís,0.2363002157065686
Huaso Filomeno,Los Atletas de la Risa,0.23609039422323513
Alison Mandel,Álvaro Salas,0.23603805572845526
Pamela Leiva,Piña Colada,0.236020452607014
Dino Gordillo,Gloria Benavides,0.235860109995858
Fusión Humor,Nancho Parra,0.2358149534332776
Hugo Goodman,Ricardo Meruane,0.23558369619379774
Javiera Contador,Los Locos del Humor,0.2350647213050751
Arturo Ruiz-Tagle,Mauricio Palma,0.23497296179475774
Javiera Contador,Millenium Show,0.23457470360045313
Luis Slimming,Memo Bunke,0.23443002304188276
Fabrizio Copano,Gloria Benavides,0.23436200475831973
Jani Dueñas,Los Indolatinos,0.23434851637317472
Bastián Paz,Hugo Goodman,0.234119254445415
Arturo Ruiz-Tagle,Belén Mora,0.23409661729288475
Palta Meléndez,Pujillay,0.234088245162725
Felipe Avello,Sergio Freire,0.23390673664997308
Hermógenes Conache,"Juan Luis ""Jajá"" Calderón",0.2336819468536921
Dinamita Show,Piña Colada,0.2336301748873228
Gigi Martin,Ricardo Meruane,0.23360933272417828
Hugo Varela,Sergio Freire,0.23360338293508706
Millenium Show,Profesor Salomón y Tutu-Tutu,0.2332848585629434
Carlos García,Dino Gordillo,0.2330710054662639
Bombo Fica,Hugo Varela,0.23301235444496793
Arturo Ruiz-Tagle,Jappening con ja,0.23295610204900385
Jani Dueñas,Ruperto,0.2327457730272699
Hugo Varela,Lucho Navarro,0.23260014545225643
Piña Colada,Rodrigo Villegas,0.23259058133438323
Dinamita Show,Jappening con ja,0.23253197296859568
Felo,Javiera Contador,0.23250460824872726
Alison Mandel,Los Locos del Humor,0.23239766778153215
Rodrigo González,Sandy,0.23229134981749708
Edo Caroe,Ernesto Belloni,0.23203820922615181
Alejandra Azcárate,León Murillo,0.23159891949850095
Melón y Melame,Óscar Gangas,0.23148707522188017
Arturo Ruiz-Tagle,Paulo Iglesias,0.230726609847963
"Juan Luis ""Jajá"" Calderón",Paulo Iglesias,0.23069890115259514
Centella,Jenny Cavallo,0.23057559185343787
"Carlos ""El Mono"" Sánchez",Millenium Show,0.23028896031466284
Lucho Miranda,Sandy,0.23020778558054994
Edmundo Arrocet,Ernesto Belloni,0.23019436188169992
Diego Urrutia,Palta Meléndez,0.23016086651734552
Lucho Navarro,Zip-Zup,0.23015912133475058
Jappening con ja,"Paul Vásquez ""El Flaco""",0.23004503157561373
Javiera Contador,Ricardo Meruane,0.22986083208443644
Mauricio Palma,Sandy,0.22961377801351743
Jenny Cavallo,Óscar Gangas,0.22940118949158533
Jenny Cavallo,Paulo Iglesias,0.22939358636799417
Bastián Paz,Pujillay,0.22930682040345718
"Daniela ""Chiqui"" Aguayo",Sandy,0.22908738329388614
Edo Caroe,Lucho Navarro,0.22899055053666523
Ernesto Belloni,Los Acetatos,0.22854219941895743
Los Atletas de la Risa,Los Indolatinos,0.2284207751779128
"Juan Luis ""Jajá"" Calderón",Millenium Show,0.22812304871600733
Felo,Mauricio Palma,0.22807177038660892
Diego Urrutia,Los Atletas de la Risa,0.2280423196422094
Centella,"Juan Luis ""Jajá"" Calderón",0.22800241820700815
Natalia Valdebenito,Zip-Zup,0.22763040276256885
Jenny Cavallo,"Paul Vásquez ""El Flaco""",0.2275693850080647
Mauricio Palma,Rodrigo Villegas,0.22751195793410459
Bastián Paz,Felipe Avello,0.22728279687028666
Bombo Fica,Jani Dueñas,0.2272337005695795
"Daniel Muñoz ""El Carmelo""",Gigi Martin,0.22715355860247702
Los Indolatinos,Profesor Salomón y Tutu-Tutu,0.22702434568603141
Dino Gordillo,Nancho Parra,0.22694198912664332
Los Atletas de la Risa,Ricardo Meruane,0.22671000650685355
Paulo Iglesias,Rudy Rey,0.22634565919170443
Arturo Ruiz-Tagle,Diego Urrutia,0.2257883150649171
Dinamita Show,Rudy Rey,0.2256951998384098
Huaso Filomeno,Stefan Kramer,0.22567826394815335
Los Atletas de la Risa,Sandy,0.2256202099579353
"Daniela ""Chiqui"" Aguayo",Hermógenes Conache,0.22559985610945413
Los Atletas de la Risa,Óscar Gangas,0.22514302307850168
Huaso Filomeno,Pamela Leiva,0.22495251480694217
Melón y Melame,Pujillay,0.22487904241909007
Felo,Los Locos del Humor,0.2247405583290424
Alex Ortiz,Pamela Leiva,0.22469204819813426
El Pampero,Ricardo Meruane,0.22421431756046448
Juan Pablo López,Melón y Melame,0.22406675133084375
Gilberto Gless,Payahop,0.22404365500481063
Gigi Martin,Stefan Kramer,0.2239686535527875
"Daniela ""Chiqui"" Aguayo",Melón y Melame,0.22373394503448835
Alejandra Azcárate,Los Locos del Humor,0.22369812164963981
Bastián Paz,Sergio Freire,0.22368000119420953
Bombo Fica,Edmundo Arrocet,0.22358910007342037
Ernesto Belloni,Luis Slimming,0.2233408034782812
Huaso Filomeno,Palta Meléndez,0.22333359978682923
Bombo Fica,Natalia Valdebenito,0.22324898273325713
Pujillay,Stefan Kramer,0.22287919195914074
Ernesto Belloni,Palta Meléndez,0.22285982380857897
Centella,Pedro Ruminot,0.22284547741070937
Gloria Benavides,Álvaro Salas,0.22270705950965206
Dinamita Show,Hugo Varela,0.22266056131631629
George Harris,Natalia Valdebenito,0.22253067624889503
Mauricio Palma,Natalia Valdebenito,0.22251687122205402
"Paul Vásquez ""El Flaco""",Ricardo Meruane,0.22231283707028146
Millenium Show,Paulo Iglesias,0.22226641385460855
Ernesto Belloni,Rudy Rey,0.22221394132421038
Gigi Martin,Palta Meléndez,0.2217034880501711
Ruperto,Stefan Kramer,0.22127545275042868
Bastián Paz,Pedro Ruminot,0.22118061871490757
Alison Mandel,Pujillay,0.22115299186935453
Carlos García,Pedro Ruminot,0.22113539466970372
Gigi Martin,Rudy Rey,0.22085653551130016
El Pampero,Los Indolatinos,0.2207912183911545
Hermógenes Conache,Memo Bunke,0.22068681195285733
Hermógenes Conache,Javiera Contador,0.220678697135636
Mauricio Palma,Sergio Freire,0.22060363055213353
Felipe Avello,Gloria Benavides,0.22058592158990492
Edo Caroe,Jenny Cavallo,0.220487045302488
Gigi Martin,Payahop,0.2204486192930273
Carlos García,Huaso Filomeno,0.2201667909102393
Melón y Melame,Sergio Freire,0.22010375881855315
"Jorge ""Chino"" Navarrete",Ruperto,0.21999414161208639
Fabrizio Copano,Hugo Goodman,0.2199555147846462
León Murillo,Natalia Valdebenito,0.2194316783230943
Gloria Benavides,Jenny Cavallo,0.21940648652685804
Javiera Contador,Ruperto,0.21895032802731984
Julio Sabala,Pujillay,0.2187968254552236
"Carlos ""El Mono"" Sánchez",Los Atletas de la Risa,0.21872239538348667
Ernesto Belloni,Felo,0.2186429812962514
Belén Mora,Melón y Melame,0.21860073611001316
Hugo Varela,Mauricio Palma,0.21852204118894583
Edo Caroe,Los Locos del Humor,0.21851007097067127
Alison Mandel,Julio Sabala,0.21836680201053496
"Daniela ""Chiqui"" Aguayo",Hugo Goodman,0.21825791233816275
Alejandra Azcárate,Fabrizio Copano,0.21813109338896008
Jenny Cavallo,Pujillay,0.21809181877301131
Fabrizio Copano,Piña Colada,0.21806277896398737
Jani Dueñas,"Paul Vásquez ""El Flaco""",0.21796761741554968
Jenny Cavallo,Rodrigo González,0.21780554787510636
Pedro Ruminot,Piña Colada,0.21778154843566563
Jorge Romero,Millenium Show,0.2175659333070551
Alex Ortiz,Melón y Melame,0.21755086297329512
Javiera Contador,Los Indolatinos,0.2174527915955942
Los Indolatinos,Nancho Parra,0.2170736479422539
Diego Urrutia,Gloria Benavides,0.2167780444750368
Bastián Paz,Álvaro Salas,0.21674401770182528
Dino Gordillo,Edo Caroe,0.21638528225454012
Alejandra Azcárate,Bombo Fica,0.2163273304437367
Bombo Fica,Millenium Show,0.21628266465832224
"Jorge ""Chino"" Navarrete",Jorge Romero,0.21620021130729855
Diego Urrutia,Ernesto Belloni,0.21593382323437163
Gigi Martin,Los Indolatinos,0.21584951313189954
Juan Pablo López,Memo Bunke,0.21569144740766186
Hugo Goodman,Millenium Show,0.2156653030953202
El Pampero,Pedro Ruminot,0.21551689418007192
Bastián Paz,Hermógenes Conache,0.21519016967961616
Carlos García,Ricardo Meruane,0.2151780475616315
Fabrizio Copano,"Paul Vásquez ""El Flaco""",0.21487472162895666
Jappening con ja,Sandy,0.21484080334786862
Felo,Pedro Ruminot,0.21418861012984913
Alison Mandel,Pedro Ruminot,0.21417539069615701
Arturo Ruiz-Tagle,Piña Colada,0.2140016363864473
Pedro Ruminot,Rudy Rey,0.21390390578423954
Dinamita Show,"Juan Luis ""Jajá"" Calderón",0.21371706358124085
Ernesto Belloni,Stefan Kramer,0.21364457434787046
Alex Ortiz,Edo Caroe,0.2135950156273127
"Daniela ""Chiqui"" Aguayo",George Harris,0.21353384302192874
Jani Dueñas,Sandy,0.2131871517772006
Diego Urrutia,Paulo Iglesias,0.21290080813936438
Alejandra Azcárate,Diego Urrutia,0.2128804475055878
"Carlos ""El Mono"" Sánchez",Gloria Benavides,0.2128258354839018
Gilberto Gless,Rudy Rey,0.21269797127567727
Hugo Goodman,Sandy,0.21262533001048753
Lucho Navarro,Pedro Ruminot,0.21249458463516877
Javiera Contador,Mauricio Palma,0.2123983695211015
Gilberto Gless,Profesor Salomón y Tutu-Tutu,0.2118922281491472
Los Atletas de la Risa,Pamela Leiva,0.21182434070040346
León Murillo,Pamela Leiva,0.21151401247672388
Memo Bunke,Nancho Parra,0.21146944157850314
León Murillo,Los Atletas de la Risa,0.21109202226204513
Huaso Filomeno,Jorge Romero,0.21109114981184704
Hugo Goodman,Melón y Melame,0.21082538059970668
Jorge Romero,Lucho Miranda,0.21072137187007228
Alison Mandel,Hugo Varela,0.21070234043888278
"Daniela ""Chiqui"" Aguayo",Natalia Cuevas,0.21058355061295606
Los Indolatinos,Natalia Cuevas,0.2104724459064582
Coco Legrand,George Harris,0.21035809001547867
George Harris,Palta Meléndez,0.20976159742488495
Hermógenes Conache,Millenium Show,0.20975694005894638
Felo,Paulo Iglesias,0.20972636028549752
Alejandra Azcárate,Huaso Filomeno,0.20953106782096112
Luis Slimming,Nancho Parra,0.20942574926349217
Memo Bunke,Rodrigo González,0.20939348123823284
"Jorge ""Chino"" Navarrete",Nancho Parra,0.20924217851419127
"Carlos ""El Mono"" Sánchez",Palta Meléndez,0.20918602550135856
Memo Bunke,Pamela Leiva,0.20910123776492115
Millenium Show,Payahop,0.20909125333258868
Gloria Benavides,Pedro Ruminot,0.20907842639164312
Edmundo Arrocet,Rodrigo González,0.20902181435333014
Nancho Parra,Pamela Leiva,0.20894906091857168
Bastián Paz,Los Atletas de la Risa,0.2088384126666014
Hermógenes Conache,León Murillo,0.20882883326682705
Felo,Millenium Show,0.208626887035506
Jani Dueñas,Juan Pablo López,0.20859344857668416
Bombo Fica,Piña Colada,0.2085014313963679
Memo Bunke y Natalia Cuevas,Rodrigo Villegas,0.20842129272599597
Fabrizio Copano,Memo Bunke y Natalia Cuevas,0.20778310327736702
Fusión Humor,Hugo Varela,0.20748332307256864
Centella,Gigi Martin,0.20730922658832074
El Pampero,Payahop,0.20716443826282913
Dinamita Show,Sergio Freire,0.2068786755869806
Gloria Benavides,Óscar Gangas,0.20669255039808018
Fusión Humor,Rudy Rey,0.20652862849706818
Jani Dueñas,Pedro Ruminot,0.20628598128850123
Jani Dueñas,Los Locos del Humor,0.20612875754548818
"Carlos ""El Mono"" Sánchez",Pamela Leiva,0.20604566627368706
Piña Colada,Rodrigo González,0.20603553523599014
Alex Ortiz,El Pampero,0.20593028672170127
"Daniela ""Chiqui"" Aguayo",Zip-Zup,0.2055008067856222
Belén Mora,Natalia Valdebenito,0.20543647576195592
Ernesto Belloni,Rodrigo Villegas,0.205160646344621
Los Acetatos,Álvaro Salas,0.20512546639916948
"Jorge ""Chino"" Navarrete",Palta Meléndez,0.20484205280461182
Bombo Fica,Diego Urrutia,0.2044905450399184
Belén Mora,Lucho Navarro,0.2044472779010166
El Pampero,Gloria Benavides,0.2044201643418318
Arturo Ruiz-Tagle,Zip-Zup,0.20413497741170553
El Pampero,Los Atletas de la Risa,0.2041173169460894
"Daniel Muñoz ""El Carmelo""","Jorge ""Chino"" Navarrete",0.20406705875348835
Coco Legrand,Melón y Melame,0.2039598189614689
Mauricio Palma,Paulo Iglesias,0.2039278459884688
Hugo Varela,Ruperto,0.20391630592869647
Pedro Ruminot,Zip-Zup,0.20384170629451542
Alejandra Azcárate,Juan Pablo López,0.20383866546003981
Jappening con ja,Luis Slimming,0.20373106963458082
Jorge Alís,Payahop,0.2036608611590131
Piña Colada,Profesor Salomón y Tutu-Tutu,0.2035665800477254
Jorge Alís,Ricardo Meruane,0.20306340550459218
Luis Slimming,Zip-Zup,0.20280592763687622
Jorge Alís,Rodrigo Villegas,0.2026994765801903
Ernesto Belloni,Fabrizio Copano,0.20248972359766323
Hugo Goodman,Hugo Varela,0.20234767695878514
Dino Gordillo,Felipe Avello,0.20155644844422074
Jani Dueñas,Óscar Gangas,0.20136558856512643
Ernesto Belloni,Ruperto,0.2012671982909953
Fabrizio Copano,Felipe Avello,0.20103767306055237
Paulo Iglesias,Stefan Kramer,0.20049436170301393
Pamela Leiva,Sandy,0.20047855691831998
Gilberto Gless,Jorge Romero,0.20045144296192
"Carlos ""El Mono"" Sánchez",Lucho Miranda,0.200436499165532
"Juan Luis ""Jajá"" Calderón",Zip-Zup,0.2001871752884547
"Carlos ""El Mono"" Sánchez","Jorge ""Chino"" Navarrete",0.20008374933914097
Lucho Miranda,Zip-Zup,0.19991557182702213
Rudy Rey,Sergio Freire,0.199874007292649
Felo,Memo Bunke,0.19968588086061542
"Daniela ""Chiqui"" Aguayo",Memo Bunke y Natalia Cuevas,0.1991451374151597
Jani Dueñas,Melón y Melame,0.19885989572257712
Carlos García,Paulo Iglesias,0.1986428578646607
Hermógenes Conache,Melón y Melame,0.1982690005178727
Ernesto Belloni,Gilberto Gless,0.19799720881116709
Ricardo Meruane,Rodrigo Villegas,0.19793748917886508
Alex Ortiz,Millenium Show,0.19760553010711057
Edmundo Arrocet,Javiera Contador,0.19736168308827928
El Pampero,Lucho Navarro,0.19735732595859554
Edmundo Arrocet,George Harris,0.19720232628310805
Jorge Romero,Pedro Ruminot,0.19712185079620792
Melón y Melame,Pamela Leiva,0.1970251976631158
Los Atletas de la Risa,Álvaro Salas,0.19699853345393648
Edmundo Arrocet,Pedro Ruminot,0.19689909801548977
Felo,Rodrigo González,0.19643708432588716
George Harris,Juan Pablo López,0.1953028693064967
Bombo Fica,Javiera Contador,0.19505603611249514
León Murillo,Millenium Show,0.19495696135600574
Belén Mora,Dinamita Show,0.19493494856535995
El Pampero,León Murillo,0.19481288637737068
Diego Urrutia,Ricardo Meruane,0.19462276986643745
Mauricio Palma,"Paul Vásquez ""El Flaco""",0.19457550372175297
Felipe Avello,Fusión Humor,0.19455084478879117
Alex Ortiz,Alison Mandel,0.19443730134240267
Felipe Avello,Ruperto,0.19443502054419087
León Murillo,Mauricio Palma,0.1943027478045346
Gigi Martin,Lucho Navarro,0.19419511469628348
Alejandra Azcárate,Centella,0.19416838138555684
Fabrizio Copano,Los Acetatos,0.19366195407139433
Dino Gordillo,Edmundo Arrocet,0.19362182642187753
Felo,Ricardo Meruane,0.19353681941171144
Edmundo Arrocet,"Paul Vásquez ""El Flaco""",0.19322363456149386
Felipe Avello,Hermógenes Conache,0.1929575145911523
Arturo Ruiz-Tagle,Edmundo Arrocet,0.1929474442928297
Bastián Paz,Hugo Varela,0.19289262256509077
Pujillay,Sergio Freire,0.19267996362746867
León Murillo,Rudy Rey,0.19245141289537537
Alison Mandel,Zip-Zup,0.19216581604261967
Jorge Alís,Sergio Freire,0.19215668960259433
Alejandra Azcárate,Luis Slimming,0.19215013906868234
Centella,Los Locos del Humor,0.1920879893834831
"Juan Luis ""Jajá"" Calderón",Rodrigo Villegas,0.19208571347137682
Pamela Leiva,Sergio Freire,0.19200445108253084
Los Atletas de la Risa,Luis Slimming,0.19185165796429418
Memo Bunke,Paulo Iglesias,0.19182998161917486
Luis Slimming,Pujillay,0.19177526277280033
Alison Mandel,Ernesto Belloni,0.1917738375887585
Ernesto Belloni,Javiera Contador,0.1916916565402604
Julio Sabala,Stefan Kramer,0.19161825047455053
Felipe Avello,Lucho Navarro,0.1915982486571403
Los Locos del Humor,Piña Colada,0.1914394116592378
Felipe Avello,Gigi Martin,0.1909922889837442
Gigi Martin,"Jorge ""Chino"" Navarrete",0.1909179620830616
Dinamita Show,El Pampero,0.19084118002923312
Bombo Fica,Julio Sabala,0.19066160130118967
Arturo Ruiz-Tagle,León Murillo,0.19040253490772452
Julio Sabala,Pedro Ruminot,0.19031712257798467
Los Atletas de la Risa,Palta Meléndez,0.19023160735157885
Alison Mandel,Fusión Humor,0.1900881631444499
Nancho Parra,Zip-Zup,0.190081557605199
Carlos García,Zip-Zup,0.19002363168930958
Jenny Cavallo,Sandy,0.1899707783106488
Centella,Nancho Parra,0.1898714670355925
Fusión Humor,"Juan Luis ""Jajá"" Calderón",0.1894007085567665
Arturo Ruiz-Tagle,"Juan Luis ""Jajá"" Calderón",0.1892440511412129
Pujillay,Zip-Zup,0.18919971802042548
Coco Legrand,Memo Bunke,0.1888829816126391
Alex Ortiz,Hugo Varela,0.18887709377003067
George Harris,Los Acetatos,0.1888596794614472
Edo Caroe,Felipe Avello,0.18881542204395768
"Juan Luis ""Jajá"" Calderón",Melón y Melame,0.18877059800066576
Fabrizio Copano,Ruperto,0.18871766254113184
"Daniela ""Chiqui"" Aguayo",Fusión Humor,0.18812315717311762
Lucho Miranda,Nancho Parra,0.18803204447110938
Belén Mora,Álvaro Salas,0.18800517360299107
"Daniel Muñoz ""El Carmelo""",Melón y Melame,0.18786946950289324
Dino Gordillo,Hugo Goodman,0.18784578544761005
Melón y Melame,Paulo Iglesias,0.18782218203963044
Arturo Ruiz-Tagle,Hugo Varela,0.1877444325426228
Edmundo Arrocet,Edo Caroe,0.1876263443295632
Jappening con ja,Pamela Leiva,0.18756638882232432
Jani Dueñas,Rodrigo González,0.1875659847955736
Belén Mora,Felipe Avello,0.187371588808652
Alison Mandel,Nancho Parra,0.18734143342654438
Edmundo Arrocet,"Jorge ""Chino"" Navarrete",0.187293464450717
"Daniela ""Chiqui"" Aguayo",Memo Bunke,0.18673850174184856
Felipe Avello,Los Indolatinos,0.18668486112654195
Fusión Humor,Pujillay,0.18666183600594463
Bastián Paz,"Daniel Muñoz ""El Carmelo""",0.186510227695634
"Daniel Muñoz ""El Carmelo""",Dino Gordillo,0.18651002663849817
Jorge Alís,"Paul Vásquez ""El Flaco""",0.18637487868346814
Payahop,Rodrigo González,0.1860726295290308
Alison Mandel,Felipe Avello,0.18594252443407228
"Jorge ""Chino"" Navarrete",Rudy Rey,0.18554510111157305
Bastián Paz,Ernesto Belloni,0.18550634476074251
Belén Mora,Centella,0.1848971135707854
Carlos García,Palta Meléndez,0.18488265404873838
Payahop,Álvaro Salas,0.18483792360944556
Bastián Paz,Gigi Martin,0.1845771678640396
Los Acetatos,Piña Colada,0.1840843255051009
Hugo Goodman,Palta Meléndez,0.1840026894888456
"Jorge ""Chino"" Navarrete",Memo Bunke,0.18350423154875925
Gigi Martin,Huaso Filomeno,0.18350119025555606
Arturo Ruiz-Tagle,Ernesto Belloni,0.18304401552066696
Arturo Ruiz-Tagle,Lucho Navarro,0.18292018090099296
Javiera Contador,Sergio Freire,0.1828090768558832
Carlos García,Sergio Freire,0.18265205424671183
Arturo Ruiz-Tagle,Gloria Benavides,0.1819864496599741
George Harris,"Paul Vásquez ""El Flaco""",0.1817574277578032
Jenny Cavallo,Sergio Freire,0.1817023273918552
Hugo Varela,"Paul Vásquez ""El Flaco""",0.1816986154124393
"Jorge ""Chino"" Navarrete",Paulo Iglesias,0.18143549673305306
"Carlos ""El Mono"" Sánchez",Ruperto,0.1811210474345549
Alex Ortiz,Sergio Freire,0.18098413241179187
Luis Slimming,Mauricio Palma,0.1809494815110419
Alison Mandel,Sandy,0.18091990996477417
Natalia Valdebenito,Stefan Kramer,0.18074154396109793
Julio Sabala,Millenium Show,0.18070568131091802
El Pampero,Melón y Melame,0.18064453850690212
Jenny Cavallo,Los Atletas de la Risa,0.1805321761392442
Los Indolatinos,Mauricio Palma,0.18040622738482898
Alejandra Azcárate,Stefan Kramer,0.18037218919964756
"Jorge ""Chino"" Navarrete",Payahop,0.18035887751093765
Edmundo Arrocet,Pujillay,0.1802955134821164
Pedro Ruminot,Ruperto,0.1800781551281198
"Daniela ""Chiqui"" Aguayo",El Pampero,0.17998362183029482
"Daniel Muñoz ""El Carmelo""",Natalia Cuevas,0.17974406789242806
"Jorge ""Chino"" Navarrete",Pujillay,0.17962899278403122
Fabrizio Copano,"Jorge ""Chino"" Navarrete",0.1794185871546932
Diego Urrutia,Los Acetatos,0.1793782583405079
Felo,Piña Colada,0.17935060634298425
Carlos García,Edo Caroe,0.1793049710568597
"Daniela ""Chiqui"" Aguayo",Álvaro Salas,0.17926413449707088
Bastián Paz,Payahop,0.1789666631251252
Lucho Navarro,Sergio Freire,0.17891464733682297
Luis Slimming,Piña Colada,0.17890470758055735
George Harris,Gilberto Gless,0.1788834462577594
El Pampero,Los Acetatos,0.1786797341563462
Alejandra Azcárate,Memo Bunke,0.17854343568874934
Hugo Varela,Melón y Melame,0.17834056212068947
Centella,Sergio Freire,0.17802665199529713
"Carlos ""El Mono"" Sánchez",Pujillay,0.17793784887864803
Julio Sabala,Rodrigo González,0.17777689738118302
Julio Sabala,Natalia Valdebenito,0.17761775730126145
Hermógenes Conache,Jenny Cavallo,0.17758604601503522
Natalia Cuevas,Piña Colada,0.17731827250562746
Gigi Martin,Álvaro Salas,0.17713083213357483
Bombo Fica,Jenny Cavallo,0.1767224906352974
Ruperto,Óscar Gangas,0.1766942978180385
"Daniela ""Chiqui"" Aguayo",Mauricio Palma,0.17646803764968097
Los Acetatos,Los Locos del Humor,0.17600795022145793
George Harris,Pedro Ruminot,0.17598484691029306
Memo Bunke,Pujillay,0.17596967308234207
Edmundo Arrocet,Ruperto,0.1758114692219987
Los Acetatos,Memo Bunke y Natalia Cuevas,0.17571760391599886
Natalia Valdebenito,Rodrigo Villegas,0.17542416954088236
Felipe Avello,"Jorge ""Chino"" Navarrete",0.1752083477895615
El Pampero,Mauricio Palma,0.1752045544808892
Piña Colada,Álvaro Salas,0.17508758323984286
Jappening con ja,Pujillay,0.174945399126433
Jenny Cavallo,Los Indolatinos,0.17466226184980221
Millenium Show,Sergio Freire,0.17461982353876213
Paulo Iglesias,Payahop,0.1745856934384698
El Pampero,Gigi Martin,0.17441096596887418
Fusión Humor,Gloria Benavides,0.17431784179250698
Alejandra Azcárate,Sergio Freire,0.1742642305512565
Arturo Ruiz-Tagle,Rudy Rey,0.17419707112569707
Alex Ortiz,"Jorge ""Chino"" Navarrete",0.17405376894081923
Edmundo Arrocet,Hermógenes Conache,0.1739190828421591
Melón y Melame,Nancho Parra,0.17374632003961227
"Juan Luis ""Jajá"" Calderón",Natalia Valdebenito,0.17369512782814234
"Daniela ""Chiqui"" Aguayo",Stefan Kramer,0.17367123241982585
Alison Mandel,Arturo Ruiz-Tagle,0.17366009764544996
Alex Ortiz,Jorge Romero,0.17357499256020575
Carlos García,Los Atletas de la Risa,0.1734775694370912
George Harris,Rudy Rey,0.17344142431696402
Arturo Ruiz-Tagle,Los Locos del Humor,0.17338205799834475
Centella,Gloria Benavides,0.173159229856014
Felo,Jenny Cavallo,0.17315255302354482
Natalia Valdebenito,Ricardo Meruane,0.17307931605132731
Edo Caroe,Paulo Iglesias,0.1729102575389373
Huaso Filomeno,Jani Dueñas,0.17289576449638674
Pamela Leiva,Zip-Zup,0.1727862852011999
George Harris,Julio Sabala,0.17265240387891934
Los Acetatos,Luis Slimming,0.17248892138281638
Bastián Paz,Natalia Valdebenito,0.17233396635968612
Hugo Goodman,Rudy Rey,0.17225919645899587
Carlos García,Javiera Contador,0.17212545089913964
Carlos García,Rodrigo González,0.17161884466009722
Alex Ortiz,Lucho Navarro,0.17134451707533205
Centella,Natalia Valdebenito,0.17126983054166742
Rudy Rey,Stefan Kramer,0.17098328668521035
Pedro Ruminot,Profesor Salomón y Tutu-Tutu,0.17071071493663867
George Harris,Los Locos del Humor,0.17036776809441645
Los Acetatos,Nancho Parra,0.17022796059715878
Gloria Benavides,Palta Meléndez,0.17020616255317506
Gigi Martin,Luis Slimming,0.17020108205247644
Diego Urrutia,Memo Bunke y Natalia Cuevas,0.1701570700879119
Centella,Los Atletas de la Risa,0.17015289411151271
Belén Mora,Hugo Goodman,0.17014566227218725
Gilberto Gless,Stefan Kramer,0.1697782875040212
"Carlos ""El Mono"" Sánchez",Mauricio Palma,0.16975286377189763
Paulo Iglesias,Piña Colada,0.16970555508132645
Javiera Contador,Álvaro Salas,0.16915427732252092
Hermógenes Conache,Natalia Valdebenito,0.16907281468229016
Alison Mandel,Jorge Alís,0.16899165035330413
Memo Bunke,Zip-Zup,0.16886489131164714
Edmundo Arrocet,Felipe Avello,0.16885408882604733
Millenium Show,Nancho Parra,0.16869501798301478
George Harris,Gigi Martin,0.16865772634232842
Hermógenes Conache,Los Atletas de la Risa,0.16852708871154296
Belén Mora,Los Indolatinos,0.16827495090443137
Los Acetatos,Pujillay,0.16822712050566058
"Carlos ""El Mono"" Sánchez",Hermógenes Conache,0.1679152508217497
El Pampero,Hermógenes Conache,0.16758374944489604
Julio Sabala,Ruperto,0.16757999749704833
Los Locos del Humor,Ruperto,0.1675651678163711
"Daniel Muñoz ""El Carmelo""",El Pampero,0.16751034294152536
Centella,Melón y Melame,0.16725082679233477
Jorge Romero,Sergio Freire,0.16709263639005328
George Harris,Los Indolatinos,0.1670879103928482
Felipe Avello,Zip-Zup,0.16685595886071974
Bastián Paz,Edmundo Arrocet,0.1667414594928236
Alex Ortiz,Paulo Iglesias,0.16672468820833755
Felipe Avello,Rodrigo González,0.1666046739952633
Ernesto Belloni,Julio Sabala,0.16622491912194676
Gigi Martin,Paulo Iglesias,0.1661886523689605
Gilberto Gless,Sandy,0.16615061082042393
Bombo Fica,Lucho Navarro,0.1661123770994612
Fusión Humor,Natalia Valdebenito,0.16600461975582695
Bastián Paz,"Juan Luis ""Jajá"" Calderón",0.16570989491214197
Memo Bunke,Sandy,0.16563228276786873
Carlos García,George Harris,0.16551934148248276
Millenium Show,Stefan Kramer,0.16545484685415626
Alex Ortiz,Los Atletas de la Risa,0.1654169778895655
Lucho Miranda,Paulo Iglesias,0.16530817972466466
"Daniela ""Chiqui"" Aguayo",Ricardo Meruane,0.16525498601510108
Juan Pablo López,Lucho Navarro,0.16513922244854265
Hermógenes Conache,Hugo Varela,0.16507265403977914
Alejandra Azcárate,Melón y Melame,0.16460476119788622
El Pampero,"Paul Vásquez ""El Flaco""",0.16420921994977686
Gigi Martin,León Murillo,0.1641315392362894
Jorge Romero,Luis Slimming,0.16392072824839554
El Pampero,Felo,0.16391244113349548
Jappening con ja,Profesor Salomón y Tutu-Tutu,0.16358380250254934
Gloria Benavides,Juan Pablo López,0.16354563910181943
El Pampero,Piña Colada,0.16338706609068546
Natalia Cuevas,Ruperto,0.16316879448704408
Ernesto Belloni,Natalia Cuevas,0.1628398392678526
Palta Meléndez,Stefan Kramer,0.16276899836485814
Huaso Filomeno,Millenium Show,0.16272854448695573
Juan Pablo López,Payahop,0.16251497116739597
Gloria Benavides,Huaso Filomeno,0.16251456366537054
Alison Mandel,Sergio Freire,0.1624351022463415
Belén Mora,Sandy,0.1622845463162625
Gilberto Gless,Memo Bunke y Natalia Cuevas,0.16198606635994578
León Murillo,Rodrigo Villegas,0.1619467841753728
Edmundo Arrocet,El Pampero,0.16188664574093095
Juan Pablo López,Millenium Show,0.1617799397555813
Los Atletas de la Risa,Pedro Ruminot,0.16164073122639933
León Murillo,Álvaro Salas,0.16155535652508646
Bastián Paz,Natalia Cuevas,0.1613074593675082
Hugo Goodman,Luis Slimming,0.1613067442602984
El Pampero,Millenium Show,0.16103813656431581
Gloria Benavides,Paulo Iglesias,0.16097949592908595
Coco Legrand,Millenium Show,0.16096008282782065
Jappening con ja,Los Locos del Humor,0.16093060900943928
Gigi Martin,Ruperto,0.16083762173991903
Jenny Cavallo,"Jorge ""Chino"" Navarrete",0.16070950558650537
Gigi Martin,Hugo Varela,0.1607062261026576
Melón y Melame,Ricardo Meruane,0.16064836968864027
Gigi Martin,Jani Dueñas,0.16046215905205746
Pujillay,Ruperto,0.1603903406191143
Jappening con ja,Pedro Ruminot,0.15996524447908483
Jorge Alís,Los Locos del Humor,0.15987170913461515
Javiera Contador,Piña Colada,0.15974652653653162
Alison Mandel,Fabrizio Copano,0.1597426429099839
Hugo Goodman,Lucho Navarro,0.15958948147923743
Ernesto Belloni,Jappening con ja,0.15956409786807835
Dino Gordillo,Jorge Romero,0.15931988256420598
Bombo Fica,George Harris,0.1582345477726519
Lucho Navarro,Álvaro Salas,0.15802208715629162
Felo,Natalia Valdebenito,0.1580048686014117
Natalia Valdebenito,Pujillay,0.1576317724217511
Alison Mandel,Piña Colada,0.15752263329090266
Alex Ortiz,Dinamita Show,0.15751379008092187
Felipe Avello,Memo Bunke,0.1574207017448855
Alison Mandel,León Murillo,0.15734871859990898
Jenny Cavallo,Stefan Kramer,0.15708509075577456
"Carlos ""El Mono"" Sánchez",Stefan Kramer,0.15693583284003648
Alison Mandel,Memo Bunke,0.15687120286126624
Lucho Navarro,Nancho Parra,0.15686754808430853
Felipe Avello,Mauricio Palma,0.1561584308822564
Jani Dueñas,Paulo Iglesias,0.15604345135701464
Alison Mandel,Felo,0.15592087322923995
Alex Ortiz,George Harris,0.15556421484573463
Arturo Ruiz-Tagle,Carlos García,0.15547914818734707
Memo Bunke,Pedro Ruminot,0.1552651676104461
Memo Bunke,Profesor Salomón y Tutu-Tutu,0.1552140622767173
Jorge Romero,Los Indolatinos,0.15500098116712754
Alex Ortiz,Gloria Benavides,0.1549840287078256
Payahop,Pedro Ruminot,0.1549236746864926
Diego Urrutia,León Murillo,0.1547570363782426
Dino Gordillo,Natalia Cuevas,0.15472630297209916
Bombo Fica,Gilberto Gless,0.15454177766263977
Memo Bunke y Natalia Cuevas,Nancho Parra,0.15448095195903228
Gigi Martin,Los Locos del Humor,0.15430530621204058
El Pampero,Ernesto Belloni,0.15413249038681534
George Harris,Pujillay,0.1536935405247109
"Juan Luis ""Jajá"" Calderón","Paul Vásquez ""El Flaco""",0.15355534817550692
Ernesto Belloni,Pamela Leiva,0.15353523004020267
"Daniel Muñoz ""El Carmelo""",Álvaro Salas,0.15307613576637422
Fabrizio Copano,Memo Bunke,0.1529159774659153
Hugo Varela,"Juan Luis ""Jajá"" Calderón",0.15282849392632986
George Harris,Lucho Navarro,0.15281327530313046
Palta Meléndez,Payahop,0.15281143019537807
Hugo Goodman,Memo Bunke y Natalia Cuevas,0.15278715543477062
Centella,Hugo Varela,0.15276943500586307
Diego Urrutia,Millenium Show,0.15268132220440267
Natalia Cuevas,Pedro Ruminot,0.1526424720298185
Pamela Leiva,Paulo Iglesias,0.1524230394796131
Memo Bunke y Natalia Cuevas,Millenium Show,0.15241824518374902
León Murillo,Melón y Melame,0.1523676206268627
Javiera Contador,Óscar Gangas,0.15221166169227388
Hugo Varela,Lucho Miranda,0.15210013454788923
Carlos García,Juan Pablo López,0.15199781320287348
Dinamita Show,Natalia Cuevas,0.15197805140886275
Jani Dueñas,Luis Slimming,0.15180006954518077
Jappening con ja,Palta Meléndez,0.15164417068326305
El Pampero,Álvaro Salas,0.1514737721872655
Felipe Avello,Rudy Rey,0.15146248708264173
Millenium Show,Óscar Gangas,0.1513777221502604
Jani Dueñas,Sergio Freire,0.15131810492844322
Edo Caroe,Jorge Alís,0.1512758125875767
Belén Mora,Paulo Iglesias,0.15100375507072397
Los Atletas de la Risa,Lucho Miranda,0.1509755262510743
Hermógenes Conache,Rudy Rey,0.1506008659908609
Edmundo Arrocet,Palta Meléndez,0.1505736089169364
Millenium Show,Rodrigo González,0.15049110334582572
Jorge Alís,Luis Slimming,0.15032506401662768
Edmundo Arrocet,Millenium Show,0.15026753410171767
Gigi Martin,Sergio Freire,0.1499584782552099
Jorge Romero,Paulo Iglesias,0.14981445789510833
Javiera Contador,Memo Bunke,0.14965949504132647
Mauricio Palma,Pamela Leiva,0.1494646022698651
Profesor Salomón y Tutu-Tutu,Stefan Kramer,0.1493942827105126
Memo Bunke y Natalia Cuevas,Pedro Ruminot,0.14934260095668386
Stefan Kramer,Zip-Zup,0.14914978924211705
Alison Mandel,El Pampero,0.14871202792833715
Lucho Navarro,Stefan Kramer,0.1487076425438406
"Daniela ""Chiqui"" Aguayo",Los Atletas de la Risa,0.1486514809684912
Edmundo Arrocet,Álvaro Salas,0.14852905109637313
Diego Urrutia,Natalia Valdebenito,0.14851956067743338
Gloria Benavides,"Jorge ""Chino"" Navarrete",0.14849353556734232
Ernesto Belloni,Huaso Filomeno,0.14841272166289265
Hugo Varela,Pedro Ruminot,0.14839546292107322
Alejandra Azcárate,"Paul Vásquez ""El Flaco""",0.14835809897016247
Alison Mandel,Melón y Melame,0.1483379415364372
George Harris,Hugo Goodman,0.1481515057282082
Alex Ortiz,Nancho Parra,0.14807873194527266
Carlos García,"Paul Vásquez ""El Flaco""",0.1479971050080923
Alex Ortiz,León Murillo,0.14791265858514674
Alejandra Azcárate,Felo,0.14767964961802732
Hermógenes Conache,Jani Dueñas,0.14758780042880962
Hugo Varela,Natalia Cuevas,0.14755928602028637
Belén Mora,Juan Pablo López,0.14724098269843336
Arturo Ruiz-Tagle,Natalia Valdebenito,0.14721459861472413
Alison Mandel,Lucho Navarro,0.14696479455092828
Alex Ortiz,Jorge Alís,0.14689990611454878
Felipe Avello,Melón y Melame,0.14618690242553511
Centella,Lucho Navarro,0.1461728674619603
Hugo Goodman,Mauricio Palma,0.14597015009915879
Fusión Humor,Julio Sabala,0.14572390697684523
Alejandra Azcárate,Palta Meléndez,0.14550605073922188
Edo Caroe,Los Atletas de la Risa,0.14536123116536162
Bombo Fica,Natalia Cuevas,0.14533167146308773
Bombo Fica,El Pampero,0.14530642880753306
Jorge Alís,Melón y Melame,0.1452107982589798
El Pampero,Profesor Salomón y Tutu-Tutu,0.14521034208925698
Natalia Valdebenito,"Paul Vásquez ""El Flaco""",0.14517381618516845
Felipe Avello,Palta Meléndez,0.1451462932091656
Coco Legrand,Javiera Contador,0.14512789740326593
El Pampero,Pujillay,0.1451162230327955
Diego Urrutia,Ruperto,0.14489571486144526
Gilberto Gless,Jani Dueñas,0.14486248399788518
Hermógenes Conache,Nancho Parra,0.14480647425929705
"Carlos ""El Mono"" Sánchez",Pedro Ruminot,0.1445810111921549
Gigi Martin,Óscar Gangas,0.14446337092529274
Javiera Contador,Pujillay,0.14444671548854876
Gloria Benavides,Lucho Miranda,0.14435520740951732
Huaso Filomeno,Piña Colada,0.14417228839534085
Alex Ortiz,Stefan Kramer,0.14399745993888302
Jenny Cavallo,Lucho Miranda,0.14398487577272984
Alejandra Azcárate,Bastián Paz,0.14396705652405456
Alejandra Azcárate,Sandy,0.14391409194362512
Jorge Romero,Natalia Cuevas,0.1439122445903194
Felo,Sergio Freire,0.14329246637616533
Felo,Zip-Zup,0.14325268694717416
Coco Legrand,Edmundo Arrocet,0.14319053794940234
Gloria Benavides,Luis Slimming,0.14313043704053807
"Daniela ""Chiqui"" Aguayo",Jorge Romero,0.14298987158021023
Alejandra Azcárate,Mauricio Palma,0.14295269615926592
Los Acetatos,Palta Meléndez,0.14288708284819607
Belén Mora,Memo Bunke y Natalia Cuevas,0.14273951084315137
Lucho Miranda,Pujillay,0.1426505523270321
Jappening con ja,Nancho Parra,0.14233653368716015
"Daniel Muñoz ""El Carmelo""",Pedro Ruminot,0.14233395473918764
Alison Mandel,Edmundo Arrocet,0.14232617953429472
Mauricio Palma,Millenium Show,0.1423239239382668
Gigi Martin,Jorge Alís,0.14221986276413381
Carlos García,Álvaro Salas,0.1419331940238589
Alex Ortiz,Coco Legrand,0.14192647176157347
Jappening con ja,Los Acetatos,0.1418624424508338
Los Atletas de la Risa,Stefan Kramer,0.14184315153528607
Jorge Alís,Piña Colada,0.1417399081299409
Dinamita Show,Natalia Valdebenito,0.14171353730431727
León Murillo,Rodrigo González,0.14147204187826978
Ernesto Belloni,Pujillay,0.14121495999177575
Jappening con ja,Natalia Cuevas,0.14119677107853826
Gilberto Gless,Pamela Leiva,0.14099303873922944
"Paul Vásquez ""El Flaco""",Payahop,0.14096815530691514
Profesor Salomón y Tutu-Tutu,Sandy,0.14092580058360168
George Harris,Gloria Benavides,0.1408972473051842
Alex Ortiz,Rudy Rey,0.1407329849299241
"Jorge ""Chino"" Navarrete","Juan Luis ""Jajá"" Calderón",0.1405256357057687
Coco Legrand,Gigi Martin,0.13983255290638327
Fusión Humor,Los Atletas de la Risa,0.13969218316555096
Belén Mora,Natalia Cuevas,0.13964535603412642
Coco Legrand,Gloria Benavides,0.13916836848087577
Alejandra Azcárate,Los Atletas de la Risa,0.1390585343174301
Edo Caroe,Millenium Show,0.13901578337879048
Pamela Leiva,Profesor Salomón y Tutu-Tutu,0.13896166893804132
Felipe Avello,Los Locos del Humor,0.1388746363204392
Belén Mora,Rodrigo Villegas,0.13873907482779627
Arturo Ruiz-Tagle,Payahop,0.13857322373461822
"Daniel Muñoz ""El Carmelo""",Nancho Parra,0.13850999466466754
Bombo Fica,Los Acetatos,0.1384318956169739
León Murillo,Nancho Parra,0.13828657583525567
Centella,George Harris,0.13827269299253997
Coco Legrand,Nancho Parra,0.13821238539070616
Hermógenes Conache,Lucho Navarro,0.13798272451054094
Lucho Miranda,Natalia Cuevas,0.13796978328025458
Palta Meléndez,Pamela Leiva,0.13789562287281099
Gloria Benavides,Sergio Freire,0.1376693494253752
Ernesto Belloni,Piña Colada,0.13746906559878289
Arturo Ruiz-Tagle,Jenny Cavallo,0.1374374380665723
Hermógenes Conache,Jappening con ja,0.1371942280830567
Felo,"Juan Luis ""Jajá"" Calderón",0.1371322913808618
Alex Ortiz,Felipe Avello,0.13671178461725494
Hugo Goodman,Profesor Salomón y Tutu-Tutu,0.1365470321639571
Fusión Humor,Jappening con ja,0.1365302103984192
Huaso Filomeno,Rudy Rey,0.13642311487302503
Belén Mora,Stefan Kramer,0.1362834787345381
Alejandra Azcárate,Pedro Ruminot,0.13609560230223702
Javiera Contador,"Paul Vásquez ""El Flaco""",0.13602251256477826
Hugo Goodman,Ruperto,0.13573805979970666
"Jorge ""Chino"" Navarrete",Natalia Valdebenito,0.13558313781859194
Jani Dueñas,Zip-Zup,0.1354761503978904
Lucho Miranda,Millenium Show,0.1351404686019091
Dinamita Show,Los Atletas de la Risa,0.13499667703891688
León Murillo,Óscar Gangas,0.1346308305665511
Paulo Iglesias,Ricardo Meruane,0.13457599070525908
Hugo Varela,Paulo Iglesias,0.13455978039455813
Nancho Parra,Palta Meléndez,0.13454388255227717
Jorge Romero,Stefan Kramer,0.134046013304598
Gloria Benavides,Jorge Alís,0.13394415937880605
El Pampero,Julio Sabala,0.1338056403713188
Felo,George Harris,0.13375906205239227
Edo Caroe,Pujillay,0.13353061866487395
Los Locos del Humor,Memo Bunke y Natalia Cuevas,0.13343425253428676
"Jorge ""Chino"" Navarrete",Mauricio Palma,0.13326872297986514
Natalia Cuevas,Rodrigo Villegas,0.13319057848596802
Jappening con ja,"Jorge ""Chino"" Navarrete",0.1329922088805891
"Daniela ""Chiqui"" Aguayo",Felipe Avello,0.13246508473383203
"Juan Luis ""Jajá"" Calderón",Rudy Rey,0.1324600726072792
Alejandra Azcárate,Felipe Avello,0.13240726775494938
Centella,Huaso Filomeno,0.1322376225545553
Alejandra Azcárate,Lucho Miranda,0.1322131071141888
Gilberto Gless,Lucho Navarro,0.13217955545756244
Huaso Filomeno,Jappening con ja,0.13217215263987703
Carlos García,Jorge Alís,0.1321711657275245
Coco Legrand,Felipe Avello,0.13205495407315296
Lucho Miranda,Lucho Navarro,0.13196146528615704
León Murillo,Lucho Miranda,0.13170311223184678
George Harris,Sandy,0.13144212414946366
Ernesto Belloni,Rodrigo González,0.13143300242989184
Jenny Cavallo,Pedro Ruminot,0.1313825346461557
Felo,"Paul Vásquez ""El Flaco""",0.1311692186835885
Belén Mora,Luis Slimming,0.13113180290844148
Hugo Varela,Palta Meléndez,0.13068782913636312
Felo,Fusión Humor,0.13064416583717958
Mauricio Palma,Rudy Rey,0.13062390411987354
"Carlos ""El Mono"" Sánchez","Juan Luis ""Jajá"" Calderón",0.13060836547125892
Alex Ortiz,Pedro Ruminot,0.13059216605487384
Pamela Leiva,Rudy Rey,0.1305442185723121
Jorge Alís,Natalia Valdebenito,0.13043070611359872
Edmundo Arrocet,Melón y Melame,0.13037468378517797
Jorge Romero,Los Locos del Humor,0.13026897566551565
Natalia Valdebenito,Piña Colada,0.12994260883681022
Memo Bunke y Natalia Cuevas,Stefan Kramer,0.12966341803895587
"Juan Luis ""Jajá"" Calderón",Lucho Navarro,0.12962151859893326
Mauricio Palma,Nancho Parra,0.12954499165036348
Hugo Goodman,"Juan Luis ""Jajá"" Calderón",0.1294855900948133
Edo Caroe,Felo,0.1294854036498238
Alejandra Azcárate,Pujillay,0.12941789122912178
Belén Mora,Fabrizio Copano,0.12938133733822713
Dinamita Show,Jenny Cavallo,0.12928951774263048
"Carlos ""El Mono"" Sánchez",Jappening con ja,0.12928804332807228
Huaso Filomeno,Hugo Goodman,0.12914246389617617
Alejandra Azcárate,Hermógenes Conache,0.12908523509411252
Ernesto Belloni,George Harris,0.12903760984520768
Javiera Contador,Zip-Zup,0.1288311865864422
Belén Mora,Fusión Humor,0.1288103549583472
Belén Mora,Lucho Miranda,0.1288077323452583
Lucho Miranda,Mauricio Palma,0.12876985655724252
Jappening con ja,Payahop,0.12871964556765578
"Daniela ""Chiqui"" Aguayo",Óscar Gangas,0.1286277116174976
Belén Mora,Jorge Alís,0.12848926693451654
Edmundo Arrocet,Juan Pablo López,0.1280863431377579
Alex Ortiz,Piña Colada,0.12807394596665964
Bastián Paz,Paulo Iglesias,0.12798226890989214
Dino Gordillo,Rudy Rey,0.12765722236388524
Dino Gordillo,George Harris,0.12759087715458337
Fusión Humor,Profesor Salomón y Tutu-Tutu,0.1274264641964007
Millenium Show,Natalia Cuevas,0.12694910014264715
León Murillo,Piña Colada,0.12689794121628986
Gloria Benavides,Mauricio Palma,0.12673395130147153
Alex Ortiz,Gigi Martin,0.12654830312139906
Lucho Miranda,Payahop,0.12635151884212745
Javiera Contador,Jorge Alís,0.12620983849606124
Mauricio Palma,Ricardo Meruane,0.12620014577588307
Mauricio Palma,Profesor Salomón y Tutu-Tutu,0.1261391718100928
Dinamita Show,Julio Sabala,0.12601819203939796
Hugo Goodman,Jorge Romero,0.12599610890712304
Hugo Goodman,Zip-Zup,0.12560748845490446
Alison Mandel,Mauricio Palma,0.12535954190082912
Gigi Martin,Pedro Ruminot,0.12533680121195132
"Carlos ""El Mono"" Sánchez",Los Acetatos,0.12496977423467687
Edo Caroe,Rudy Rey,0.1249320197689709
"Carlos ""El Mono"" Sánchez",Felipe Avello,0.12470194686288927
"Daniela ""Chiqui"" Aguayo",Gloria Benavides,0.1246300662160803
George Harris,Millenium Show,0.12462915825110014
Bastián Paz,Jorge Romero,0.12458725297677806
Felipe Avello,Profesor Salomón y Tutu-Tutu,0.12445779665329296
Edo Caroe,Huaso Filomeno,0.12441706898460485
Rudy Rey,Álvaro Salas,0.1242720995449353
Jenny Cavallo,"Juan Luis ""Jajá"" Calderón",0.1241412426714888
Alex Ortiz,Mauricio Palma,0.12405780591472436
Los Acetatos,Paulo Iglesias,0.12393427735681771
El Pampero,"Juan Luis ""Jajá"" Calderón",0.1237821941318995
Felo,Luis Slimming,0.12364173606480822
Jappening con ja,Álvaro Salas,0.12349125446817771
"Carlos ""El Mono"" Sánchez",Nancho Parra,0.12344431328393403
Alex Ortiz,Óscar Gangas,0.1233145193973067
Felipe Avello,Hugo Goodman,0.12329354647575454
Los Locos del Humor,Memo Bunke,0.12328930865291109
Jorge Alís,Los Indolatinos,0.12325231661183093
Melón y Melame,Natalia Cuevas,0.1229255072825303
Ernesto Belloni,Hugo Varela,0.12282820426018502
Bombo Fica,Rudy Rey,0.12270459913192226
Payahop,Sergio Freire,0.12252062961519036
Jenny Cavallo,Julio Sabala,0.1225023616653499
Lucho Navarro,Mauricio Palma,0.12200429539745815
El Pampero,Natalia Valdebenito,0.12198920694509278
Alison Mandel,Palta Meléndez,0.1219246182778115
Jani Dueñas,Nancho Parra,0.12181876192116531
El Pampero,Jani Dueñas,0.12157279943517914
Belén Mora,Millenium Show,0.12139499610551689
Nancho Parra,Sandy,0.12130976526132883
"Daniel Muñoz ""El Carmelo""",Pamela Leiva,0.12128733869249678
Coco Legrand,Rudy Rey,0.12087700583035656
Nancho Parra,Rudy Rey,0.12070904198592376
Fusión Humor,Natalia Cuevas,0.12058913863785378
Felo,"Jorge ""Chino"" Navarrete",0.12057296403335462
Belén Mora,"Jorge ""Chino"" Navarrete",0.12055713257020562
Lucho Navarro,Natalia Cuevas,0.1204549704727694
Los Locos del Humor,Nancho Parra,0.12043578727923862
Piña Colada,Sergio Freire,0.12036175793398847
Bombo Fica,Memo Bunke y Natalia Cuevas,0.12026087289694368
Belén Mora,Diego Urrutia,0.11990180463424611
Alejandra Azcárate,"Jorge ""Chino"" Navarrete",0.11984260931215898
Memo Bunke,Millenium Show,0.11973368694699099
Alison Mandel,Ricardo Meruane,0.11948843395675333
Felo,Lucho Miranda,0.11941288521912595
Edo Caroe,Mauricio Palma,0.11932411366055926
Felipe Avello,León Murillo,0.1192521555228847
Alison Mandel,"Juan Luis ""Jajá"" Calderón",0.11925071159587315
Felo,Hermógenes Conache,0.11923819157827428
Jani Dueñas,Los Atletas de la Risa,0.11921023965839127
Centella,Gilberto Gless,0.11917256006460625
Payahop,Piña Colada,0.11908609825846765
Memo Bunke y Natalia Cuevas,Ruperto,0.11888530949428636
Hugo Goodman,Payahop,0.11881317336393493
Huaso Filomeno,León Murillo,0.11852410140720525
Hugo Varela,Nancho Parra,0.1184888270282395
"Daniela ""Chiqui"" Aguayo",Piña Colada,0.11829606966528997
Memo Bunke y Natalia Cuevas,Sandy,0.11824099482466742
Fabrizio Copano,Natalia Cuevas,0.1179524653707558
Dinamita Show,George Harris,0.11784840224948175
Belén Mora,George Harris,0.1176102747416036
"Jorge ""Chino"" Navarrete",Lucho Navarro,0.11757938849813042
Edo Caroe,Gloria Benavides,0.11749646871917739
"Juan Luis ""Jajá"" Calderón",Nancho Parra,0.11747240866353931
"Jorge ""Chino"" Navarrete",Los Atletas de la Risa,0.11744601852820036
El Pampero,Juan Pablo López,0.11738451219206604
Alex Ortiz,Carlos García,0.11718954125793367
Pamela Leiva,Payahop,0.11718487486875719
Diego Urrutia,Natalia Cuevas,0.11713271035292376
Edmundo Arrocet,Sergio Freire,0.11678870033164493
Belén Mora,Hugo Varela,0.1164540193648923
Edo Caroe,El Pampero,0.11567263288453324
Gigi Martin,Juan Pablo López,0.11548932267200926
Fabrizio Copano,Nancho Parra,0.11542295399288766
Lucho Navarro,Óscar Gangas,0.11532771738386889
Lucho Navarro,Pamela Leiva,0.11528673801175014
Los Atletas de la Risa,Mauricio Palma,0.11526026281693916
Los Locos del Humor,Profesor Salomón y Tutu-Tutu,0.11510192849682725
"Carlos ""El Mono"" Sánchez",Centella,0.11491155763042814
"Carlos ""El Mono"" Sánchez",Rudy Rey,0.11491153110616792
Gilberto Gless,Piña Colada,0.11486045350935589
Gloria Benavides,"Paul Vásquez ""El Flaco""",0.114761662374715
Javiera Contador,Los Acetatos,0.11465954887170805
Carlos García,Luis Slimming,0.11430515141948415
Hermógenes Conache,Piña Colada,0.11411687292603953
Coco Legrand,Payahop,0.11373243479311089
Hugo Goodman,Piña Colada,0.11365992054947152
Memo Bunke,Payahop,0.11321533723733589
Melón y Melame,Zip-Zup,0.11306224291256876
Coco Legrand,Lucho Navarro,0.11268554098692284
"Daniel Muñoz ""El Carmelo""",Mauricio Palma,0.1124831130403731
Diego Urrutia,Felipe Avello,0.11211012230018311
Los Acetatos,Memo Bunke,0.11208911579327116
Julio Sabala,Sandy,0.11207799184920954
Fusión Humor,Jorge Romero,0.11198132544500825
"Daniela ""Chiqui"" Aguayo",Millenium Show,0.11187272855046332
Memo Bunke,Sergio Freire,0.11183278190362686
Fusión Humor,Paulo Iglesias,0.11183274213367486
Bastián Paz,Rudy Rey,0.1117035822459542
Hugo Goodman,Paulo Iglesias,0.11156792740634924
Hugo Goodman,Los Locos del Humor,0.11133376154855829
Fusión Humor,Jorge Alís,0.11120908718175225
Fabrizio Copano,George Harris,0.11118270545086376
Felipe Avello,Memo Bunke y Natalia Cuevas,0.11110045466161221
Arturo Ruiz-Tagle,Profesor Salomón y Tutu-Tutu,0.11095075678079905
Felipe Avello,Sandy,0.11094272169653394
Jani Dueñas,Lucho Miranda,0.1108773199417967
Centella,Memo Bunke,0.11060929897114609
Jorge Romero,Mauricio Palma,0.11028369844486542
Arturo Ruiz-Tagle,Jorge Romero,0.11025100163158642
George Harris,Luis Slimming,0.11014516258949053
"Carlos ""El Mono"" Sánchez",Carlos García,0.10956922293561576
Jorge Alís,Pamela Leiva,0.10948843396621155
Los Acetatos,Sergio Freire,0.10947476881663082
Dino Gordillo,Memo Bunke,0.10929246480016365
Hugo Goodman,Sergio Freire,0.1091719353914591
George Harris,León Murillo,0.10914486448679353
Lucho Miranda,Natalia Valdebenito,0.10913307263724316
Natalia Cuevas,Rudy Rey,0.10904106766150269
"Paul Vásquez ""El Flaco""",Ruperto,0.10890689123943163
Edo Caroe,Ruperto,0.10870891644071033
Gilberto Gless,Jappening con ja,0.10860459151751499
Memo Bunke y Natalia Cuevas,Álvaro Salas,0.10837337366801134
Jappening con ja,Javiera Contador,0.10794173282958078
El Pampero,Jenny Cavallo,0.10790971913164162
El Pampero,Memo Bunke,0.10723669994832682
Fabrizio Copano,Gilberto Gless,0.10682824534361146
Nancho Parra,Sergio Freire,0.1067707338604034
"Daniel Muñoz ""El Carmelo""",Los Locos del Humor,0.10668990853915342
Melón y Melame,Natalia Valdebenito,0.10666436339865966
Gilberto Gless,Ricardo Meruane,0.10646156690785229
Gigi Martin,Pujillay,0.10637901735004526
Javiera Contador,Los Atletas de la Risa,0.10629283361180895
George Harris,Melón y Melame,0.10613123803647193
Edo Caroe,George Harris,0.1060747604474054
"Juan Luis ""Jajá"" Calderón",Piña Colada,0.10567171474956276
"Jorge ""Chino"" Navarrete",Jorge Alís,0.10560843270266622
Natalia Cuevas,Profesor Salomón y Tutu-Tutu,0.10546577918354899
Edmundo Arrocet,Mauricio Palma,0.10525412466975054
Gilberto Gless,Rodrigo Villegas,0.10516407240473427
"Daniela ""Chiqui"" Aguayo",Julio Sabala,0.10515036188929507
Natalia Cuevas,Pujillay,0.10505288925542808
Julio Sabala,"Paul Vásquez ""El Flaco""",0.104828190927771
Alex Ortiz,"Carlos ""El Mono"" Sánchez",0.10469249236865887
Arturo Ruiz-Tagle,El Pampero,0.10450119938427578
Fusión Humor,Piña Colada,0.10428717248930797
Felo,Palta Meléndez,0.1042868771343537
"Daniel Muñoz ""El Carmelo""",Piña Colada,0.1042819972199455
Ernesto Belloni,Los Atletas de la Risa,0.10423397809235875
Edo Caroe,Natalia Cuevas,0.10418815665046025
Gloria Benavides,Ricardo Meruane,0.10399136947360571
Arturo Ruiz-Tagle,Natalia Cuevas,0.10399059812951589
Alejandra Azcárate,Gloria Benavides,0.1039673590323666
Hermógenes Conache,Natalia Cuevas,0.1038491522432054
Jenny Cavallo,Melón y Melame,0.10364446829345003
Belén Mora,Zip-Zup,0.10363680631968429
León Murillo,Payahop,0.10356992021359811
Alejandra Azcárate,Piña Colada,0.10354793157719261
Edmundo Arrocet,Paulo Iglesias,0.10353417386560818
Alex Ortiz,Felo,0.10348911609093908
León Murillo,Los Acetatos,0.10348212874228521
George Harris,Hugo Varela,0.10341950817862028
Felipe Avello,Jorge Romero,0.10341180183682441
Edo Caroe,Hugo Varela,0.10312652106172757
Huaso Filomeno,Los Acetatos,0.10300261474028842
Ernesto Belloni,"Juan Luis ""Jajá"" Calderón",0.10298734042406064
Felo,Los Atletas de la Risa,0.1029170020583522
Edo Caroe,Nancho Parra,0.10289120708162197
George Harris,Stefan Kramer,0.10283431227140252
George Harris,Huaso Filomeno,0.1026431012557852
Felipe Avello,Jani Dueñas,0.10257343478996979
"Daniel Muñoz ""El Carmelo""",Javiera Contador,0.1021469534480167
"Daniela ""Chiqui"" Aguayo",Hugo Varela,0.10210735673582541
Memo Bunke y Natalia Cuevas,Óscar Gangas,0.1014031760491783
Edo Caroe,Zip-Zup,0.10135523786704832
"Carlos ""El Mono"" Sánchez",George Harris,0.10132632604073208
Edmundo Arrocet,Jorge Alís,0.10131881276892075
Alex Ortiz,Jenny Cavallo,0.10123829648398074
Edmundo Arrocet,Zip-Zup,0.1011310243212257
Millenium Show,Ricardo Meruane,0.10101633618387057
Gigi Martin,"Juan Luis ""Jajá"" Calderón",0.10031444082621654
Natalia Cuevas,Óscar Gangas,0.10024486855137159
Javiera Contador,Paulo Iglesias,0.10007913501619285
Lucho Miranda,Ruperto,0.09999177040480738
Alejandra Azcárate,Hugo Goodman,0.09982723810166098
Julio Sabala,Sergio Freire,0.09970681055741586
Felipe Avello,Jappening con ja,0.09941197843668909
Alex Ortiz,Arturo Ruiz-Tagle,0.09939470088195365
Gilberto Gless,Memo Bunke,0.09925042964642782
Memo Bunke,Óscar Gangas,0.09923155124003204
Carlos García,Centella,0.09901649281648695
Pujillay,Ricardo Meruane,0.09895991049124749
Mauricio Palma,Memo Bunke,0.09883949720853702
Lucho Navarro,Memo Bunke,0.09870864021378077
Jenny Cavallo,Rodrigo Villegas,0.0986172394366447
Los Acetatos,Pedro Ruminot,0.0985843408101543
Dino Gordillo,Piña Colada,0.09856947615505039
Palta Meléndez,Profesor Salomón y Tutu-Tutu,0.09835462829592596
Edo Caroe,Julio Sabala,0.09818051536925756
Felipe Avello,Ricardo Meruane,0.09815279537874262
Fusión Humor,George Harris,0.09763580524600377
Jorge Alís,Natalia Cuevas,0.09739055180581148
George Harris,Pamela Leiva,0.09725349042126567
El Pampero,Jorge Alís,0.09717179061647219
Memo Bunke,Natalia Valdebenito,0.09681296181949957
Coco Legrand,Los Acetatos,0.09674545518927836
Jani Dueñas,Piña Colada,0.09659864988635952
Julio Sabala,Palta Meléndez,0.09653803142967088
Pamela Leiva,Ruperto,0.09652938377252644
"Jorge ""Chino"" Navarrete",Natalia Cuevas,0.09597952429945664
Javiera Contador,León Murillo,0.09592322780747987
Los Acetatos,Pamela Leiva,0.09586172928887175
Felipe Avello,"Juan Luis ""Jajá"" Calderón",0.09568949356270806
Los Atletas de la Risa,Melón y Melame,0.09563551798610254
Arturo Ruiz-Tagle,Los Atletas de la Risa,0.0956312157738151
George Harris,Piña Colada,0.09556510266359755
Paulo Iglesias,Profesor Salomón y Tutu-Tutu,0.09550523469839793
Alejandra Azcárate,Memo Bunke y Natalia Cuevas,0.09521768321442774
"Daniel Muñoz ""El Carmelo""",Jappening con ja,0.09477233312154865
Mauricio Palma,Piña Colada,0.09475893496380075
Hugo Goodman,Jenny Cavallo,0.0947359428706669
Alejandra Azcárate,Rodrigo Villegas,0.09430769461645735
Alejandra Azcárate,"Juan Luis ""Jajá"" Calderón",0.09426992927093508
Dinamita Show,Memo Bunke y Natalia Cuevas,0.0941310612407665
Belén Mora,Coco Legrand,0.09410316637657212
Luis Slimming,Payahop,0.09404400370332062
"Daniel Muñoz ""El Carmelo""",George Harris,0.09388218115451442
Alex Ortiz,Ernesto Belloni,0.09369103882830934
"Carlos ""El Mono"" Sánchez",Jorge Romero,0.09347659822871673
Javiera Contador,Nancho Parra,0.09336975821549136
Edo Caroe,Payahop,0.09317854268710501
Alison Mandel,Los Atletas de la Risa,0.09303337537383306
Bastián Paz,George Harris,0.09276791870149442
Jorge Romero,Melón y Melame,0.09250588940060539
Nancho Parra,Pedro Ruminot,0.09217429284223189
Jorge Alís,Lucho Miranda,0.09213325745015152
Alex Ortiz,Zip-Zup,0.0920086000583552
Bastián Paz,Felo,0.09199150556895772
Centella,Pujillay,0.09194388826127402
Alejandra Azcárate,Nancho Parra,0.0917359785283905
Ernesto Belloni,Memo Bunke y Natalia Cuevas,0.09148571431124997
Dino Gordillo,Memo Bunke y Natalia Cuevas,0.09139198970095534
Natalia Cuevas,Rodrigo González,0.0913591232213446
Jorge Romero,Palta Meléndez,0.09135772498370476
Edo Caroe,Gigi Martin,0.09134755211210391
Memo Bunke,Álvaro Salas,0.09121936194708241
Belén Mora,León Murillo,0.09110366866866021
Edmundo Arrocet,Nancho Parra,0.09105531665152851
Juan Pablo López,Rudy Rey,0.09024537080413095
"Carlos ""El Mono"" Sánchez",Fusión Humor,0.09018600043438034
Memo Bunke,Stefan Kramer,0.09003377622739904
"Daniel Muñoz ""El Carmelo""",Felipe Avello,0.09001017804126855
Memo Bunke y Natalia Cuevas,Palta Meléndez,0.08981196340077167
Gloria Benavides,Hermógenes Conache,0.08980506023958623
Julio Sabala,Álvaro Salas,0.08965299136487083
Carlos García,"Jorge ""Chino"" Navarrete",0.08941134009062138
Los Atletas de la Risa,Payahop,0.08901265080599854
El Pampero,Stefan Kramer,0.08899638628348153
Belén Mora,"Juan Luis ""Jajá"" Calderón",0.08899308993688908
Ricardo Meruane,Ruperto,0.08893446222663857
Felipe Avello,Javiera Contador,0.08878385772736776
Carlos García,Hermógenes Conache,0.08873853275139962
Alex Ortiz,Ricardo Meruane,0.08869167338379672
Jani Dueñas,"Juan Luis ""Jajá"" Calderón",0.08818595780701265
El Pampero,George Harris,0.08806076556503413
"Daniel Muñoz ""El Carmelo""",Memo Bunke,0.0880582720122393
Diego Urrutia,Piña Colada,0.08795631810317693
Profesor Salomón y Tutu-Tutu,Sergio Freire,0.08793245645607657
Gloria Benavides,"Juan Luis ""Jajá"" Calderón",0.08789251391169241
Gloria Benavides,Zip-Zup,0.08725333130638911
Coco Legrand,Memo Bunke y Natalia Cuevas,0.08723805835145895
Ernesto Belloni,Natalia Valdebenito,0.08716133535336446
Felipe Avello,George Harris,0.0870583663812396
Juan Pablo López,Ruperto,0.08633029814891424
Belén Mora,Óscar Gangas,0.08630402191876622
George Harris,Payahop,0.08621980770025285
Natalia Cuevas,Álvaro Salas,0.0862136063972879
Coco Legrand,Piña Colada,0.08600620353564668
Belén Mora,Huaso Filomeno,0.08565720348697105
Edmundo Arrocet,Los Locos del Humor,0.08560684697641756
Huaso Filomeno,Julio Sabala,0.08546851944159721
George Harris,Óscar Gangas,0.08541055673786423
Gigi Martin,Lucho Miranda,0.08532863596282575
Mauricio Palma,Memo Bunke y Natalia Cuevas,0.0851842083352433
Dino Gordillo,Jappening con ja,0.08494677749537764
Gigi Martin,Pamela Leiva,0.08463538653793418
Bombo Fica,"Daniel Muñoz ""El Carmelo""",0.08456949036114697
Carlos García,Lucho Miranda,0.08455060420536976
"Carlos ""El Mono"" Sánchez",Memo Bunke y Natalia Cuevas,0.0843728261482935
Alex Ortiz,Álvaro Salas,0.08403967138171661
Gilberto Gless,Pujillay,0.08382547435071765
Hugo Varela,Javiera Contador,0.08371958501085033
Nancho Parra,Profesor Salomón y Tutu-Tutu,0.08371166042569336
Alejandra Azcárate,Arturo Ruiz-Tagle,0.08370666134248801
Felipe Avello,Millenium Show,0.08369518185917267
"Daniela ""Chiqui"" Aguayo",Gigi Martin,0.0836949027102007
El Pampero,Memo Bunke y Natalia Cuevas,0.0836458379067097
Jorge Romero,Pamela Leiva,0.08340488540547682
Coco Legrand,"Daniel Muñoz ""El Carmelo""",0.08325137552961771
Lucho Miranda,Rudy Rey,0.08324662469540918
Edmundo Arrocet,Luis Slimming,0.08271157410343441
Memo Bunke y Natalia Cuevas,Paulo Iglesias,0.08249399808003378
"Daniela ""Chiqui"" Aguayo",Edmundo Arrocet,0.0820049609668657
Jorge Alís,Memo Bunke,0.08186883676648155
Alejandra Azcárate,El Pampero,0.08173919235968166
Lucho Navarro,Ricardo Meruane,0.08140389321778888
Belén Mora,"Carlos ""El Mono"" Sánchez",0.08132755876320082
Alison Mandel,Carlos García,0.08132655849731404
Fusión Humor,Memo Bunke y Natalia Cuevas,0.0812224426646312
"Daniel Muñoz ""El Carmelo""",Sergio Freire,0.08120316598033302
Javiera Contador,Profesor Salomón y Tutu-Tutu,0.08101373308819709
Felipe Avello,Julio Sabala,0.0809833079394074
Fabrizio Copano,Jappening con ja,0.08094159212170844
Melón y Melame,Profesor Salomón y Tutu-Tutu,0.08087747121824708
Julio Sabala,Mauricio Palma,0.08076800025390116
Arturo Ruiz-Tagle,George Harris,0.08066280952886512
Gloria Benavides,Los Atletas de la Risa,0.08047408800198853
El Pampero,Hugo Goodman,0.08024101002343043
Diego Urrutia,Gilberto Gless,0.08017035848272326
Alex Ortiz,Los Acetatos,0.07977016574106263
George Harris,Ricardo Meruane,0.07951905159794335
Huaso Filomeno,Ricardo Meruane,0.07943605800121775
Diego Urrutia,Gigi Martin,0.07940257154923423
George Harris,Natalia Cuevas,0.07885017109726254
Belén Mora,Gigi Martin,0.07870661747983299
Bastián Paz,Memo Bunke,0.07860969966880535
Belén Mora,Nancho Parra,0.07851047673527743
Centella,Jorge Romero,0.07825801095112803
Melón y Melame,Memo Bunke y Natalia Cuevas,0.07800471987228438
Huaso Filomeno,Lucho Navarro,0.0778744446945985
Hugo Goodman,Memo Bunke,0.07785631663368062
Diego Urrutia,George Harris,0.0777081548188805
Felo,Jappening con ja,0.07767437641453015
Belén Mora,Los Acetatos,0.07741804503553922
Hugo Varela,Jorge Alís,0.07733115998671515
"Daniela ""Chiqui"" Aguayo",Nancho Parra,0.07728898914488343
Gloria Benavides,Rodrigo González,0.07721919249410476
"Daniel Muñoz ""El Carmelo""",Ernesto Belloni,0.0769745734363917
Ernesto Belloni,Memo Bunke,0.07697175134344769
Memo Bunke y Natalia Cuevas,"Paul Vásquez ""El Flaco""",0.07674236218811688
"Daniel Muñoz ""El Carmelo""",Palta Meléndez,0.0764716026193111
Ernesto Belloni,Jani Dueñas,0.0763247533712563
Nancho Parra,Rodrigo González,0.07605547424093596
George Harris,Jorge Alís,0.07598640283336029
George Harris,"Juan Luis ""Jajá"" Calderón",0.0759296924629607
Luis Slimming,Memo Bunke y Natalia Cuevas,0.07590577356471187
Felipe Avello,Natalia Cuevas,0.0757981014598576
Los Atletas de la Risa,Pujillay,0.0757979077346413
Edo Caroe,Jappening con ja,0.0756467387099274
Nancho Parra,Piña Colada,0.0756450689174214
Alex Ortiz,Jappening con ja,0.07534056687207247
Jorge Alís,Rudy Rey,0.07533032711074161
George Harris,Jorge Romero,0.07527451361084454
El Pampero,Pamela Leiva,0.07520919023583024
Lucho Navarro,Rodrigo González,0.07498355307440586
Memo Bunke y Natalia Cuevas,Sergio Freire,0.07482220830267852
León Murillo,Pujillay,0.07455719077322005
Los Atletas de la Risa,Ruperto,0.07450464394738923
Nancho Parra,Natalia Cuevas,0.07441230976790593
Alison Mandel,George Harris,0.07435564033203616
Alex Ortiz,Hugo Goodman,0.07433008419411467
Los Acetatos,Mauricio Palma,0.07431283532823289
Javiera Contador,Rudy Rey,0.07424534120808732
Dinamita Show,Profesor Salomón y Tutu-Tutu,0.07406300163597833
Jorge Romero,Piña Colada,0.07403714885109647
Edmundo Arrocet,Piña Colada,0.07403184171009139
Jappening con ja,Jorge Romero,0.07401090787788564
Gloria Benavides,León Murillo,0.07386630613688368
Gilberto Gless,Javiera Contador,0.07375098626288185
Centella,Rudy Rey,0.0735020797934638
Ernesto Belloni,Mauricio Palma,0.07345171530017601
Felipe Avello,Los Acetatos,0.07340011612103098
Profesor Salomón y Tutu-Tutu,Álvaro Salas,0.07320939904510222
Bombo Fica,Profesor Salomón y Tutu-Tutu,0.0729881258116706
Piña Colada,Óscar Gangas,0.07293493256139104
Los Acetatos,Lucho Miranda,0.07280113195573976
Hermógenes Conache,Ruperto,0.07263098050706042
George Harris,Nancho Parra,0.0725045297215372
Julio Sabala,Los Locos del Humor,0.0724138882712799
Huaso Filomeno,Memo Bunke y Natalia Cuevas,0.07238857905005056
"Carlos ""El Mono"" Sánchez",Payahop,0.07231127176294168
Alex Ortiz,Fusión Humor,0.07208938378882403
Natalia Cuevas,Palta Meléndez,0.07153896390043787
Piña Colada,Stefan Kramer,0.07112195719691536
"Jorge ""Chino"" Navarrete",Piña Colada,0.07099847881924262
Alex Ortiz,Memo Bunke,0.07093851120351446
Belén Mora,Gloria Benavides,0.07079336315521202
Jenny Cavallo,Piña Colada,0.07073070167447199
"Carlos ""El Mono"" Sánchez",Edo Caroe,0.07059860854378239
Hugo Goodman,Nancho Parra,0.07043678542873302
Felipe Avello,Hugo Varela,0.07035403465020737
George Harris,Profesor Salomón y Tutu-Tutu,0.0702655370898868
Belén Mora,Palta Meléndez,0.07019293830283826
Julio Sabala,Ricardo Meruane,0.06933767318991553
"Daniel Muñoz ""El Carmelo""",Zip-Zup,0.06908113282463291
Dino Gordillo,Gilberto Gless,0.06902003191717304
Paulo Iglesias,Ruperto,0.06897252666916796
Belén Mora,Hermógenes Conache,0.06874759910529821
Rudy Rey,Óscar Gangas,0.0683788960754116
George Harris,Zip-Zup,0.06817289075745898
Hugo Goodman,León Murillo,0.06771013002424502
Jorge Romero,Ricardo Meruane,0.067663347567783
Dinamita Show,Jorge Romero,0.0674095883770176
Bombo Fica,Los Atletas de la Risa,0.06726997655103674
Fusión Humor,Memo Bunke,0.06714376271527832
Memo Bunke,Ricardo Meruane,0.06713709989867311
"Daniel Muñoz ""El Carmelo""","Paul Vásquez ""El Flaco""",0.06701817455439082
Edmundo Arrocet,Memo Bunke,0.06680043482499952
Nancho Parra,Ricardo Meruane,0.06665023380972837
Centella,El Pampero,0.06656479774036497
Alejandra Azcárate,Alex Ortiz,0.06656199917585241
El Pampero,Ruperto,0.0664220788177135
Hermógenes Conache,Memo Bunke y Natalia Cuevas,0.06599237026579824
Coco Legrand,Julio Sabala,0.06556270105260582
Belén Mora,Ruperto,0.06551007934068605
"Daniela ""Chiqui"" Aguayo",Payahop,0.0653223459172848
Julio Sabala,Luis Slimming,0.06528025111704829
Jorge Romero,Álvaro Salas,0.06524327810544543
Hugo Goodman,Natalia Valdebenito,0.0651991664175155
Gigi Martin,Memo Bunke y Natalia Cuevas,0.06504461670105911
Los Atletas de la Risa,"Paul Vásquez ""El Flaco""",0.0647366500826726
Carlos García,"Daniela ""Chiqui"" Aguayo",0.06469349502812448
Jappening con ja,Stefan Kramer,0.0645586661303285
Alejandra Azcárate,Fusión Humor,0.06451235817140995
Los Atletas de la Risa,Millenium Show,0.06409776786131052
Coco Legrand,Ruperto,0.06404586304351605
Gigi Martin,Mauricio Palma,0.06381637095432521
Julio Sabala,Nancho Parra,0.0636623589622375
Natalia Cuevas,"Paul Vásquez ""El Flaco""",0.063492972679435
Alison Mandel,Los Acetatos,0.06342239375826765
Gigi Martin,Zip-Zup,0.06323938679565695
Felipe Avello,Gilberto Gless,0.06311036344419184
Belén Mora,"Daniel Muñoz ""El Carmelo""",0.06299817794226183
Centella,Millenium Show,0.06248568267094371
Alison Mandel,Millenium Show,0.062426273314656694
Diego Urrutia,Nancho Parra,0.0619543793688191
Nancho Parra,Natalia Valdebenito,0.06147526229852358
Jorge Romero,"Juan Luis ""Jajá"" Calderón",0.06126315767018756
"Carlos ""El Mono"" Sánchez",Hugo Goodman,0.06120611948256572
"Jorge ""Chino"" Navarrete",Julio Sabala,0.06120420597213065
Palta Meléndez,Ruperto,0.061141282294631734
Hermógenes Conache,Los Acetatos,0.060735198722645586
Jenny Cavallo,Millenium Show,0.060565836051413365
Memo Bunke,Natalia Cuevas,0.06046796664157317
Felipe Avello,Jenny Cavallo,0.060420993685866994
Alison Mandel,Jorge Romero,0.060382357697016935
Hermógenes Conache,Julio Sabala,0.059945383320750244
Diego Urrutia,Memo Bunke,0.05979304241746814
Julio Sabala,Paulo Iglesias,0.059578139190665604
Jappening con ja,Julio Sabala,0.05952896060094216
Jorge Romero,Juan Pablo López,0.05943533124438802
Jappening con ja,Juan Pablo López,0.05943161015347617
Jani Dueñas,Memo Bunke,0.059178758933559804
Rodrigo González,Rudy Rey,0.058900994897388974
Jani Dueñas,Ricardo Meruane,0.05872704059062381
Gigi Martin,Hermógenes Conache,0.05862147389253394
"Daniel Muñoz ""El Carmelo""",Paulo Iglesias,0.058562900504086766
Ricardo Meruane,Rudy Rey,0.058371522643668614
Millenium Show,Pamela Leiva,0.05823770160246839
Bombo Fica,Jorge Romero,0.05793161487132511
Gilberto Gless,Ruperto,0.057888176984481926
El Pampero,Jappening con ja,0.056989549438451144
Jorge Alís,Jorge Romero,0.05654567740344844
Jappening con ja,Sergio Freire,0.05641538646828206
Juan Pablo López,Memo Bunke y Natalia Cuevas,0.05625704483190337
Edo Caroe,Los Acetatos,0.05603041386843895
Belén Mora,Ricardo Meruane,0.05596060504081113
"Daniela ""Chiqui"" Aguayo",Los Acetatos,0.05589610793275338
Jorge Alís,Los Atletas de la Risa,0.055467535034472486
Arturo Ruiz-Tagle,Memo Bunke y Natalia Cuevas,0.055273024653905795
George Harris,Álvaro Salas,0.055144290687792905
Coco Legrand,Natalia Cuevas,0.05494695145885592
George Harris,Hermógenes Conache,0.05492020637894186
"Carlos ""El Mono"" Sánchez",Ricardo Meruane,0.053713413304651965
Bastián Paz,Memo Bunke y Natalia Cuevas,0.05360727338500516
Centella,Memo Bunke y Natalia Cuevas,0.05346717093418149
Mauricio Palma,Ruperto,0.05331987405589246
Lucho Miranda,Memo Bunke y Natalia Cuevas,0.053135537498572916
Julio Sabala,Lucho Miranda,0.052790061213658084
Bastián Paz,Julio Sabala,0.05278080244130378
Alison Mandel,Rudy Rey,0.05277692582997391
Edmundo Arrocet,Los Atletas de la Risa,0.052752498225857425
Coco Legrand,Profesor Salomón y Tutu-Tutu,0.0526802705366546
"Daniela ""Chiqui"" Aguayo",Rudy Rey,0.05258883398406544
Julio Sabala,León Murillo,0.052430789626829524
Hugo Varela,Ricardo Meruane,0.05239643452570308
Lucho Navarro,Natalia Valdebenito,0.05235057448521142
Los Acetatos,Ricardo Meruane,0.05218966130504305
Memo Bunke y Natalia Cuevas,Zip-Zup,0.05192101326031146
"Paul Vásquez ""El Flaco""",Profesor Salomón y Tutu-Tutu,0.0518790076491155
Millenium Show,Natalia Valdebenito,0.051685591181297695
Memo Bunke y Natalia Cuevas,Rodrigo González,0.05160450936772269
Lucho Miranda,Memo Bunke,0.05156020692832714
Jappening con ja,Paulo Iglesias,0.05151232264714
Dinamita Show,Gilberto Gless,0.05138582674344637
George Harris,"Jorge ""Chino"" Navarrete",0.05119310043520938
Jenny Cavallo,Nancho Parra,0.05064764380918791
Alex Ortiz,Payahop,0.0506081229392076
"Daniela ""Chiqui"" Aguayo",Felo,0.05043041922041049
Alison Mandel,Payahop,0.05034141016851129
Jappening con ja,Lucho Miranda,0.05033877620037438
Rodrigo González,Ruperto,0.05024118235716044
Alejandra Azcárate,Carlos García,0.050076111556634786
Centella,Ruperto,0.04997130123666309
Jorge Romero,Nancho Parra,0.0497697693986948
Natalia Valdebenito,Sandy,0.04976101206437563
Alex Ortiz,Jani Dueñas,0.04938916951391
Lucho Miranda,Piña Colada,0.049369828680530976
Gigi Martin,Jappening con ja,0.049125800867768195
Edo Caroe,Memo Bunke,0.04912088915181963
Alison Mandel,Gigi Martin,0.04866992859953697
Los Acetatos,Rodrigo González,0.04843450583406974
Edo Caroe,Jorge Romero,0.04836531471286177
Felipe Avello,Natalia Valdebenito,0.04833844905383684
George Harris,Memo Bunke y Natalia Cuevas,0.048082749364769146
Alejandra Azcárate,Millenium Show,0.04800044963237415
Gigi Martin,Los Atletas de la Risa,0.047559529667549234
León Murillo,Memo Bunke,0.04749572887804419
Julio Sabala,Óscar Gangas,0.04744391011305326
Gilberto Gless,Palta Meléndez,0.04711245327285787
"Juan Luis ""Jajá"" Calderón",Los Acetatos,0.04707782215628466
"Daniel Muñoz ""El Carmelo""",Los Atletas de la Risa,0.046797466789545564
"Daniel Muñoz ""El Carmelo""",Rodrigo González,0.04665158710029319
Edo Caroe,Profesor Salomón y Tutu-Tutu,0.046537272777235385
El Pampero,Natalia Cuevas,0.04638344938236647
Gilberto Gless,Millenium Show,0.0463777541697527
Profesor Salomón y Tutu-Tutu,Óscar Gangas,0.045993921758379665
Gilberto Gless,Jorge Alís,0.04563208718797522
Jorge Romero,León Murillo,0.04551334500263519
Jappening con ja,Óscar Gangas,0.04534933786088647
Jorge Romero,Memo Bunke,0.045285109231055665
Juan Pablo López,Natalia Cuevas,0.04521206892220516
Alex Ortiz,Natalia Valdebenito,0.0450668242015784
Jappening con ja,León Murillo,0.045013142056415566
Ruperto,Sergio Freire,0.044946850483054426
Ernesto Belloni,Profesor Salomón y Tutu-Tutu,0.04466607455373059
Edo Caroe,Piña Colada,0.04460838733506387
"Juan Luis ""Jajá"" Calderón",Memo Bunke,0.044458708757413194
"Daniel Muñoz ""El Carmelo""",Ricardo Meruane,0.04430844931311198
Juan Pablo López,Julio Sabala,0.04430396419605922
Gilberto Gless,Pedro Ruminot,0.04405324339171654
Belén Mora,Julio Sabala,0.04402642219886618
Los Atletas de la Risa,Nancho Parra,0.043921638879887245
Jorge Alís,Ruperto,0.043780723737791946
George Harris,Jani Dueñas,0.043751219863298725
"Juan Luis ""Jajá"" Calderón",Payahop,0.043717359719284955
Edmundo Arrocet,Jappening con ja,0.04368934017075874
Alex Ortiz,Memo Bunke y Natalia Cuevas,0.04354615785017859
"Daniela ""Chiqui"" Aguayo",Jappening con ja,0.042863786512231314
Belén Mora,Edmundo Arrocet,0.04267633522872641
"Carlos ""El Mono"" Sánchez",Natalia Cuevas,0.04264581046781966
Alejandra Azcárate,Natalia Cuevas,0.04260909648304047
Alison Mandel,Gilberto Gless,0.04248605948807193
Bastián Paz,Piña Colada,0.04239037504493164
Juan Pablo López,Los Acetatos,0.04229273775498581
George Harris,Mauricio Palma,0.0422882498586753
Juan Pablo López,Piña Colada,0.04214687813611865
George Harris,Memo Bunke,0.04213256785792913
Memo Bunke,Ruperto,0.04208464574746982
Piña Colada,Ruperto,0.042002863807107375
Hugo Goodman,Jappening con ja,0.041953378737088834
Jappening con ja,Ricardo Meruane,0.041922689238498796
"Daniel Muñoz ""El Carmelo""",Óscar Gangas,0.04191663533622474
Los Atletas de la Risa,Memo Bunke y Natalia Cuevas,0.04164764796112021
"Daniel Muñoz ""El Carmelo""",Edo Caroe,0.04112859244821327
Coco Legrand,Jappening con ja,0.041084851205503634
Alex Ortiz,Hermógenes Conache,0.0408905176006468
El Pampero,Gilberto Gless,0.040635541307561814
"Carlos ""El Mono"" Sánchez",Edmundo Arrocet,0.04061275791256988
George Harris,Lucho Miranda,0.040607831568981755
Jappening con ja,Mauricio Palma,0.04057235693179208
Edo Caroe,Memo Bunke y Natalia Cuevas,0.040559153913181996
Centella,Julio Sabala,0.04039821710293086
"Jorge ""Chino"" Navarrete",Memo Bunke y Natalia Cuevas,0.04003457039676522
Bastián Paz,Profesor Salomón y Tutu-Tutu,0.03990865739890775
Gigi Martin,Jenny Cavallo,0.03970273631558849
Dino Gordillo,Profesor Salomón y Tutu-Tutu,0.039561671150914045
"Daniel Muñoz ""El Carmelo""",Juan Pablo López,0.03939880727074634
Mauricio Palma,Natalia Cuevas,0.03931434661606303
Edmundo Arrocet,"Juan Luis ""Jajá"" Calderón",0.03921604599426721
Ruperto,Zip-Zup,0.03908535116072037
Jorge Alís,Memo Bunke y Natalia Cuevas,0.038830707439022054
Luis Slimming,Profesor Salomón y Tutu-Tutu,0.03863470708402845
Alison Mandel,Ruperto,0.03854482553448555
Los Locos del Humor,Natalia Cuevas,0.03831633454457739
"Carlos ""El Mono"" Sánchez",Profesor Salomón y Tutu-Tutu,0.03825491372464725
Gigi Martin,Jorge Romero,0.03801143530773852
Jorge Romero,Rodrigo González,0.03783711700695469
Gigi Martin,Natalia Valdebenito,0.03783074269076557
Gilberto Gless,Nancho Parra,0.03769833727477481
"Juan Luis ""Jajá"" Calderón",Memo Bunke y Natalia Cuevas,0.037606072445543474
Jorge Romero,Los Atletas de la Risa,0.037586414457500016
"Daniel Muñoz ""El Carmelo""",Hermógenes Conache,0.03748416357409802
Carlos García,Natalia Valdebenito,0.03730547581381288
Alison Mandel,Jappening con ja,0.03668525103675005
Juan Pablo López,Profesor Salomón y Tutu-Tutu,0.036579792100998945
"Daniel Muñoz ""El Carmelo""","Daniela ""Chiqui"" Aguayo",0.03644273058533397
Gilberto Gless,Melón y Melame,0.03602442378844673
George Harris,Jappening con ja,0.03602022329363879
Memo Bunke y Natalia Cuevas,Ricardo Meruane,0.0359006395746074
"Carlos ""El Mono"" Sánchez","Daniel Muñoz ""El Carmelo""",0.03585639981852759
Ernesto Belloni,Jorge Romero,0.03536237248289787
Jenny Cavallo,Ricardo Meruane,0.03531321691391933
George Harris,Ruperto,0.03517790569588979
Jappening con ja,Los Atletas de la Risa,0.035146886538710786
Felo,León Murillo,0.03510868935379647
Los Atletas de la Risa,Lucho Navarro,0.035068105995958936
Jenny Cavallo,Memo Bunke,0.035008411582276334
"Juan Luis ""Jajá"" Calderón",Julio Sabala,0.03470967006043774
Belén Mora,Carlos García,0.03467795200865625
El Pampero,Felipe Avello,0.03462008536034457
Edmundo Arrocet,Huaso Filomeno,0.03431138416657983
Huaso Filomeno,Ruperto,0.03406854505190649
Hermógenes Conache,Profesor Salomón y Tutu-Tutu,0.03387887275368944
Huaso Filomeno,Profesor Salomón y Tutu-Tutu,0.03291689313686367
Alex Ortiz,Edmundo Arrocet,0.03285223904225813
Fusión Humor,Jenny Cavallo,0.03275181881192397
Felipe Avello,Piña Colada,0.03256091714576964
Alejandra Azcárate,Payahop,0.03250255318235035
Piña Colada,Ricardo Meruane,0.03247594439880014
Gilberto Gless,Álvaro Salas,0.0322343057324523
Jappening con ja,Jorge Alís,0.03197822808739839
"Daniela ""Chiqui"" Aguayo",Profesor Salomón y Tutu-Tutu,0.03167849380506104
Profesor Salomón y Tutu-Tutu,Zip-Zup,0.03165115887736922
Profesor Salomón y Tutu-Tutu,Rodrigo González,0.03138601174747904
Hugo Goodman,Los Atletas de la Risa,0.03135376838581352
Edo Caroe,Gilberto Gless,0.031095562858183882
León Murillo,Memo Bunke y Natalia Cuevas,0.030959721308584928
Diego Urrutia,Jappening con ja,0.030889047717393592
Jenny Cavallo,Jorge Romero,0.03086114225242886
Carlos García,Jenny Cavallo,0.030760498110437098
Hermógenes Conache,Jorge Romero,0.03039812933518441
Edmundo Arrocet,León Murillo,0.029664290690575374
Hugo Varela,León Murillo,0.0295701633040352
Fusión Humor,Gilberto Gless,0.029505935789972664
George Harris,Javiera Contador,0.029350036161456847
Gilberto Gless,Mauricio Palma,0.02896439156829733
Jenny Cavallo,Profesor Salomón y Tutu-Tutu,0.02829566589565497
Alejandra Azcárate,Los Acetatos,0.02823627576010928
Centella,Jappening con ja,0.028144985824817555
"Jorge ""Chino"" Navarrete",Profesor Salomón y Tutu-Tutu,0.028141322106613464
Jappening con ja,"Juan Luis ""Jajá"" Calderón",0.027622409500842156
Natalia Valdebenito,Profesor Salomón y Tutu-Tutu,0.027617971206030337
Jorge Alís,Julio Sabala,0.027614136496114033
George Harris,Jenny Cavallo,0.027528750463043122
Los Acetatos,Los Atletas de la Risa,0.02730587463857389
Millenium Show,Zip-Zup,0.027155303229594842
Alejandra Azcárate,Profesor Salomón y Tutu-Tutu,0.02695194613853528
Natalia Valdebenito,Payahop,0.026766678502639637
Jorge Alís,Profesor Salomón y Tutu-Tutu,0.02658480277922964
Belén Mora,Piña Colada,0.026365052706621872
Belén Mora,Mauricio Palma,0.026214618535078164
Arturo Ruiz-Tagle,Gilberto Gless,0.025895919582936737
Luis Slimming,Natalia Cuevas,0.025588532424196977
Alex Ortiz,Ruperto,0.025341971006235014
Edmundo Arrocet,Natalia Valdebenito,0.025112691236634496
Luis Slimming,Ruperto,0.02505026405285098
"Daniel Muñoz ""El Carmelo""",Huaso Filomeno,0.0249202413246792
Los Acetatos,Óscar Gangas,0.024703364582086263
Belén Mora,Memo Bunke,0.024351799632988242
"Daniela ""Chiqui"" Aguayo",Ruperto,0.023898782243031352
Edmundo Arrocet,Jenny Cavallo,0.02377151453129916
Belén Mora,Los Atletas de la Risa,0.02368096563959239
León Murillo,Ruperto,0.023509431666165672
"Juan Luis ""Jajá"" Calderón",Profesor Salomón y Tutu-Tutu,0.023333017706025007
Felipe Avello,Los Atletas de la Risa,0.023245109005028953
Los Acetatos,Natalia Valdebenito,0.023036435127434713
Natalia Cuevas,Sergio Freire,0.02303222418712162
Alejandra Azcárate,Gigi Martin,0.022857705504155112
Gigi Martin,Profesor Salomón y Tutu-Tutu,0.02262922495292024
Alejandra Azcárate,Edmundo Arrocet,0.02260106548733741
"Daniel Muñoz ""El Carmelo""",Natalia Valdebenito,0.022340937521995636
Alex Ortiz,Profesor Salomón y Tutu-Tutu,0.022033435211423747
El Pampero,Nancho Parra,0.021812855217211016
Dino Gordillo,Julio Sabala,0.021782175451977193
Coco Legrand,Jorge Romero,0.02153362403139716
Los Atletas de la Risa,Natalia Cuevas,0.02140008053435146
Jenny Cavallo,Payahop,0.021142111350818817
Alejandra Azcárate,George Harris,0.020668031145421525
Jani Dueñas,Jappening con ja,0.020646686463049485
Alejandra Azcárate,Ruperto,0.020399274430502604
Alejandra Azcárate,Jappening con ja,0.0201791084666333
Gilberto Gless,Los Locos del Humor,0.019837933967204766
Jappening con ja,Rodrigo González,0.019762450200790274
"Daniel Muñoz ""El Carmelo""",Jenny Cavallo,0.019352990183189703
Lucho Miranda,Profesor Salomón y Tutu-Tutu,0.019047452744089206
Alison Mandel,"Daniel Muñoz ""El Carmelo""",0.018939131797068427
León Murillo,Profesor Salomón y Tutu-Tutu,0.0188495035585622
Alejandra Azcárate,Ricardo Meruane,0.01849915590872136
Centella,Piña Colada,0.018086331742457613
Piña Colada,Zip-Zup,0.01781428976176075
Centella,Los Acetatos,0.0167860404452226
Huaso Filomeno,Natalia Cuevas,0.016579458484118566
Belén Mora,Payahop,0.016545494052414803
Los Atletas de la Risa,Profesor Salomón y Tutu-Tutu,0.016517027025327907
Gilberto Gless,Paulo Iglesias,0.016344419502513568
"Daniela ""Chiqui"" Aguayo",Gilberto Gless,0.01623506301662022
Alison Mandel,Profesor Salomón y Tutu-Tutu,0.016211387060376347
Belén Mora,Felo,0.016129578472431183
Jorge Romero,Óscar Gangas,0.016123347699099226
Jappening con ja,Zip-Zup,0.015977362343996392
Alejandra Azcárate,"Daniel Muñoz ""El Carmelo""",0.015623298401263652
Gilberto Gless,Juan Pablo López,0.015570411716660838
Centella,"Daniel Muñoz ""El Carmelo""",0.015350637609358881
León Murillo,Natalia Cuevas,0.01492708498528921
Gilberto Gless,"Jorge ""Chino"" Navarrete",0.014808515602677583
Alex Ortiz,Julio Sabala,0.014706008692224366
Natalia Cuevas,Paulo Iglesias,0.014494760950341384
Jorge Alís,Los Acetatos,0.014266036086223703
Rudy Rey,Zip-Zup,0.014181609630800928
"Juan Luis ""Jajá"" Calderón",Ruperto,0.014021165923371395
Centella,Profesor Salomón y Tutu-Tutu,0.01399834631643462
Alex Ortiz,Gilberto Gless,0.013520712185550565
Julio Sabala,Zip-Zup,0.013402547297115895
"Daniel Muñoz ""El Carmelo""",Jorge Alís,0.013175227961479475
Gilberto Gless,Jenny Cavallo,0.013082573952333964
Alejandra Azcárate,Julio Sabala,0.012810303326681241
Gilberto Gless,Sergio Freire,0.012798960466117802
Gilberto Gless,Hermógenes Conache,0.012608295606995456
Coco Legrand,Gilberto Gless,0.012439229330729322
Natalia Cuevas,Zip-Zup,0.012325179490301463
Alex Ortiz,"Daniel Muñoz ""El Carmelo""",0.012169930011154875
Gilberto Gless,"Paul Vásquez ""El Flaco""",0.012105717535937102
Los Atletas de la Risa,Memo Bunke,0.011656422390343224
Belén Mora,Jappening con ja,0.011579751520171875
Jenny Cavallo,Los Acetatos,0.01142971343440681
Gilberto Gless,Natalia Valdebenito,0.01141421677290534
Gilberto Gless,Rodrigo González,0.011004428030631818
Los Atletas de la Risa,Rudy Rey,0.010867887321664063
"Daniel Muñoz ""El Carmelo""",Lucho Miranda,0.010704189932661166
Alex Ortiz,Natalia Cuevas,0.010512833503910935
Belén Mora,Rudy Rey,0.010488028125616462
"Carlos ""El Mono"" Sánchez",Gilberto Gless,0.010349766922688616
Jappening con ja,Jenny Cavallo,0.010127925517275045
"Daniel Muñoz ""El Carmelo""",Luis Slimming,0.01009171412793326
Jorge Romero,Zip-Zup,0.00990175372863293
Bastián Paz,Gilberto Gless,0.009720136798197252
Gilberto Gless,Lucho Miranda,0.009696749162070419
"Daniel Muñoz ""El Carmelo""",León Murillo,0.009677006970069953
"Daniel Muñoz ""El Carmelo""","Juan Luis ""Jajá"" Calderón",0.009178649236858148
Gilberto Gless,Luis Slimming,0.009081878429111408
"Juan Luis ""Jajá"" Calderón",Natalia Cuevas,0.00907828481421951
Belén Mora,Jorge Romero,0.008524298175071785
Jenny Cavallo,Rudy Rey,0.008236018231674622
Profesor Salomón y Tutu-Tutu,Ricardo Meruane,0.008020051222829129
Jorge Romero,"Paul Vásquez ""El Flaco""",0.007578823765500255
Belén Mora,El Pampero,0.007097993386065355
Natalia Valdebenito,Rudy Rey,0.006919034432309688
Alejandra Azcárate,Rudy Rey,0.006783915784417688
Jorge Romero,Natalia Valdebenito,0.006575015030270705
Natalia Valdebenito,Ruperto,0.006470085348979147
Gilberto Gless,Huaso Filomeno,0.006454474175744394
Gilberto Gless,Óscar Gangas,0.005437844178753638
Gilberto Gless,"Juan Luis ""Jajá"" Calderón",0.005176920494772008
Julio Sabala,Los Atletas de la Risa,0.004610649392511898
Los Atletas de la Risa,Piña Colada,0.00402913703290883
Gilberto Gless,Los Atletas de la Risa,0.0038470923832583446
Alejandra Azcárate,Gilberto Gless,0.0036554377454011593
Jenny Cavallo,Ruperto,0.0036200153982030446
Belén Mora,Profesor Salomón y Tutu-Tutu,0.0030513137894125015
Los Acetatos,Zip-Zup,0.00240932784967675
Gilberto Gless,León Murillo,0.002100551516524588
Jappening con ja,Natalia Valdebenito,0.0020335919947226514
Belén Mora,Gilberto Gless,0.0018683196049153925
Gilberto Gless,Zip-Zup,0.0015516703129102383
Alejandra Azcárate,Jorge Romero,0.0
