show,Alejandra Azcárate,Alex Ortiz,Alison Mandel,Arturo Ruiz-Tagle,Bastián Paz,Belén Mora,Bombo Fica,"Carlos ""El Mono"" Sánchez",Carlos García,Centella,Coco Legrand,"Daniel Muñoz ""El Carmelo""","Daniela ""Chiqui"" Aguayo",Diego Urrutia,Dinamita Show,Dino Gordillo,Edmundo Arrocet,Edo Caroe,El Pampero,Ernesto Belloni,Fabrizio Copano,Felipe Avello,Felo,Fusión Humor,George Harris,Gigi Martin,Gilberto Gless,Gloria Benavides,Hermógenes Conache,Huaso Filomeno,Hugo Goodman,Hugo Varela,Jani Dueñas,Jappening con ja,Javiera Contador,Jenny Cavallo,"Jorge ""Chino"" Navarrete",Jorge Alís,Jorge Romero,"Juan Luis ""Jajá"" Calderón",Juan Pablo López,Julio Sabala,León Murillo,Los Acetatos,Los Atletas de la Risa,Los Indolatinos,Los Locos del Humor,Lucho Miranda,Lucho Navarro,Luis Slimming,Mauricio Palma,Melón y Melame,Memo Bunke,Memo Bunke y Natalia Cuevas,Millenium Show,Nancho Parra,Natalia Cuevas,Natalia Valdebenito,Palta Meléndez,Pamela Leiva,"Paul Vásquez ""El Flaco""",Paulo Iglesias,Payahop,Pedro Ruminot,Piña Colada,Profesor Salomón y Tutu-Tutu,Pujillay,Ricardo Meruane,Rodrigo González,Rodrigo Villegas,Rudy Rey,Ruperto,Sandy,Sergio Freire,Stefan Kramer,Zip-Zup,Álvaro Salas,Óscar Gangas
Alejandra Azcárate,1.0,0.06656199917585241,0.584908903122872,0.08370666134248801,0.14396705652405456,0.42750611847559483,0.2163273304437367,0.603419858648524,0.050076111556634786,0.19416838138555684,0.36137045548312685,0.015623298401263652,0.642379992537181,0.2128804475055878,0.3120235918392903,0.2934519713249016,0.02260106548733741,0.3864884698073713,0.08173919235968166,0.25617554045892404,0.21813109338896008,0.13240726775494938,0.14767964961802732,0.06451235817140995,0.020668031145421525,0.022857705504155112,0.0036554377454011593,0.1039673590323666,0.12908523509411252,0.20953106782096112,0.09982723810166098,0.27216357566551563,0.5234333077028989,0.0201791084666333,0.2760924551505432,0.6156526572998354,0.11984260931215898,0.2363002157065686,0.0,0.09426992927093508,0.20383866546003981,0.012810303326681241,0.23159891949850095,0.02823627576010928,0.1390585343174301,0.3846947110906801,0.22369812164963981,0.1322131071141888,0.2553830928133689,0.19215013906868234,0.14295269615926592,0.16460476119788622,0.17854343568874934,0.09521768321442774,0.04800044963237415,0.0917359785283905,0.04260909648304047,0.5863393299709047,0.14550605073922188,0.3220187019297463,0.14835809897016247,0.31217318037565756,0.03250255318235035,0.13609560230223702,0.10354793157719261,0.02695194613853528,0.12941789122912178,0.01849915590872136,0.3028614369903973,0.09430769461645735,0.006783915784417688,0.020399274430502604,0.14391409194362512,0.1742642305512565,0.18037218919964756,0.29811604694844657,0.27734083270520354,0.2453307769754285
Alex Ortiz,0.06656199917585241,1.0000000000000002,0.19443730134240267,0.09939470088195365,0.2402072025348654,0.3814622783806206,0.2628039125417028,0.10469249236865887,0.11718954125793367,0.26184429080438126,0.14192647176157347,0.012169930011154875,0.5609501264941238,0.31729270019474376,0.15751379008092187,0.5883707543349649,0.03285223904225813,0.2135950156273127,0.20593028672170127,0.09369103882830934,0.3492255557585794,0.13671178461725494,0.10348911609093908,0.07208938378882403,0.15556421484573463,0.12654830312139906,0.013520712185550565,0.1549840287078256,0.0408905176006468,0.30726189986182595,0.07433008419411467,0.18887709377003067,0.04938916951391,0.07534056687207247,0.5605425503116559,0.10123829648398074,0.17405376894081923,0.14689990611454878,0.17357499256020575,0.6209216265495533,0.5837162678349321,0.014706008692224366,0.14791265858514674,0.07977016574106263,0.1654169778895655,0.27993393517241344,0.3669063033629818,0.5403959124504667,0.17134451707533205,0.5369340653992285,0.12405780591472436,0.21755086297329512,0.07093851120351446,0.04354615785017859,0.19760553010711057,0.14807873194527266,0.010512833503910935,0.0450668242015784,0.35654461216683686,0.22469204819813426,0.2509606381490436,0.16672468820833755,0.0506081229392076,0.13059216605487384,0.12807394596665964,0.022033435211423747,0.32646890705882925,0.08869167338379672,0.31286989291201855,0.28231356556770304,0.1407329849299241,0.025341971006235014,0.26466521308493635,0.18098413241179187,0.14399745993888302,0.0920086000583552,0.08403967138171661,0.1233145193973067
Alison Mandel,0.584908903122872,0.19443730134240267,1.0,0.17366009764544996,0.23647488317908189,0.4275858853000643,0.2900126303678265,0.3646712840339492,0.08132655849731404,0.31289622852017274,0.31272647219305905,0.018939131797068427,0.6575139856359006,0.29020848995323206,0.3549478740888639,0.27981776717325946,0.14232617953429472,0.37200783716097174,0.14871202792833715,0.1917738375887585,0.1597426429099839,0.18594252443407228,0.15592087322923995,0.1900881631444499,0.07435564033203616,0.04866992859953697,0.04248605948807193,0.3079836315223377,0.24219843129916174,0.2567641717225875,0.29830599330267926,0.21070234043888278,0.5020946227208131,0.03668525103675005,0.5554684004483164,0.6653693152161899,0.33365975488942984,0.16899165035330413,0.060382357697016935,0.11925071159587315,0.2798524564660881,0.21836680201053496,0.15734871859990898,0.06342239375826765,0.09303337537383306,0.3827339355383583,0.23239766778153215,0.3421246141832885,0.14696479455092828,0.28728846090708277,0.12535954190082912,0.1483379415364372,0.15687120286126624,0.674068229271016,0.062426273314656694,0.18734143342654438,0.6420845262475672,0.7775203379887955,0.1219246182778115,0.5994733901626447,0.3198265351788594,0.2394222842904829,0.05034141016851129,0.21417539069615701,0.15752263329090266,0.016211387060376347,0.22115299186935453,0.11948843395675333,0.3715231473812097,0.24445229741409089,0.05277692582997391,0.03854482553448555,0.18091990996477417,0.1624351022463415,0.3634969841235778,0.19216581604261967,0.23603805572845526,0.31055042709751335
Arturo Ruiz-Tagle,0.08370666134248801,0.09939470088195365,0.17366009764544996,1.0000000000000002,0.4902899060433701,0.23409661729288475,0.5657541606697984,0.3614939916103755,0.15547914818734707,0.31102888738519774,0.41067082568729596,0.3380408161958036,0.26427690396783726,0.2257883150649171,0.6700237572190726,0.36479027721479285,0.1929474442928297,0.3357102843881706,0.10450119938427578,0.18304401552066696,0.43802814592945694,0.26674662137611654,0.25378105050687383,0.5315231636768324,0.08066280952886512,0.5527715582688578,0.025895919582936737,0.1819864496599741,0.38896149323400026,0.31093239590135396,0.36611799403014883,0.1877444325426228,0.3695152456840634,0.23295610204900385,0.3283766844135229,0.1374374380665723,0.538161391039154,0.27117057468600186,0.11025100163158642,0.1892440511412129,0.44165754405041224,0.27647019465029626,0.19040253490772452,0.4170815320419379,0.0956312157738151,0.3774889241697236,0.17338205799834475,0.3039884909624762,0.18292018090099296,0.3305363983359217,0.23497296179475774,0.6088054613056263,0.43713927336330666,0.055273024653905795,0.522002630288579,0.2942934570765504,0.10399059812951589,0.14721459861472413,0.43098467646944055,0.3005888696242048,0.5300817309767502,0.230726609847963,0.13857322373461822,0.5146924505478302,0.2140016363864473,0.11095075678079905,0.24223148574328024,0.31394715146726615,0.41827844659551744,0.5186858303823921,0.17419707112569707,0.47889999656517745,0.3490882413476987,0.38839274776530025,0.4304184783289705,0.20413497741170553,0.47486399967371484,0.33594560779471905
Bastián Paz,0.14396705652405456,0.2402072025348654,0.23647488317908189,0.4902899060433701,1.0,0.2464280184684437,0.4311795077285,0.24688604569740727,0.3142419631629262,0.28653757029087856,0.3706950827198139,0.186510227695634,0.4016136889261904,0.3936366923926817,0.5380465609625578,0.4751968034804532,0.1667414594928236,0.2675017443935321,0.43756546882740555,0.18550634476074251,0.32109213205214815,0.22728279687028666,0.09199150556895772,0.46630096375513364,0.09276791870149442,0.1845771678640396,0.009720136798197252,0.2994266771151741,0.21519016967961616,0.25492139647376916,0.234119254445415,0.19289262256509077,0.49596675894904335,0.31173809740257075,0.3118682433923215,0.31016594703461225,0.39588636470292354,0.2551023312199439,0.12458725297677806,0.16570989491214197,0.24656749425869748,0.05278080244130378,0.375836944686898,0.23800417060178322,0.2088384126666014,0.38062235406019046,0.3059371813393383,0.31804145353460067,0.28618092084160995,0.24018591844018108,0.28011464232255445,0.4512182003407434,0.07860969966880535,0.05360727338500516,0.45617667528689254,0.24743518912924747,0.1613074593675082,0.17233396635968612,0.4642904725576173,0.33579708576577727,0.4154001614491284,0.12798226890989214,0.1789666631251252,0.22118061871490757,0.04239037504493164,0.03990865739890775,0.22930682040345718,0.25417231218988967,0.37213369690144016,0.42866700896937554,0.1117035822459542,0.576672504942965,0.42379260894893556,0.22368000119420953,0.314044894338004,0.2863023416775407,0.21674401770182528,0.3956938152083259
Belén Mora,0.42750611847559483,0.3814622783806206,0.4275858853000643,0.23409661729288475,0.2464280184684437,1.0000000000000002,0.3747099850668629,0.08132755876320082,0.03467795200865625,0.1848971135707854,0.09410316637657212,0.06299817794226183,0.6707092687373033,0.11990180463424611,0.19493494856535995,0.32386722627939285,0.04267633522872641,0.5592731853790955,0.007097993386065355,0.2595779978647412,0.12938133733822713,0.187371588808652,0.016129578472431183,0.1288103549583472,0.1176102747416036,0.07870661747983299,0.0018683196049153925,0.07079336315521202,0.06874759910529821,0.08565720348697105,0.17014566227218725,0.1164540193648923,0.3323718433112201,0.011579751520171875,0.47770842065491886,0.35797001110913623,0.12055713257020562,0.12848926693451654,0.008524298175071785,0.08899308993688908,0.14724098269843336,0.04402642219886618,0.09110366866866021,0.07741804503553922,0.02368096563959239,0.16827495090443137,0.28053825484270833,0.1288077323452583,0.2044472779010166,0.13113180290844148,0.026214618535078164,0.21860073611001316,0.024351799632988242,0.14273951084315137,0.12139499610551689,0.07851047673527743,0.13964535603412642,0.20543647576195592,0.07019293830283826,0.39086487874109244,0.25046706446482714,0.15100375507072397,0.016545494052414803,0.3461022928824449,0.026365052706621872,0.0030513137894125015,0.354108043708453,0.05596060504081113,0.34026814048246906,0.13873907482779627,0.010488028125616462,0.06551007934068605,0.1622845463162625,0.2839934224029036,0.1362834787345381,0.10363680631968429,0.18800517360299107,0.08630402191876622
Bombo Fica,0.2163273304437367,0.2628039125417028,0.2900126303678265,0.5657541606697984,0.4311795077285,0.3747099850668629,1.0,0.28536434872726896,0.333058935509873,0.3327771137417665,0.40699906809278014,0.08456949036114697,0.4069888328108992,0.2044905450399184,0.5776271945666379,0.37567931949101613,0.22358910007342037,0.35930281882240817,0.14530642880753306,0.3918310094171857,0.45110362417418065,0.7413842672001574,0.33386962760181527,0.33326128728639787,0.1582345477726519,0.27345481751885153,0.15454177766263977,0.37902379820479865,0.36106426979016776,0.3692267525713445,0.29648076623826297,0.23301235444496793,0.2272337005695795,0.2661293435339925,0.19505603611249514,0.1767224906352974,0.24048893628499485,0.5190298669657896,0.05793161487132511,0.2601120168917316,0.5550966228846486,0.19066160130118967,0.2375873444100954,0.1384318956169739,0.06726997655103674,0.4745390725792381,0.3380868275644067,0.24433323914344815,0.1661123770994612,0.28828724402381417,0.3266088914860519,0.34961022282734017,0.3641452493618314,0.12026087289694368,0.21628266465832224,0.6457763866882026,0.14533167146308773,0.22324898273325713,0.468159897902347,0.36744538823444856,0.48898821815635385,0.4489949155644003,0.24160238309412674,0.6406006053263955,0.2085014313963679,0.0729881258116706,0.5397426488691819,0.28632501338802757,0.49618047951566374,0.4556489288109587,0.12270459913192226,0.2768852965952344,0.24166280117146213,0.5292382636320757,0.41873049311877086,0.3137926040257459,0.5413470954822506,0.6464983222265597
"Carlos ""El Mono"" Sánchez",0.603419858648524,0.10469249236865887,0.3646712840339492,0.3614939916103755,0.24688604569740727,0.08132755876320082,0.28536434872726896,1.0,0.10956922293561576,0.11491155763042814,0.4049107960378773,0.03585639981852759,0.3633242156341411,0.3332610778368265,0.39316476247095555,0.4551363872096382,0.04061275791256988,0.07059860854378239,0.3237108236576923,0.35918128569822666,0.385985274364524,0.12470194686288927,0.35384306322467773,0.09018600043438034,0.10132632604073208,0.5126074165063059,0.010349766922688616,0.2128258354839018,0.1679152508217497,0.4362767431408534,0.06120611948256572,0.3336499925074952,0.2835623400049081,0.12928804332807228,0.258256572552062,0.5303972955571589,0.20008374933914097,0.2607139934420956,0.09347659822871673,0.13060836547125892,0.26835272100577234,0.2511572046419029,0.3122254847912126,0.12496977423467687,0.21872239538348667,0.39338496875795087,0.3733215005136592,0.200436499165532,0.34780096961281715,0.2825608331653707,0.16975286377189763,0.5327083357875886,0.3980318099992598,0.0843728261482935,0.23028896031466284,0.12344431328393403,0.04264581046781966,0.42787607882876544,0.20918602550135856,0.20604566627368706,0.2832889738080789,0.38218350929783645,0.07231127176294168,0.1445810111921549,0.3171113568601261,0.03825491372464725,0.17793784887864803,0.053713413304651965,0.4200025583743506,0.3581098469524263,0.11491153110616792,0.1811210474345549,0.2938483442649864,0.2523268957273181,0.15693583284003648,0.42424527030752446,0.3418600730781609,0.29917956143503893
Carlos García,0.050076111556634786,0.11718954125793367,0.08132655849731404,0.15547914818734707,0.3142419631629262,0.03467795200865625,0.333058935509873,0.10956922293561576,1.0000000000000002,0.09901649281648695,0.2496618766901243,0.7017501994967801,0.06469349502812448,0.4993544548072083,0.3405534166595161,0.2330710054662639,0.6769294236637796,0.1793049710568597,0.30475222166656746,0.25907635582085364,0.4092073941354777,0.3303267787314379,0.673201823603568,0.3262679273939691,0.16551934148248276,0.236759867286294,0.5660764599655765,0.6459748670404547,0.08873853275139962,0.2201667909102393,0.3909219187974906,0.5046132725098906,0.3082069834523742,0.3490515533818694,0.17212545089913964,0.030760498110437098,0.08941134009062138,0.1321711657275245,0.6131322755983504,0.2528105970426546,0.15199781320287348,0.6716815419350645,0.2540621617382327,0.5533006403154942,0.1734775694370912,0.4988072051070196,0.35352593865662846,0.08455060420536976,0.5549213276103558,0.11430515141948415,0.3687830949885255,0.3108156055426023,0.26601890495079616,0.37077561935576786,0.2833567655320205,0.3250013468748091,0.29874970215643243,0.03730547581381288,0.18488265404873838,0.29870548344914327,0.1479971050080923,0.1986428578646607,0.6811254688623026,0.22113539466970372,0.3196860389167269,0.7063104865258104,0.3477468850084431,0.2151780475616315,0.17161884466009722,0.4814660547340145,0.6592089616879968,0.3602678611639861,0.3691929317808637,0.18265205424671183,0.3616629017812502,0.19002363168930958,0.1419331940238589,0.2764188767030986
Centella,0.19416838138555684,0.26184429080438126,0.31289622852017274,0.31102888738519774,0.28653757029087856,0.1848971135707854,0.3327771137417665,0.11491155763042814,0.09901649281648695,1.0000000000000002,0.45242846856071195,0.015350637609358881,0.3455417416262739,0.34612700697516435,0.40572004823995983,0.4025392408281405,0.3377063779673446,0.4480278833351336,0.06656479774036497,0.4218860064904682,0.26548069889326453,0.24762117546168735,0.3722582359417856,0.39001292390048176,0.13827269299253997,0.20730922658832074,0.11917256006460625,0.173159229856014,0.5501732370729912,0.1322376225545553,0.35600539345947296,0.15276943500586307,0.27197594133489217,0.028144985824817555,0.43679660264921316,0.23057559185343787,0.5114333107924481,0.33601184547260454,0.07825801095112803,0.22800241820700815,0.6132069477314241,0.04039821710293086,0.2563491497034416,0.0167860404452226,0.17015289411151271,0.377692791059434,0.1920879893834831,0.541186056987831,0.1461728674619603,0.2606350649351637,0.24955164675090136,0.16725082679233477,0.11060929897114609,0.05346717093418149,0.06248568267094371,0.1898714670355925,0.28226739527823563,0.17126983054166742,0.42342754361482277,0.42081562306963366,0.36246171287768836,0.2413857746474812,0.40484985617858166,0.22284547741070937,0.018086331742457613,0.01399834631643462,0.09194388826127402,0.5718753253492852,0.2903862991012213,0.3487799848589447,0.0735020797934638,0.04997130123666309,0.5364414496447173,0.17802665199529713,0.6356580101415191,0.33891304815393336,0.29638741651871836,0.3807721412769818
Coco Legrand,0.36137045548312685,0.14192647176157347,0.31272647219305905,0.41067082568729596,0.3706950827198139,0.09410316637657212,0.40699906809278014,0.4049107960378773,0.2496618766901243,0.45242846856071195,1.0,0.08325137552961771,0.2558883812524916,0.3718460967685195,0.3984416687848399,0.5545871752076589,0.14319053794940234,0.4980640728192283,0.28319667317740665,0.238827299309669,0.5162495642365809,0.13205495407315296,0.2503777730022834,0.409638883059056,0.21035809001547867,0.13983255290638327,0.012439229330729322,0.13916836848087577,0.518728031330983,0.38046852782958124,0.23651762470298698,0.4190056074885819,0.41496939895570684,0.041084851205503634,0.14512789740326593,0.45280347506014834,0.4312263664224468,0.3043420959202052,0.02153362403139716,0.5957218247698113,0.6676839677340205,0.06556270105260582,0.5786973831270843,0.09674545518927836,0.5120478540121354,0.5724528976628266,0.5296310320871195,0.31415209006991457,0.11268554098692284,0.4254419557413238,0.36797651023691497,0.2039598189614689,0.1888829816126391,0.08723805835145895,0.16096008282782065,0.13821238539070616,0.05494695145885592,0.510215136094504,0.5395205872772987,0.5262480808560663,0.43043972915563605,0.4362386512435592,0.11373243479311089,0.44871116550758683,0.08600620353564668,0.0526802705366546,0.24540745442708237,0.5925634549438763,0.4585558533773405,0.39320939946671934,0.12087700583035656,0.06404586304351605,0.43684518153965873,0.5421841581383335,0.5123593650761833,0.5431083033584504,0.5323870214114251,0.5364493139453848
"Daniel Muñoz ""El Carmelo""",0.015623298401263652,0.012169930011154875,0.018939131797068427,0.3380408161958036,0.186510227695634,0.06299817794226183,0.08456949036114697,0.03585639981852759,0.7017501994967801,0.015350637609358881,0.08325137552961771,1.0,0.03644273058533397,0.34159277052099796,0.2912458342775952,0.18651002663849817,0.5767064256740123,0.04112859244821327,0.16751034294152536,0.0769745734363917,0.3871521195394406,0.09001017804126855,0.6629219037628346,0.3065272741715211,0.09388218115451442,0.22715355860247702,0.38319206392051636,0.3597046608411525,0.03748416357409802,0.0249202413246792,0.31705793181033093,0.4552668835426858,0.46889416182975485,0.09477233312154865,0.1021469534480167,0.019352990183189703,0.20406705875348835,0.013175227961479475,0.7692291068679035,0.009178649236858148,0.03939880727074634,0.651027238334537,0.009677006970069953,0.7074186628439931,0.046797466789545564,0.2516073077416076,0.10668990853915342,0.010704189932661166,0.5581443394220368,0.01009171412793326,0.1124831130403731,0.18786946950289324,0.0880582720122393,0.3312081990761706,0.4302786245716212,0.13850999466466754,0.17974406789242806,0.022340937521995636,0.0764716026193111,0.12128733869249678,0.06701817455439082,0.058562900504086766,0.5538725240413853,0.14233395473918764,0.1042819972199455,0.8634680446250058,0.31848514326729965,0.04430844931311198,0.04665158710029319,0.44187846710318257,0.6803078172598033,0.452465596263819,0.2517269449579074,0.08120316598033302,0.23827400362619808,0.06908113282463291,0.15307613576637422,0.04191663533622474
"Daniela ""Chiqui"" Aguayo",0.642379992537181,0.5609501264941238,0.6575139856359006,0.26427690396783726,0.4016136889261904,0.6707092687373033,0.4069888328108992,0.3633242156341411,0.06469349502812448,0.3455417416262739,0.2558883812524916,0.03644273058533397,0.9999999999999999,0.2730211919262213,0.3335574260116972,0.41711607049657956,0.0820049609668657,0.4595047147817182,0.17998362183029482,0.2459716210784549,0.31561435289359063,0.13246508473383203,0.05043041922041049,0.18812315717311762,0.21353384302192874,0.0836949027102007,0.01623506301662022,0.1246300662160803,0.22559985610945413,0.29301253107731723,0.21825791233816275,0.10210735673582541,0.49000114743119744,0.042863786512231314,0.5992110231228335,0.5118995900572488,0.2979996925743275,0.3238845134599392,0.14298987158021023,0.27522420317332585,0.4077740373710422,0.10515036188929507,0.321453088108741,0.05589610793275338,0.1486514809684912,0.41310521935503497,0.29743621919010893,0.3727116641881475,0.2501445574568213,0.3842578088197309,0.17646803764968097,0.22373394503448835,0.18673850174184856,0.1991451374151597,0.11187272855046332,0.07728898914488343,0.21058355061295606,0.48378757038059483,0.4076515828838924,0.38735110075837154,0.34856796842994603,0.3239267847399332,0.0653223459172848,0.3224086104865705,0.11829606966528997,0.03167849380506104,0.3766073683733362,0.16525498601510108,0.5313684668331642,0.35129632761119695,0.05258883398406544,0.023898782243031352,0.22908738329388614,0.2598250401231151,0.17367123241982585,0.2055008067856222,0.17926413449707088,0.1286277116174976
Diego Urrutia,0.2128804475055878,0.31729270019474376,0.29020848995323206,0.2257883150649171,0.3936366923926817,0.11990180463424611,0.2044905450399184,0.3332610778368265,0.4993544548072083,0.34612700697516435,0.3718460967685195,0.34159277052099796,0.2730211919262213,1.0000000000000004,0.36974667592139887,0.5476052742582025,0.35762690054763074,0.25181239066173844,0.5586538448379685,0.21593382323437163,0.5098499868977212,0.11211012230018311,0.3961873425300942,0.5368220610631463,0.0777081548188805,0.07940257154923423,0.08017035848272326,0.2167780444750368,0.27880920393161546,0.5393244889209882,0.37681771917811546,0.40006840376195085,0.2532495052010656,0.030889047717393592,0.40051648858354866,0.2712133932333473,0.3699493001187348,0.2622205877090443,0.4250357818915021,0.273049849161983,0.41114686323833016,0.24199854039989716,0.1547570363782426,0.1793782583405079,0.2280423196422094,0.2939017783629869,0.5224482034294999,0.5441045553030572,0.3736086772741346,0.33200522165361424,0.6348133826178942,0.38294902620953897,0.05979304241746814,0.1701570700879119,0.15268132220440267,0.0619543793688191,0.11713271035292376,0.14851956067743338,0.23016086651734552,0.4296312679361025,0.24395947170008858,0.21290080813936438,0.5040193743412856,0.26905897414074736,0.08795631810317693,0.3557150514200932,0.3106193590712423,0.19462276986643745,0.5458811227011339,0.45362301641721,0.3176055558353241,0.14489571486144526,0.42428665611347127,0.3339594080838489,0.5742579193325653,0.49793675216989997,0.31285535824476657,0.5048632819460245
Dinamita Show,0.3120235918392903,0.15751379008092187,0.3549478740888639,0.6700237572190726,0.5380465609625578,0.19493494856535995,0.5776271945666379,0.39316476247095555,0.3405534166595161,0.40572004823995983,0.3984416687848399,0.2912458342775952,0.3335574260116972,0.36974667592139887,0.9999999999999999,0.506328897163359,0.2598412123635158,0.3158064233755716,0.19084118002923312,0.43650015176694124,0.2446924150767596,0.5627844765809353,0.26514328564443435,0.6352888911907056,0.11784840224948175,0.45426563157978883,0.05138582674344637,0.2776198540890316,0.3913047494089262,0.29360798912295316,0.41777730499134924,0.22266056131631629,0.2902342364643326,0.23253197296859568,0.2557419346661481,0.12928951774263048,0.5800040195948157,0.3416708388604475,0.0674095883770176,0.21371706358124085,0.4033008878605641,0.12601819203939796,0.32639383991940313,0.44870527017941575,0.13499667703891688,0.5787618931741604,0.3274086056746557,0.42680388880003267,0.32769278901859444,0.2807481547437726,0.2532263262114096,0.5465866508219105,0.3335460374927209,0.0941310612407665,0.5472456792483291,0.6418253374139818,0.15197805140886275,0.14171353730431727,0.29390460957115255,0.45514140972836653,0.5702767662396208,0.3935187287056027,0.3614306243772389,0.3028406416517774,0.2336301748873228,0.07406300163597833,0.3074685490048794,0.3629927835829479,0.4553247629491145,0.44927719658143417,0.2256951998384098,0.5016660170869846,0.5209280315503234,0.2068786755869806,0.631410284323897,0.3291535231892587,0.47257775159709836,0.6033686183951859
Dino Gordillo,0.2934519713249016,0.5883707543349649,0.27981776717325946,0.36479027721479285,0.4751968034804532,0.32386722627939285,0.37567931949101613,0.4551363872096382,0.2330710054662639,0.4025392408281405,0.5545871752076589,0.18651002663849817,0.41711607049657956,0.5476052742582025,0.506328897163359,0.9999999999999997,0.19362182642187753,0.21638528225454012,0.4587807317097314,0.3265186411738654,0.5388517680000152,0.20155644844422074,0.3234514305462735,0.3288097514620444,0.12759087715458337,0.31524386200938453,0.06902003191717304,0.235860109995858,0.30758074636448657,0.48965584548602603,0.18784578544761005,0.46399646440236125,0.26884866671004687,0.08494677749537764,0.3875431040944003,0.41302181091244483,0.3694791025557341,0.4192368006020502,0.15931988256420598,0.5342652029871453,0.6121515230587515,0.021782175451977193,0.296279772642922,0.2606252155944882,0.3509995987445391,0.4405691950266948,0.5661386947357465,0.42522454185422087,0.2714345580928564,0.47365767620086174,0.284917636037634,0.3407621015420156,0.10929246480016365,0.09139198970095534,0.3880681088670084,0.22694198912664332,0.15472630297209916,0.25484338503914966,0.3978588281384634,0.34984941230181155,0.38153463904301754,0.33664891617496434,0.27074663509167246,0.3009832257209002,0.09856947615505039,0.039561671150914045,0.45127521666222903,0.39632147689330455,0.4782824725722108,0.351818464987255,0.12765722236388524,0.2431191326747748,0.7054191801665366,0.3917918775124647,0.3662580785964604,0.607135186596651,0.47302077091351163,0.4797936552059212
Edmundo Arrocet,0.02260106548733741,0.03285223904225813,0.14232617953429472,0.1929474442928297,0.1667414594928236,0.04267633522872641,0.22358910007342037,0.04061275791256988,0.6769294236637796,0.3377063779673446,0.14319053794940234,0.5767064256740123,0.0820049609668657,0.35762690054763074,0.2598412123635158,0.19362182642187753,0.9999999999999999,0.1876263443295632,0.16188664574093095,0.23019436188169992,0.2925027192805535,0.16885408882604733,0.648736570698086,0.26412242478462294,0.19720232628310805,0.3719181673072237,0.8603147539570011,0.5074686409558782,0.1739190828421591,0.03431138416657983,0.7859230049919103,0.2843488960733005,0.25930931482511993,0.04368934017075874,0.19736168308827928,0.02377151453129916,0.187293464450717,0.10131881276892075,0.4506064632380195,0.03921604599426721,0.1280863431377579,0.7805415785130132,0.029664290690575374,0.6544372612137738,0.052752498225857425,0.35549630569486707,0.08560684697641756,0.2743242917789564,0.34345048022005736,0.08271157410343441,0.10525412466975054,0.13037468378517797,0.06680043482499952,0.24007486471640693,0.15026753410171767,0.09105531665152851,0.5333249617672666,0.025112691236634496,0.1505736089169364,0.3765011666116473,0.19322363456149386,0.10353417386560818,0.45908676531353776,0.19689909801548977,0.07403184171009139,0.46557282566723235,0.1802955134821164,0.28484853167915564,0.20902181435333014,0.36839924463895307,0.41568644069290484,0.1758114692219987,0.32843833862854555,0.11678870033164493,0.42334166878874624,0.1011310243212257,0.14852905109637313,0.24589515997046052
Edo Caroe,0.3864884698073713,0.2135950156273127,0.37200783716097174,0.3357102843881706,0.2675017443935321,0.5592731853790955,0.35930281882240817,0.07059860854378239,0.1793049710568597,0.4480278833351336,0.4980640728192283,0.04112859244821327,0.4595047147817182,0.25181239066173844,0.3158064233755716,0.21638528225454012,0.1876263443295632,1.0,0.11567263288453324,0.23203820922615181,0.4186347069735689,0.18881542204395768,0.1294854036498238,0.5457381692310617,0.1060747604474054,0.09134755211210391,0.031095562858183882,0.11749646871917739,0.28687449187189007,0.12441706898460485,0.3533744534394278,0.10312652106172757,0.2990332082818613,0.0756467387099274,0.4825235292203781,0.220487045302488,0.37013446237939784,0.1512758125875767,0.04836531471286177,0.4179469887000041,0.3739799885700812,0.09818051536925756,0.40942979137654306,0.05603041386843895,0.14536123116536162,0.30898570139933396,0.21851007097067127,0.37875892636560815,0.22899055053666523,0.4165471062630231,0.11932411366055926,0.2712636161935781,0.04912088915181963,0.040559153913181996,0.13901578337879048,0.10289120708162197,0.10418815665046025,0.26774703309451287,0.24825177478189078,0.5755762531125865,0.3066384801452615,0.1729102575389373,0.09317854268710501,0.5480998241333483,0.04460838733506387,0.046537272777235385,0.13353061866487395,0.5874857787037954,0.40812466597654956,0.249778469081302,0.1249320197689709,0.10870891644071033,0.31139535949602515,0.5111703143558674,0.5667301005013589,0.10135523786704832,0.3129828177032302,0.35300007138858025
El Pampero,0.08173919235968166,0.20593028672170127,0.14871202792833715,0.10450119938427578,0.43756546882740555,0.007097993386065355,0.14530642880753306,0.3237108236576923,0.30475222166656746,0.06656479774036497,0.28319667317740665,0.16751034294152536,0.17998362183029482,0.5586538448379685,0.19084118002923312,0.4587807317097314,0.16188664574093095,0.11567263288453324,0.9999999999999999,0.15413249038681534,0.4082777287477719,0.03462008536034457,0.16391244113349548,0.3365191291917999,0.08806076556503413,0.17441096596887418,0.040635541307561814,0.2044201643418318,0.16758374944489604,0.4396719596524171,0.08024101002343043,0.28054911299780905,0.12157279943517914,0.056989549438451144,0.2547985482166188,0.10790971913164162,0.39341325267297905,0.09717179061647219,0.40379886633987877,0.1237821941318995,0.11738451219206604,0.1338056403713188,0.19481288637737068,0.1786797341563462,0.2041173169460894,0.2207912183911545,0.29223059879601593,0.30924027217471556,0.19735732595859554,0.3588262726301829,0.1752045544808892,0.18064453850690212,0.10723669994832682,0.0836458379067097,0.16103813656431581,0.021812855217211016,0.04638344938236647,0.12198920694509278,0.23970742963847036,0.07520919023583024,0.16420921994977686,0.2382359382374428,0.20716443826282913,0.21551689418007192,0.16338706609068546,0.14521034208925698,0.1451162230327955,0.22421431756046448,0.2816559775633013,0.37541502353400136,0.2372863326761289,0.0664220788177135,0.42635071693622184,0.5339584899657424,0.08899638628348153,0.45561434942277923,0.1514737721872655,0.322004327713445
Ernesto Belloni,0.25617554045892404,0.09369103882830934,0.1917738375887585,0.18304401552066696,0.18550634476074251,0.2595779978647412,0.3918310094171857,0.35918128569822666,0.25907635582085364,0.4218860064904682,0.238827299309669,0.0769745734363917,0.2459716210784549,0.21593382323437163,0.43650015176694124,0.3265186411738654,0.23019436188169992,0.23203820922615181,0.15413249038681534,0.9999999999999999,0.20248972359766323,0.40162122680277074,0.2186429812962514,0.35566608575841285,0.12903760984520768,0.24722405090346514,0.19799720881116709,0.27039752389139243,0.5165652806058931,0.14841272166289265,0.24383760640939994,0.12282820426018502,0.0763247533712563,0.15956409786807835,0.1916916565402604,0.27099454406325935,0.3601920270841938,0.30503049435066293,0.03536237248289787,0.10298734042406064,0.3265141546849509,0.16622491912194676,0.47122195322349475,0.22854219941895743,0.10423397809235875,0.40117480988266235,0.304018567998149,0.24959986070377999,0.5095318307506855,0.2233408034782812,0.07345171530017601,0.29353422983095234,0.07697175134344769,0.09148571431124997,0.267381201415196,0.3400937820086492,0.1628398392678526,0.08716133535336446,0.22285982380857897,0.15353523004020267,0.29149930922675354,0.3473557785878003,0.3665978892485919,0.23990239070385222,0.13746906559878289,0.04466607455373059,0.14121495999177575,0.32318103659673275,0.13143300242989184,0.205160646344621,0.22221394132421038,0.2012671982909953,0.35917338245607405,0.31889121230559225,0.21364457434787046,0.5620701596309741,0.403538598056958,0.2847831609939384
Fabrizio Copano,0.21813109338896008,0.3492255557585794,0.1597426429099839,0.43802814592945694,0.32109213205214815,0.12938133733822713,0.45110362417418065,0.385985274364524,0.4092073941354777,0.26548069889326453,0.5162495642365809,0.3871521195394406,0.31561435289359063,0.5098499868977212,0.2446924150767596,0.5388517680000152,0.2925027192805535,0.4186347069735689,0.4082777287477719,0.20248972359766323,1.0000000000000002,0.20103767306055237,0.533182117610488,0.4645197287681523,0.11118270545086376,0.32400847093031987,0.10682824534361146,0.23436200475831973,0.32681912687818,0.45092570894683975,0.2199555147846462,0.3950204703320358,0.4149246073529045,0.08094159212170844,0.3756887761644278,0.2978041947401939,0.1794185871546932,0.4584506331934869,0.4160518044893077,0.542525487394636,0.5317138608181541,0.38198624540698606,0.28681213913998455,0.19366195407139433,0.25103675801345443,0.26756104809619513,0.35564881153297406,0.3074057895772687,0.3919188666440391,0.5212560194620209,0.3914639173620575,0.37915539713673213,0.1529159774659153,0.20778310327736702,0.3354808953797186,0.11542295399288766,0.1179524653707558,0.3737435875983923,0.5520829941896803,0.261069239838597,0.21487472162895666,0.23951844698331803,0.390702596033842,0.6580473483281499,0.21806277896398737,0.426737441780596,0.4789458186639797,0.4469394484015854,0.547572315388764,0.4224593371047109,0.407040895138589,0.18871766254113184,0.3709908795626804,0.6444438179100886,0.3160150234981295,0.373574916527506,0.5678694648512459,0.48116079692416575
Felipe Avello,0.13240726775494938,0.13671178461725494,0.18594252443407228,0.26674662137611654,0.22728279687028666,0.187371588808652,0.7413842672001574,0.12470194686288927,0.3303267787314379,0.24762117546168735,0.13205495407315296,0.09001017804126855,0.13246508473383203,0.11211012230018311,0.5627844765809353,0.20155644844422074,0.16885408882604733,0.18881542204395768,0.03462008536034457,0.40162122680277074,0.20103767306055237,1.0000000000000002,0.35789456159901795,0.19455084478879117,0.0870583663812396,0.1909922889837442,0.06311036344419184,0.22058592158990492,0.1929575145911523,0.2969494900153917,0.12329354647575454,0.07035403465020737,0.10257343478996979,0.09941197843668909,0.08878385772736776,0.060420993685866994,0.1752083477895615,0.3395001792866241,0.10341180183682441,0.09568949356270806,0.32035233290727083,0.0809833079394074,0.1192521555228847,0.07340011612103098,0.023245109005028953,0.18668486112654195,0.1388746363204392,0.23859125563440006,0.1915982486571403,0.24956087646839598,0.1561584308822564,0.14618690242553511,0.1574207017448855,0.11110045466161221,0.08369518185917267,0.9347747726287043,0.0757981014598576,0.04833844905383684,0.1451462932091656,0.2592025777336925,0.4098259995666644,0.39198786462793206,0.3980318214359804,0.24966887883785227,0.03256091714576964,0.12445779665329296,0.3158532876896142,0.09815279537874262,0.1666046739952633,0.29968452138573787,0.15146248708264173,0.19443502054419087,0.11094272169653394,0.23390673664997308,0.36414694416055476,0.16685595886071974,0.3474160811643264,0.6581719104581454
Felo,0.14767964961802732,0.10348911609093908,0.15592087322923995,0.25378105050687383,0.09199150556895772,0.016129578472431183,0.33386962760181527,0.35384306322467773,0.673201823603568,0.3722582359417856,0.2503777730022834,0.6629219037628346,0.05043041922041049,0.3961873425300942,0.26514328564443435,0.3234514305462735,0.648736570698086,0.1294854036498238,0.16391244113349548,0.2186429812962514,0.533182117610488,0.35789456159901795,1.0000000000000002,0.13064416583717958,0.13375906205239227,0.4653836761196982,0.4915069023279367,0.49651834529537414,0.11923819157827428,0.24596580268991364,0.3051002839802982,0.5174726785979785,0.36184239089338804,0.07767437641453015,0.23250460824872726,0.17315255302354482,0.12057296403335462,0.25565171645806023,0.6476765362132954,0.1371322913808618,0.2679212286496793,0.6980569134078661,0.03510868935379647,0.44538249754746584,0.1029170020583522,0.2948801660761909,0.2247405583290424,0.11941288521912595,0.47662212542457333,0.12364173606480822,0.22807177038660892,0.2800134720893181,0.19968588086061542,0.32624011599350106,0.208626887035506,0.3045104681012373,0.331569612593648,0.1580048686014117,0.1042868771343537,0.2382209239494422,0.1311692186835885,0.20972636028549752,0.6541922842738394,0.21418861012984913,0.17935060634298425,0.683748625585374,0.38059694660208804,0.19353681941171144,0.19643708432588716,0.4919071731076699,0.5549671470692514,0.27295195134180583,0.41380283543252305,0.14329246637616533,0.44693325235761,0.14325268694717416,0.29075816712494384,0.3172129577660389
Fusión Humor,0.06451235817140995,0.07208938378882403,0.1900881631444499,0.5315231636768324,0.46630096375513364,0.1288103549583472,0.33326128728639787,0.09018600043438034,0.3262679273939691,0.39001292390048176,0.409638883059056,0.3065272741715211,0.18812315717311762,0.5368220610631463,0.6352888911907056,0.3288097514620444,0.26412242478462294,0.5457381692310617,0.3365191291917999,0.35566608575841285,0.4645197287681523,0.19455084478879117,0.13064416583717958,1.0,0.09763580524600377,0.24239599056313257,0.029505935789972664,0.17431784179250698,0.42676565355872004,0.24686088749295712,0.4232319732546675,0.20748332307256864,0.239332105359857,0.1365302103984192,0.29878458281654136,0.03275181881192397,0.5825727502096238,0.11120908718175225,0.11198132544500825,0.1894007085567665,0.3342705012383304,0.14572390697684523,0.30101391677379313,0.34826234132213957,0.13969218316555096,0.35658233542981477,0.4006544334984217,0.4437002038657218,0.23684334869781598,0.31468058381224356,0.4096314488574684,0.4928328859990904,0.06714376271527832,0.0812224426646312,0.40199516724563034,0.2358149534332776,0.12058913863785378,0.16600461975582695,0.3070987638301081,0.4200875829786879,0.3309387259634146,0.11183274213367486,0.41874740039756086,0.41462247366083066,0.10428717248930797,0.1274264641964007,0.18666183600594463,0.5942365378351303,0.5188532588484361,0.2981772529839031,0.20652862849706818,0.38197930279707326,0.33857582064763153,0.47944069504051484,0.6504514717974501,0.33672781369933413,0.4202195178161229,0.4848813193077558
George Harris,0.020668031145421525,0.15556421484573463,0.07435564033203616,0.08066280952886512,0.09276791870149442,0.1176102747416036,0.1582345477726519,0.10132632604073208,0.16551934148248276,0.13827269299253997,0.21035809001547867,0.09388218115451442,0.21353384302192874,0.0777081548188805,0.11784840224948175,0.12759087715458337,0.19720232628310805,0.1060747604474054,0.08806076556503413,0.12903760984520768,0.11118270545086376,0.0870583663812396,0.13375906205239227,0.09763580524600377,1.0,0.16865772634232842,0.1788834462577594,0.1408972473051842,0.05492020637894186,0.1026431012557852,0.1481515057282082,0.10341950817862028,0.043751219863298725,0.03602022329363879,0.029350036161456847,0.027528750463043122,0.05119310043520938,0.07598640283336029,0.07527451361084454,0.0759296924629607,0.1953028693064967,0.17265240387891934,0.10914486448679353,0.1888596794614472,0.8006400632101124,0.1670879103928482,0.17036776809441645,0.040607831568981755,0.15281327530313046,0.11014516258949053,0.0422882498586753,0.10613123803647193,0.04213256785792913,0.048082749364769146,0.12462915825110014,0.0725045297215372,0.07885017109726254,0.22253067624889503,0.20976159742488495,0.09725349042126567,0.1817574277578032,0.7746795371179089,0.08621980770025285,0.17598484691029306,0.09556510266359755,0.0702655370898868,0.1536935405247109,0.07951905159794335,0.3992396658762935,0.5881904841520808,0.17344142431696402,0.03517790569588979,0.13144212414946366,0.33698894190307677,0.10283431227140252,0.06817289075745898,0.055144290687792905,0.08541055673786423
Gigi Martin,0.022857705504155112,0.12654830312139906,0.04866992859953697,0.5527715582688578,0.1845771678640396,0.07870661747983299,0.27345481751885153,0.5126074165063059,0.236759867286294,0.20730922658832074,0.13983255290638327,0.22715355860247702,0.0836949027102007,0.07940257154923423,0.45426563157978883,0.31524386200938453,0.3719181673072237,0.09134755211210391,0.17441096596887418,0.24722405090346514,0.32400847093031987,0.1909922889837442,0.4653836761196982,0.24239599056313257,0.16865772634232842,1.0000000000000002,0.3699280146301447,0.24876517420847916,0.05862147389253394,0.18350119025555606,0.2975142599825932,0.1607062261026576,0.16046215905205746,0.049125800867768195,0.2948590297502873,0.03970273631558849,0.1909179620830616,0.14221986276413381,0.03801143530773852,0.10031444082621654,0.11548932267200926,0.543813205832993,0.1641315392362894,0.5245021921610222,0.047559529667549234,0.21584951313189954,0.15430530621204058,0.08532863596282575,0.19419511469628348,0.17020108205247644,0.06381637095432521,0.6086492644494937,0.4060893749667797,0.06504461670105911,0.3908842719421025,0.2383485020860531,0.24317027292304497,0.03783074269076557,0.2217034880501711,0.08463538653793418,0.32094318273107086,0.1661886523689605,0.2204486192930273,0.12533680121195132,0.39892047703307415,0.02262922495292024,0.10637901735004526,0.23360933272417828,0.2861905316348858,0.2779506960450822,0.22085653551130016,0.16083762173991903,0.4051894839622173,0.1499584782552099,0.2239686535527875,0.06323938679565695,0.17713083213357483,0.14446337092529274
Gilberto Gless,0.0036554377454011593,0.013520712185550565,0.04248605948807193,0.025895919582936737,0.009720136798197252,0.0018683196049153925,0.15454177766263977,0.010349766922688616,0.5660764599655765,0.11917256006460625,0.012439229330729322,0.38319206392051636,0.01623506301662022,0.08017035848272326,0.05138582674344637,0.06902003191717304,0.8603147539570011,0.031095562858183882,0.040635541307561814,0.19799720881116709,0.10682824534361146,0.06311036344419184,0.4915069023279367,0.029505935789972664,0.1788834462577594,0.3699280146301447,0.9999999999999997,0.5761050417742304,0.012608295606995456,0.006454474175744394,0.6519078507352463,0.2900079606331702,0.14486248399788518,0.10860459151751499,0.07375098626288185,0.013082573952333964,0.014808515602677583,0.04563208718797522,0.20045144296192,0.005176920494772008,0.015570411716660838,0.7384563608235855,0.002100551516524588,0.6704222685321051,0.0038470923832583446,0.28767824570905215,0.019837933967204766,0.009696749162070419,0.13217955545756244,0.009081878429111408,0.02896439156829733,0.03602442378844673,0.09925042964642782,0.16198606635994578,0.0463777541697527,0.03769833727477481,0.4935546394392578,0.01141421677290534,0.04711245327285787,0.14099303873922944,0.012105717535937102,0.016344419502513568,0.22404365500481063,0.04405324339171654,0.11486045350935589,0.2118922281491472,0.08382547435071765,0.10646156690785229,0.011004428030631818,0.10516407240473427,0.21269797127567727,0.057888176984481926,0.16615061082042393,0.012798960466117802,0.1697782875040212,0.0015516703129102383,0.0322343057324523,0.005437844178753638
Gloria Benavides,0.1039673590323666,0.1549840287078256,0.3079836315223377,0.1819864496599741,0.2994266771151741,0.07079336315521202,0.37902379820479865,0.2128258354839018,0.6459748670404547,0.173159229856014,0.13916836848087577,0.3597046608411525,0.1246300662160803,0.2167780444750368,0.2776198540890316,0.235860109995858,0.5074686409558782,0.11749646871917739,0.2044201643418318,0.27039752389139243,0.23436200475831973,0.22058592158990492,0.49651834529537414,0.17431784179250698,0.1408972473051842,0.24876517420847916,0.5761050417742304,0.9999999999999999,0.08980506023958623,0.16251456366537054,0.3797295109671217,0.6663838060151435,0.26688068363251155,0.7415986624737221,0.30612702677107684,0.21940648652685804,0.14849353556734232,0.13394415937880605,0.31367109095113654,0.08789251391169241,0.16354563910181943,0.5153890814688685,0.07386630613688368,0.47302201030226965,0.08047408800198853,0.59309152032411,0.2373746017878483,0.14435520740951732,0.3730972620904523,0.14313043704053807,0.12673395130147153,0.3434762742763039,0.4738544552984984,0.5584352478740668,0.37434547441747174,0.26211442713840805,0.5680463939347172,0.24949827553925463,0.17020616255317506,0.35404280427458273,0.114761662374715,0.16097949592908595,0.31530972118767114,0.20907842639164312,0.5969699303449488,0.3344225994309968,0.2943722634381782,0.10399136947360571,0.07721919249410476,0.3557735151184342,0.42620404048391153,0.4719069661498077,0.3471784952348534,0.1376693494253752,0.28593044946990365,0.08725333130638911,0.22270705950965206,0.20669255039808018
Hermógenes Conache,0.12908523509411252,0.0408905176006468,0.24219843129916174,0.38896149323400026,0.21519016967961616,0.06874759910529821,0.36106426979016776,0.1679152508217497,0.08873853275139962,0.5501732370729912,0.518728031330983,0.03748416357409802,0.22559985610945413,0.27880920393161546,0.3913047494089262,0.30758074636448657,0.1739190828421591,0.28687449187189007,0.16758374944489604,0.5165652806058931,0.32681912687818,0.1929575145911523,0.11923819157827428,0.42676565355872004,0.05492020637894186,0.05862147389253394,0.012608295606995456,0.08980506023958623,1.0,0.45122233923230975,0.4236206724091738,0.16507265403977914,0.14758780042880962,0.1371942280830567,0.220678697135636,0.17758604601503522,0.6536409319973682,0.41319058835485595,0.03039812933518441,0.2336819468536921,0.5295696786838023,0.059945383320750244,0.20882883326682705,0.060735198722645586,0.16852708871154296,0.5104742726773096,0.3604980741795289,0.44022672517647765,0.13798272451054094,0.4192258906026148,0.27574696726073356,0.1982690005178727,0.22068681195285733,0.06599237026579824,0.20975694005894638,0.14480647425929705,0.1038491522432054,0.16907281468229016,0.3637556782277824,0.37848187330683564,0.5002300250423114,0.24996355150691746,0.25733399472080326,0.4943820630950675,0.11411687292603953,0.03387887275368944,0.3928373664527049,0.4113825925451006,0.4122292418059341,0.36325963921960863,0.1506008659908609,0.07263098050706042,0.2564213274676233,0.256302325677314,0.28345635642111583,0.5518993026211594,0.679633850838964,0.46540927374170826
Huaso Filomeno,0.20953106782096112,0.30726189986182595,0.2567641717225875,0.31093239590135396,0.25492139647376916,0.08565720348697105,0.3692267525713445,0.4362767431408534,0.2201667909102393,0.1322376225545553,0.38046852782958124,0.0249202413246792,0.29301253107731723,0.5393244889209882,0.29360798912295316,0.48965584548602603,0.03431138416657983,0.12441706898460485,0.4396719596524171,0.14841272166289265,0.45092570894683975,0.2969494900153917,0.24596580268991364,0.24686088749295712,0.1026431012557852,0.18350119025555606,0.006454474175744394,0.16251456366537054,0.45122233923230975,0.9999999999999999,0.12914246389617617,0.32138632500481845,0.17289576449638674,0.13217215263987703,0.32631889660465857,0.31992166018604873,0.47500421706891816,0.386859415957235,0.21109114981184704,0.3102304830612215,0.39186445361993644,0.08546851944159721,0.11852410140720525,0.10300261474028842,0.23609039422323513,0.2767848037212951,0.6358850722552932,0.3645258608422523,0.0778744446945985,0.6627770216867133,0.6199732779402585,0.399757357901016,0.24613574785384834,0.07238857905005056,0.16272854448695573,0.24867679281409644,0.016579458484118566,0.26518542833484177,0.22333359978682923,0.22495251480694217,0.4437375988000504,0.3186969493663115,0.3187332812033244,0.37856134324113266,0.14417228839534085,0.03291689313686367,0.5051004646059557,0.07943605800121775,0.5064025373405596,0.40006176906962987,0.13642311487302503,0.03406854505190649,0.2559714295275375,0.347252688319027,0.22567826394815335,0.30944819827059095,0.5259449212783145,0.41791247048715396
Hugo Goodman,0.09982723810166098,0.07433008419411467,0.29830599330267926,0.36611799403014883,0.234119254445415,0.17014566227218725,0.29648076623826297,0.06120611948256572,0.3909219187974906,0.35600539345947296,0.23651762470298698,0.31705793181033093,0.21825791233816275,0.37681771917811546,0.41777730499134924,0.18784578544761005,0.7859230049919103,0.3533744534394278,0.08024101002343043,0.24383760640939994,0.2199555147846462,0.12329354647575454,0.3051002839802982,0.4232319732546675,0.1481515057282082,0.2975142599825932,0.6519078507352463,0.3797295109671217,0.4236206724091738,0.12914246389617617,0.9999999999999999,0.20234767695878514,0.2483202192156032,0.041953378737088834,0.28347853085053476,0.0947359428706669,0.41960882973980235,0.25126333688102925,0.12599610890712304,0.1294855900948133,0.24592785561543073,0.5727827499978252,0.06771013002424502,0.5558166284203108,0.03135376838581352,0.3915885405078137,0.11133376154855829,0.5151818044600585,0.15958948147923743,0.1613067442602984,0.14597015009915879,0.21082538059970668,0.07785631663368062,0.15278715543477062,0.2156653030953202,0.07043678542873302,0.4416769715698106,0.0651991664175155,0.1840026894888456,0.6175104760805076,0.30653255347260827,0.11156792740634924,0.11881317336393493,0.39241440135787975,0.11365992054947152,0.1365470321639571,0.281551490088909,0.23558369619379774,0.44214478472615115,0.2767192470343007,0.17225919645899587,0.13573805979970666,0.21262533001048753,0.1091719353914591,0.5472721389078988,0.12560748845490446,0.4299389833864934,0.42347229646685797
Hugo Varela,0.27216357566551563,0.18887709377003067,0.21070234043888278,0.1877444325426228,0.19289262256509077,0.1164540193648923,0.23301235444496793,0.3336499925074952,0.5046132725098906,0.15276943500586307,0.4190056074885819,0.4552668835426858,0.10210735673582541,0.40006840376195085,0.22266056131631629,0.46399646440236125,0.2843488960733005,0.10312652106172757,0.28054911299780905,0.12282820426018502,0.3950204703320358,0.07035403465020737,0.5174726785979785,0.20748332307256864,0.10341950817862028,0.1607062261026576,0.2900079606331702,0.6663838060151435,0.16507265403977914,0.32138632500481845,0.20234767695878514,1.0000000000000002,0.37719194231579034,0.5197636850115165,0.08371958501085033,0.3431514690091719,0.2571259133923567,0.07733115998671515,0.3105128044985105,0.15282849392632986,0.2599221449627057,0.3059532066633869,0.0295701633040352,0.36972625390774416,0.23858027757944492,0.5749875580828073,0.44816181735274735,0.15210013454788923,0.23260014545225643,0.23909168427006294,0.21852204118894583,0.17834056212068947,0.4714205860250269,0.3765788657907375,0.23703619200896367,0.1184888270282395,0.14755928602028637,0.31809419994293264,0.13068782913636312,0.4307027041097473,0.1816986154124393,0.13455978039455813,0.2635091231205021,0.14839546292107322,0.5464977132720954,0.4224850356235815,0.4340862924978272,0.05239643452570308,0.2549599384993833,0.2795254404606556,0.43674863616932386,0.20391630592869647,0.27921318116354527,0.23360338293508706,0.35116138808066577,0.29915354713213665,0.39278812742540337,0.30069695355305887
Jani Dueñas,0.5234333077028989,0.04938916951391,0.5020946227208131,0.3695152456840634,0.49596675894904335,0.3323718433112201,0.2272337005695795,0.2835623400049081,0.3082069834523742,0.27197594133489217,0.41496939895570684,0.46889416182975485,0.49000114743119744,0.2532495052010656,0.2902342364643326,0.26884866671004687,0.25930931482511993,0.2990332082818613,0.12157279943517914,0.0763247533712563,0.4149246073529045,0.10257343478996979,0.36184239089338804,0.239332105359857,0.043751219863298725,0.16046215905205746,0.14486248399788518,0.26688068363251155,0.14758780042880962,0.17289576449638674,0.2483202192156032,0.37719194231579034,1.0000000000000002,0.020646686463049485,0.3617129508646953,0.7182730791329972,0.25095482690376425,0.2986412556061717,0.31707309289548424,0.08818595780701265,0.20859344857668416,0.3359794572151875,0.32933465139609686,0.35862176851653527,0.11921023965839127,0.23434851637317472,0.20612875754548818,0.1108773199417967,0.3507475190617436,0.15180006954518077,0.33683674991759543,0.19885989572257712,0.059178758933559804,0.4313885125588008,0.3167541211546276,0.12181876192116531,0.3347485707411896,0.6268124138368817,0.49222681976841215,0.36037971532147156,0.21796761741554968,0.15604345135701464,0.24137711082384994,0.20628598128850123,0.09659864988635952,0.36806691543462794,0.263319747417863,0.05872704059062381,0.1875659847955736,0.2509212074075423,0.28249459828097434,0.2327457730272699,0.2131871517772006,0.15131810492844322,0.2555294577428912,0.1354761503978904,0.3007959639102858,0.20136558856512643
Jappening con ja,0.0201791084666333,0.07534056687207247,0.03668525103675005,0.23295610204900385,0.31173809740257075,0.011579751520171875,0.2661293435339925,0.12928804332807228,0.3490515533818694,0.028144985824817555,0.041084851205503634,0.09477233312154865,0.042863786512231314,0.030889047717393592,0.23253197296859568,0.08494677749537764,0.04368934017075874,0.0756467387099274,0.056989549438451144,0.15956409786807835,0.08094159212170844,0.09941197843668909,0.07767437641453015,0.1365302103984192,0.03602022329363879,0.049125800867768195,0.10860459151751499,0.7415986624737221,0.1371942280830567,0.13217215263987703,0.041953378737088834,0.5197636850115165,0.020646686463049485,1.0000000000000002,0.10794173282958078,0.010127925517275045,0.1329922088805891,0.03197822808739839,0.07401090787788564,0.027622409500842156,0.05943161015347617,0.05952896060094216,0.045013142056415566,0.1418624424508338,0.035146886538710786,0.5786220989912484,0.16093060900943928,0.05033877620037438,0.29364173716335,0.20373106963458082,0.04057235693179208,0.3713360778338567,0.6623542657318076,0.2653247974924475,0.400421341840848,0.14233653368716015,0.14119677107853826,0.0020335919947226514,0.15164417068326305,0.18756638882232432,0.23004503157561373,0.05151232264714,0.12871964556765578,0.15996524447908483,0.7034199974666511,0.16358380250254934,0.174945399126433,0.041922689238498796,0.019762450200790274,0.29141076910838054,0.36873829934710023,0.4889786220903718,0.21484080334786862,0.05641538646828206,0.0645586661303285,0.015977362343996392,0.12349125446817771,0.04534933786088647
Javiera Contador,0.2760924551505432,0.5605425503116559,0.5554684004483164,0.3283766844135229,0.3118682433923215,0.47770842065491886,0.19505603611249514,0.258256572552062,0.17212545089913964,0.43679660264921316,0.14512789740326593,0.1021469534480167,0.5992110231228335,0.40051648858354866,0.2557419346661481,0.3875431040944003,0.19736168308827928,0.4825235292203781,0.2547985482166188,0.1916916565402604,0.3756887761644278,0.08878385772736776,0.23250460824872726,0.29878458281654136,0.029350036161456847,0.2948590297502873,0.07375098626288185,0.30612702677107684,0.220678697135636,0.32631889660465857,0.28347853085053476,0.08371958501085033,0.3617129508646953,0.10794173282958078,0.9999999999999999,0.35675329316568816,0.33228798679090993,0.12620983849606124,0.2724387918234629,0.3478586807499793,0.40825627561602695,0.28918531809723513,0.09592322780747987,0.11465954887170805,0.10629283361180895,0.2174527915955942,0.2350647213050751,0.5649767920358424,0.2594158444054114,0.39697146204802736,0.2123983695211015,0.5026988081093421,0.14965949504132647,0.39489412890822095,0.23457470360045313,0.09336975821549136,0.46534069804331263,0.34571782921811967,0.2503854738229366,0.406395565233136,0.13602251256477826,0.10007913501619285,0.256214045545959,0.2656240768468696,0.15974652653653162,0.08101373308819709,0.14444671548854876,0.22986083208443644,0.3025768653753661,0.3515992225545153,0.07424534120808732,0.21895032802731984,0.33504528222090313,0.1828090768558832,0.26006822201759205,0.1288311865864422,0.16915427732252092,0.15221166169227388
Jenny Cavallo,0.6156526572998354,0.10123829648398074,0.6653693152161899,0.1374374380665723,0.31016594703461225,0.35797001110913623,0.1767224906352974,0.5303972955571589,0.030760498110437098,0.23057559185343787,0.45280347506014834,0.019352990183189703,0.5118995900572488,0.2712133932333473,0.12928951774263048,0.41302181091244483,0.02377151453129916,0.220487045302488,0.10790971913164162,0.27099454406325935,0.2978041947401939,0.060420993685866994,0.17315255302354482,0.03275181881192397,0.027528750463043122,0.03970273631558849,0.013082573952333964,0.21940648652685804,0.17758604601503522,0.31992166018604873,0.0947359428706669,0.3431514690091719,0.7182730791329972,0.010127925517275045,0.35675329316568816,1.0,0.16070950558650537,0.35454074396467883,0.03086114225242886,0.1241412426714888,0.2941579301459429,0.1225023616653499,0.40888518062659907,0.01142971343440681,0.1805321761392442,0.17466226184980221,0.32964911775321826,0.14398487577272984,0.26712664119206164,0.2542708060483523,0.26467142820229217,0.10364446829345003,0.035008411582276334,0.47308629190365614,0.060565836051413365,0.05064764380918791,0.39151965675241956,0.7556988412623165,0.34606151560347176,0.4042589510267149,0.2275693850080647,0.22939358636799417,0.021142111350818817,0.1313825346461557,0.07073070167447199,0.02829566589565497,0.21809181877301131,0.03531321691391933,0.21780554787510636,0.0986172394366447,0.008236018231674622,0.0036200153982030446,0.1899707783106488,0.1817023273918552,0.15708509075577456,0.386290502286053,0.30686772705493076,0.22940118949158533
"Jorge ""Chino"" Navarrete",0.11984260931215898,0.17405376894081923,0.33365975488942984,0.538161391039154,0.39588636470292354,0.12055713257020562,0.24048893628499485,0.20008374933914097,0.08941134009062138,0.5114333107924481,0.4312263664224468,0.20406705875348835,0.2979996925743275,0.3699493001187348,0.5800040195948157,0.3694791025557341,0.187293464450717,0.37013446237939784,0.39341325267297905,0.3601920270841938,0.1794185871546932,0.1752083477895615,0.12057296403335462,0.5825727502096238,0.05119310043520938,0.1909179620830616,0.014808515602677583,0.14849353556734232,0.6536409319973682,0.47500421706891816,0.41960882973980235,0.2571259133923567,0.25095482690376425,0.1329922088805891,0.33228798679090993,0.16070950558650537,1.0000000000000002,0.10560843270266622,0.21620021130729855,0.1405256357057687,0.38194375900297206,0.06120420597213065,0.26856578421038907,0.35672004363093895,0.11744601852820036,0.46828734289375,0.3036407674714485,0.6448827980981076,0.11757938849813042,0.5653469105303744,0.13326872297986514,0.25315512231101145,0.18350423154875925,0.04003457039676522,0.320722747783319,0.20924217851419127,0.09597952429945664,0.13558313781859194,0.20484205280461182,0.43308885289842963,0.5646254907803996,0.18143549673305306,0.18035887751093765,0.2650987816290979,0.07099847881924262,0.028141322106613464,0.17962899278403122,0.3743686893009338,0.30802921500695973,0.4166367945357494,0.18554510111157305,0.21999414161208639,0.38419235853415995,0.28100225442059185,0.521351013082762,0.26673768521012,0.45730301435149695,0.33110877834497454
Jorge Alís,0.2363002157065686,0.14689990611454878,0.16899165035330413,0.27117057468600186,0.2551023312199439,0.12848926693451654,0.5190298669657896,0.2607139934420956,0.1321711657275245,0.33601184547260454,0.3043420959202052,0.013175227961479475,0.3238845134599392,0.2622205877090443,0.3416708388604475,0.4192368006020502,0.10131881276892075,0.1512758125875767,0.09717179061647219,0.30503049435066293,0.4584506331934869,0.3395001792866241,0.25565171645806023,0.11120908718175225,0.07598640283336029,0.14221986276413381,0.04563208718797522,0.13394415937880605,0.41319058835485595,0.386859415957235,0.25126333688102925,0.07733115998671515,0.2986412556061717,0.03197822808739839,0.12620983849606124,0.35454074396467883,0.10560843270266622,0.9999999999999997,0.05654567740344844,0.35046484697752006,0.44455485475000406,0.027614136496114033,0.37247274639795713,0.014266036086223703,0.055467535034472486,0.12325231661183093,0.15987170913461515,0.09213325745015152,0.24897701457753615,0.15032506401662768,0.43670212331026365,0.1452107982589798,0.08186883676648155,0.038830707439022054,0.252671458022102,0.2758444159949277,0.09739055180581148,0.13043070611359872,0.5130275265767703,0.10948843396621155,0.18637487868346814,0.4116295474709675,0.2036608611590131,0.6010838660047395,0.1417399081299409,0.02658480277922964,0.6083407869348667,0.20306340550459218,0.3905090122641294,0.2026994765801903,0.07533032711074161,0.043780723737791946,0.4662424018459103,0.19215668960259433,0.23763535555689316,0.35384483638709324,0.6036869454053695,0.4674363628715141
Jorge Romero,0.0,0.17357499256020575,0.060382357697016935,0.11025100163158642,0.12458725297677806,0.008524298175071785,0.05793161487132511,0.09347659822871673,0.6131322755983504,0.07825801095112803,0.02153362403139716,0.7692291068679035,0.14298987158021023,0.4250357818915021,0.0674095883770176,0.15931988256420598,0.4506064632380195,0.04836531471286177,0.40379886633987877,0.03536237248289787,0.4160518044893077,0.10341180183682441,0.6476765362132954,0.11198132544500825,0.07527451361084454,0.03801143530773852,0.20045144296192,0.31367109095113654,0.03039812933518441,0.21109114981184704,0.12599610890712304,0.3105128044985105,0.31707309289548424,0.07401090787788564,0.2724387918234629,0.03086114225242886,0.21620021130729855,0.05654567740344844,1.0,0.06126315767018756,0.05943533124438802,0.515458855774958,0.04551334500263519,0.3484505198212701,0.037586414457500016,0.15500098116712754,0.13026897566551565,0.21072137187007228,0.5788463060764463,0.16392072824839554,0.11028369844486542,0.09250588940060539,0.045285109231055665,0.3218202206085081,0.2175659333070551,0.0497697693986948,0.1439122445903194,0.006575015030270705,0.09135772498370476,0.08340488540547682,0.007578823765500255,0.14981445789510833,0.5920244884066842,0.19712185079620792,0.07403714885109647,0.875480066180711,0.3288094556073684,0.067663347567783,0.03783711700695469,0.5598066392196857,0.6654491027454161,0.2877381347304914,0.28224985363521843,0.16709263639005328,0.134046013304598,0.00990175372863293,0.06524327810544543,0.016123347699099226
"Juan Luis ""Jajá"" Calderón",0.09426992927093508,0.6209216265495533,0.11925071159587315,0.1892440511412129,0.16570989491214197,0.08899308993688908,0.2601120168917316,0.13060836547125892,0.2528105970426546,0.22800241820700815,0.5957218247698113,0.009178649236858148,0.27522420317332585,0.273049849161983,0.21371706358124085,0.5342652029871453,0.03921604599426721,0.4179469887000041,0.1237821941318995,0.10298734042406064,0.542525487394636,0.09568949356270806,0.1371322913808618,0.1894007085567665,0.0759296924629607,0.10031444082621654,0.005176920494772008,0.08789251391169241,0.2336819468536921,0.3102304830612215,0.1294855900948133,0.15282849392632986,0.08818595780701265,0.027622409500842156,0.3478586807499793,0.1241412426714888,0.1405256357057687,0.35046484697752006,0.06126315767018756,1.0000000000000002,0.6623982386508082,0.03470967006043774,0.5167664687135071,0.04707782215628466,0.3529235518673753,0.35030029242453925,0.3378782432049773,0.36377527069084153,0.12962151859893326,0.5177404644763831,0.24286008009813406,0.18877059800066576,0.044458708757413194,0.037606072445543474,0.22812304871600733,0.11747240866353931,0.00907828481421951,0.17369512782814234,0.43542644546020776,0.2938825517241657,0.15355534817550692,0.23069890115259514,0.043717359719284955,0.4284403603437414,0.10567171474956276,0.023333017706025007,0.2637630436927425,0.4711061730172495,0.29370193692536556,0.19208571347137682,0.1324600726072792,0.014021165923371395,0.42466636579693706,0.3276906962010421,0.29447414907057756,0.2001871752884547,0.3494956740277925,0.2829054434095917
Juan Pablo López,0.20383866546003981,0.5837162678349321,0.2798524564660881,0.44165754405041224,0.24656749425869748,0.14724098269843336,0.5550966228846486,0.26835272100577234,0.15199781320287348,0.6132069477314241,0.6676839677340205,0.03939880727074634,0.4077740373710422,0.41114686323833016,0.4033008878605641,0.6121515230587515,0.1280863431377579,0.3739799885700812,0.11738451219206604,0.3265141546849509,0.5317138608181541,0.32035233290727083,0.2679212286496793,0.3342705012383304,0.1953028693064967,0.11548932267200926,0.015570411716660838,0.16354563910181943,0.5295696786838023,0.39186445361993644,0.24592785561543073,0.2599221449627057,0.20859344857668416,0.05943161015347617,0.40825627561602695,0.2941579301459429,0.38194375900297206,0.44455485475000406,0.05943533124438802,0.6623982386508082,1.0,0.04430396419605922,0.33617062798697916,0.04229273775498581,0.33551477424268145,0.47257954289837234,0.3792934252552453,0.5387693706572086,0.16513922244854265,0.545892797681416,0.37460787503578524,0.22406675133084375,0.21569144740766186,0.05625704483190337,0.1617799397555813,0.3415143261342182,0.04521206892220516,0.2932245492349724,0.634350200096861,0.35337051669177777,0.4276997685044542,0.45001600788658686,0.16251497116739597,0.41294213239215655,0.04214687813611865,0.036579792100998945,0.2880455946504086,0.40476539023902847,0.39818416313415855,0.47066021329084134,0.09024537080413095,0.08633029814891424,0.35703219126555596,0.4311573940998161,0.46561255096996645,0.551460360612464,0.4576438486331644,0.511240607620626
Julio Sabala,0.012810303326681241,0.014706008692224366,0.21836680201053496,0.27647019465029626,0.05278080244130378,0.04402642219886618,0.19066160130118967,0.2511572046419029,0.6716815419350645,0.04039821710293086,0.06556270105260582,0.651027238334537,0.10515036188929507,0.24199854039989716,0.12601819203939796,0.021782175451977193,0.7805415785130132,0.09818051536925756,0.1338056403713188,0.16622491912194676,0.38198624540698606,0.0809833079394074,0.6980569134078661,0.14572390697684523,0.17265240387891934,0.543813205832993,0.7384563608235855,0.5153890814688685,0.059945383320750244,0.08546851944159721,0.5727827499978252,0.3059532066633869,0.3359794572151875,0.05952896060094216,0.28918531809723513,0.1225023616653499,0.06120420597213065,0.027614136496114033,0.515458855774958,0.03470967006043774,0.04430396419605922,1.0,0.052430789626829524,0.6447017503688826,0.004610649392511898,0.26749244820471985,0.0724138882712799,0.052790061213658084,0.4025950141694304,0.06528025111704829,0.08076800025390116,0.2901532670661205,0.24424440724369784,0.45528166357589817,0.18070568131091802,0.0636623589622375,0.5192872525772078,0.17761775730126145,0.09653803142967088,0.23784787671524674,0.104828190927771,0.059578139190665604,0.3607349947091776,0.19031712257798467,0.264867783163333,0.5809633577541383,0.2187968254552236,0.06933767318991553,0.17777689738118302,0.3975367342172975,0.5057982567759021,0.16757999749704833,0.11207799184920954,0.09970681055741586,0.19161825047455053,0.013402547297115895,0.08965299136487083,0.04744391011305326
León Murillo,0.23159891949850095,0.14791265858514674,0.15734871859990898,0.19040253490772452,0.375836944686898,0.09110366866866021,0.2375873444100954,0.3122254847912126,0.2540621617382327,0.2563491497034416,0.5786973831270843,0.009677006970069953,0.321453088108741,0.1547570363782426,0.32639383991940313,0.296279772642922,0.029664290690575374,0.40942979137654306,0.19481288637737068,0.47122195322349475,0.28681213913998455,0.1192521555228847,0.03510868935379647,0.30101391677379313,0.10914486448679353,0.1641315392362894,0.002100551516524588,0.07386630613688368,0.20882883326682705,0.11852410140720525,0.06771013002424502,0.0295701633040352,0.32933465139609686,0.045013142056415566,0.09592322780747987,0.40888518062659907,0.26856578421038907,0.37247274639795713,0.04551334500263519,0.5167664687135071,0.33617062798697916,0.052430789626829524,1.0,0.10348212874228521,0.21109202226204513,0.32464507167528595,0.29205110126992073,0.13170311223184678,0.3849892909985125,0.2898550843824299,0.1943027478045346,0.1523676206268627,0.04749572887804419,0.030959721308584928,0.19495696135600574,0.13828657583525567,0.01492708498528921,0.2194316783230943,0.5357725930520663,0.21151401247672388,0.2835331338883239,0.3143892977413479,0.10356992021359811,0.2518162512429311,0.12689794121628986,0.0188495035585622,0.07455719077322005,0.5347483635894649,0.14147204187826978,0.1619467841753728,0.19245141289537537,0.023509431666165672,0.4585430015381699,0.31722321297585554,0.2678139447599851,0.2951167852811152,0.16155535652508646,0.1346308305665511
Los Acetatos,0.02823627576010928,0.07977016574106263,0.06342239375826765,0.4170815320419379,0.23800417060178322,0.07741804503553922,0.1384318956169739,0.12496977423467687,0.5533006403154942,0.0167860404452226,0.09674545518927836,0.7074186628439931,0.05589610793275338,0.1793782583405079,0.44870527017941575,0.2606252155944882,0.6544372612137738,0.05603041386843895,0.1786797341563462,0.22854219941895743,0.19366195407139433,0.07340011612103098,0.44538249754746584,0.34826234132213957,0.1888596794614472,0.5245021921610222,0.6704222685321051,0.47302201030226965,0.060735198722645586,0.10300261474028842,0.5558166284203108,0.36972625390774416,0.35862176851653527,0.1418624424508338,0.11465954887170805,0.01142971343440681,0.35672004363093895,0.014266036086223703,0.3484505198212701,0.04707782215628466,0.04229273775498581,0.6447017503688826,0.10348212874228521,1.0,0.02730587463857389,0.3731987739465175,0.17600795022145793,0.07280113195573976,0.40123903288432705,0.17248892138281638,0.07431283532823289,0.3626771001109469,0.11208911579327116,0.17571760391599886,0.6179412317899963,0.17022796059715878,0.30032553443979476,0.023036435127434713,0.14288708284819607,0.09586172928887175,0.2488960100795848,0.12393427735681771,0.2700591702759498,0.0985843408101543,0.1840843255051009,0.35965463503627976,0.16822712050566058,0.05218966130504305,0.04843450583406974,0.298943093183847,0.4923055463893936,0.4356137777613854,0.3453294200093102,0.10947476881663082,0.25369399832701195,0.00240932784967675,0.20512546639916948,0.024703364582086263
Los Atletas de la Risa,0.1390585343174301,0.1654169778895655,0.09303337537383306,0.0956312157738151,0.2088384126666014,0.02368096563959239,0.06726997655103674,0.21872239538348667,0.1734775694370912,0.17015289411151271,0.5120478540121354,0.046797466789545564,0.1486514809684912,0.2280423196422094,0.13499667703891688,0.3509995987445391,0.052752498225857425,0.14536123116536162,0.2041173169460894,0.10423397809235875,0.25103675801345443,0.023245109005028953,0.1029170020583522,0.13969218316555096,0.8006400632101124,0.047559529667549234,0.0038470923832583446,0.08047408800198853,0.16852708871154296,0.23609039422323513,0.03135376838581352,0.23858027757944492,0.11921023965839127,0.035146886538710786,0.10629283361180895,0.1805321761392442,0.11744601852820036,0.055467535034472486,0.037586414457500016,0.3529235518673753,0.33551477424268145,0.004610649392511898,0.21109202226204513,0.02730587463857389,1.0,0.2284207751779128,0.2584213893093696,0.1509755262510743,0.035068105995958936,0.19185165796429418,0.11526026281693916,0.09563551798610254,0.011656422390343224,0.04164764796112021,0.06409776786131052,0.043921638879887245,0.02140008053435146,0.3562565352191069,0.19023160735157885,0.21182434070040346,0.0647366500826726,0.678742360710223,0.08901265080599854,0.16164073122639933,0.00402913703290883,0.016517027025327907,0.0757979077346413,0.22671000650685355,0.383725223679417,0.4945035396698732,0.010867887321664063,0.07450464394738923,0.2256202099579353,0.3702534195544321,0.14184315153528607,0.31223833959464276,0.19699853345393648,0.22514302307850168
Los Indolatinos,0.3846947110906801,0.27993393517241344,0.3827339355383583,0.3774889241697236,0.38062235406019046,0.16827495090443137,0.4745390725792381,0.39338496875795087,0.4988072051070196,0.377692791059434,0.5724528976628266,0.2516073077416076,0.41310521935503497,0.2939017783629869,0.5787618931741604,0.4405691950266948,0.35549630569486707,0.30898570139933396,0.2207912183911545,0.40117480988266235,0.26756104809619513,0.18668486112654195,0.2948801660761909,0.35658233542981477,0.1670879103928482,0.21584951313189954,0.28767824570905215,0.59309152032411,0.5104742726773096,0.2767848037212951,0.3915885405078137,0.5749875580828073,0.23434851637317472,0.5786220989912484,0.2174527915955942,0.17466226184980221,0.46828734289375,0.12325231661183093,0.15500098116712754,0.35030029242453925,0.47257954289837234,0.26749244820471985,0.32464507167528595,0.3731987739465175,0.2284207751779128,1.0000000000000002,0.5133674131145449,0.34978021195673686,0.34734983112522916,0.3922272079936891,0.18040622738482898,0.39030570943724574,0.6031707864492194,0.24044513846506782,0.3871746406886954,0.2170736479422539,0.2104724459064582,0.28755092885433575,0.3716616561481565,0.5199992701054631,0.5452988370911303,0.32511101981873364,0.25486965061218586,0.2963408283301412,0.521218695075855,0.22702434568603141,0.34229910494360044,0.3736198882132259,0.39463785596727885,0.5131397872581638,0.42906515567313913,0.33126085099741803,0.42297164689171773,0.25328924959259175,0.3943165210191793,0.37103309239841115,0.36751387376146305,0.33047473603138866
Los Locos del Humor,0.22369812164963981,0.3669063033629818,0.23239766778153215,0.17338205799834475,0.3059371813393383,0.28053825484270833,0.3380868275644067,0.3733215005136592,0.35352593865662846,0.1920879893834831,0.5296310320871195,0.10668990853915342,0.29743621919010893,0.5224482034294999,0.3274086056746557,0.5661386947357465,0.08560684697641756,0.21851007097067127,0.29223059879601593,0.304018567998149,0.35564881153297406,0.1388746363204392,0.2247405583290424,0.4006544334984217,0.17036776809441645,0.15430530621204058,0.019837933967204766,0.2373746017878483,0.3604980741795289,0.6358850722552932,0.11133376154855829,0.44816181735274735,0.20612875754548818,0.16093060900943928,0.2350647213050751,0.32964911775321826,0.3036407674714485,0.15987170913461515,0.13026897566551565,0.3378782432049773,0.3792934252552453,0.0724138882712799,0.29205110126992073,0.17600795022145793,0.2584213893093696,0.5133674131145449,1.0,0.26193609410892865,0.26981596174140904,0.38371150302313634,0.6415264439417593,0.5213012989761124,0.12328930865291109,0.13343425253428676,0.3014785574251768,0.12043578727923862,0.03831633454457739,0.2996121728311357,0.28730928058095734,0.391840692357523,0.424549589873914,0.27978792575255285,0.4127103119032651,0.2808326384758514,0.1914394116592378,0.11510192849682725,0.5458294832310854,0.2579194817408286,0.5509748021963398,0.3277808212207894,0.251025863132264,0.1675651678163711,0.3146612319184969,0.33879437255480127,0.3230522736809816,0.3625995624313444,0.43857130573899067,0.347612232022564
Lucho Miranda,0.1322131071141888,0.5403959124504667,0.3421246141832885,0.3039884909624762,0.31804145353460067,0.1288077323452583,0.24433323914344815,0.200436499165532,0.08455060420536976,0.541186056987831,0.31415209006991457,0.010704189932661166,0.3727116641881475,0.5441045553030572,0.42680388880003267,0.42522454185422087,0.2743242917789564,0.37875892636560815,0.30924027217471556,0.24959986070377999,0.3074057895772687,0.23859125563440006,0.11941288521912595,0.4437002038657218,0.040607831568981755,0.08532863596282575,0.009696749162070419,0.14435520740951732,0.44022672517647765,0.3645258608422523,0.5151818044600585,0.15210013454788923,0.1108773199417967,0.05033877620037438,0.5649767920358424,0.14398487577272984,0.6448827980981076,0.09213325745015152,0.21072137187007228,0.36377527069084153,0.5387693706572086,0.052790061213658084,0.13170311223184678,0.07280113195573976,0.1509755262510743,0.34978021195673686,0.26193609410892865,1.0,0.13196146528615704,0.5675626748254023,0.12876985655724252,0.23916990627740833,0.05156020692832714,0.053135537498572916,0.1351404686019091,0.18803204447110938,0.13796978328025458,0.10913307263724316,0.2708448464071144,0.630445582984068,0.39347140122546337,0.16530817972466466,0.12635151884212745,0.24219394132432523,0.049369828680530976,0.019047452744089206,0.1426505523270321,0.2848321128851268,0.43061777315773564,0.3710750219731068,0.08324662469540918,0.09999177040480738,0.23020778558054994,0.23758511973611188,0.5548671271612591,0.19991557182702213,0.37829002685702245,0.5152300948633113
Lucho Navarro,0.2553830928133689,0.17134451707533205,0.14696479455092828,0.18292018090099296,0.28618092084160995,0.2044472779010166,0.1661123770994612,0.34780096961281715,0.5549213276103558,0.1461728674619603,0.11268554098692284,0.5581443394220368,0.2501445574568213,0.3736086772741346,0.32769278901859444,0.2714345580928564,0.34345048022005736,0.22899055053666523,0.19735732595859554,0.5095318307506855,0.3919188666440391,0.1915982486571403,0.47662212542457333,0.23684334869781598,0.15281327530313046,0.19419511469628348,0.13217955545756244,0.3730972620904523,0.13798272451054094,0.0778744446945985,0.15958948147923743,0.23260014545225643,0.3507475190617436,0.29364173716335,0.2594158444054114,0.26712664119206164,0.11757938849813042,0.24897701457753615,0.5788463060764463,0.12962151859893326,0.16513922244854265,0.4025950141694304,0.3849892909985125,0.40123903288432705,0.035068105995958936,0.34734983112522916,0.26981596174140904,0.13196146528615704,0.9999999999999998,0.24560665902518913,0.12200429539745815,0.4406889668842111,0.09870864021378077,0.27447337419899426,0.601863559941718,0.15686754808430853,0.1204549704727694,0.05235057448521142,0.31354009603834737,0.11528673801175014,0.3068883494489127,0.32010653867857236,0.4873558236773775,0.21249458463516877,0.26294958751798025,0.650551166547157,0.24925887678759,0.08140389321778888,0.07498355307440586,0.5291953972414155,0.7803599146748823,0.49085327572309523,0.4328139393330302,0.17891464733682297,0.1487076425438406,0.23015912133475058,0.15802208715629162,0.11532771738386889
Luis Slimming,0.19215013906868234,0.5369340653992285,0.28728846090708277,0.3305363983359217,0.24018591844018108,0.13113180290844148,0.28828724402381417,0.2825608331653707,0.11430515141948415,0.2606350649351637,0.4254419557413238,0.01009171412793326,0.3842578088197309,0.33200522165361424,0.2807481547437726,0.47365767620086174,0.08271157410343441,0.4165471062630231,0.3588262726301829,0.2233408034782812,0.5212560194620209,0.24956087646839598,0.12364173606480822,0.31468058381224356,0.11014516258949053,0.17020108205247644,0.009081878429111408,0.14313043704053807,0.4192258906026148,0.6627770216867133,0.1613067442602984,0.23909168427006294,0.15180006954518077,0.20373106963458082,0.39697146204802736,0.2542708060483523,0.5653469105303744,0.15032506401662768,0.16392072824839554,0.5177404644763831,0.545892797681416,0.06528025111704829,0.2898550843824299,0.17248892138281638,0.19185165796429418,0.3922272079936891,0.38371150302313634,0.5675626748254023,0.24560665902518913,1.0,0.1809494815110419,0.2620540362033583,0.23443002304188276,0.07590577356471187,0.2835515286314244,0.20942574926349217,0.025588532424196977,0.27210032650862453,0.4103496134274253,0.28901462338420725,0.6546749581903234,0.247307743530541,0.09404400370332062,0.32602060274576383,0.17890470758055735,0.03863470708402845,0.19177526277280033,0.2837200406805754,0.3190329474050648,0.40666275656784673,0.3416538840397096,0.02505026405285098,0.2712449577967962,0.48422721200032226,0.24189982690896827,0.20280592763687622,0.3482423532928463,0.3140581013868215
Mauricio Palma,0.14295269615926592,0.12405780591472436,0.12535954190082912,0.23497296179475774,0.28011464232255445,0.026214618535078164,0.3266088914860519,0.16975286377189763,0.3687830949885255,0.24955164675090136,0.36797651023691497,0.1124831130403731,0.17646803764968097,0.6348133826178942,0.2532263262114096,0.284917636037634,0.10525412466975054,0.11932411366055926,0.1752045544808892,0.07345171530017601,0.3914639173620575,0.1561584308822564,0.22807177038660892,0.4096314488574684,0.0422882498586753,0.06381637095432521,0.02896439156829733,0.12673395130147153,0.27574696726073356,0.6199732779402585,0.14597015009915879,0.21852204118894583,0.33683674991759543,0.04057235693179208,0.2123983695211015,0.26467142820229217,0.13326872297986514,0.43670212331026365,0.11028369844486542,0.24286008009813406,0.37460787503578524,0.08076800025390116,0.1943027478045346,0.07431283532823289,0.11526026281693916,0.18040622738482898,0.6415264439417593,0.12876985655724252,0.12200429539745815,0.1809494815110419,1.0000000000000002,0.443278095977475,0.09883949720853702,0.0851842083352433,0.1423239239382668,0.12954499165036348,0.03931434661606303,0.22251687122205402,0.43230295111921985,0.1494646022698651,0.19457550372175297,0.2039278459884688,0.5144780510567428,0.3179299769316049,0.09475893496380075,0.1261391718100928,0.37843847939778247,0.12620014577588307,0.43501147709696486,0.22751195793410459,0.13062390411987354,0.05331987405589246,0.22961377801351743,0.22060363055213353,0.3777730091176149,0.27194049850949054,0.3461387439829679,0.3422333497830854
Melón y Melame,0.16460476119788622,0.21755086297329512,0.1483379415364372,0.6088054613056263,0.4512182003407434,0.21860073611001316,0.34961022282734017,0.5327083357875886,0.3108156055426023,0.16725082679233477,0.2039598189614689,0.18786946950289324,0.22373394503448835,0.38294902620953897,0.5465866508219105,0.3407621015420156,0.13037468378517797,0.2712636161935781,0.18064453850690212,0.29353422983095234,0.37915539713673213,0.14618690242553511,0.2800134720893181,0.4928328859990904,0.10613123803647193,0.6086492644494937,0.03602442378844673,0.3434762742763039,0.1982690005178727,0.399757357901016,0.21082538059970668,0.17834056212068947,0.19885989572257712,0.3713360778338567,0.5026988081093421,0.10364446829345003,0.25315512231101145,0.1452107982589798,0.09250588940060539,0.18877059800066576,0.22406675133084375,0.2901532670661205,0.1523676206268627,0.3626771001109469,0.09563551798610254,0.39030570943724574,0.5213012989761124,0.23916990627740833,0.4406889668842111,0.2620540362033583,0.443278095977475,0.9999999999999998,0.338602343531352,0.07800471987228438,0.6706864726288054,0.17374632003961227,0.1229255072825303,0.10666436339865966,0.2577591229591132,0.1970251976631158,0.3377673070541964,0.18782218203963044,0.3383389243632032,0.3175062756605638,0.37165102399292566,0.08087747121824708,0.22487904241909007,0.16064836968864027,0.4379293448476074,0.4464064231790654,0.27737953667221876,0.6039923795467617,0.3807603247839983,0.22010375881855315,0.3032258470037994,0.11306224291256876,0.3365814318120894,0.23148707522188017
Memo Bunke,0.17854343568874934,0.07093851120351446,0.15687120286126624,0.43713927336330666,0.07860969966880535,0.024351799632988242,0.3641452493618314,0.3980318099992598,0.26601890495079616,0.11060929897114609,0.1888829816126391,0.0880582720122393,0.18673850174184856,0.05979304241746814,0.3335460374927209,0.10929246480016365,0.06680043482499952,0.04912088915181963,0.10723669994832682,0.07697175134344769,0.1529159774659153,0.1574207017448855,0.19968588086061542,0.06714376271527832,0.04213256785792913,0.4060893749667797,0.09925042964642782,0.4738544552984984,0.22068681195285733,0.24613574785384834,0.07785631663368062,0.4714205860250269,0.059178758933559804,0.6623542657318076,0.14965949504132647,0.035008411582276334,0.18350423154875925,0.08186883676648155,0.045285109231055665,0.044458708757413194,0.21569144740766186,0.24424440724369784,0.04749572887804419,0.11208911579327116,0.011656422390343224,0.6031707864492194,0.12328930865291109,0.05156020692832714,0.09870864021378077,0.23443002304188276,0.09883949720853702,0.338602343531352,1.0,0.23981968688191005,0.11973368694699099,0.21146944157850314,0.06046796664157317,0.09681296181949957,0.2550616431411589,0.20910123776492115,0.4069928079806169,0.19182998161917486,0.11321533723733589,0.1552651676104461,0.812712911341093,0.1552140622767173,0.17596967308234207,0.06713709989867311,0.20939348123823284,0.3767359562466863,0.3193214183265969,0.04208464574746982,0.16563228276786873,0.11183278190362686,0.09003377622739904,0.16886489131164714,0.09121936194708241,0.09923155124003204
Memo Bunke y Natalia Cuevas,0.09521768321442774,0.04354615785017859,0.674068229271016,0.055273024653905795,0.05360727338500516,0.14273951084315137,0.12026087289694368,0.0843728261482935,0.37077561935576786,0.05346717093418149,0.08723805835145895,0.3312081990761706,0.1991451374151597,0.1701570700879119,0.0941310612407665,0.09139198970095534,0.24007486471640693,0.040559153913181996,0.0836458379067097,0.09148571431124997,0.20778310327736702,0.11110045466161221,0.32624011599350106,0.0812224426646312,0.048082749364769146,0.06504461670105911,0.16198606635994578,0.5584352478740668,0.06599237026579824,0.07238857905005056,0.15278715543477062,0.3765788657907375,0.4313885125588008,0.2653247974924475,0.39489412890822095,0.47308629190365614,0.04003457039676522,0.038830707439022054,0.3218202206085081,0.037606072445543474,0.05625704483190337,0.45528166357589817,0.030959721308584928,0.17571760391599886,0.04164764796112021,0.24044513846506782,0.13343425253428676,0.053135537498572916,0.27447337419899426,0.07590577356471187,0.0851842083352433,0.07800471987228438,0.23981968688191005,1.0,0.15241824518374902,0.15448095195903228,0.7839404535910127,0.6138577609219905,0.08981196340077167,0.39764935206904695,0.07674236218811688,0.08249399808003378,0.2829692285926534,0.14934260095668386,0.4151735084368803,0.4019128922151312,0.2482019807404929,0.0359006395746074,0.05160450936772269,0.20842129272599597,0.38196596547053413,0.11888530949428636,0.11824099482466742,0.07482220830267852,0.12966341803895587,0.05192101326031146,0.10837337366801134,0.1014031760491783
Millenium Show,0.04800044963237415,0.19760553010711057,0.062426273314656694,0.522002630288579,0.45617667528689254,0.12139499610551689,0.21628266465832224,0.23028896031466284,0.2833567655320205,0.06248568267094371,0.16096008282782065,0.4302786245716212,0.11187272855046332,0.15268132220440267,0.5472456792483291,0.3880681088670084,0.15026753410171767,0.13901578337879048,0.16103813656431581,0.267381201415196,0.3354808953797186,0.08369518185917267,0.208626887035506,0.40199516724563034,0.12462915825110014,0.3908842719421025,0.0463777541697527,0.37434547441747174,0.20975694005894638,0.16272854448695573,0.2156653030953202,0.23703619200896367,0.3167541211546276,0.400421341840848,0.23457470360045313,0.060565836051413365,0.320722747783319,0.252671458022102,0.2175659333070551,0.22812304871600733,0.1617799397555813,0.18070568131091802,0.19495696135600574,0.6179412317899963,0.06409776786131052,0.3871746406886954,0.3014785574251768,0.1351404686019091,0.601863559941718,0.2835515286314244,0.1423239239382668,0.6706864726288054,0.11973368694699099,0.15241824518374902,1.0,0.16869501798301478,0.12694910014264715,0.051685591181297695,0.3526464943881472,0.05823770160246839,0.3423798057436366,0.22226641385460855,0.20909125333258868,0.33915584019436973,0.3283551669342797,0.2332848585629434,0.3004597061206128,0.10101633618387057,0.15049110334582572,0.3890567901625017,0.5265185075341199,0.7353097507273015,0.5035298447939107,0.17461982353876213,0.16545484685415626,0.027155303229594842,0.4242269762729332,0.1513777221502604
Nancho Parra,0.0917359785283905,0.14807873194527266,0.18734143342654438,0.2942934570765504,0.24743518912924747,0.07851047673527743,0.6457763866882026,0.12344431328393403,0.3250013468748091,0.1898714670355925,0.13821238539070616,0.13850999466466754,0.07728898914488343,0.0619543793688191,0.6418253374139818,0.22694198912664332,0.09105531665152851,0.10289120708162197,0.021812855217211016,0.3400937820086492,0.11542295399288766,0.9347747726287043,0.3045104681012373,0.2358149534332776,0.0725045297215372,0.2383485020860531,0.03769833727477481,0.26211442713840805,0.14480647425929705,0.24867679281409644,0.07043678542873302,0.1184888270282395,0.12181876192116531,0.14233653368716015,0.09336975821549136,0.05064764380918791,0.20924217851419127,0.2758444159949277,0.0497697693986948,0.11747240866353931,0.3415143261342182,0.0636623589622375,0.13828657583525567,0.17022796059715878,0.043921638879887245,0.2170736479422539,0.12043578727923862,0.18803204447110938,0.15686754808430853,0.20942574926349217,0.12954499165036348,0.17374632003961227,0.21146944157850314,0.15448095195903228,0.16869501798301478,1.0,0.07441230976790593,0.06147526229852358,0.13454388255227717,0.20894906091857168,0.3700882489936677,0.3620582821518195,0.3500970149324229,0.09217429284223189,0.0756450689174214,0.08371166042569336,0.25243030287784307,0.06665023380972837,0.07605547424093596,0.2657182062480808,0.12070904198592376,0.278922995281774,0.12130976526132883,0.1067707338604034,0.34749969609274717,0.190081557605199,0.27389615000208545,0.6039158609002635
Natalia Cuevas,0.04260909648304047,0.010512833503910935,0.6420845262475672,0.10399059812951589,0.1613074593675082,0.13964535603412642,0.14533167146308773,0.04264581046781966,0.29874970215643243,0.28226739527823563,0.05494695145885592,0.17974406789242806,0.21058355061295606,0.11713271035292376,0.15197805140886275,0.15472630297209916,0.5333249617672666,0.10418815665046025,0.04638344938236647,0.1628398392678526,0.1179524653707558,0.0757981014598576,0.331569612593648,0.12058913863785378,0.07885017109726254,0.24317027292304497,0.4935546394392578,0.5680463939347172,0.1038491522432054,0.016579458484118566,0.4416769715698106,0.14755928602028637,0.3347485707411896,0.14119677107853826,0.46534069804331263,0.39151965675241956,0.09597952429945664,0.09739055180581148,0.1439122445903194,0.00907828481421951,0.04521206892220516,0.5192872525772078,0.01492708498528921,0.30032553443979476,0.02140008053435146,0.2104724459064582,0.03831633454457739,0.13796978328025458,0.1204549704727694,0.025588532424196977,0.03931434661606303,0.1229255072825303,0.06046796664157317,0.7839404535910127,0.12694910014264715,0.07441230976790593,1.0,0.5095646294238619,0.07153896390043787,0.3949618512507282,0.063492972679435,0.014494760950341384,0.25454681338328244,0.1526424720298185,0.17731827250562746,0.10546577918354899,0.10505288925542808,0.2518317295867178,0.0913591232213446,0.13319057848596802,0.10904106766150269,0.16316879448704408,0.2953087130551918,0.02303222418712162,0.24173891807673148,0.012325179490301463,0.0862136063972879,0.10024486855137159
Natalia Valdebenito,0.5863393299709047,0.0450668242015784,0.7775203379887955,0.14721459861472413,0.17233396635968612,0.20543647576195592,0.22324898273325713,0.42787607882876544,0.03730547581381288,0.17126983054166742,0.510215136094504,0.022340937521995636,0.48378757038059483,0.14851956067743338,0.14171353730431727,0.25484338503914966,0.025112691236634496,0.26774703309451287,0.12198920694509278,0.08716133535336446,0.3737435875983923,0.04833844905383684,0.1580048686014117,0.16600461975582695,0.22253067624889503,0.03783074269076557,0.01141421677290534,0.24949827553925463,0.16907281468229016,0.26518542833484177,0.0651991664175155,0.31809419994293264,0.6268124138368817,0.0020335919947226514,0.34571782921811967,0.7556988412623165,0.13558313781859194,0.13043070611359872,0.006575015030270705,0.17369512782814234,0.2932245492349724,0.17761775730126145,0.2194316783230943,0.023036435127434713,0.3562565352191069,0.28755092885433575,0.2996121728311357,0.10913307263724316,0.05235057448521142,0.27210032650862453,0.22251687122205402,0.10666436339865966,0.09681296181949957,0.6138577609219905,0.051685591181297695,0.06147526229852358,0.5095646294238619,1.0,0.306034919072364,0.4013460197586481,0.14517381618516845,0.32494452374481236,0.026766678502639637,0.24030905160833305,0.12994260883681022,0.027617971206030337,0.1576317724217511,0.17307931605132731,0.3370187087155043,0.17542416954088236,0.006919034432309688,0.006470085348979147,0.04976101206437563,0.3665936214359179,0.18074154396109793,0.22763040276256885,0.30893092014157675,0.25092480330755657
Palta Meléndez,0.14550605073922188,0.35654461216683686,0.1219246182778115,0.43098467646944055,0.4642904725576173,0.07019293830283826,0.468159897902347,0.20918602550135856,0.18488265404873838,0.42342754361482277,0.5395205872772987,0.0764716026193111,0.4076515828838924,0.23016086651734552,0.29390460957115255,0.3978588281384634,0.1505736089169364,0.24825177478189078,0.23970742963847036,0.22285982380857897,0.5520829941896803,0.1451462932091656,0.1042868771343537,0.3070987638301081,0.20976159742488495,0.2217034880501711,0.04711245327285787,0.17020616255317506,0.3637556782277824,0.22333359978682923,0.1840026894888456,0.13068782913636312,0.49222681976841215,0.15164417068326305,0.2503854738229366,0.34606151560347176,0.20484205280461182,0.5130275265767703,0.09135772498370476,0.43542644546020776,0.634350200096861,0.09653803142967088,0.5357725930520663,0.14288708284819607,0.19023160735157885,0.3716616561481565,0.28730928058095734,0.2708448464071144,0.31354009603834737,0.4103496134274253,0.43230295111921985,0.2577591229591132,0.2550616431411589,0.08981196340077167,0.3526464943881472,0.13454388255227717,0.07153896390043787,0.306034919072364,0.9999999999999999,0.13789562287281099,0.4526889736991573,0.41335448000083264,0.15281143019537807,0.43037700954465163,0.26898320954883936,0.09835462829592596,0.234088245162725,0.3572582945722094,0.30095723451456735,0.40659809272953806,0.28803325271556535,0.061141282294631734,0.3592902498338772,0.4587688556524195,0.16276899836485814,0.3528279673033677,0.2976602539580811,0.29708883219200816
Pamela Leiva,0.3220187019297463,0.22469204819813426,0.5994733901626447,0.3005888696242048,0.33579708576577727,0.39086487874109244,0.36744538823444856,0.20604566627368706,0.29870548344914327,0.42081562306963366,0.5262480808560663,0.12128733869249678,0.38735110075837154,0.4296312679361025,0.45514140972836653,0.34984941230181155,0.3765011666116473,0.5755762531125865,0.07520919023583024,0.15353523004020267,0.261069239838597,0.2592025777336925,0.2382209239494422,0.4200875829786879,0.09725349042126567,0.08463538653793418,0.14099303873922944,0.35404280427458273,0.37848187330683564,0.22495251480694217,0.6175104760805076,0.4307027041097473,0.36037971532147156,0.18756638882232432,0.406395565233136,0.4042589510267149,0.43308885289842963,0.10948843396621155,0.08340488540547682,0.2938825517241657,0.35337051669177777,0.23784787671524674,0.21151401247672388,0.09586172928887175,0.21182434070040346,0.5199992701054631,0.391840692357523,0.630445582984068,0.11528673801175014,0.28901462338420725,0.1494646022698651,0.1970251976631158,0.20910123776492115,0.39764935206904695,0.05823770160246839,0.20894906091857168,0.3949618512507282,0.4013460197586481,0.13789562287281099,1.0,0.43214098313832205,0.1524230394796131,0.11718487486875719,0.3606845732111927,0.236020452607014,0.13896166893804132,0.3824917733506394,0.3568032036277365,0.5779579621238294,0.3080997327952497,0.1305442185723121,0.09652938377252644,0.20047855691831998,0.19200445108253084,0.6903115221733858,0.1727862852011999,0.44526143970418103,0.6010443189810529
"Paul Vásquez ""El Flaco""",0.14835809897016247,0.2509606381490436,0.3198265351788594,0.5300817309767502,0.4154001614491284,0.25046706446482714,0.48898821815635385,0.2832889738080789,0.1479971050080923,0.36246171287768836,0.43043972915563605,0.06701817455439082,0.34856796842994603,0.24395947170008858,0.5702767662396208,0.38153463904301754,0.19322363456149386,0.3066384801452615,0.16420921994977686,0.29149930922675354,0.21487472162895666,0.4098259995666644,0.1311692186835885,0.3309387259634146,0.1817574277578032,0.32094318273107086,0.012105717535937102,0.114761662374715,0.5002300250423114,0.4437375988000504,0.30653255347260827,0.1816986154124393,0.21796761741554968,0.23004503157561373,0.13602251256477826,0.2275693850080647,0.5646254907803996,0.18637487868346814,0.007578823765500255,0.15355534817550692,0.4276997685044542,0.104828190927771,0.2835331338883239,0.2488960100795848,0.0647366500826726,0.5452988370911303,0.424549589873914,0.39347140122546337,0.3068883494489127,0.6546749581903234,0.19457550372175297,0.3377673070541964,0.4069928079806169,0.07674236218811688,0.3423798057436366,0.3700882489936677,0.063492972679435,0.14517381618516845,0.4526889736991573,0.43214098313832205,0.9999999999999999,0.33326511005770937,0.14096815530691514,0.249052400301695,0.24650019252422725,0.0518790076491155,0.28141064763554197,0.22231283707028146,0.41091563220082267,0.5439098820274602,0.4069261593036599,0.10890689123943163,0.2907268150892713,0.28526517923365163,0.362700289435813,0.2527697250253701,0.2870616357667315,0.4179820368642063
Paulo Iglesias,0.31217318037565756,0.16672468820833755,0.2394222842904829,0.230726609847963,0.12798226890989214,0.15100375507072397,0.4489949155644003,0.38218350929783645,0.1986428578646607,0.2413857746474812,0.4362386512435592,0.058562900504086766,0.3239267847399332,0.21290080813936438,0.3935187287056027,0.33664891617496434,0.10353417386560818,0.1729102575389373,0.2382359382374428,0.3473557785878003,0.23951844698331803,0.39198786462793206,0.20972636028549752,0.11183274213367486,0.7746795371179089,0.1661886523689605,0.016344419502513568,0.16097949592908595,0.24996355150691746,0.3186969493663115,0.11156792740634924,0.13455978039455813,0.15604345135701464,0.05151232264714,0.10007913501619285,0.22939358636799417,0.18143549673305306,0.4116295474709675,0.14981445789510833,0.23069890115259514,0.45001600788658686,0.059578139190665604,0.3143892977413479,0.12393427735681771,0.678742360710223,0.32511101981873364,0.27978792575255285,0.16530817972466466,0.32010653867857236,0.247307743530541,0.2039278459884688,0.18782218203963044,0.19182998161917486,0.08249399808003378,0.22226641385460855,0.3620582821518195,0.014494760950341384,0.32494452374481236,0.41335448000083264,0.1524230394796131,0.33326511005770937,1.0,0.1745856934384698,0.38827032505154796,0.16970555508132645,0.09550523469839793,0.27599093066869196,0.13457599070525908,0.3968394902208906,0.6643682182153914,0.22634565919170443,0.06897252666916796,0.33706788582076846,0.5007739496686042,0.20049436170301393,0.34995772899587796,0.3363889900178475,0.38683592389873106
Payahop,0.03250255318235035,0.0506081229392076,0.05034141016851129,0.13857322373461822,0.1789666631251252,0.016545494052414803,0.24160238309412674,0.07231127176294168,0.6811254688623026,0.40484985617858166,0.11373243479311089,0.5538725240413853,0.0653223459172848,0.5040193743412856,0.3614306243772389,0.27074663509167246,0.45908676531353776,0.09317854268710501,0.20716443826282913,0.3665978892485919,0.390702596033842,0.3980318214359804,0.6541922842738394,0.41874740039756086,0.08621980770025285,0.2204486192930273,0.22404365500481063,0.31530972118767114,0.25733399472080326,0.3187332812033244,0.11881317336393493,0.2635091231205021,0.24137711082384994,0.12871964556765578,0.256214045545959,0.021142111350818817,0.18035887751093765,0.2036608611590131,0.5920244884066842,0.043717359719284955,0.16251497116739597,0.3607349947091776,0.10356992021359811,0.2700591702759498,0.08901265080599854,0.25486965061218586,0.4127103119032651,0.12635151884212745,0.4873558236773775,0.09404400370332062,0.5144780510567428,0.3383389243632032,0.11321533723733589,0.2829692285926534,0.20909125333258868,0.3500970149324229,0.25454681338328244,0.026766678502639637,0.15281143019537807,0.11718487486875719,0.14096815530691514,0.1745856934384698,1.0,0.1549236746864926,0.11908609825846765,0.611097242674323,0.33125173207837166,0.3491905115692528,0.1860726295290308,0.4037971642011522,0.5140585118002452,0.2796384443709329,0.43453217448881337,0.12252062961519036,0.3586467878787332,0.24194293387762913,0.18483792360944556,0.2517366833842724
Pedro Ruminot,0.13609560230223702,0.13059216605487384,0.21417539069615701,0.5146924505478302,0.22118061871490757,0.3461022928824449,0.6406006053263955,0.1445810111921549,0.22113539466970372,0.22284547741070937,0.44871116550758683,0.14233395473918764,0.3224086104865705,0.26905897414074736,0.3028406416517774,0.3009832257209002,0.19689909801548977,0.5480998241333483,0.21551689418007192,0.23990239070385222,0.6580473483281499,0.24966887883785227,0.21418861012984913,0.41462247366083066,0.17598484691029306,0.12533680121195132,0.04405324339171654,0.20907842639164312,0.4943820630950675,0.37856134324113266,0.39241440135787975,0.14839546292107322,0.20628598128850123,0.15996524447908483,0.2656240768468696,0.1313825346461557,0.2650987816290979,0.6010838660047395,0.19712185079620792,0.4284403603437414,0.41294213239215655,0.19031712257798467,0.2518162512429311,0.0985843408101543,0.16164073122639933,0.2963408283301412,0.2808326384758514,0.24219394132432523,0.21249458463516877,0.32602060274576383,0.3179299769316049,0.3175062756605638,0.1552651676104461,0.14934260095668386,0.33915584019436973,0.09217429284223189,0.1526424720298185,0.24030905160833305,0.43037700954465163,0.3606845732111927,0.249052400301695,0.38827032505154796,0.1549236746864926,0.9999999999999999,0.21778154843566563,0.17071071493663867,0.6039542640954404,0.4518307360546411,0.5870614312990017,0.39511939727133494,0.21390390578423954,0.1800781551281198,0.3405192744296072,0.6802458504157597,0.3344094715202563,0.20384170629451542,0.7366000209114286,0.472771154047353
Piña Colada,0.10354793157719261,0.12807394596665964,0.15752263329090266,0.2140016363864473,0.04239037504493164,0.026365052706621872,0.2085014313963679,0.3171113568601261,0.3196860389167269,0.018086331742457613,0.08600620353564668,0.1042819972199455,0.11829606966528997,0.08795631810317693,0.2336301748873228,0.09856947615505039,0.07403184171009139,0.04460838733506387,0.16338706609068546,0.13746906559878289,0.21806277896398737,0.03256091714576964,0.17935060634298425,0.10428717248930797,0.09556510266359755,0.39892047703307415,0.11486045350935589,0.5969699303449488,0.11411687292603953,0.14417228839534085,0.11365992054947152,0.5464977132720954,0.09659864988635952,0.7034199974666511,0.15974652653653162,0.07073070167447199,0.07099847881924262,0.1417399081299409,0.07403714885109647,0.10567171474956276,0.04214687813611865,0.264867783163333,0.12689794121628986,0.1840843255051009,0.00402913703290883,0.521218695075855,0.1914394116592378,0.049369828680530976,0.26294958751798025,0.17890470758055735,0.09475893496380075,0.37165102399292566,0.812712911341093,0.4151735084368803,0.3283551669342797,0.0756450689174214,0.17731827250562746,0.12994260883681022,0.26898320954883936,0.236020452607014,0.24650019252422725,0.16970555508132645,0.11908609825846765,0.21778154843566563,0.9999999999999999,0.2035665800477254,0.2782105974752688,0.03247594439880014,0.20603553523599014,0.23259058133438323,0.4933131855314821,0.042002863807107375,0.23737328699775384,0.12036175793398847,0.07112195719691536,0.01781428976176075,0.17508758323984286,0.07293493256139104
Profesor Salomón y Tutu-Tutu,0.02695194613853528,0.022033435211423747,0.016211387060376347,0.11095075678079905,0.03990865739890775,0.0030513137894125015,0.0729881258116706,0.03825491372464725,0.7063104865258104,0.01399834631643462,0.0526802705366546,0.8634680446250058,0.03167849380506104,0.3557150514200932,0.07406300163597833,0.039561671150914045,0.46557282566723235,0.046537272777235385,0.14521034208925698,0.04466607455373059,0.426737441780596,0.12445779665329296,0.683748625585374,0.1274264641964007,0.0702655370898868,0.02262922495292024,0.2118922281491472,0.3344225994309968,0.03387887275368944,0.03291689313686367,0.1365470321639571,0.4224850356235815,0.36806691543462794,0.16358380250254934,0.08101373308819709,0.02829566589565497,0.028141322106613464,0.02658480277922964,0.875480066180711,0.023333017706025007,0.036579792100998945,0.5809633577541383,0.0188495035585622,0.35965463503627976,0.016517027025327907,0.22702434568603141,0.11510192849682725,0.019047452744089206,0.650551166547157,0.03863470708402845,0.1261391718100928,0.08087747121824708,0.1552140622767173,0.4019128922151312,0.2332848585629434,0.08371166042569336,0.10546577918354899,0.027617971206030337,0.09835462829592596,0.13896166893804132,0.0518790076491155,0.09550523469839793,0.611097242674323,0.17071071493663867,0.2035665800477254,0.9999999999999998,0.34884851153289614,0.008020051222829129,0.03138601174747904,0.4963688838072974,0.8004149431488456,0.2825241522079877,0.14092580058360168,0.08793245645607657,0.1493942827105126,0.03165115887736922,0.07320939904510222,0.045993921758379665
Pujillay,0.12941789122912178,0.32646890705882925,0.22115299186935453,0.24223148574328024,0.22930682040345718,0.354108043708453,0.5397426488691819,0.17793784887864803,0.3477468850084431,0.09194388826127402,0.24540745442708237,0.31848514326729965,0.3766073683733362,0.3106193590712423,0.3074685490048794,0.45127521666222903,0.1802955134821164,0.13353061866487395,0.1451162230327955,0.14121495999177575,0.4789458186639797,0.3158532876896142,0.38059694660208804,0.18666183600594463,0.1536935405247109,0.10637901735004526,0.08382547435071765,0.2943722634381782,0.3928373664527049,0.5051004646059557,0.281551490088909,0.4340862924978272,0.263319747417863,0.174945399126433,0.14444671548854876,0.21809181877301131,0.17962899278403122,0.6083407869348667,0.3288094556073684,0.2637630436927425,0.2880455946504086,0.2187968254552236,0.07455719077322005,0.16822712050566058,0.0757979077346413,0.34229910494360044,0.5458294832310854,0.1426505523270321,0.24925887678759,0.19177526277280033,0.37843847939778247,0.22487904241909007,0.17596967308234207,0.2482019807404929,0.3004597061206128,0.25243030287784307,0.10505288925542808,0.1576317724217511,0.234088245162725,0.3824917733506394,0.28141064763554197,0.27599093066869196,0.33125173207837166,0.6039542640954404,0.2782105974752688,0.34884851153289614,1.0000000000000002,0.09895991049124749,0.6238305102844194,0.34878361914966954,0.3083794201901505,0.1603903406191143,0.24348640338330063,0.19267996362746867,0.22287919195914074,0.18919971802042548,0.6503533737358046,0.44001113451837126
Ricardo Meruane,0.01849915590872136,0.08869167338379672,0.11948843395675333,0.31394715146726615,0.25417231218988967,0.05596060504081113,0.28632501338802757,0.053713413304651965,0.2151780475616315,0.5718753253492852,0.5925634549438763,0.04430844931311198,0.16525498601510108,0.19462276986643745,0.3629927835829479,0.39632147689330455,0.28484853167915564,0.5874857787037954,0.22421431756046448,0.32318103659673275,0.4469394484015854,0.09815279537874262,0.19353681941171144,0.5942365378351303,0.07951905159794335,0.23360933272417828,0.10646156690785229,0.10399136947360571,0.4113825925451006,0.07943605800121775,0.23558369619379774,0.05239643452570308,0.05872704059062381,0.041922689238498796,0.22986083208443644,0.03531321691391933,0.3743686893009338,0.20306340550459218,0.067663347567783,0.4711061730172495,0.40476539023902847,0.06933767318991553,0.5347483635894649,0.05218966130504305,0.22671000650685355,0.3736198882132259,0.2579194817408286,0.2848321128851268,0.08140389321778888,0.2837200406805754,0.12620014577588307,0.16064836968864027,0.06713709989867311,0.0359006395746074,0.10101633618387057,0.06665023380972837,0.2518317295867178,0.17307931605132731,0.3572582945722094,0.3568032036277365,0.22231283707028146,0.13457599070525908,0.3491905115692528,0.4518307360546411,0.03247594439880014,0.008020051222829129,0.09895991049124749,1.0,0.34623165965705904,0.19793748917886508,0.058371522643668614,0.08893446222663857,0.5910034868557253,0.4761290970697973,0.504512880133211,0.31449049060208323,0.27727644694204095,0.30097813450177235
Rodrigo González,0.3028614369903973,0.31286989291201855,0.3715231473812097,0.41827844659551744,0.37213369690144016,0.34026814048246906,0.49618047951566374,0.4200025583743506,0.17161884466009722,0.2903862991012213,0.4585558533773405,0.04665158710029319,0.5313684668331642,0.5458811227011339,0.4553247629491145,0.4782824725722108,0.20902181435333014,0.40812466597654956,0.2816559775633013,0.13143300242989184,0.547572315388764,0.1666046739952633,0.19643708432588716,0.5188532588484361,0.3992396658762935,0.2861905316348858,0.011004428030631818,0.07721919249410476,0.4122292418059341,0.5064025373405596,0.44214478472615115,0.2549599384993833,0.1875659847955736,0.019762450200790274,0.3025768653753661,0.21780554787510636,0.30802921500695973,0.3905090122641294,0.03783711700695469,0.29370193692536556,0.39818416313415855,0.17777689738118302,0.14147204187826978,0.04843450583406974,0.383725223679417,0.39463785596727885,0.5509748021963398,0.43061777315773564,0.07498355307440586,0.3190329474050648,0.43501147709696486,0.4379293448476074,0.20939348123823284,0.05160450936772269,0.15049110334582572,0.07605547424093596,0.0913591232213446,0.3370187087155043,0.30095723451456735,0.5779579621238294,0.41091563220082267,0.3968394902208906,0.1860726295290308,0.5870614312990017,0.20603553523599014,0.03138601174747904,0.6238305102844194,0.34623165965705904,0.9999999999999997,0.46721438760708317,0.058900994897388974,0.05024118235716044,0.23229134981749708,0.4362713334344265,0.48304005071414197,0.3103604252353582,0.542539236107168,0.5737638106253999
Rodrigo Villegas,0.09430769461645735,0.28231356556770304,0.24445229741409089,0.5186858303823921,0.42866700896937554,0.13873907482779627,0.4556489288109587,0.3581098469524263,0.4814660547340145,0.3487799848589447,0.39320939946671934,0.44187846710318257,0.35129632761119695,0.45362301641721,0.44927719658143417,0.351818464987255,0.36839924463895307,0.249778469081302,0.37541502353400136,0.205160646344621,0.4224593371047109,0.29968452138573787,0.4919071731076699,0.2981772529839031,0.5881904841520808,0.2779506960450822,0.10516407240473427,0.3557735151184342,0.36325963921960863,0.40006176906962987,0.2767192470343007,0.2795254404606556,0.2509212074075423,0.29141076910838054,0.3515992225545153,0.0986172394366447,0.4166367945357494,0.2026994765801903,0.5598066392196857,0.19208571347137682,0.47066021329084134,0.3975367342172975,0.1619467841753728,0.298943093183847,0.4945035396698732,0.5131397872581638,0.3277808212207894,0.3710750219731068,0.5291953972414155,0.40666275656784673,0.22751195793410459,0.4464064231790654,0.3767359562466863,0.20842129272599597,0.3890567901625017,0.2657182062480808,0.13319057848596802,0.17542416954088236,0.40659809272953806,0.3080997327952497,0.5439098820274602,0.6643682182153914,0.4037971642011522,0.39511939727133494,0.23259058133438323,0.4963688838072974,0.34878361914966954,0.19793748917886508,0.46721438760708317,1.0000000000000002,0.5549212267815489,0.40993162056868726,0.39843173184117714,0.4077601765274212,0.3326322267129153,0.27177942542630507,0.23865970700464445,0.337658939037189
Rudy Rey,0.006783915784417688,0.1407329849299241,0.05277692582997391,0.17419707112569707,0.1117035822459542,0.010488028125616462,0.12270459913192226,0.11491153110616792,0.6592089616879968,0.0735020797934638,0.12087700583035656,0.6803078172598033,0.05258883398406544,0.3176055558353241,0.2256951998384098,0.12765722236388524,0.41568644069290484,0.1249320197689709,0.2372863326761289,0.22221394132421038,0.407040895138589,0.15146248708264173,0.5549671470692514,0.20652862849706818,0.17344142431696402,0.22085653551130016,0.21269797127567727,0.42620404048391153,0.1506008659908609,0.13642311487302503,0.17225919645899587,0.43674863616932386,0.28249459828097434,0.36873829934710023,0.07424534120808732,0.008236018231674622,0.18554510111157305,0.07533032711074161,0.6654491027454161,0.1324600726072792,0.09024537080413095,0.5057982567759021,0.19245141289537537,0.4923055463893936,0.010867887321664063,0.42906515567313913,0.251025863132264,0.08324662469540918,0.7803599146748823,0.3416538840397096,0.13062390411987354,0.27737953667221876,0.3193214183265969,0.38196596547053413,0.5265185075341199,0.12070904198592376,0.10904106766150269,0.006919034432309688,0.28803325271556535,0.1305442185723121,0.4069261593036599,0.22634565919170443,0.5140585118002452,0.21390390578423954,0.4933131855314821,0.8004149431488456,0.3083794201901505,0.058371522643668614,0.058900994897388974,0.5549212267815489,1.0,0.269686556303625,0.3337632337218981,0.199874007292649,0.17098328668521035,0.014181609630800928,0.1242720995449353,0.0683788960754116
Ruperto,0.020399274430502604,0.025341971006235014,0.03854482553448555,0.47889999656517745,0.576672504942965,0.06551007934068605,0.2768852965952344,0.1811210474345549,0.3602678611639861,0.04997130123666309,0.06404586304351605,0.452465596263819,0.023898782243031352,0.14489571486144526,0.5016660170869846,0.2431191326747748,0.1758114692219987,0.10870891644071033,0.0664220788177135,0.2012671982909953,0.18871766254113184,0.19443502054419087,0.27295195134180583,0.38197930279707326,0.03517790569588979,0.16083762173991903,0.057888176984481926,0.4719069661498077,0.07263098050706042,0.03406854505190649,0.13573805979970666,0.20391630592869647,0.2327457730272699,0.4889786220903718,0.21895032802731984,0.0036200153982030446,0.21999414161208639,0.043780723737791946,0.2877381347304914,0.014021165923371395,0.08633029814891424,0.16757999749704833,0.023509431666165672,0.4356137777613854,0.07450464394738923,0.33126085099741803,0.1675651678163711,0.09999177040480738,0.49085327572309523,0.02505026405285098,0.05331987405589246,0.6039923795467617,0.04208464574746982,0.11888530949428636,0.7353097507273015,0.278922995281774,0.16316879448704408,0.006470085348979147,0.061141282294631734,0.09652938377252644,0.10890689123943163,0.06897252666916796,0.2796384443709329,0.1800781551281198,0.042002863807107375,0.2825241522079877,0.1603903406191143,0.08893446222663857,0.05024118235716044,0.40993162056868726,0.269686556303625,1.0,0.32123556691898686,0.044946850483054426,0.22127545275042868,0.03908535116072037,0.24859695713668423,0.1766942978180385
Sandy,0.14391409194362512,0.26466521308493635,0.18091990996477417,0.3490882413476987,0.42379260894893556,0.1622845463162625,0.24166280117146213,0.2938483442649864,0.3691929317808637,0.5364414496447173,0.43684518153965873,0.2517269449579074,0.22908738329388614,0.42428665611347127,0.5209280315503234,0.7054191801665366,0.32843833862854555,0.31139535949602515,0.42635071693622184,0.35917338245607405,0.3709908795626804,0.11094272169653394,0.41380283543252305,0.33857582064763153,0.13144212414946366,0.4051894839622173,0.16615061082042393,0.3471784952348534,0.2564213274676233,0.2559714295275375,0.21262533001048753,0.27921318116354527,0.2131871517772006,0.21484080334786862,0.33504528222090313,0.1899707783106488,0.38419235853415995,0.4662424018459103,0.28224985363521843,0.42466636579693706,0.35703219126555596,0.11207799184920954,0.4585430015381699,0.3453294200093102,0.2256202099579353,0.42297164689171773,0.3146612319184969,0.23020778558054994,0.4328139393330302,0.2712449577967962,0.22961377801351743,0.3807603247839983,0.16563228276786873,0.11824099482466742,0.5035298447939107,0.12130976526132883,0.2953087130551918,0.04976101206437563,0.3592902498338772,0.20047855691831998,0.2907268150892713,0.33706788582076846,0.43453217448881337,0.3405192744296072,0.23737328699775384,0.14092580058360168,0.24348640338330063,0.5910034868557253,0.23229134981749708,0.39843173184117714,0.3337632337218981,0.32123556691898686,1.0000000000000002,0.2904648849357186,0.4531710074540605,0.35085909595582004,0.29054308430322756,0.2514486936597606
Sergio Freire,0.1742642305512565,0.18098413241179187,0.1624351022463415,0.38839274776530025,0.22368000119420953,0.2839934224029036,0.5292382636320757,0.2523268957273181,0.18265205424671183,0.17802665199529713,0.5421841581383335,0.08120316598033302,0.2598250401231151,0.3339594080838489,0.2068786755869806,0.3917918775124647,0.11678870033164493,0.5111703143558674,0.5339584899657424,0.31889121230559225,0.6444438179100886,0.23390673664997308,0.14329246637616533,0.47944069504051484,0.33698894190307677,0.1499584782552099,0.012798960466117802,0.1376693494253752,0.256302325677314,0.347252688319027,0.1091719353914591,0.23360338293508706,0.15131810492844322,0.05641538646828206,0.1828090768558832,0.1817023273918552,0.28100225442059185,0.19215668960259433,0.16709263639005328,0.3276906962010421,0.4311573940998161,0.09970681055741586,0.31722321297585554,0.10947476881663082,0.3702534195544321,0.25328924959259175,0.33879437255480127,0.23758511973611188,0.17891464733682297,0.48422721200032226,0.22060363055213353,0.22010375881855315,0.11183278190362686,0.07482220830267852,0.17461982353876213,0.1067707338604034,0.02303222418712162,0.3665936214359179,0.4587688556524195,0.19200445108253084,0.28526517923365163,0.5007739496686042,0.12252062961519036,0.6802458504157597,0.12036175793398847,0.08793245645607657,0.19267996362746867,0.4761290970697973,0.4362713334344265,0.4077601765274212,0.199874007292649,0.044946850483054426,0.2904648849357186,0.9999999999999998,0.2609552470774161,0.4015526406105614,0.4341281530535476,0.4072326433511984
Stefan Kramer,0.18037218919964756,0.14399745993888302,0.3634969841235778,0.4304184783289705,0.314044894338004,0.1362834787345381,0.41873049311877086,0.15693583284003648,0.3616629017812502,0.6356580101415191,0.5123593650761833,0.23827400362619808,0.17367123241982585,0.5742579193325653,0.631410284323897,0.3662580785964604,0.42334166878874624,0.5667301005013589,0.08899638628348153,0.21364457434787046,0.3160150234981295,0.36414694416055476,0.44693325235761,0.6504514717974501,0.10283431227140252,0.2239686535527875,0.1697782875040212,0.28593044946990365,0.28345635642111583,0.22567826394815335,0.5472721389078988,0.35116138808066577,0.2555294577428912,0.0645586661303285,0.26006822201759205,0.15708509075577456,0.521351013082762,0.23763535555689316,0.134046013304598,0.29447414907057756,0.46561255096996645,0.19161825047455053,0.2678139447599851,0.25369399832701195,0.14184315153528607,0.3943165210191793,0.3230522736809816,0.5548671271612591,0.1487076425438406,0.24189982690896827,0.3777730091176149,0.3032258470037994,0.09003377622739904,0.12966341803895587,0.16545484685415626,0.34749969609274717,0.24173891807673148,0.18074154396109793,0.16276899836485814,0.6903115221733858,0.362700289435813,0.20049436170301393,0.3586467878787332,0.3344094715202563,0.07112195719691536,0.1493942827105126,0.22287919195914074,0.504512880133211,0.48304005071414197,0.3326322267129153,0.17098328668521035,0.22127545275042868,0.4531710074540605,0.2609552470774161,1.0000000000000004,0.14914978924211705,0.40941113705805876,0.6147927847738999
Zip-Zup,0.29811604694844657,0.0920086000583552,0.19216581604261967,0.20413497741170553,0.2863023416775407,0.10363680631968429,0.3137926040257459,0.42424527030752446,0.19002363168930958,0.33891304815393336,0.5431083033584504,0.06908113282463291,0.2055008067856222,0.49793675216989997,0.3291535231892587,0.607135186596651,0.1011310243212257,0.10135523786704832,0.45561434942277923,0.5620701596309741,0.373574916527506,0.16685595886071974,0.14325268694717416,0.33672781369933413,0.06817289075745898,0.06323938679565695,0.0015516703129102383,0.08725333130638911,0.5518993026211594,0.30944819827059095,0.12560748845490446,0.29915354713213665,0.1354761503978904,0.015977362343996392,0.1288311865864422,0.386290502286053,0.26673768521012,0.35384483638709324,0.00990175372863293,0.2001871752884547,0.551460360612464,0.013402547297115895,0.2951167852811152,0.00240932784967675,0.31223833959464276,0.37103309239841115,0.3625995624313444,0.19991557182702213,0.23015912133475058,0.20280592763687622,0.27194049850949054,0.11306224291256876,0.16886489131164714,0.05192101326031146,0.027155303229594842,0.190081557605199,0.012325179490301463,0.22763040276256885,0.3528279673033677,0.1727862852011999,0.2527697250253701,0.34995772899587796,0.24194293387762913,0.20384170629451542,0.01781428976176075,0.03165115887736922,0.18919971802042548,0.31449049060208323,0.3103604252353582,0.27177942542630507,0.014181609630800928,0.03908535116072037,0.35085909595582004,0.4015526406105614,0.14914978924211705,0.9999999999999999,0.37410184858573836,0.4883091613905711
Álvaro Salas,0.27734083270520354,0.08403967138171661,0.23603805572845526,0.47486399967371484,0.21674401770182528,0.18800517360299107,0.5413470954822506,0.3418600730781609,0.1419331940238589,0.29638741651871836,0.5323870214114251,0.15307613576637422,0.17926413449707088,0.31285535824476657,0.47257775159709836,0.47302077091351163,0.14852905109637313,0.3129828177032302,0.1514737721872655,0.403538598056958,0.5678694648512459,0.3474160811643264,0.29075816712494384,0.4202195178161229,0.055144290687792905,0.17713083213357483,0.0322343057324523,0.22270705950965206,0.679633850838964,0.5259449212783145,0.4299389833864934,0.39278812742540337,0.3007959639102858,0.12349125446817771,0.16915427732252092,0.30686772705493076,0.45730301435149695,0.6036869454053695,0.06524327810544543,0.3494956740277925,0.4576438486331644,0.08965299136487083,0.16155535652508646,0.20512546639916948,0.19699853345393648,0.36751387376146305,0.43857130573899067,0.37829002685702245,0.15802208715629162,0.3482423532928463,0.3461387439829679,0.3365814318120894,0.09121936194708241,0.10837337366801134,0.4242269762729332,0.27389615000208545,0.0862136063972879,0.30893092014157675,0.2976602539580811,0.44526143970418103,0.2870616357667315,0.3363889900178475,0.18483792360944556,0.7366000209114286,0.17508758323984286,0.07320939904510222,0.6503533737358046,0.27727644694204095,0.542539236107168,0.23865970700464445,0.1242720995449353,0.24859695713668423,0.29054308430322756,0.4341281530535476,0.40941113705805876,0.37410184858573836,1.0000000000000002,0.672628894307786
Óscar Gangas,0.2453307769754285,0.1233145193973067,0.31055042709751335,0.33594560779471905,0.3956938152083259,0.08630402191876622,0.6464983222265597,0.29917956143503893,0.2764188767030986,0.3807721412769818,0.5364493139453848,0.04191663533622474,0.1286277116174976,0.5048632819460245,0.6033686183951859,0.4797936552059212,0.24589515997046052,0.35300007138858025,0.322004327713445,0.2847831609939384,0.48116079692416575,0.6581719104581454,0.3172129577660389,0.4848813193077558,0.08541055673786423,0.14446337092529274,0.005437844178753638,0.20669255039808018,0.46540927374170826,0.41791247048715396,0.42347229646685797,0.30069695355305887,0.20136558856512643,0.04534933786088647,0.15221166169227388,0.22940118949158533,0.33110877834497454,0.4674363628715141,0.016123347699099226,0.2829054434095917,0.511240607620626,0.04744391011305326,0.1346308305665511,0.024703364582086263,0.22514302307850168,0.33047473603138866,0.347612232022564,0.5152300948633113,0.11532771738386889,0.3140581013868215,0.3422333497830854,0.23148707522188017,0.09923155124003204,0.1014031760491783,0.1513777221502604,0.6039158609002635,0.10024486855137159,0.25092480330755657,0.29708883219200816,0.6010443189810529,0.4179820368642063,0.38683592389873106,0.2517366833842724,0.472771154047353,0.07293493256139104,0.045993921758379665,0.44001113451837126,0.30097813450177235,0.5737638106253999,0.337658939037189,0.0683788960754116,0.1766942978180385,0.2514486936597606,0.4072326433511984,0.6147927847738999,0.4883091613905711,0.672628894307786,1.0
