segment_idx,show,year
0,Edmundo Arrocet,1971
1,Edmundo Arrocet,1971
2,Edmundo Arrocet,1971
3,Tato Cifuentes,1973
4,Tato Cifuentes,1973
5,Tato Cifuentes,1973
6,Tato Cifuentes,1973
7,Tato Cifuentes,1973
8,Tato Cifuentes,1973
9,Tato Cifuentes,1973
10,Tato Cifuentes,1973
11,Los Acetatos,1973
12,Los Acetatos,1973
13,Los Acetatos,1973
14,Los Acetatos,1973
15,Los Acetatos,1973
16,Los Acetatos,1973
17,Los Acetatos,1973
18,Los Acetatos,1973
19,Los Acetatos,1973
20,Los Acetatos,1973
21,Los Acetatos,1973
22,Los Acetatos,1973
23,Los Acetatos,1973
24,Los Acetatos,1973
25,Los Acetatos,1973
26,Los Acetatos,1973
27,Los Acetatos,1973
28,Los Acetatos,1973
29,Los Acetatos,1973
30,Los Acetatos,1973
31,Los Acetatos,1973
32,Tato Cifuentes,1974
33,Tato Cifuentes,1974
34,Tato Cifuentes,1974
35,Hugo Goodman,1974
36,Hugo Goodman,1974
37,Hugo Goodman,1974
38,Hugo Goodman,1974
39,Hugo Goodman,1974
40,Hugo Goodman,1974
41,Hugo Goodman,1974
42,Hugo Goodman,1974
43,Hugo Goodman,1974
44,Hugo Goodman,1974
45,Hugo Goodman,1974
46,Hugo Goodman,1974
47,Hugo Goodman,1974
48,Hugo Goodman,1974
49,Hugo Goodman,1974
50,Hugo Goodman,1974
51,Hugo Goodman,1974
52,Hugo Goodman,1974
53,Los Muleros,1976
54,Los Muleros,1976
55,Los Muleros,1976
56,Los Muleros,1976
57,Los Muleros,1976
58,Los Muleros,1976
59,Los Muleros,1976
60,Gloria Benavides,1977
61,Gloria Benavides,1977
62,Gloria Benavides,1977
63,Gloria Benavides,1977
64,Gloria Benavides,1977
65,Gloria Benavides,1977
66,Gloria Benavides,1977
67,Gloria Benavides,1977
68,Gloria Benavides,1977
69,Gloria Benavides,1977
70,Gloria Benavides,1977
71,Gloria Benavides,1977
72,Gloria Benavides,1977
73,Gloria Benavides,1977
74,Gloria Benavides,1977
75,Gloria Benavides,1977
76,Gloria Benavides,1977
77,Gloria Benavides,1977
78,Gloria Benavides,1977
79,Gloria Benavides,1977
80,Gloria Benavides,1977
81,Gloria Benavides,1977
82,Gloria Benavides,1977
83,Gloria Benavides,1977
84,Gloria Benavides,1977
85,Edmundo Arrocet,1978
86,Edmundo Arrocet,1978
87,Edmundo Arrocet,1978
88,Edmundo Arrocet,1978
89,Edmundo Arrocet,1978
90,Edmundo Arrocet,1978
91,Edmundo Arrocet,1978
92,Edmundo Arrocet,1978
93,Edmundo Arrocet,1978
94,Edmundo Arrocet,1978
95,Edmundo Arrocet,1978
96,Edmundo Arrocet,1978
97,Edmundo Arrocet,1978
98,Edmundo Arrocet,1978
99,Edmundo Arrocet,1978
100,Edmundo Arrocet,1978
101,Edmundo Arrocet,1978
102,Edmundo Arrocet,1978
103,Edmundo Arrocet,1978
104,Edmundo Arrocet,1978
105,Edmundo Arrocet,1978
106,Edmundo Arrocet,1978
107,Edmundo Arrocet,1978
108,Edmundo Arrocet,1978
109,Edmundo Arrocet,1978
110,Edmundo Arrocet,1978
111,Edmundo Arrocet,1978
112,Edmundo Arrocet,1978
113,Edmundo Arrocet,1978
114,Edmundo Arrocet,1978
115,Edmundo Arrocet,1978
116,Carlos Helo,1979
117,Carlos Helo,1979
118,Carlos Helo,1979
119,Carlos Helo,1979
120,Carlos Helo,1979
121,Carlos Helo,1979
122,Carlos Helo,1979
123,Carlos Helo,1979
124,Carlos Helo,1979
125,Carlos Helo,1979
126,Jorge Romero,1979
127,Jorge Romero,1979
128,Jorge Romero,1979
129,Jorge Romero,1979
130,Jorge Romero,1979
131,Jorge Romero,1979
132,Jorge Romero,1979
133,Jorge Romero,1979
134,Jorge Romero,1979
135,Jorge Romero,1979
136,Jorge Romero,1979
137,Jorge Romero,1979
138,Jorge Romero,1979
139,Jorge Romero,1979
140,Jorge Romero,1979
141,Coco Legrand,1980
142,Coco Legrand,1980
143,Coco Legrand,1980
144,Coco Legrand,1980
145,Coco Legrand,1980
146,Coco Legrand,1980
147,Coco Legrand,1980
148,Coco Legrand,1980
149,Coco Legrand,1980
150,Coco Legrand,1980
151,Coco Legrand,1980
152,"Esteban ""Ronco"" Retes",1984
153,"Esteban ""Ronco"" Retes",1984
154,"Esteban ""Ronco"" Retes",1984
155,"Esteban ""Ronco"" Retes",1984
156,"Esteban ""Ronco"" Retes",1984
157,"Esteban ""Ronco"" Retes",1984
158,"Esteban ""Ronco"" Retes",1984
159,"Esteban ""Ronco"" Retes",1984
160,"Esteban ""Ronco"" Retes",1984
161,"Esteban ""Ronco"" Retes",1984
162,El Huaso Clavel,1988
163,El Huaso Clavel,1988
164,El Huaso Clavel,1988
165,El Huaso Clavel,1988
166,El Huaso Clavel,1988
167,El Huaso Clavel,1988
168,El Huaso Clavel,1988
169,Hugo Varela,1989
170,Hugo Varela,1989
171,Hugo Varela,1989
172,Hugo Varela,1989
173,Hugo Varela,1989
174,Hugo Varela,1989
175,Hugo Varela,1989
176,Hugo Varela,1989
177,Hugo Varela,1989
178,Hugo Varela,1989
179,Hugo Varela,1989
180,Hugo Varela,1989
181,Hugo Varela,1989
182,Hugo Varela,1989
183,Hugo Varela,1989
184,Hugo Varela,1989
185,Hugo Varela,1989
186,Hugo Varela,1989
187,Hugo Varela,1989
188,Hugo Varela,1989
189,Hugo Varela,1989
190,Hugo Varela,1989
191,Hugo Varela,1989
192,Hugo Varela,1989
193,Hugo Varela,1989
194,Hugo Varela,1989
195,Hugo Varela,1989
196,Hugo Varela,1989
197,Hugo Varela,1989
198,Hugo Varela,1989
199,Hugo Varela,1989
200,Hugo Varela,1989
201,Hugo Varela,1989
202,Hugo Varela,1989
203,Hugo Varela,1989
204,Hugo Varela,1989
205,Hugo Varela,1989
206,Hugo Varela,1989
207,Pujillay,1990
208,Pujillay,1990
209,Pujillay,1990
210,Pujillay,1990
211,Pujillay,1990
212,Pujillay,1990
213,Pujillay,1990
214,Pujillay,1990
215,Pujillay,1990
216,Pujillay,1990
217,Pujillay,1990
218,Pujillay,1990
219,Pujillay,1990
220,Pujillay,1990
221,Pujillay,1990
222,Pujillay,1990
223,Pujillay,1990
224,Pujillay,1990
225,Pujillay,1990
226,Pujillay,1990
227,Pujillay,1990
228,Pujillay,1990
229,Pujillay,1990
230,Pujillay,1990
231,Pujillay,1990
232,Pujillay,1990
233,Pujillay,1990
234,Pujillay,1990
235,Pujillay,1990
236,Palta Meléndez,1991
237,Palta Meléndez,1991
238,Palta Meléndez,1991
239,Palta Meléndez,1991
240,Palta Meléndez,1991
241,Palta Meléndez,1991
242,Palta Meléndez,1991
243,Palta Meléndez,1991
244,Palta Meléndez,1991
245,Palta Meléndez,1991
246,Palta Meléndez,1991
247,Palta Meléndez,1991
248,Palta Meléndez,1991
249,Palta Meléndez,1991
250,Palta Meléndez,1991
251,Palta Meléndez,1991
252,Palta Meléndez,1991
253,Palta Meléndez,1991
254,Palta Meléndez,1991
255,Palta Meléndez,1991
256,Palta Meléndez,1991
257,Palta Meléndez,1991
258,Palta Meléndez,1991
259,Palta Meléndez,1991
260,Palta Meléndez,1991
261,Palta Meléndez,1991
262,Palta Meléndez,1991
263,Palta Meléndez,1991
264,Palta Meléndez,1991
265,Palta Meléndez,1991
266,Palta Meléndez,1991
267,Palta Meléndez,1991
268,Palta Meléndez,1991
269,Palta Meléndez,1991
270,Hermógenes Conache,1991
271,Hermógenes Conache,1991
272,Hermógenes Conache,1991
273,Hermógenes Conache,1991
274,Hermógenes Conache,1991
275,Hermógenes Conache,1991
276,Hermógenes Conache,1991
277,Hermógenes Conache,1991
278,Hermógenes Conache,1991
279,Hermógenes Conache,1991
280,Hermógenes Conache,1991
281,Hermógenes Conache,1991
282,Hermógenes Conache,1991
283,Hermógenes Conache,1991
284,Hermógenes Conache,1991
285,Hermógenes Conache,1991
286,Hermógenes Conache,1991
287,Hermógenes Conache,1991
288,Hermógenes Conache,1991
289,Hermógenes Conache,1991
290,Hermógenes Conache,1991
291,Hermógenes Conache,1991
292,Hermógenes Conache,1991
293,Hermógenes Conache,1991
294,Hermógenes Conache,1991
295,Hermógenes Conache,1991
296,Hermógenes Conache,1991
297,Hermógenes Conache,1991
298,Lucho Navarro,1992
299,Lucho Navarro,1992
300,Lucho Navarro,1992
301,Lucho Navarro,1992
302,Lucho Navarro,1992
303,Lucho Navarro,1992
304,Lucho Navarro,1992
305,Lucho Navarro,1992
306,Lucho Navarro,1992
307,Lucho Navarro,1992
308,Lucho Navarro,1992
309,Lucho Navarro,1992
310,Lucho Navarro,1992
311,Lucho Navarro,1992
312,Lucho Navarro,1992
313,Lucho Navarro,1992
314,Sandy,1993
315,Sandy,1993
316,Sandy,1993
317,Sandy,1993
318,Sandy,1993
319,Sandy,1993
320,Sandy,1993
321,Sandy,1993
322,Sandy,1993
323,Sandy,1993
324,Sandy,1993
325,Sandy,1993
326,Sandy,1993
327,Sandy,1993
328,Sandy,1993
329,Sandy,1993
330,Sandy,1993
331,Sandy,1993
332,Sandy,1993
333,Sandy,1993
334,Sandy,1993
335,Sandy,1993
336,Sandy,1993
337,Sandy,1993
338,Sandy,1993
339,Sandy,1993
340,Sandy,1993
341,Sandy,1993
342,Sandy,1993
343,Sandy,1993
344,Sandy,1993
345,Sandy,1993
346,Sandy,1993
347,Piña Colada,1993
348,Piña Colada,1993
349,Piña Colada,1993
350,Piña Colada,1993
351,Piña Colada,1993
352,Piña Colada,1993
353,Piña Colada,1993
354,Piña Colada,1993
355,Piña Colada,1993
356,Piña Colada,1993
357,Piña Colada,1993
358,Piña Colada,1993
359,Piña Colada,1993
360,Piña Colada,1993
361,Piña Colada,1993
362,Piña Colada,1993
363,Piña Colada,1993
364,Piña Colada,1993
365,Piña Colada,1993
366,Piña Colada,1993
367,Piña Colada,1993
368,Piña Colada,1993
369,Julio Sabala,1994
370,Julio Sabala,1994
371,Julio Sabala,1994
372,Julio Sabala,1994
373,Julio Sabala,1994
374,Julio Sabala,1994
375,Julio Sabala,1994
376,Julio Sabala,1994
377,Julio Sabala,1994
378,Julio Sabala,1994
379,Julio Sabala,1994
380,Julio Sabala,1994
381,Julio Sabala,1994
382,Julio Sabala,1994
383,Julio Sabala,1994
384,"Jorge ""Chino"" Navarrete",1994
385,"Jorge ""Chino"" Navarrete",1994
386,"Jorge ""Chino"" Navarrete",1994
387,"Jorge ""Chino"" Navarrete",1994
388,"Jorge ""Chino"" Navarrete",1994
389,"Jorge ""Chino"" Navarrete",1994
390,"Jorge ""Chino"" Navarrete",1994
391,"Jorge ""Chino"" Navarrete",1994
392,"Jorge ""Chino"" Navarrete",1994
393,"Jorge ""Chino"" Navarrete",1994
394,"Jorge ""Chino"" Navarrete",1994
395,"Jorge ""Chino"" Navarrete",1994
396,"Jorge ""Chino"" Navarrete",1994
397,"Jorge ""Chino"" Navarrete",1994
398,"Jorge ""Chino"" Navarrete",1994
399,"Jorge ""Chino"" Navarrete",1994
400,"Jorge ""Chino"" Navarrete",1994
401,"Jorge ""Chino"" Navarrete",1994
402,"Jorge ""Chino"" Navarrete",1994
403,"Jorge ""Chino"" Navarrete",1994
404,"Jorge ""Chino"" Navarrete",1994
405,"Jorge ""Chino"" Navarrete",1994
406,"Jorge ""Chino"" Navarrete",1994
407,"Jorge ""Chino"" Navarrete",1994
408,"Jorge ""Chino"" Navarrete",1994
409,"Jorge ""Chino"" Navarrete",1994
410,"Jorge ""Chino"" Navarrete",1994
411,"Jorge ""Chino"" Navarrete",1994
412,"Jorge ""Chino"" Navarrete",1994
413,"Jorge ""Chino"" Navarrete",1994
414,"Jorge ""Chino"" Navarrete",1994
415,"Jorge ""Chino"" Navarrete",1994
416,"Jorge ""Chino"" Navarrete",1994
417,"Jorge ""Chino"" Navarrete",1994
418,"Jorge ""Chino"" Navarrete",1994
419,"Jorge ""Chino"" Navarrete",1994
420,Jappening con ja,1995
421,Jappening con ja,1995
422,Jappening con ja,1995
423,Jappening con ja,1995
424,Jappening con ja,1995
425,Jappening con ja,1995
426,Jappening con ja,1995
427,Jappening con ja,1995
428,Jappening con ja,1995
429,Jappening con ja,1995
430,Jappening con ja,1995
431,Jappening con ja,1995
432,Jappening con ja,1995
433,Jappening con ja,1995
434,Jappening con ja,1995
435,Jappening con ja,1995
436,Jappening con ja,1995
437,Jappening con ja,1995
438,Jappening con ja,1995
439,Jappening con ja,1995
440,Jappening con ja,1995
441,Jappening con ja,1995
442,Jappening con ja,1995
443,Jappening con ja,1995
444,Gloria Benavides,1995
445,Gloria Benavides,1995
446,Gloria Benavides,1995
447,Gloria Benavides,1995
448,Gloria Benavides,1995
449,Gloria Benavides,1995
450,Gloria Benavides,1995
451,Gloria Benavides,1995
452,Gloria Benavides,1995
453,Gloria Benavides,1995
454,Gloria Benavides,1995
455,Gloria Benavides,1995
456,Gloria Benavides,1995
457,Gloria Benavides,1995
458,Gloria Benavides,1995
459,Gloria Benavides,1995
460,Gloria Benavides,1995
461,Gloria Benavides,1995
462,Gloria Benavides,1995
463,Gloria Benavides,1995
464,Gloria Benavides,1995
465,Gloria Benavides,1995
466,Gloria Benavides,1995
467,Gloria Benavides,1995
468,Paulo Iglesias,1995
469,Paulo Iglesias,1995
470,Paulo Iglesias,1995
471,Paulo Iglesias,1995
472,Paulo Iglesias,1995
473,Paulo Iglesias,1995
474,Paulo Iglesias,1995
475,Paulo Iglesias,1995
476,Paulo Iglesias,1995
477,Paulo Iglesias,1995
478,Paulo Iglesias,1995
479,Paulo Iglesias,1995
480,Paulo Iglesias,1995
481,Paulo Iglesias,1995
482,Paulo Iglesias,1995
483,Paulo Iglesias,1995
484,Paulo Iglesias,1995
485,Paulo Iglesias,1995
486,Paulo Iglesias,1995
487,Paulo Iglesias,1995
488,Paulo Iglesias,1995
489,Paulo Iglesias,1995
490,El Pampero,1995
491,El Pampero,1995
492,El Pampero,1995
493,El Pampero,1995
494,El Pampero,1995
495,El Pampero,1995
496,El Pampero,1995
497,El Pampero,1995
498,El Pampero,1995
499,El Pampero,1995
500,El Pampero,1995
501,El Pampero,1995
502,El Pampero,1995
503,El Pampero,1995
504,El Pampero,1995
505,El Pampero,1995
506,El Pampero,1995
507,El Pampero,1995
508,El Pampero,1995
509,El Pampero,1995
510,El Pampero,1995
511,El Pampero,1995
512,Dino Gordillo,1996
513,Dino Gordillo,1996
514,Dino Gordillo,1996
515,Dino Gordillo,1996
516,Dino Gordillo,1996
517,Dino Gordillo,1996
518,Dino Gordillo,1996
519,Dino Gordillo,1996
520,Dino Gordillo,1996
521,Dino Gordillo,1996
522,Dino Gordillo,1996
523,Dino Gordillo,1996
524,Dino Gordillo,1996
525,Dino Gordillo,1996
526,Dino Gordillo,1996
527,Dino Gordillo,1996
528,Dino Gordillo,1996
529,Dino Gordillo,1996
530,Dino Gordillo,1996
531,Dino Gordillo,1996
532,Dino Gordillo,1996
533,Dino Gordillo,1996
534,Dino Gordillo,1996
535,Dino Gordillo,1996
536,Dino Gordillo,1996
537,Los Indolatinos,1996
538,Los Indolatinos,1996
539,Los Indolatinos,1996
540,Los Indolatinos,1996
541,Los Indolatinos,1996
542,Los Indolatinos,1996
543,Los Indolatinos,1996
544,Los Indolatinos,1996
545,Los Indolatinos,1996
546,Los Indolatinos,1996
547,Los Indolatinos,1996
548,Los Indolatinos,1996
549,Los Indolatinos,1996
550,Los Indolatinos,1996
551,Los Indolatinos,1996
552,Los Indolatinos,1996
553,Dinamita Show,1996
554,Dinamita Show,1996
555,Dinamita Show,1996
556,Dinamita Show,1996
557,Dinamita Show,1996
558,Dinamita Show,1996
559,Dinamita Show,1996
560,Dinamita Show,1996
561,Dinamita Show,1996
562,Dinamita Show,1996
563,Dinamita Show,1996
564,Dinamita Show,1996
565,Dinamita Show,1996
566,Dinamita Show,1996
567,Dinamita Show,1996
568,Dinamita Show,1996
569,Dinamita Show,1996
570,Dinamita Show,1996
571,Dinamita Show,1996
572,Dinamita Show,1996
573,Dinamita Show,1996
574,Dinamita Show,1996
575,Dinamita Show,1996
576,Dinamita Show,1996
577,Dinamita Show,1996
578,Dinamita Show,1996
579,Dinamita Show,1996
580,Dinamita Show,1996
581,Dinamita Show,1996
582,Dinamita Show,1996
583,Dinamita Show,1996
584,Dinamita Show,1996
585,Dinamita Show,1996
586,Dinamita Show,1996
587,Dinamita Show,1996
588,Dinamita Show,1996
589,Dino Gordillo,1997
590,Dino Gordillo,1997
591,Dino Gordillo,1997
592,Dino Gordillo,1997
593,Dino Gordillo,1997
594,Dino Gordillo,1997
595,Dino Gordillo,1997
596,Dino Gordillo,1997
597,Dino Gordillo,1997
598,Dino Gordillo,1997
599,Dino Gordillo,1997
600,Dino Gordillo,1997
601,Dino Gordillo,1997
602,Dino Gordillo,1997
603,Dino Gordillo,1997
604,Dino Gordillo,1997
605,Dino Gordillo,1997
606,Dino Gordillo,1997
607,Dino Gordillo,1997
608,Dino Gordillo,1997
609,Dino Gordillo,1997
610,Dino Gordillo,1997
611,Gilberto Gless,1997
612,Gilberto Gless,1997
613,Gilberto Gless,1997
614,Gilberto Gless,1997
615,Gilberto Gless,1997
616,Gilberto Gless,1997
617,Gilberto Gless,1997
618,Gilberto Gless,1997
619,Gilberto Gless,1997
620,Gilberto Gless,1997
621,Gilberto Gless,1997
622,Gilberto Gless,1997
623,Gilberto Gless,1997
624,Gilberto Gless,1997
625,Gilberto Gless,1997
626,Gilberto Gless,1997
627,Gilberto Gless,1997
628,Gilberto Gless,1997
629,Gilberto Gless,1997
630,Gilberto Gless,1997
631,Gilberto Gless,1997
632,Gilberto Gless,1997
633,Gilberto Gless,1997
634,Gilberto Gless,1997
635,Jorge Pérez,1997
636,Jorge Pérez,1997
637,Jorge Pérez,1997
638,Jorge Pérez,1997
639,Jorge Pérez,1997
640,Jorge Pérez,1997
641,Palta Meléndez,1997
642,Palta Meléndez,1997
643,Palta Meléndez,1997
644,Palta Meléndez,1997
645,Palta Meléndez,1997
646,Palta Meléndez,1997
647,Palta Meléndez,1997
648,Palta Meléndez,1997
649,Palta Meléndez,1997
650,Palta Meléndez,1997
651,Palta Meléndez,1997
652,Palta Meléndez,1997
653,Palta Meléndez,1997
654,Palta Meléndez,1997
655,Palta Meléndez,1997
656,Palta Meléndez,1997
657,Palta Meléndez,1997
658,Palta Meléndez,1997
659,Palta Meléndez,1997
660,Palta Meléndez,1997
661,Palta Meléndez,1997
662,Palta Meléndez,1997
663,Palta Meléndez,1997
664,Palta Meléndez,1997
665,Palta Meléndez,1997
666,Palta Meléndez,1997
667,Palta Meléndez,1997
668,Palta Meléndez,1997
669,Palta Meléndez,1997
670,Palta Meléndez,1997
671,Palta Meléndez,1997
672,Palta Meléndez,1997
673,Palta Meléndez,1997
674,Pancho del Sur,1997
675,Pancho del Sur,1997
676,Pancho del Sur,1997
677,Pancho del Sur,1997
678,Pancho del Sur,1997
679,Pancho del Sur,1997
680,Pancho del Sur,1997
681,Pancho del Sur,1997
682,Pancho del Sur,1997
683,Melón y Melame,1998
684,Melón y Melame,1998
685,Melón y Melame,1998
686,Melón y Melame,1998
687,Melón y Melame,1998
688,Melón y Melame,1998
689,Melón y Melame,1998
690,Melón y Melame,1998
691,Melón y Melame,1998
692,Melón y Melame,1998
693,Melón y Melame,1998
694,Melón y Melame,1998
695,Melón y Melame,1998
696,Melón y Melame,1998
697,Melón y Melame,1998
698,Melón y Melame,1998
699,Melón y Melame,1998
700,Melón y Melame,1998
701,Melón y Melame,1998
702,Melón y Melame,1998
703,Melón y Melame,1998
704,Melón y Melame,1998
705,Melón y Melame,1998
706,Melón y Melame,1998
707,Melón y Melame,1998
708,Melón y Melame,1998
709,Melón y Melame,1998
710,Melón y Melame,1998
711,Melón y Melame,1998
712,Melón y Melame,1998
713,Melón y Melame,1998
714,Melón y Melame,1998
715,Melón y Melame,1998
716,Melón y Melame,1998
717,Melón y Melame,1998
718,Melón y Melame,1998
719,Melón y Melame,1998
720,Óscar Gangas,1998
721,Óscar Gangas,1998
722,Óscar Gangas,1998
723,Óscar Gangas,1998
724,Óscar Gangas,1998
725,Óscar Gangas,1998
726,Óscar Gangas,1998
727,Óscar Gangas,1998
728,Óscar Gangas,1998
729,Óscar Gangas,1998
730,Óscar Gangas,1998
731,Óscar Gangas,1998
732,Óscar Gangas,1998
733,Sarah Sanders,1998
734,Sarah Sanders,1998
735,Sarah Sanders,1998
736,Sarah Sanders,1998
737,Sarah Sanders,1998
738,Sarah Sanders,1998
739,Gloria Benavides,1998
740,Gloria Benavides,1998
741,Gloria Benavides,1998
742,Gloria Benavides,1998
743,Gloria Benavides,1998
744,Gloria Benavides,1998
745,Gloria Benavides,1998
746,Gloria Benavides,1998
747,Gloria Benavides,1998
748,Gloria Benavides,1998
749,Gloria Benavides,1998
750,Gloria Benavides,1998
751,Gloria Benavides,1998
752,Gloria Benavides,1998
753,Gloria Benavides,1998
754,Gloria Benavides,1998
755,Gloria Benavides,1998
756,Gloria Benavides,1998
757,Gloria Benavides,1998
758,Gloria Benavides,1998
759,Gloria Benavides,1998
760,Gloria Benavides,1998
761,Gloria Benavides,1998
762,Gloria Benavides,1998
763,Gloria Benavides,1998
764,Gloria Benavides,1998
765,Gloria Benavides,1998
766,Gloria Benavides,1998
767,Gloria Benavides,1998
768,Gloria Benavides,1998
769,Gloria Benavides,1998
770,Dino Gordillo,1998
771,Dino Gordillo,1998
772,Dino Gordillo,1998
773,Dino Gordillo,1998
774,Dino Gordillo,1998
775,Dino Gordillo,1998
776,Dino Gordillo,1998
777,Dino Gordillo,1998
778,Dino Gordillo,1998
779,Dino Gordillo,1998
780,Dino Gordillo,1998
781,Dino Gordillo,1998
782,Dino Gordillo,1998
783,Dino Gordillo,1998
784,Dino Gordillo,1998
785,Dino Gordillo,1998
786,Dino Gordillo,1998
787,Dino Gordillo,1998
788,Dino Gordillo,1998
789,Dino Gordillo,1998
790,Dino Gordillo,1998
791,Dino Gordillo,1998
792,Dino Gordillo,1998
793,Dino Gordillo,1998
794,Dino Gordillo,1998
795,Dino Gordillo,1998
796,Dino Gordillo,1998
797,Dino Gordillo,1998
798,Los Indolatinos,1999
799,Los Indolatinos,1999
800,Los Indolatinos,1999
801,Los Indolatinos,1999
802,Los Indolatinos,1999
803,Los Indolatinos,1999
804,Los Indolatinos,1999
805,Los Indolatinos,1999
806,Los Indolatinos,1999
807,Los Indolatinos,1999
808,Los Indolatinos,1999
809,Los Indolatinos,1999
810,Los Indolatinos,1999
811,Los Indolatinos,1999
812,Los Indolatinos,1999
813,Los Indolatinos,1999
814,Los Indolatinos,1999
815,Los Indolatinos,1999
816,Los Indolatinos,1999
817,Los Indolatinos,1999
818,Los Indolatinos,1999
819,Los Indolatinos,1999
820,Los Indolatinos,1999
821,Sandy,1999
822,Sandy,1999
823,Sandy,1999
824,Sandy,1999
825,Sandy,1999
826,Sandy,1999
827,Sandy,1999
828,Sandy,1999
829,Sandy,1999
830,Sandy,1999
831,Sandy,1999
832,Sandy,1999
833,Sandy,1999
834,Sandy,1999
835,Sandy,1999
836,Sandy,1999
837,Sandy,1999
838,Sandy,1999
839,Sandy,1999
840,Sandy,1999
841,Sandy,1999
842,Sandy,1999
843,Sandy,1999
844,Sandy,1999
845,Sandy,1999
846,Sandy,1999
847,Sandy,1999
848,Sandy,1999
849,Sandy,1999
850,Sandy,1999
851,Sandy,1999
852,Melón y Melame,1999
853,Melón y Melame,1999
854,Melón y Melame,1999
855,Melón y Melame,1999
856,Melón y Melame,1999
857,Melón y Melame,1999
858,Melón y Melame,1999
859,Melón y Melame,1999
860,Melón y Melame,1999
861,Melón y Melame,1999
862,Melón y Melame,1999
863,Melón y Melame,1999
864,Melón y Melame,1999
865,Melón y Melame,1999
866,Melón y Melame,1999
867,Melón y Melame,1999
868,Melón y Melame,1999
869,Melón y Melame,1999
870,Melón y Melame,1999
871,Melón y Melame,1999
872,Melón y Melame,1999
873,Melón y Melame,1999
874,Melón y Melame,1999
875,Melón y Melame,1999
876,Melón y Melame,1999
877,Melón y Melame,1999
878,Melón y Melame,1999
879,Melón y Melame,1999
880,Melón y Melame,1999
881,Melón y Melame,1999
882,Melón y Melame,1999
883,Melón y Melame,1999
884,Álvaro Salas,2000
885,Álvaro Salas,2000
886,Álvaro Salas,2000
887,Álvaro Salas,2000
888,Álvaro Salas,2000
889,Álvaro Salas,2000
890,Álvaro Salas,2000
891,Álvaro Salas,2000
892,Álvaro Salas,2000
893,Álvaro Salas,2000
894,Álvaro Salas,2000
895,Álvaro Salas,2000
896,Álvaro Salas,2000
897,Álvaro Salas,2000
898,Álvaro Salas,2000
899,Álvaro Salas,2000
900,Álvaro Salas,2000
901,Álvaro Salas,2000
902,Álvaro Salas,2000
903,Álvaro Salas,2000
904,"Daniel Muñoz ""El Malo""",2000
905,"Daniel Muñoz ""El Malo""",2000
906,"Daniel Muñoz ""El Malo""",2000
907,"Daniel Muñoz ""El Malo""",2000
908,"Daniel Muñoz ""El Malo""",2000
909,"Daniel Muñoz ""El Malo""",2000
910,"Daniel Muñoz ""El Malo""",2000
911,"Daniel Muñoz ""El Malo""",2000
912,"Daniel Muñoz ""El Malo""",2000
913,"Daniel Muñoz ""El Malo""",2000
914,"Daniel Muñoz ""El Malo""",2000
915,Memo Bunke,2000
916,Memo Bunke,2000
917,Memo Bunke,2000
918,Memo Bunke,2000
919,Memo Bunke,2000
920,Memo Bunke,2000
921,Memo Bunke,2000
922,Memo Bunke,2000
923,Memo Bunke,2000
924,Memo Bunke,2000
925,Memo Bunke,2000
926,Memo Bunke,2000
927,Memo Bunke,2000
928,Memo Bunke,2000
929,Memo Bunke,2000
930,Memo Bunke,2000
931,Memo Bunke,2000
932,Memo Bunke,2000
933,Memo Bunke,2000
934,Memo Bunke,2000
935,Memo Bunke,2000
936,Memo Bunke,2000
937,Memo Bunke,2000
938,Memo Bunke,2000
939,Memo Bunke,2000
940,Memo Bunke,2000
941,Memo Bunke,2000
942,Coco Legrand,2000
943,Coco Legrand,2000
944,Coco Legrand,2000
945,Coco Legrand,2000
946,Coco Legrand,2000
947,Coco Legrand,2000
948,Coco Legrand,2000
949,Coco Legrand,2000
950,Coco Legrand,2000
951,Coco Legrand,2000
952,Coco Legrand,2000
953,Coco Legrand,2000
954,Coco Legrand,2000
955,Coco Legrand,2000
956,Coco Legrand,2000
957,Coco Legrand,2000
958,Coco Legrand,2000
959,Coco Legrand,2000
960,Coco Legrand,2000
961,Coco Legrand,2000
962,Coco Legrand,2000
963,Coco Legrand,2000
964,Coco Legrand,2000
965,Coco Legrand,2000
966,Coco Legrand,2000
967,Coco Legrand,2000
968,Coco Legrand,2000
969,Coco Legrand,2000
970,Coco Legrand,2000
971,Coco Legrand,2000
972,Coco Legrand,2000
973,Coco Legrand,2000
974,Coco Legrand,2000
975,Coco Legrand,2000
976,Coco Legrand,2000
977,Coco Legrand,2000
978,Coco Legrand,2000
979,Coco Legrand,2000
980,Coco Legrand,2000
981,Coco Legrand,2000
982,Coco Legrand,2000
983,Coco Legrand,2000
984,Coco Legrand,2000
985,Coco Legrand,2000
986,Coco Legrand,2000
987,Dino Gordillo,2000
988,Dino Gordillo,2000
989,Dino Gordillo,2000
990,Dino Gordillo,2000
991,Dino Gordillo,2000
992,Dino Gordillo,2000
993,Dino Gordillo,2000
994,Dino Gordillo,2000
995,Dino Gordillo,2000
996,Dino Gordillo,2000
997,Dino Gordillo,2000
998,Dino Gordillo,2000
999,Dino Gordillo,2000
1000,Dino Gordillo,2000
1001,Dino Gordillo,2000
1002,Dino Gordillo,2000
1003,Dino Gordillo,2000
1004,Dino Gordillo,2000
1005,Dino Gordillo,2000
1006,Dino Gordillo,2000
1007,Dino Gordillo,2000
1008,Dino Gordillo,2000
1009,Dino Gordillo,2000
1010,Dino Gordillo,2000
1011,Dino Gordillo,2000
1012,Dino Gordillo,2000
1013,Dino Gordillo,2000
1014,"Daniel Muñoz ""El Carmelo""",2001
1015,"Daniel Muñoz ""El Carmelo""",2001
1016,"Daniel Muñoz ""El Carmelo""",2001
1017,"Daniel Muñoz ""El Carmelo""",2001
1018,"Daniel Muñoz ""El Carmelo""",2001
1019,"Daniel Muñoz ""El Carmelo""",2001
1020,"Daniel Muñoz ""El Carmelo""",2001
1021,"Daniel Muñoz ""El Carmelo""",2001
1022,"Daniel Muñoz ""El Carmelo""",2001
1023,"Daniel Muñoz ""El Carmelo""",2001
1024,"Daniel Muñoz ""El Carmelo""",2001
1025,"Daniel Muñoz ""El Carmelo""",2001
1026,"Daniel Muñoz ""El Carmelo""",2001
1027,"Daniel Muñoz ""El Carmelo""",2001
1028,"Daniel Muñoz ""El Carmelo""",2001
1029,"Daniel Muñoz ""El Carmelo""",2001
1030,"Daniel Muñoz ""El Carmelo""",2001
1031,"Daniel Muñoz ""El Carmelo""",2001
1032,"Daniel Muñoz ""El Carmelo""",2001
1033,"Daniel Muñoz ""El Carmelo""",2001
1034,"Daniel Muñoz ""El Carmelo""",2001
1035,"Daniel Muñoz ""El Carmelo""",2001
1036,"Daniel Muñoz ""El Carmelo""",2001
1037,"Daniel Muñoz ""El Carmelo""",2001
1038,"Daniel Muñoz ""El Carmelo""",2001
1039,"Daniel Muñoz ""El Carmelo""",2001
1040,"Daniel Muñoz ""El Carmelo""",2001
1041,"Daniel Muñoz ""El Carmelo""",2001
1042,"Daniel Muñoz ""El Carmelo""",2001
1043,"Daniel Muñoz ""El Carmelo""",2001
1044,Memo Bunke y Natalia Cuevas,2001
1045,Memo Bunke y Natalia Cuevas,2001
1046,Memo Bunke y Natalia Cuevas,2001
1047,Memo Bunke y Natalia Cuevas,2001
1048,Memo Bunke y Natalia Cuevas,2001
1049,Memo Bunke y Natalia Cuevas,2001
1050,Memo Bunke y Natalia Cuevas,2001
1051,Memo Bunke y Natalia Cuevas,2001
1052,Memo Bunke y Natalia Cuevas,2001
1053,Memo Bunke y Natalia Cuevas,2001
1054,Memo Bunke y Natalia Cuevas,2001
1055,Memo Bunke y Natalia Cuevas,2001
1056,Memo Bunke y Natalia Cuevas,2001
1057,Memo Bunke y Natalia Cuevas,2001
1058,Memo Bunke y Natalia Cuevas,2001
1059,Memo Bunke y Natalia Cuevas,2001
1060,Memo Bunke y Natalia Cuevas,2001
1061,Memo Bunke y Natalia Cuevas,2001
1062,Memo Bunke y Natalia Cuevas,2001
1063,Memo Bunke y Natalia Cuevas,2001
1064,Memo Bunke y Natalia Cuevas,2001
1065,Memo Bunke y Natalia Cuevas,2001
1066,Memo Bunke y Natalia Cuevas,2001
1067,Memo Bunke y Natalia Cuevas,2001
1068,Memo Bunke y Natalia Cuevas,2001
1069,Memo Bunke y Natalia Cuevas,2001
1070,Memo Bunke y Natalia Cuevas,2001
1071,Memo Bunke y Natalia Cuevas,2001
1072,Memo Bunke y Natalia Cuevas,2001
1073,Memo Bunke y Natalia Cuevas,2001
1074,Memo Bunke y Natalia Cuevas,2001
1075,Memo Bunke y Natalia Cuevas,2001
1076,Memo Bunke y Natalia Cuevas,2001
1077,Memo Bunke y Natalia Cuevas,2001
1078,Millenium Show,2001
1079,Millenium Show,2001
1080,Millenium Show,2001
1081,Millenium Show,2001
1082,Millenium Show,2001
1083,Millenium Show,2001
1084,Millenium Show,2001
1085,Millenium Show,2001
1086,Millenium Show,2001
1087,Millenium Show,2001
1088,Millenium Show,2001
1089,Millenium Show,2001
1090,Millenium Show,2001
1091,Millenium Show,2001
1092,Millenium Show,2001
1093,Millenium Show,2001
1094,Millenium Show,2001
1095,Millenium Show,2001
1096,Millenium Show,2001
1097,Millenium Show,2001
1098,Millenium Show,2001
1099,Millenium Show,2001
1100,Millenium Show,2001
1101,Millenium Show,2001
1102,Millenium Show,2001
1103,Millenium Show,2001
1104,Millenium Show,2001
1105,Arturo Ruiz-Tagle,2002
1106,Arturo Ruiz-Tagle,2002
1107,Arturo Ruiz-Tagle,2002
1108,Arturo Ruiz-Tagle,2002
1109,Arturo Ruiz-Tagle,2002
1110,Arturo Ruiz-Tagle,2002
1111,Arturo Ruiz-Tagle,2002
1112,Arturo Ruiz-Tagle,2002
1113,Arturo Ruiz-Tagle,2002
1114,Arturo Ruiz-Tagle,2002
1115,Arturo Ruiz-Tagle,2002
1116,Arturo Ruiz-Tagle,2002
1117,Arturo Ruiz-Tagle,2002
1118,Arturo Ruiz-Tagle,2002
1119,Arturo Ruiz-Tagle,2002
1120,Arturo Ruiz-Tagle,2002
1121,Arturo Ruiz-Tagle,2002
1122,Arturo Ruiz-Tagle,2002
1123,Arturo Ruiz-Tagle,2002
1124,Arturo Ruiz-Tagle,2002
1125,Gloria Benavides,2002
1126,Gloria Benavides,2002
1127,Gloria Benavides,2002
1128,Gloria Benavides,2002
1129,Gloria Benavides,2002
1130,Gloria Benavides,2002
1131,Gloria Benavides,2002
1132,Gloria Benavides,2002
1133,Gloria Benavides,2002
1134,Gloria Benavides,2002
1135,Gloria Benavides,2002
1136,Gloria Benavides,2002
1137,Gloria Benavides,2002
1138,Gloria Benavides,2002
1139,Gloria Benavides,2002
1140,Gloria Benavides,2002
1141,Gloria Benavides,2002
1142,Gloria Benavides,2002
1143,Gloria Benavides,2002
1144,Gloria Benavides,2002
1145,Gloria Benavides,2002
1146,Gloria Benavides,2002
1147,Gloria Benavides,2002
1148,Gloria Benavides,2002
1149,Gloria Benavides,2002
1150,Gloria Benavides,2002
1151,Gloria Benavides,2002
1152,Gloria Benavides,2002
1153,Gloria Benavides,2002
1154,Gloria Benavides,2002
1155,Gloria Benavides,2002
1156,Gloria Benavides,2002
1157,Vanessa Miller,2003
1158,Vanessa Miller,2003
1159,Vanessa Miller,2003
1160,Vanessa Miller,2003
1161,Vanessa Miller,2003
1162,Vanessa Miller,2003
1163,Vanessa Miller,2003
1164,Vanessa Miller,2003
1165,Vanessa Miller,2003
1166,Natalia Cuevas,2003
1167,Natalia Cuevas,2003
1168,Natalia Cuevas,2003
1169,Natalia Cuevas,2003
1170,Natalia Cuevas,2003
1171,Natalia Cuevas,2003
1172,Natalia Cuevas,2003
1173,Natalia Cuevas,2003
1174,Natalia Cuevas,2003
1175,Natalia Cuevas,2003
1176,Natalia Cuevas,2003
1177,Natalia Cuevas,2003
1178,Natalia Cuevas,2003
1179,Natalia Cuevas,2003
1180,Natalia Cuevas,2003
1181,Natalia Cuevas,2003
1182,Natalia Cuevas,2003
1183,Natalia Cuevas,2003
1184,Natalia Cuevas,2003
1185,Natalia Cuevas,2003
1186,Natalia Cuevas,2003
1187,Natalia Cuevas,2003
1188,Natalia Cuevas,2003
1189,Natalia Cuevas,2003
1190,Natalia Cuevas,2003
1191,Natalia Cuevas,2003
1192,Natalia Cuevas,2003
1193,Sandy,2004
1194,Sandy,2004
1195,Sandy,2004
1196,Sandy,2004
1197,Sandy,2004
1198,Sandy,2004
1199,Sandy,2004
1200,Sandy,2004
1201,Sandy,2004
1202,Sandy,2004
1203,Sandy,2004
1204,Sandy,2004
1205,Sandy,2004
1206,Sandy,2004
1207,Sandy,2004
1208,Sandy,2004
1209,Sandy,2004
1210,Sandy,2004
1211,Sandy,2004
1212,Palta Meléndez,2004
1213,Palta Meléndez,2004
1214,Palta Meléndez,2004
1215,Palta Meléndez,2004
1216,Palta Meléndez,2004
1217,Palta Meléndez,2004
1218,Palta Meléndez,2004
1219,Palta Meléndez,2004
1220,Palta Meléndez,2004
1221,Palta Meléndez,2004
1222,Palta Meléndez,2004
1223,Palta Meléndez,2004
1224,Palta Meléndez,2004
1225,Palta Meléndez,2004
1226,Palta Meléndez,2004
1227,Palta Meléndez,2004
1228,Palta Meléndez,2004
1229,Palta Meléndez,2004
1230,Palta Meléndez,2004
1231,Natalia Cuevas,2004
1232,Natalia Cuevas,2004
1233,Natalia Cuevas,2004
1234,Natalia Cuevas,2004
1235,Natalia Cuevas,2004
1236,Natalia Cuevas,2004
1237,Natalia Cuevas,2004
1238,Natalia Cuevas,2004
1239,Natalia Cuevas,2004
1240,Natalia Cuevas,2004
1241,Natalia Cuevas,2004
1242,Los Indolatinos,2004
1243,Los Indolatinos,2004
1244,Los Indolatinos,2004
1245,Los Indolatinos,2004
1246,Los Indolatinos,2004
1247,Los Indolatinos,2004
1248,Los Indolatinos,2004
1249,Los Indolatinos,2004
1250,Los Indolatinos,2004
1251,Los Indolatinos,2004
1252,Los Indolatinos,2004
1253,Los Indolatinos,2004
1254,Los Indolatinos,2004
1255,Los Indolatinos,2004
1256,Los Indolatinos,2004
1257,Los Indolatinos,2004
1258,Los Indolatinos,2004
1259,Los Indolatinos,2004
1260,Los Indolatinos,2004
1261,Los Indolatinos,2004
1262,Los Indolatinos,2004
1263,Los Indolatinos,2004
1264,Los Indolatinos,2004
1265,Los Indolatinos,2004
1266,Los Indolatinos,2004
1267,Los Indolatinos,2004
1268,Los Indolatinos,2004
1269,Los Indolatinos,2004
1270,Los Indolatinos,2004
1271,Hugo Varela,2005
1272,Hugo Varela,2005
1273,Hugo Varela,2005
1274,Hugo Varela,2005
1275,Hugo Varela,2005
1276,Hugo Varela,2005
1277,Hugo Varela,2005
1278,Hugo Varela,2005
1279,Hugo Varela,2005
1280,Hugo Varela,2005
1281,Hugo Varela,2005
1282,Hugo Varela,2005
1283,Hugo Varela,2005
1284,Hugo Varela,2005
1285,Hugo Varela,2005
1286,Hugo Varela,2005
1287,Hugo Varela,2005
1288,Hugo Varela,2005
1289,Hugo Varela,2005
1290,Hugo Varela,2005
1291,Hugo Varela,2005
1292,Hugo Varela,2005
1293,Hugo Varela,2005
1294,Hugo Varela,2005
1295,Hugo Varela,2005
1296,Hugo Varela,2005
1297,Hugo Varela,2005
1298,Hugo Varela,2005
1299,Hugo Varela,2005
1300,Hugo Varela,2005
1301,Hugo Varela,2005
1302,Hugo Varela,2005
1303,Felo,2005
1304,Felo,2005
1305,Felo,2005
1306,Felo,2005
1307,Felo,2005
1308,Felo,2005
1309,Felo,2005
1310,Felo,2005
1311,Felo,2005
1312,Felo,2005
1313,Felo,2005
1314,Felo,2005
1315,Felo,2005
1316,Felo,2005
1317,Felo,2005
1318,Felo,2005
1319,Felo,2005
1320,Felo,2005
1321,Felo,2005
1322,Felo,2005
1323,Felo,2005
1324,Felo,2005
1325,Felo,2005
1326,Felo,2005
1327,Felo,2005
1328,Felo,2005
1329,Felo,2005
1330,Felo,2005
1331,Felo,2005
1332,Paulo Iglesias,2005
1333,Paulo Iglesias,2005
1334,Paulo Iglesias,2005
1335,Paulo Iglesias,2005
1336,Paulo Iglesias,2005
1337,Paulo Iglesias,2005
1338,Paulo Iglesias,2005
1339,Paulo Iglesias,2005
1340,Paulo Iglesias,2005
1341,Paulo Iglesias,2005
1342,Paulo Iglesias,2005
1343,Paulo Iglesias,2005
1344,Paulo Iglesias,2005
1345,Paulo Iglesias,2005
1346,Paulo Iglesias,2005
1347,Paulo Iglesias,2005
1348,Paulo Iglesias,2005
1349,Paulo Iglesias,2005
1350,Paulo Iglesias,2005
1351,Paulo Iglesias,2005
1352,Paulo Iglesias,2005
1353,Paulo Iglesias,2005
1354,Paulo Iglesias,2005
1355,Paulo Iglesias,2005
1356,Paulo Iglesias,2005
1357,Paulo Iglesias,2005
1358,Paulo Iglesias,2005
1359,Paulo Iglesias,2005
1360,Paulo Iglesias,2005
1361,Paulo Iglesias,2005
1362,Paulo Iglesias,2005
1363,Paulo Iglesias,2005
1364,Paulo Iglesias,2005
1365,Paulo Iglesias,2005
1366,Paulo Iglesias,2005
1367,Paulo Iglesias,2005
1368,Paulo Iglesias,2005
1369,Carlos García,2006
1370,Carlos García,2006
1371,Carlos García,2006
1372,Carlos García,2006
1373,Carlos García,2006
1374,Carlos García,2006
1375,Carlos García,2006
1376,Carlos García,2006
1377,Carlos García,2006
1378,Carlos García,2006
1379,Carlos García,2006
1380,Carlos García,2006
1381,Carlos García,2006
1382,Carlos García,2006
1383,Carlos García,2006
1384,Carlos García,2006
1385,Carlos García,2006
1386,Carlos García,2006
1387,Carlos García,2006
1388,Carlos García,2006
1389,Carlos García,2006
1390,Carlos García,2006
1391,Carlos García,2006
1392,Carlos García,2006
1393,Carlos García,2006
1394,Carlos García,2006
1395,Carlos García,2006
1396,Carlos García,2006
1397,Carlos García,2006
1398,Carlos García,2006
1399,Carlos García,2006
1400,Carlos García,2006
1401,Carlos García,2006
1402,Carlos García,2006
1403,Carlos García,2006
1404,Carlos García,2006
1405,Carlos García,2006
1406,Carlos García,2006
1407,Carlos García,2006
1408,Carlos García,2006
1409,Carlos García,2006
1410,Carlos García,2006
1411,Carlos García,2006
1412,Carlos García,2006
1413,Carlos García,2006
1414,Carlos García,2006
1415,Carlos García,2006
1416,Carlos García,2006
1417,Carlos García,2006
1418,Carlos García,2006
1419,Carlos García,2006
1420,Carlos García,2006
1421,Carlos García,2006
1422,Carlos García,2006
1423,Carlos García,2006
1424,Carlos García,2006
1425,Carlos García,2006
1426,Carlos García,2006
1427,Carlos García,2006
1428,Carlos García,2006
1429,Carlos García,2006
1430,Carlos García,2006
1431,Carlos García,2006
1432,Carlos García,2006
1433,Carlos García,2006
1434,Carlos García,2006
1435,Carlos García,2006
1436,Carlos García,2006
1437,Carlos García,2006
1438,Carlos García,2006
1439,Carlos García,2006
1440,Carlos García,2006
1441,Julio Sabala,2006
1442,Julio Sabala,2006
1443,Julio Sabala,2006
1444,Julio Sabala,2006
1445,Julio Sabala,2006
1446,Julio Sabala,2006
1447,Julio Sabala,2006
1448,Julio Sabala,2006
1449,Julio Sabala,2006
1450,Julio Sabala,2006
1451,Julio Sabala,2006
1452,Julio Sabala,2006
1453,Julio Sabala,2006
1454,Julio Sabala,2006
1455,Julio Sabala,2006
1456,Julio Sabala,2006
1457,Julio Sabala,2006
1458,Julio Sabala,2006
1459,Julio Sabala,2006
1460,Julio Sabala,2006
1461,Julio Sabala,2006
1462,Julio Sabala,2006
1463,Julio Sabala,2006
1464,Julio Sabala,2006
1465,Julio Sabala,2006
1466,Julio Sabala,2006
1467,Coco Legrand,2006
1468,Coco Legrand,2006
1469,Coco Legrand,2006
1470,Coco Legrand,2006
1471,Coco Legrand,2006
1472,Coco Legrand,2006
1473,Coco Legrand,2006
1474,Coco Legrand,2006
1475,Coco Legrand,2006
1476,Coco Legrand,2006
1477,Coco Legrand,2006
1478,Coco Legrand,2006
1479,Coco Legrand,2006
1480,Coco Legrand,2006
1481,Coco Legrand,2006
1482,Coco Legrand,2006
1483,Coco Legrand,2006
1484,Coco Legrand,2006
1485,Coco Legrand,2006
1486,Coco Legrand,2006
1487,Coco Legrand,2006
1488,Coco Legrand,2006
1489,Coco Legrand,2006
1490,Coco Legrand,2006
1491,Coco Legrand,2006
1492,Coco Legrand,2006
1493,Coco Legrand,2006
1494,Coco Legrand,2006
1495,Coco Legrand,2006
1496,Coco Legrand,2006
1497,Coco Legrand,2006
1498,Coco Legrand,2006
1499,Coco Legrand,2006
1500,Coco Legrand,2006
1501,Coco Legrand,2006
1502,Coco Legrand,2006
1503,Coco Legrand,2006
1504,Coco Legrand,2006
1505,Coco Legrand,2006
1506,Coco Legrand,2006
1507,Coco Legrand,2006
1508,Coco Legrand,2006
1509,Coco Legrand,2006
1510,Coco Legrand,2006
1511,Coco Legrand,2006
1512,Coco Legrand,2006
1513,Coco Legrand,2006
1514,Coco Legrand,2006
1515,Coco Legrand,2006
1516,Ruperto,2006
1517,Ruperto,2006
1518,Ruperto,2006
1519,Ruperto,2006
1520,Ruperto,2006
1521,Ruperto,2006
1522,Ruperto,2006
1523,Ruperto,2006
1524,Ruperto,2006
1525,Ruperto,2006
1526,Ruperto,2006
1527,Ruperto,2006
1528,Ruperto,2006
1529,Ruperto,2006
1530,Ruperto,2006
1531,Ruperto,2006
1532,Ruperto,2006
1533,Ruperto,2006
1534,Ruperto,2006
1535,Ruperto,2006
1536,Ruperto,2006
1537,Ruperto,2006
1538,Ruperto,2006
1539,Ruperto,2006
1540,Ruperto,2006
1541,Ruperto,2006
1542,Ruperto,2006
1543,Ruperto,2006
1544,Ruperto,2006
1545,Ruperto,2006
1546,Ruperto,2006
1547,Ruperto,2006
1548,Ruperto,2006
1549,Ruperto,2006
1550,Ruperto,2006
1551,Ruperto,2006
1552,Ruperto,2006
1553,Ruperto,2006
1554,Ruperto,2006
1555,Ruperto,2006
1556,Ruperto,2006
1557,Ruperto,2006
1558,Ruperto,2006
1559,Ruperto,2006
1560,Ruperto,2006
1561,Ruperto,2006
1562,Álvaro Salas,2007
1563,Álvaro Salas,2007
1564,Álvaro Salas,2007
1565,Álvaro Salas,2007
1566,Álvaro Salas,2007
1567,Álvaro Salas,2007
1568,Álvaro Salas,2007
1569,Álvaro Salas,2007
1570,Álvaro Salas,2007
1571,Álvaro Salas,2007
1572,Álvaro Salas,2007
1573,Álvaro Salas,2007
1574,Álvaro Salas,2007
1575,Álvaro Salas,2007
1576,Álvaro Salas,2007
1577,Álvaro Salas,2007
1578,Álvaro Salas,2007
1579,Álvaro Salas,2007
1580,Álvaro Salas,2007
1581,Álvaro Salas,2007
1582,Álvaro Salas,2007
1583,Álvaro Salas,2007
1584,Álvaro Salas,2007
1585,Álvaro Salas,2007
1586,Álvaro Salas,2007
1587,Álvaro Salas,2007
1588,Álvaro Salas,2007
1589,Álvaro Salas,2007
1590,Álvaro Salas,2007
1591,Álvaro Salas,2007
1592,Álvaro Salas,2007
1593,Álvaro Salas,2007
1594,Álvaro Salas,2007
1595,Álvaro Salas,2007
1596,Álvaro Salas,2007
1597,Álvaro Salas,2007
1598,Álvaro Salas,2007
1599,Álvaro Salas,2007
1600,Álvaro Salas,2007
1601,Álvaro Salas,2007
1602,Álvaro Salas,2007
1603,Álvaro Salas,2007
1604,Álvaro Salas,2007
1605,Álvaro Salas,2007
1606,Álvaro Salas,2007
1607,Palta Meléndez,2007
1608,Palta Meléndez,2007
1609,Palta Meléndez,2007
1610,Palta Meléndez,2007
1611,Palta Meléndez,2007
1612,Palta Meléndez,2007
1613,Palta Meléndez,2007
1614,Palta Meléndez,2007
1615,Palta Meléndez,2007
1616,Palta Meléndez,2007
1617,Palta Meléndez,2007
1618,Palta Meléndez,2007
1619,Palta Meléndez,2007
1620,Palta Meléndez,2007
1621,Palta Meléndez,2007
1622,Palta Meléndez,2007
1623,Palta Meléndez,2007
1624,Palta Meléndez,2007
1625,Palta Meléndez,2007
1626,Palta Meléndez,2007
1627,Palta Meléndez,2007
1628,Palta Meléndez,2007
1629,Palta Meléndez,2007
1630,Palta Meléndez,2007
1631,Palta Meléndez,2007
1632,Palta Meléndez,2007
1633,Palta Meléndez,2007
1634,Palta Meléndez,2007
1635,Palta Meléndez,2007
1636,Palta Meléndez,2007
1637,Palta Meléndez,2007
1638,Palta Meléndez,2007
1639,Palta Meléndez,2007
1640,Palta Meléndez,2007
1641,Palta Meléndez,2007
1642,Palta Meléndez,2007
1643,Palta Meléndez,2007
1644,Palta Meléndez,2007
1645,Palta Meléndez,2007
1646,Palta Meléndez,2007
1647,Palta Meléndez,2007
1648,Palta Meléndez,2007
1649,Palta Meléndez,2007
1650,Palta Meléndez,2007
1651,Palta Meléndez,2007
1652,Palta Meléndez,2007
1653,Palta Meléndez,2007
1654,Palta Meléndez,2007
1655,Palta Meléndez,2007
1656,Palta Meléndez,2007
1657,Palta Meléndez,2007
1658,Palta Meléndez,2007
1659,Stefan Kramer,2008
1660,Stefan Kramer,2008
1661,Stefan Kramer,2008
1662,Stefan Kramer,2008
1663,Stefan Kramer,2008
1664,Stefan Kramer,2008
1665,Stefan Kramer,2008
1666,Stefan Kramer,2008
1667,Stefan Kramer,2008
1668,Stefan Kramer,2008
1669,Stefan Kramer,2008
1670,Stefan Kramer,2008
1671,Stefan Kramer,2008
1672,Stefan Kramer,2008
1673,Stefan Kramer,2008
1674,Stefan Kramer,2008
1675,Stefan Kramer,2008
1676,Stefan Kramer,2008
1677,Stefan Kramer,2008
1678,Stefan Kramer,2008
1679,Stefan Kramer,2008
1680,Stefan Kramer,2008
1681,Stefan Kramer,2008
1682,Stefan Kramer,2008
1683,Stefan Kramer,2008
1684,Stefan Kramer,2008
1685,Stefan Kramer,2008
1686,Stefan Kramer,2008
1687,Stefan Kramer,2008
1688,Stefan Kramer,2008
1689,Stefan Kramer,2008
1690,Stefan Kramer,2008
1691,Stefan Kramer,2008
1692,Stefan Kramer,2008
1693,Stefan Kramer,2008
1694,Stefan Kramer,2008
1695,Stefan Kramer,2008
1696,Stefan Kramer,2008
1697,Stefan Kramer,2008
1698,Stefan Kramer,2008
1699,Stefan Kramer,2008
1700,Stefan Kramer,2008
1701,Stefan Kramer,2008
1702,Stefan Kramer,2008
1703,Stefan Kramer,2008
1704,Stefan Kramer,2008
1705,Stefan Kramer,2008
1706,Stefan Kramer,2008
1707,Stefan Kramer,2008
1708,Stefan Kramer,2008
1709,Stefan Kramer,2008
1710,Stefan Kramer,2008
1711,Stefan Kramer,2008
1712,Stefan Kramer,2008
1713,Stefan Kramer,2008
1714,Stefan Kramer,2008
1715,Profesor Salomón y Tutu-Tutu,2008
1716,Profesor Salomón y Tutu-Tutu,2008
1717,Profesor Salomón y Tutu-Tutu,2008
1718,Profesor Salomón y Tutu-Tutu,2008
1719,Profesor Salomón y Tutu-Tutu,2008
1720,Profesor Salomón y Tutu-Tutu,2008
1721,Profesor Salomón y Tutu-Tutu,2008
1722,Profesor Salomón y Tutu-Tutu,2008
1723,Profesor Salomón y Tutu-Tutu,2008
1724,Profesor Salomón y Tutu-Tutu,2008
1725,Profesor Salomón y Tutu-Tutu,2008
1726,Profesor Salomón y Tutu-Tutu,2008
1727,Profesor Salomón y Tutu-Tutu,2008
1728,Profesor Salomón y Tutu-Tutu,2008
1729,Profesor Salomón y Tutu-Tutu,2008
1730,Profesor Salomón y Tutu-Tutu,2008
1731,Profesor Salomón y Tutu-Tutu,2008
1732,Dinamita Show,2009
1733,Dinamita Show,2009
1734,Dinamita Show,2009
1735,Dinamita Show,2009
1736,Dinamita Show,2009
1737,Dinamita Show,2009
1738,Dinamita Show,2009
1739,Dinamita Show,2009
1740,Dinamita Show,2009
1741,Dinamita Show,2009
1742,Dinamita Show,2009
1743,Dinamita Show,2009
1744,Dinamita Show,2009
1745,Dinamita Show,2009
1746,Dinamita Show,2009
1747,Dinamita Show,2009
1748,Dinamita Show,2009
1749,Dinamita Show,2009
1750,Dinamita Show,2009
1751,Dinamita Show,2009
1752,Dinamita Show,2009
1753,Dinamita Show,2009
1754,Dinamita Show,2009
1755,Dinamita Show,2009
1756,Dinamita Show,2009
1757,Dinamita Show,2009
1758,Dinamita Show,2009
1759,Dinamita Show,2009
1760,Dinamita Show,2009
1761,Dinamita Show,2009
1762,Dinamita Show,2009
1763,Dinamita Show,2009
1764,Dinamita Show,2009
1765,Dinamita Show,2009
1766,Dinamita Show,2009
1767,Dinamita Show,2009
1768,Manpoval,2009
1769,Manpoval,2009
1770,Manpoval,2009
1771,Manpoval,2009
1772,Manpoval,2009
1773,Coco Legrand,2010
1774,Coco Legrand,2010
1775,Coco Legrand,2010
1776,Coco Legrand,2010
1777,Coco Legrand,2010
1778,Coco Legrand,2010
1779,Coco Legrand,2010
1780,Coco Legrand,2010
1781,Coco Legrand,2010
1782,Coco Legrand,2010
1783,Coco Legrand,2010
1784,Coco Legrand,2010
1785,Coco Legrand,2010
1786,Coco Legrand,2010
1787,Coco Legrand,2010
1788,Coco Legrand,2010
1789,Coco Legrand,2010
1790,Coco Legrand,2010
1791,Coco Legrand,2010
1792,Coco Legrand,2010
1793,Coco Legrand,2010
1794,Coco Legrand,2010
1795,Coco Legrand,2010
1796,Coco Legrand,2010
1797,Coco Legrand,2010
1798,Coco Legrand,2010
1799,Coco Legrand,2010
1800,Coco Legrand,2010
1801,Coco Legrand,2010
1802,Coco Legrand,2010
1803,Coco Legrand,2010
1804,Coco Legrand,2010
1805,Coco Legrand,2010
1806,Coco Legrand,2010
1807,Coco Legrand,2010
1808,Coco Legrand,2010
1809,Coco Legrand,2010
1810,Coco Legrand,2010
1811,Coco Legrand,2010
1812,Coco Legrand,2010
1813,Coco Legrand,2010
1814,Coco Legrand,2010
1815,Coco Legrand,2010
1816,Coco Legrand,2010
1817,Coco Legrand,2010
1818,Coco Legrand,2010
1819,Coco Legrand,2010
1820,Coco Legrand,2010
1821,Coco Legrand,2010
1822,Coco Legrand,2010
1823,Dino Gordillo,2011
1824,Dino Gordillo,2011
1825,Dino Gordillo,2011
1826,Dino Gordillo,2011
1827,Dino Gordillo,2011
1828,Dino Gordillo,2011
1829,Dino Gordillo,2011
1830,Dino Gordillo,2011
1831,Dino Gordillo,2011
1832,Dino Gordillo,2011
1833,Dino Gordillo,2011
1834,Dino Gordillo,2011
1835,Dino Gordillo,2011
1836,Dino Gordillo,2011
1837,Dino Gordillo,2011
1838,Dino Gordillo,2011
1839,Dino Gordillo,2011
1840,Dino Gordillo,2011
1841,Dino Gordillo,2011
1842,Dino Gordillo,2011
1843,Dino Gordillo,2011
1844,Dino Gordillo,2011
1845,Dino Gordillo,2011
1846,Dino Gordillo,2011
1847,Dino Gordillo,2011
1848,Dino Gordillo,2011
1849,Dino Gordillo,2011
1850,Dino Gordillo,2011
1851,Óscar Gangas,2011
1852,Óscar Gangas,2011
1853,Óscar Gangas,2011
1854,Óscar Gangas,2011
1855,Óscar Gangas,2011
1856,Óscar Gangas,2011
1857,Óscar Gangas,2011
1858,Óscar Gangas,2011
1859,Óscar Gangas,2011
1860,Óscar Gangas,2011
1861,Óscar Gangas,2011
1862,Óscar Gangas,2011
1863,Óscar Gangas,2011
1864,Óscar Gangas,2011
1865,Óscar Gangas,2011
1866,Óscar Gangas,2011
1867,Óscar Gangas,2011
1868,Óscar Gangas,2011
1869,Óscar Gangas,2011
1870,Óscar Gangas,2011
1871,Óscar Gangas,2011
1872,Óscar Gangas,2011
1873,Óscar Gangas,2011
1874,Ricardo Meruane,2011
1875,Ricardo Meruane,2011
1876,Ricardo Meruane,2011
1877,Ricardo Meruane,2011
1878,Ricardo Meruane,2011
1879,Ricardo Meruane,2011
1880,Ricardo Meruane,2011
1881,Ricardo Meruane,2011
1882,Ricardo Meruane,2011
1883,Ricardo Meruane,2011
1884,Ricardo Meruane,2011
1885,Ricardo Meruane,2011
1886,Ricardo Meruane,2011
1887,Ricardo Meruane,2011
1888,Ricardo Meruane,2011
1889,Ricardo Meruane,2011
1890,Ricardo Meruane,2011
1891,Ricardo Meruane,2011
1892,Ricardo Meruane,2011
1893,Ricardo Meruane,2011
1894,Ricardo Meruane,2011
1895,Ricardo Meruane,2011
1896,Dinamita Show,2012
1897,Dinamita Show,2012
1898,Dinamita Show,2012
1899,Dinamita Show,2012
1900,Dinamita Show,2012
1901,Dinamita Show,2012
1902,Dinamita Show,2012
1903,Dinamita Show,2012
1904,Dinamita Show,2012
1905,Dinamita Show,2012
1906,Dinamita Show,2012
1907,Dinamita Show,2012
1908,Dinamita Show,2012
1909,Dinamita Show,2012
1910,Dinamita Show,2012
1911,Dinamita Show,2012
1912,Dinamita Show,2012
1913,Dinamita Show,2012
1914,Dinamita Show,2012
1915,Dinamita Show,2012
1916,Dinamita Show,2012
1917,Dinamita Show,2012
1918,Dinamita Show,2012
1919,Dinamita Show,2012
1920,Dinamita Show,2012
1921,Dinamita Show,2012
1922,Dinamita Show,2012
1923,Dinamita Show,2012
1924,Dinamita Show,2012
1925,Dinamita Show,2012
1926,Dinamita Show,2012
1927,Dinamita Show,2012
1928,Dinamita Show,2012
1929,Dinamita Show,2012
1930,Dinamita Show,2012
1931,Dinamita Show,2012
1932,Dinamita Show,2012
1933,Dinamita Show,2012
1934,Dinamita Show,2012
1935,Dinamita Show,2012
1936,Dinamita Show,2012
1937,Dinamita Show,2012
1938,Dinamita Show,2012
1939,Dinamita Show,2012
1940,Dinamita Show,2012
1941,Dinamita Show,2012
1942,Dinamita Show,2012
1943,Dinamita Show,2012
1944,Dinamita Show,2012
1945,Dinamita Show,2012
1946,Dinamita Show,2012
1947,Dinamita Show,2012
1948,Dinamita Show,2012
1949,Dinamita Show,2012
1950,Dinamita Show,2012
1951,Zip-Zup,2012
1952,Zip-Zup,2012
1953,Zip-Zup,2012
1954,Zip-Zup,2012
1955,Zip-Zup,2012
1956,Zip-Zup,2012
1957,Zip-Zup,2012
1958,Zip-Zup,2012
1959,Zip-Zup,2012
1960,Zip-Zup,2012
1961,Zip-Zup,2012
1962,Zip-Zup,2012
1963,Zip-Zup,2012
1964,Zip-Zup,2012
1965,Zip-Zup,2012
1966,Zip-Zup,2012
1967,Zip-Zup,2012
1968,Zip-Zup,2012
1969,Zip-Zup,2012
1970,Zip-Zup,2012
1971,Zip-Zup,2012
1972,Zip-Zup,2012
1973,Zip-Zup,2012
1974,Zip-Zup,2012
1975,Zip-Zup,2012
1976,Zip-Zup,2012
1977,Zip-Zup,2012
1978,Zip-Zup,2012
1979,Bombo Fica,2012
1980,Bombo Fica,2012
1981,Bombo Fica,2012
1982,Bombo Fica,2012
1983,Bombo Fica,2012
1984,Bombo Fica,2012
1985,Bombo Fica,2012
1986,Bombo Fica,2012
1987,Bombo Fica,2012
1988,Bombo Fica,2012
1989,Bombo Fica,2012
1990,Bombo Fica,2012
1991,Bombo Fica,2012
1992,Bombo Fica,2012
1993,Bombo Fica,2012
1994,Bombo Fica,2012
1995,Bombo Fica,2012
1996,Bombo Fica,2012
1997,Bombo Fica,2012
1998,Bombo Fica,2012
1999,Bombo Fica,2012
2000,Bombo Fica,2012
2001,Bombo Fica,2012
2002,Bombo Fica,2012
2003,Bombo Fica,2012
2004,Bombo Fica,2012
2005,Bombo Fica,2012
2006,Bombo Fica,2012
2007,Bombo Fica,2012
2008,Bombo Fica,2012
2009,Bombo Fica,2012
2010,Bombo Fica,2012
2011,Bombo Fica,2012
2012,Bombo Fica,2012
2013,Bombo Fica,2012
2014,Bombo Fica,2012
2015,Bombo Fica,2012
2016,Bombo Fica,2012
2017,Bombo Fica,2012
2018,Bombo Fica,2012
2019,Bombo Fica,2012
2020,Bombo Fica,2012
2021,Bombo Fica,2012
2022,Bombo Fica,2012
2023,Bombo Fica,2012
2024,Bombo Fica,2012
2025,Bombo Fica,2012
2026,Bombo Fica,2012
2027,Bombo Fica,2012
2028,Bombo Fica,2012
2029,Bombo Fica,2012
2030,Bombo Fica,2012
2031,Bombo Fica,2012
2032,Bombo Fica,2012
2033,Bombo Fica,2012
2034,Bombo Fica,2012
2035,Bombo Fica,2012
2036,Bombo Fica,2012
2037,Hermógenes Conache,2013
2038,Hermógenes Conache,2013
2039,Hermógenes Conache,2013
2040,Hermógenes Conache,2013
2041,Hermógenes Conache,2013
2042,Hermógenes Conache,2013
2043,Hermógenes Conache,2013
2044,Hermógenes Conache,2013
2045,Hermógenes Conache,2013
2046,Hermógenes Conache,2013
2047,Hermógenes Conache,2013
2048,Hermógenes Conache,2013
2049,Hermógenes Conache,2013
2050,Hermógenes Conache,2013
2051,Hermógenes Conache,2013
2052,Hermógenes Conache,2013
2053,Hermógenes Conache,2013
2054,Hermógenes Conache,2013
2055,Hermógenes Conache,2013
2056,Hermógenes Conache,2013
2057,Hermógenes Conache,2013
2058,Hermógenes Conache,2013
2059,Hermógenes Conache,2013
2060,Hermógenes Conache,2013
2061,Hermógenes Conache,2013
2062,Hermógenes Conache,2013
2063,Hermógenes Conache,2013
2064,Hermógenes Conache,2013
2065,Hermógenes Conache,2013
2066,Hermógenes Conache,2013
2067,Hermógenes Conache,2013
2068,Hermógenes Conache,2013
2069,Hermógenes Conache,2013
2070,Los Atletas de la Risa,2013
2071,Los Atletas de la Risa,2013
2072,Los Atletas de la Risa,2013
2073,Los Atletas de la Risa,2013
2074,Los Atletas de la Risa,2013
2075,Los Atletas de la Risa,2013
2076,Los Atletas de la Risa,2013
2077,Los Atletas de la Risa,2013
2078,Los Atletas de la Risa,2013
2079,Los Atletas de la Risa,2013
2080,Los Atletas de la Risa,2013
2081,Los Atletas de la Risa,2013
2082,Los Atletas de la Risa,2013
2083,Los Atletas de la Risa,2013
2084,Los Atletas de la Risa,2013
2085,Los Atletas de la Risa,2013
2086,Los Atletas de la Risa,2013
2087,Los Atletas de la Risa,2013
2088,Los Atletas de la Risa,2013
2089,Los Atletas de la Risa,2013
2090,Los Atletas de la Risa,2013
2091,Los Atletas de la Risa,2013
2092,Los Atletas de la Risa,2013
2093,Los Atletas de la Risa,2013
2094,Los Atletas de la Risa,2013
2095,Los Atletas de la Risa,2013
2096,Los Atletas de la Risa,2013
2097,Los Atletas de la Risa,2013
2098,Los Atletas de la Risa,2013
2099,Los Atletas de la Risa,2013
2100,Los Atletas de la Risa,2013
2101,Los Atletas de la Risa,2013
2102,Nancho Parra,2013
2103,Nancho Parra,2013
2104,Nancho Parra,2013
2105,Nancho Parra,2013
2106,Nancho Parra,2013
2107,Nancho Parra,2013
2108,Nancho Parra,2013
2109,Nancho Parra,2013
2110,Nancho Parra,2013
2111,Nancho Parra,2013
2112,Nancho Parra,2013
2113,Nancho Parra,2013
2114,Nancho Parra,2013
2115,Nancho Parra,2013
2116,Nancho Parra,2013
2117,Nancho Parra,2013
2118,Nancho Parra,2013
2119,Nancho Parra,2013
2120,Nancho Parra,2013
2121,Nancho Parra,2013
2122,Nancho Parra,2013
2123,Nancho Parra,2013
2124,Nancho Parra,2013
2125,Nancho Parra,2013
2126,Nancho Parra,2013
2127,Nancho Parra,2013
2128,Nancho Parra,2013
2129,Nancho Parra,2013
2130,Nancho Parra,2013
2131,Nancho Parra,2013
2132,Nancho Parra,2013
2133,Nancho Parra,2013
2134,Nancho Parra,2013
2135,Nancho Parra,2013
2136,Nancho Parra,2013
2137,Nancho Parra,2013
2138,Nancho Parra,2013
2139,Nancho Parra,2013
2140,Nancho Parra,2013
2141,Nancho Parra,2013
2142,Nancho Parra,2013
2143,Bastián Paz,2013
2144,Bastián Paz,2013
2145,Bastián Paz,2013
2146,Bastián Paz,2013
2147,Bastián Paz,2013
2148,Bastián Paz,2013
2149,Bastián Paz,2013
2150,Bastián Paz,2013
2151,Bastián Paz,2013
2152,Bastián Paz,2013
2153,Bastián Paz,2013
2154,Bastián Paz,2013
2155,Bastián Paz,2013
2156,Bastián Paz,2013
2157,Bastián Paz,2013
2158,Bastián Paz,2013
2159,Bastián Paz,2013
2160,Bastián Paz,2013
2161,Bastián Paz,2013
2162,Bastián Paz,2013
2163,Bastián Paz,2013
2164,Bastián Paz,2013
2165,Bastián Paz,2013
2166,Bastián Paz,2013
2167,Bastián Paz,2013
2168,Bastián Paz,2013
2169,Bastián Paz,2013
2170,Bastián Paz,2013
2171,Bastián Paz,2013
2172,Bastián Paz,2013
2173,Bastián Paz,2013
2174,Bastián Paz,2013
2175,Bastián Paz,2013
2176,Bastián Paz,2013
2177,Bastián Paz,2013
2178,Bastián Paz,2013
2179,Los Locos del Humor,2014
2180,Los Locos del Humor,2014
2181,Los Locos del Humor,2014
2182,Los Locos del Humor,2014
2183,Los Locos del Humor,2014
2184,Los Locos del Humor,2014
2185,Los Locos del Humor,2014
2186,Los Locos del Humor,2014
2187,Los Locos del Humor,2014
2188,Los Locos del Humor,2014
2189,Los Locos del Humor,2014
2190,Los Locos del Humor,2014
2191,Los Locos del Humor,2014
2192,Los Locos del Humor,2014
2193,Los Locos del Humor,2014
2194,Los Locos del Humor,2014
2195,Los Locos del Humor,2014
2196,Los Locos del Humor,2014
2197,Los Locos del Humor,2014
2198,Los Locos del Humor,2014
2199,Los Locos del Humor,2014
2200,Los Locos del Humor,2014
2201,Los Locos del Humor,2014
2202,Los Locos del Humor,2014
2203,Los Locos del Humor,2014
2204,Los Locos del Humor,2014
2205,Los Locos del Humor,2014
2206,Los Locos del Humor,2014
2207,Los Locos del Humor,2014
2208,Los Locos del Humor,2014
2209,Los Locos del Humor,2014
2210,Los Locos del Humor,2014
2211,Los Locos del Humor,2014
2212,Los Locos del Humor,2014
2213,Los Locos del Humor,2014
2214,Los Locos del Humor,2014
2215,Los Locos del Humor,2014
2216,Los Locos del Humor,2014
2217,Los Locos del Humor,2014
2218,Los Locos del Humor,2014
2219,Los Locos del Humor,2014
2220,Los Locos del Humor,2014
2221,Los Locos del Humor,2014
2222,Los Locos del Humor,2014
2223,Los Locos del Humor,2014
2224,Los Locos del Humor,2014
2225,Jorge Alís,2014
2226,Jorge Alís,2014
2227,Jorge Alís,2014
2228,Jorge Alís,2014
2229,Jorge Alís,2014
2230,Jorge Alís,2014
2231,Jorge Alís,2014
2232,Jorge Alís,2014
2233,Jorge Alís,2014
2234,Jorge Alís,2014
2235,Jorge Alís,2014
2236,Jorge Alís,2014
2237,Jorge Alís,2014
2238,Jorge Alís,2014
2239,Jorge Alís,2014
2240,Jorge Alís,2014
2241,Jorge Alís,2014
2242,Jorge Alís,2014
2243,Jorge Alís,2014
2244,Jorge Alís,2014
2245,Jorge Alís,2014
2246,Jorge Alís,2014
2247,Jorge Alís,2014
2248,Jorge Alís,2014
2249,Jorge Alís,2014
2250,Jorge Alís,2014
2251,Jorge Alís,2014
2252,Jorge Alís,2014
2253,Jorge Alís,2014
2254,Jorge Alís,2014
2255,Jorge Alís,2014
2256,Jorge Alís,2014
2257,Jorge Alís,2014
2258,Jorge Alís,2014
2259,Jorge Alís,2014
2260,Jorge Alís,2014
2261,Jorge Alís,2014
2262,Jorge Alís,2014
2263,Jorge Alís,2014
2264,Jorge Alís,2014
2265,Jorge Alís,2014
2266,Jorge Alís,2014
2267,Jorge Alís,2014
2268,Jorge Alís,2014
2269,Jorge Alís,2014
2270,Jorge Alís,2014
2271,Jorge Alís,2014
2272,Jorge Alís,2014
2273,Rudy Rey,2014
2274,Rudy Rey,2014
2275,Rudy Rey,2014
2276,Rudy Rey,2014
2277,Rudy Rey,2014
2278,Rudy Rey,2014
2279,Rudy Rey,2014
2280,Rudy Rey,2014
2281,Rudy Rey,2014
2282,Rudy Rey,2014
2283,Rudy Rey,2014
2284,Rudy Rey,2014
2285,Rudy Rey,2014
2286,Rudy Rey,2014
2287,Rudy Rey,2014
2288,Rudy Rey,2014
2289,Rudy Rey,2014
2290,Rudy Rey,2014
2291,Rudy Rey,2014
2292,Rudy Rey,2014
2293,Rudy Rey,2014
2294,Rudy Rey,2014
2295,Rudy Rey,2014
2296,Rudy Rey,2014
2297,Rudy Rey,2014
2298,Rudy Rey,2014
2299,Gigi Martin,2014
2300,Gigi Martin,2014
2301,Gigi Martin,2014
2302,Gigi Martin,2014
2303,Gigi Martin,2014
2304,Gigi Martin,2014
2305,Gigi Martin,2014
2306,Gigi Martin,2014
2307,Gigi Martin,2014
2308,Gigi Martin,2014
2309,Gigi Martin,2014
2310,Gigi Martin,2014
2311,Gigi Martin,2014
2312,Gigi Martin,2014
2313,Gigi Martin,2014
2314,Gigi Martin,2014
2315,Gigi Martin,2014
2316,Gigi Martin,2014
2317,Gigi Martin,2014
2318,Gigi Martin,2014
2319,Gigi Martin,2014
2320,Gigi Martin,2014
2321,Gigi Martin,2014
2322,Gigi Martin,2014
2323,Gigi Martin,2014
2324,Gigi Martin,2014
2325,Payahop,2014
2326,Payahop,2014
2327,Payahop,2014
2328,Payahop,2014
2329,Payahop,2014
2330,Payahop,2014
2331,Payahop,2014
2332,Payahop,2014
2333,Payahop,2014
2334,Payahop,2014
2335,Payahop,2014
2336,Payahop,2014
2337,Payahop,2014
2338,Payahop,2014
2339,Payahop,2014
2340,Payahop,2014
2341,Payahop,2014
2342,Payahop,2014
2343,Payahop,2014
2344,Payahop,2014
2345,Payahop,2014
2346,Payahop,2014
2347,Payahop,2014
2348,Payahop,2014
2349,Payahop,2014
2350,Payahop,2014
2351,Payahop,2014
2352,Payahop,2014
2353,Payahop,2014
2354,Payahop,2014
2355,Payahop,2014
2356,Payahop,2014
2357,Payahop,2014
2358,Payahop,2014
2359,Payahop,2014
2360,Dinamita Show,2015
2361,Dinamita Show,2015
2362,Dinamita Show,2015
2363,Dinamita Show,2015
2364,Dinamita Show,2015
2365,Dinamita Show,2015
2366,Dinamita Show,2015
2367,Dinamita Show,2015
2368,Dinamita Show,2015
2369,Dinamita Show,2015
2370,Dinamita Show,2015
2371,Dinamita Show,2015
2372,Dinamita Show,2015
2373,Dinamita Show,2015
2374,Dinamita Show,2015
2375,Dinamita Show,2015
2376,Dinamita Show,2015
2377,Dinamita Show,2015
2378,Dinamita Show,2015
2379,Dinamita Show,2015
2380,Dinamita Show,2015
2381,Dinamita Show,2015
2382,Dinamita Show,2015
2383,Dinamita Show,2015
2384,Dinamita Show,2015
2385,Dinamita Show,2015
2386,Dinamita Show,2015
2387,Dinamita Show,2015
2388,Dinamita Show,2015
2389,Dinamita Show,2015
2390,Dinamita Show,2015
2391,Dinamita Show,2015
2392,Dinamita Show,2015
2393,Dinamita Show,2015
2394,Dinamita Show,2015
2395,Dinamita Show,2015
2396,Dinamita Show,2015
2397,Dinamita Show,2015
2398,Dinamita Show,2015
2399,Dinamita Show,2015
2400,Dinamita Show,2015
2401,Dinamita Show,2015
2402,Dinamita Show,2015
2403,Dinamita Show,2015
2404,Dinamita Show,2015
2405,Dinamita Show,2015
2406,Dinamita Show,2015
2407,Dinamita Show,2015
2408,Dinamita Show,2015
2409,Dinamita Show,2015
2410,Dinamita Show,2015
2411,Dinamita Show,2015
2412,Dinamita Show,2015
2413,Dinamita Show,2015
2414,Dinamita Show,2015
2415,Dinamita Show,2015
2416,Dinamita Show,2015
2417,Dinamita Show,2015
2418,Dinamita Show,2015
2419,Dinamita Show,2015
2420,Dinamita Show,2015
2421,Centella,2015
2422,Centella,2015
2423,Centella,2015
2424,Centella,2015
2425,Centella,2015
2426,Centella,2015
2427,Centella,2015
2428,Centella,2015
2429,Centella,2015
2430,Centella,2015
2431,Centella,2015
2432,Centella,2015
2433,Centella,2015
2434,Centella,2015
2435,Centella,2015
2436,Centella,2015
2437,Centella,2015
2438,Centella,2015
2439,Centella,2015
2440,Centella,2015
2441,Centella,2015
2442,Centella,2015
2443,Centella,2015
2444,Centella,2015
2445,Centella,2015
2446,Centella,2015
2447,Centella,2015
2448,Centella,2015
2449,Centella,2015
2450,Centella,2015
2451,Huaso Filomeno,2015
2452,Huaso Filomeno,2015
2453,Huaso Filomeno,2015
2454,Huaso Filomeno,2015
2455,Huaso Filomeno,2015
2456,Huaso Filomeno,2015
2457,Huaso Filomeno,2015
2458,Huaso Filomeno,2015
2459,Huaso Filomeno,2015
2460,Huaso Filomeno,2015
2461,Huaso Filomeno,2015
2462,Huaso Filomeno,2015
2463,Huaso Filomeno,2015
2464,Huaso Filomeno,2015
2465,Huaso Filomeno,2015
2466,Huaso Filomeno,2015
2467,Huaso Filomeno,2015
2468,Huaso Filomeno,2015
2469,Huaso Filomeno,2015
2470,Huaso Filomeno,2015
2471,Huaso Filomeno,2015
2472,Huaso Filomeno,2015
2473,Huaso Filomeno,2015
2474,Huaso Filomeno,2015
2475,Huaso Filomeno,2015
2476,Huaso Filomeno,2015
2477,Huaso Filomeno,2015
2478,Huaso Filomeno,2015
2479,Huaso Filomeno,2015
2480,Huaso Filomeno,2015
2481,Huaso Filomeno,2015
2482,Huaso Filomeno,2015
2483,Huaso Filomeno,2015
2484,Huaso Filomeno,2015
2485,Huaso Filomeno,2015
2486,Huaso Filomeno,2015
2487,León Murillo,2015
2488,León Murillo,2015
2489,León Murillo,2015
2490,León Murillo,2015
2491,León Murillo,2015
2492,León Murillo,2015
2493,León Murillo,2015
2494,León Murillo,2015
2495,León Murillo,2015
2496,León Murillo,2015
2497,León Murillo,2015
2498,León Murillo,2015
2499,León Murillo,2015
2500,León Murillo,2015
2501,León Murillo,2015
2502,León Murillo,2015
2503,León Murillo,2015
2504,León Murillo,2015
2505,León Murillo,2015
2506,León Murillo,2015
2507,León Murillo,2015
2508,León Murillo,2015
2509,León Murillo,2015
2510,León Murillo,2015
2511,León Murillo,2015
2512,León Murillo,2015
2513,León Murillo,2015
2514,León Murillo,2015
2515,León Murillo,2015
2516,León Murillo,2015
2517,León Murillo,2015
2518,León Murillo,2015
2519,León Murillo,2015
2520,León Murillo,2015
2521,León Murillo,2015
2522,León Murillo,2015
2523,León Murillo,2015
2524,León Murillo,2015
2525,León Murillo,2015
2526,León Murillo,2015
2527,León Murillo,2015
2528,León Murillo,2015
2529,Arturo Ruiz-Tagle,2015
2530,Arturo Ruiz-Tagle,2015
2531,Arturo Ruiz-Tagle,2015
2532,Arturo Ruiz-Tagle,2015
2533,Arturo Ruiz-Tagle,2015
2534,Arturo Ruiz-Tagle,2015
2535,Arturo Ruiz-Tagle,2015
2536,Arturo Ruiz-Tagle,2015
2537,Arturo Ruiz-Tagle,2015
2538,Arturo Ruiz-Tagle,2015
2539,Arturo Ruiz-Tagle,2015
2540,Arturo Ruiz-Tagle,2015
2541,Arturo Ruiz-Tagle,2015
2542,Arturo Ruiz-Tagle,2015
2543,Arturo Ruiz-Tagle,2015
2544,Arturo Ruiz-Tagle,2015
2545,Arturo Ruiz-Tagle,2015
2546,Arturo Ruiz-Tagle,2015
2547,Arturo Ruiz-Tagle,2015
2548,Arturo Ruiz-Tagle,2015
2549,Arturo Ruiz-Tagle,2015
2550,Arturo Ruiz-Tagle,2015
2551,Arturo Ruiz-Tagle,2015
2552,Arturo Ruiz-Tagle,2015
2553,Arturo Ruiz-Tagle,2015
2554,Arturo Ruiz-Tagle,2015
2555,Arturo Ruiz-Tagle,2015
2556,Arturo Ruiz-Tagle,2015
2557,Arturo Ruiz-Tagle,2015
2558,Arturo Ruiz-Tagle,2015
2559,Arturo Ruiz-Tagle,2015
2560,Arturo Ruiz-Tagle,2015
2561,Arturo Ruiz-Tagle,2015
2562,Arturo Ruiz-Tagle,2015
2563,Arturo Ruiz-Tagle,2015
2564,Arturo Ruiz-Tagle,2015
2565,Arturo Ruiz-Tagle,2015
2566,Arturo Ruiz-Tagle,2015
2567,Arturo Ruiz-Tagle,2015
2568,Arturo Ruiz-Tagle,2015
2569,Arturo Ruiz-Tagle,2015
2570,Arturo Ruiz-Tagle,2015
2571,Arturo Ruiz-Tagle,2015
2572,Arturo Ruiz-Tagle,2015
2573,Edo Caroe,2016
2574,Edo Caroe,2016
2575,Edo Caroe,2016
2576,Edo Caroe,2016
2577,Edo Caroe,2016
2578,Edo Caroe,2016
2579,Edo Caroe,2016
2580,Edo Caroe,2016
2581,Edo Caroe,2016
2582,Edo Caroe,2016
2583,Edo Caroe,2016
2584,Edo Caroe,2016
2585,Edo Caroe,2016
2586,Edo Caroe,2016
2587,Edo Caroe,2016
2588,Edo Caroe,2016
2589,Edo Caroe,2016
2590,Edo Caroe,2016
2591,Edo Caroe,2016
2592,Edo Caroe,2016
2593,Edo Caroe,2016
2594,Edo Caroe,2016
2595,Edo Caroe,2016
2596,Edo Caroe,2016
2597,Edo Caroe,2016
2598,Edo Caroe,2016
2599,Edo Caroe,2016
2600,Edo Caroe,2016
2601,Edo Caroe,2016
2602,Edo Caroe,2016
2603,Edo Caroe,2016
2604,Edo Caroe,2016
2605,Edo Caroe,2016
2606,Edo Caroe,2016
2607,Edo Caroe,2016
2608,Edo Caroe,2016
2609,Edo Caroe,2016
2610,Edo Caroe,2016
2611,Edo Caroe,2016
2612,Edo Caroe,2016
2613,Edo Caroe,2016
2614,Edo Caroe,2016
2615,Edo Caroe,2016
2616,Edo Caroe,2016
2617,Edo Caroe,2016
2618,Edo Caroe,2016
2619,Edo Caroe,2016
2620,Edo Caroe,2016
2621,Edo Caroe,2016
2622,Edo Caroe,2016
2623,Edo Caroe,2016
2624,Edo Caroe,2016
2625,Edo Caroe,2016
2626,Edo Caroe,2016
2627,Edo Caroe,2016
2628,Edo Caroe,2016
2629,Edo Caroe,2016
2630,Edo Caroe,2016
2631,Edo Caroe,2016
2632,Edo Caroe,2016
2633,Edo Caroe,2016
2634,Edo Caroe,2016
2635,Edo Caroe,2016
2636,Edo Caroe,2016
2637,Edo Caroe,2016
2638,Edo Caroe,2016
2639,Edo Caroe,2016
2640,Edo Caroe,2016
2641,Rodrigo González,2016
2642,Rodrigo González,2016
2643,Rodrigo González,2016
2644,Rodrigo González,2016
2645,Rodrigo González,2016
2646,Rodrigo González,2016
2647,Rodrigo González,2016
2648,Rodrigo González,2016
2649,Rodrigo González,2016
2650,Rodrigo González,2016
2651,Rodrigo González,2016
2652,Rodrigo González,2016
2653,Rodrigo González,2016
2654,Rodrigo González,2016
2655,Rodrigo González,2016
2656,Rodrigo González,2016
2657,Rodrigo González,2016
2658,Rodrigo González,2016
2659,Rodrigo González,2016
2660,Rodrigo González,2016
2661,Rodrigo González,2016
2662,Rodrigo González,2016
2663,Rodrigo González,2016
2664,Rodrigo González,2016
2665,Rodrigo González,2016
2666,Rodrigo González,2016
2667,Rodrigo González,2016
2668,Rodrigo González,2016
2669,Rodrigo González,2016
2670,Rodrigo González,2016
2671,Rodrigo González,2016
2672,Rodrigo González,2016
2673,Rodrigo González,2016
2674,Rodrigo González,2016
2675,Rodrigo González,2016
2676,Rodrigo González,2016
2677,Rodrigo González,2016
2678,Rodrigo González,2016
2679,Rodrigo González,2016
2680,Rodrigo González,2016
2681,Rodrigo González,2016
2682,Rodrigo González,2016
2683,Rodrigo González,2016
2684,Rodrigo González,2016
2685,Rodrigo González,2016
2686,Natalia Valdebenito,2016
2687,Natalia Valdebenito,2016
2688,Natalia Valdebenito,2016
2689,Natalia Valdebenito,2016
2690,Natalia Valdebenito,2016
2691,Natalia Valdebenito,2016
2692,Natalia Valdebenito,2016
2693,Natalia Valdebenito,2016
2694,Natalia Valdebenito,2016
2695,Natalia Valdebenito,2016
2696,Natalia Valdebenito,2016
2697,Natalia Valdebenito,2016
2698,Natalia Valdebenito,2016
2699,Natalia Valdebenito,2016
2700,Natalia Valdebenito,2016
2701,Natalia Valdebenito,2016
2702,Natalia Valdebenito,2016
2703,Natalia Valdebenito,2016
2704,Natalia Valdebenito,2016
2705,Natalia Valdebenito,2016
2706,Natalia Valdebenito,2016
2707,Natalia Valdebenito,2016
2708,Natalia Valdebenito,2016
2709,Natalia Valdebenito,2016
2710,Natalia Valdebenito,2016
2711,Natalia Valdebenito,2016
2712,Natalia Valdebenito,2016
2713,Natalia Valdebenito,2016
2714,Natalia Valdebenito,2016
2715,Natalia Valdebenito,2016
2716,Natalia Valdebenito,2016
2717,Natalia Valdebenito,2016
2718,Natalia Valdebenito,2016
2719,Natalia Valdebenito,2016
2720,Natalia Valdebenito,2016
2721,Natalia Valdebenito,2016
2722,Natalia Valdebenito,2016
2723,Natalia Valdebenito,2016
2724,Natalia Valdebenito,2016
2725,Natalia Valdebenito,2016
2726,Natalia Valdebenito,2016
2727,Natalia Valdebenito,2016
2728,Natalia Valdebenito,2016
2729,Pedro Ruminot,2016
2730,Pedro Ruminot,2016
2731,Pedro Ruminot,2016
2732,Pedro Ruminot,2016
2733,Pedro Ruminot,2016
2734,Pedro Ruminot,2016
2735,Pedro Ruminot,2016
2736,Pedro Ruminot,2016
2737,Pedro Ruminot,2016
2738,Pedro Ruminot,2016
2739,Pedro Ruminot,2016
2740,Pedro Ruminot,2016
2741,Pedro Ruminot,2016
2742,Pedro Ruminot,2016
2743,Pedro Ruminot,2016
2744,Pedro Ruminot,2016
2745,Pedro Ruminot,2016
2746,Pedro Ruminot,2016
2747,Pedro Ruminot,2016
2748,Pedro Ruminot,2016
2749,Pedro Ruminot,2016
2750,Pedro Ruminot,2016
2751,Pedro Ruminot,2016
2752,Pedro Ruminot,2016
2753,Pedro Ruminot,2016
2754,Pedro Ruminot,2016
2755,Pedro Ruminot,2016
2756,Pedro Ruminot,2016
2757,Pedro Ruminot,2016
2758,Pedro Ruminot,2016
2759,Pedro Ruminot,2016
2760,Pedro Ruminot,2016
2761,Pedro Ruminot,2016
2762,Pedro Ruminot,2016
2763,Pedro Ruminot,2016
2764,Pedro Ruminot,2016
2765,Pedro Ruminot,2016
2766,Pedro Ruminot,2016
2767,Pedro Ruminot,2016
2768,Pedro Ruminot,2016
2769,Pedro Ruminot,2016
2770,Pedro Ruminot,2016
2771,Pedro Ruminot,2016
2772,Pedro Ruminot,2016
2773,Pedro Ruminot,2016
2774,Pedro Ruminot,2016
2775,Pedro Ruminot,2016
2776,Pedro Ruminot,2016
2777,Pedro Ruminot,2016
2778,Pedro Ruminot,2016
2779,Pedro Ruminot,2016
2780,Los Locos del Humor,2016
2781,Los Locos del Humor,2016
2782,Los Locos del Humor,2016
2783,Los Locos del Humor,2016
2784,Los Locos del Humor,2016
2785,Los Locos del Humor,2016
2786,Los Locos del Humor,2016
2787,Los Locos del Humor,2016
2788,Los Locos del Humor,2016
2789,Los Locos del Humor,2016
2790,Los Locos del Humor,2016
2791,Los Locos del Humor,2016
2792,Los Locos del Humor,2016
2793,Los Locos del Humor,2016
2794,Los Locos del Humor,2016
2795,Los Locos del Humor,2016
2796,Los Locos del Humor,2016
2797,Los Locos del Humor,2016
2798,Los Locos del Humor,2016
2799,Los Locos del Humor,2016
2800,Los Locos del Humor,2016
2801,Los Locos del Humor,2016
2802,Los Locos del Humor,2016
2803,Los Locos del Humor,2016
2804,Los Locos del Humor,2016
2805,Los Locos del Humor,2016
2806,Los Locos del Humor,2016
2807,Los Locos del Humor,2016
2808,Los Locos del Humor,2016
2809,Los Locos del Humor,2016
2810,Los Locos del Humor,2016
2811,Los Locos del Humor,2016
2812,Los Locos del Humor,2016
2813,Los Locos del Humor,2016
2814,Los Locos del Humor,2016
2815,Los Locos del Humor,2016
2816,Los Locos del Humor,2016
2817,Los Locos del Humor,2016
2818,Los Locos del Humor,2016
2819,Los Locos del Humor,2016
2820,Ricardo Meruane,2016
2821,Ricardo Meruane,2016
2822,Ricardo Meruane,2016
2823,Ricardo Meruane,2016
2824,Ricardo Meruane,2016
2825,Ricardo Meruane,2016
2826,Ricardo Meruane,2016
2827,Ricardo Meruane,2016
2828,Ricardo Meruane,2016
2829,Ricardo Meruane,2016
2830,Ricardo Meruane,2016
2831,Ricardo Meruane,2016
2832,Ricardo Meruane,2016
2833,Ricardo Meruane,2016
2834,Ricardo Meruane,2016
2835,Ricardo Meruane,2016
2836,Ricardo Meruane,2016
2837,Ricardo Meruane,2016
2838,Ricardo Meruane,2016
2839,Ricardo Meruane,2016
2840,Ricardo Meruane,2016
2841,Ricardo Meruane,2016
2842,Ricardo Meruane,2016
2843,Ricardo Meruane,2016
2844,Ricardo Meruane,2016
2845,Ricardo Meruane,2016
2846,Ricardo Meruane,2016
2847,Ricardo Meruane,2016
2848,Ricardo Meruane,2016
2849,Juan Pablo López,2017
2850,Juan Pablo López,2017
2851,Juan Pablo López,2017
2852,Juan Pablo López,2017
2853,Juan Pablo López,2017
2854,Juan Pablo López,2017
2855,Juan Pablo López,2017
2856,Juan Pablo López,2017
2857,Juan Pablo López,2017
2858,Juan Pablo López,2017
2859,Juan Pablo López,2017
2860,Juan Pablo López,2017
2861,Juan Pablo López,2017
2862,Juan Pablo López,2017
2863,Juan Pablo López,2017
2864,Juan Pablo López,2017
2865,Juan Pablo López,2017
2866,Juan Pablo López,2017
2867,Juan Pablo López,2017
2868,Juan Pablo López,2017
2869,Juan Pablo López,2017
2870,Juan Pablo López,2017
2871,Juan Pablo López,2017
2872,Juan Pablo López,2017
2873,Juan Pablo López,2017
2874,Juan Pablo López,2017
2875,Juan Pablo López,2017
2876,Juan Pablo López,2017
2877,Juan Pablo López,2017
2878,Juan Pablo López,2017
2879,Juan Pablo López,2017
2880,Juan Pablo López,2017
2881,Juan Pablo López,2017
2882,Juan Pablo López,2017
2883,Juan Pablo López,2017
2884,Juan Pablo López,2017
2885,Juan Pablo López,2017
2886,Juan Pablo López,2017
2887,Juan Pablo López,2017
2888,Juan Pablo López,2017
2889,Juan Pablo López,2017
2890,Juan Pablo López,2017
2891,Juan Pablo López,2017
2892,Juan Pablo López,2017
2893,Juan Pablo López,2017
2894,Juan Pablo López,2017
2895,Juan Pablo López,2017
2896,Juan Pablo López,2017
2897,Juan Pablo López,2017
2898,Juan Pablo López,2017
2899,Juan Pablo López,2017
2900,Juan Pablo López,2017
2901,Juan Pablo López,2017
2902,Juan Pablo López,2017
2903,Juan Pablo López,2017
2904,Juan Pablo López,2017
2905,Juan Pablo López,2017
2906,Juan Pablo López,2017
2907,Juan Pablo López,2017
2908,Juan Pablo López,2017
2909,Juan Pablo López,2017
2910,Juan Pablo López,2017
2911,Juan Pablo López,2017
2912,"Daniela ""Chiqui"" Aguayo",2017
2913,"Daniela ""Chiqui"" Aguayo",2017
2914,"Daniela ""Chiqui"" Aguayo",2017
2915,"Daniela ""Chiqui"" Aguayo",2017
2916,"Daniela ""Chiqui"" Aguayo",2017
2917,"Daniela ""Chiqui"" Aguayo",2017
2918,"Daniela ""Chiqui"" Aguayo",2017
2919,"Daniela ""Chiqui"" Aguayo",2017
2920,"Daniela ""Chiqui"" Aguayo",2017
2921,"Daniela ""Chiqui"" Aguayo",2017
2922,"Daniela ""Chiqui"" Aguayo",2017
2923,"Daniela ""Chiqui"" Aguayo",2017
2924,"Daniela ""Chiqui"" Aguayo",2017
2925,"Daniela ""Chiqui"" Aguayo",2017
2926,"Daniela ""Chiqui"" Aguayo",2017
2927,"Daniela ""Chiqui"" Aguayo",2017
2928,"Daniela ""Chiqui"" Aguayo",2017
2929,"Daniela ""Chiqui"" Aguayo",2017
2930,"Daniela ""Chiqui"" Aguayo",2017
2931,"Daniela ""Chiqui"" Aguayo",2017
2932,"Daniela ""Chiqui"" Aguayo",2017
2933,"Daniela ""Chiqui"" Aguayo",2017
2934,"Daniela ""Chiqui"" Aguayo",2017
2935,"Daniela ""Chiqui"" Aguayo",2017
2936,"Daniela ""Chiqui"" Aguayo",2017
2937,"Daniela ""Chiqui"" Aguayo",2017
2938,"Daniela ""Chiqui"" Aguayo",2017
2939,"Daniela ""Chiqui"" Aguayo",2017
2940,"Daniela ""Chiqui"" Aguayo",2017
2941,"Daniela ""Chiqui"" Aguayo",2017
2942,"Daniela ""Chiqui"" Aguayo",2017
2943,"Daniela ""Chiqui"" Aguayo",2017
2944,"Daniela ""Chiqui"" Aguayo",2017
2945,"Daniela ""Chiqui"" Aguayo",2017
2946,"Daniela ""Chiqui"" Aguayo",2017
2947,"Daniela ""Chiqui"" Aguayo",2017
2948,"Daniela ""Chiqui"" Aguayo",2017
2949,"Daniela ""Chiqui"" Aguayo",2017
2950,"Daniela ""Chiqui"" Aguayo",2017
2951,"Daniela ""Chiqui"" Aguayo",2017
2952,"Daniela ""Chiqui"" Aguayo",2017
2953,"Daniela ""Chiqui"" Aguayo",2017
2954,"Daniela ""Chiqui"" Aguayo",2017
2955,"Daniela ""Chiqui"" Aguayo",2017
2956,"Daniela ""Chiqui"" Aguayo",2017
2957,"Daniela ""Chiqui"" Aguayo",2017
2958,"Daniela ""Chiqui"" Aguayo",2017
2959,"Daniela ""Chiqui"" Aguayo",2017
2960,"Daniela ""Chiqui"" Aguayo",2017
2961,"Daniela ""Chiqui"" Aguayo",2017
2962,"Daniela ""Chiqui"" Aguayo",2017
2963,"Daniela ""Chiqui"" Aguayo",2017
2964,"Daniela ""Chiqui"" Aguayo",2017
2965,"Daniela ""Chiqui"" Aguayo",2017
2966,"Daniela ""Chiqui"" Aguayo",2017
2967,"Carlos ""El Mono"" Sánchez",2017
2968,"Carlos ""El Mono"" Sánchez",2017
2969,"Carlos ""El Mono"" Sánchez",2017
2970,"Carlos ""El Mono"" Sánchez",2017
2971,"Carlos ""El Mono"" Sánchez",2017
2972,"Carlos ""El Mono"" Sánchez",2017
2973,"Carlos ""El Mono"" Sánchez",2017
2974,"Carlos ""El Mono"" Sánchez",2017
2975,"Carlos ""El Mono"" Sánchez",2017
2976,"Carlos ""El Mono"" Sánchez",2017
2977,"Carlos ""El Mono"" Sánchez",2017
2978,"Carlos ""El Mono"" Sánchez",2017
2979,"Carlos ""El Mono"" Sánchez",2017
2980,"Carlos ""El Mono"" Sánchez",2017
2981,"Carlos ""El Mono"" Sánchez",2017
2982,"Carlos ""El Mono"" Sánchez",2017
2983,"Carlos ""El Mono"" Sánchez",2017
2984,"Carlos ""El Mono"" Sánchez",2017
2985,"Carlos ""El Mono"" Sánchez",2017
2986,"Carlos ""El Mono"" Sánchez",2017
2987,"Carlos ""El Mono"" Sánchez",2017
2988,"Carlos ""El Mono"" Sánchez",2017
2989,"Carlos ""El Mono"" Sánchez",2017
2990,"Carlos ""El Mono"" Sánchez",2017
2991,"Carlos ""El Mono"" Sánchez",2017
2992,"Carlos ""El Mono"" Sánchez",2017
2993,"Carlos ""El Mono"" Sánchez",2017
2994,"Carlos ""El Mono"" Sánchez",2017
2995,"Carlos ""El Mono"" Sánchez",2017
2996,"Carlos ""El Mono"" Sánchez",2017
2997,"Carlos ""El Mono"" Sánchez",2017
2998,"Carlos ""El Mono"" Sánchez",2017
2999,"Carlos ""El Mono"" Sánchez",2017
3000,"Carlos ""El Mono"" Sánchez",2017
3001,"Carlos ""El Mono"" Sánchez",2017
3002,"Carlos ""El Mono"" Sánchez",2017
3003,"Carlos ""El Mono"" Sánchez",2017
3004,"Carlos ""El Mono"" Sánchez",2017
3005,"Carlos ""El Mono"" Sánchez",2017
3006,"Carlos ""El Mono"" Sánchez",2017
3007,"Juan Luis ""Jajá"" Calderón",2017
3008,"Juan Luis ""Jajá"" Calderón",2017
3009,"Juan Luis ""Jajá"" Calderón",2017
3010,"Juan Luis ""Jajá"" Calderón",2017
3011,"Juan Luis ""Jajá"" Calderón",2017
3012,"Juan Luis ""Jajá"" Calderón",2017
3013,"Juan Luis ""Jajá"" Calderón",2017
3014,"Juan Luis ""Jajá"" Calderón",2017
3015,"Juan Luis ""Jajá"" Calderón",2017
3016,"Juan Luis ""Jajá"" Calderón",2017
3017,"Juan Luis ""Jajá"" Calderón",2017
3018,"Juan Luis ""Jajá"" Calderón",2017
3019,"Juan Luis ""Jajá"" Calderón",2017
3020,"Juan Luis ""Jajá"" Calderón",2017
3021,"Juan Luis ""Jajá"" Calderón",2017
3022,"Juan Luis ""Jajá"" Calderón",2017
3023,"Juan Luis ""Jajá"" Calderón",2017
3024,"Juan Luis ""Jajá"" Calderón",2017
3025,"Juan Luis ""Jajá"" Calderón",2017
3026,"Juan Luis ""Jajá"" Calderón",2017
3027,"Juan Luis ""Jajá"" Calderón",2017
3028,"Juan Luis ""Jajá"" Calderón",2017
3029,"Juan Luis ""Jajá"" Calderón",2017
3030,"Juan Luis ""Jajá"" Calderón",2017
3031,"Juan Luis ""Jajá"" Calderón",2017
3032,"Juan Luis ""Jajá"" Calderón",2017
3033,"Juan Luis ""Jajá"" Calderón",2017
3034,"Juan Luis ""Jajá"" Calderón",2017
3035,"Juan Luis ""Jajá"" Calderón",2017
3036,"Juan Luis ""Jajá"" Calderón",2017
3037,"Juan Luis ""Jajá"" Calderón",2017
3038,"Juan Luis ""Jajá"" Calderón",2017
3039,"Juan Luis ""Jajá"" Calderón",2017
3040,"Juan Luis ""Jajá"" Calderón",2017
3041,"Juan Luis ""Jajá"" Calderón",2017
3042,"Juan Luis ""Jajá"" Calderón",2017
3043,"Juan Luis ""Jajá"" Calderón",2017
3044,"Juan Luis ""Jajá"" Calderón",2017
3045,"Juan Luis ""Jajá"" Calderón",2017
3046,"Juan Luis ""Jajá"" Calderón",2017
3047,"Juan Luis ""Jajá"" Calderón",2017
3048,"Juan Luis ""Jajá"" Calderón",2017
3049,"Juan Luis ""Jajá"" Calderón",2017
3050,"Juan Luis ""Jajá"" Calderón",2017
3051,"Juan Luis ""Jajá"" Calderón",2017
3052,"Juan Luis ""Jajá"" Calderón",2017
3053,Rodrigo Villegas,2017
3054,Rodrigo Villegas,2017
3055,Rodrigo Villegas,2017
3056,Rodrigo Villegas,2017
3057,Rodrigo Villegas,2017
3058,Rodrigo Villegas,2017
3059,Rodrigo Villegas,2017
3060,Rodrigo Villegas,2017
3061,Rodrigo Villegas,2017
3062,Rodrigo Villegas,2017
3063,Rodrigo Villegas,2017
3064,Rodrigo Villegas,2017
3065,Rodrigo Villegas,2017
3066,Rodrigo Villegas,2017
3067,Rodrigo Villegas,2017
3068,Rodrigo Villegas,2017
3069,Rodrigo Villegas,2017
3070,Rodrigo Villegas,2017
3071,Rodrigo Villegas,2017
3072,Rodrigo Villegas,2017
3073,Rodrigo Villegas,2017
3074,Rodrigo Villegas,2017
3075,Rodrigo Villegas,2017
3076,Rodrigo Villegas,2017
3077,Rodrigo Villegas,2017
3078,Rodrigo Villegas,2017
3079,Rodrigo Villegas,2017
3080,Rodrigo Villegas,2017
3081,Rodrigo Villegas,2017
3082,Rodrigo Villegas,2017
3083,Rodrigo Villegas,2017
3084,Rodrigo Villegas,2017
3085,Rodrigo Villegas,2017
3086,Rodrigo Villegas,2017
3087,Rodrigo Villegas,2017
3088,Rodrigo Villegas,2017
3089,Rodrigo Villegas,2017
3090,Rodrigo Villegas,2017
3091,Rodrigo Villegas,2017
3092,Rodrigo Villegas,2017
3093,Rodrigo Villegas,2017
3094,Rodrigo Villegas,2017
3095,Rodrigo Villegas,2017
3096,Rodrigo Villegas,2017
3097,Rodrigo Villegas,2017
3098,Fabrizio Copano,2017
3099,Fabrizio Copano,2017
3100,Fabrizio Copano,2017
3101,Fabrizio Copano,2017
3102,Fabrizio Copano,2017
3103,Fabrizio Copano,2017
3104,Fabrizio Copano,2017
3105,Fabrizio Copano,2017
3106,Fabrizio Copano,2017
3107,Fabrizio Copano,2017
3108,Fabrizio Copano,2017
3109,Fabrizio Copano,2017
3110,Fabrizio Copano,2017
3111,Fabrizio Copano,2017
3112,Fabrizio Copano,2017
3113,Fabrizio Copano,2017
3114,Fabrizio Copano,2017
3115,Fabrizio Copano,2017
3116,Fabrizio Copano,2017
3117,Fabrizio Copano,2017
3118,Fabrizio Copano,2017
3119,Fabrizio Copano,2017
3120,Fabrizio Copano,2017
3121,Fabrizio Copano,2017
3122,Fabrizio Copano,2017
3123,Fabrizio Copano,2017
3124,Fabrizio Copano,2017
3125,Fabrizio Copano,2017
3126,Fabrizio Copano,2017
3127,Fabrizio Copano,2017
3128,Fabrizio Copano,2017
3129,Fabrizio Copano,2017
3130,Fabrizio Copano,2017
3131,Fabrizio Copano,2017
3132,Fabrizio Copano,2017
3133,Fabrizio Copano,2017
3134,Fabrizio Copano,2017
3135,Fabrizio Copano,2017
3136,Fabrizio Copano,2017
3137,Fabrizio Copano,2017
3138,Bombo Fica,2018
3139,Bombo Fica,2018
3140,Bombo Fica,2018
3141,Bombo Fica,2018
3142,Bombo Fica,2018
3143,Bombo Fica,2018
3144,Bombo Fica,2018
3145,Bombo Fica,2018
3146,Bombo Fica,2018
3147,Bombo Fica,2018
3148,Bombo Fica,2018
3149,Bombo Fica,2018
3150,Bombo Fica,2018
3151,Bombo Fica,2018
3152,Bombo Fica,2018
3153,Bombo Fica,2018
3154,Bombo Fica,2018
3155,Bombo Fica,2018
3156,Bombo Fica,2018
3157,Bombo Fica,2018
3158,Bombo Fica,2018
3159,Bombo Fica,2018
3160,Bombo Fica,2018
3161,Bombo Fica,2018
3162,Bombo Fica,2018
3163,Bombo Fica,2018
3164,Bombo Fica,2018
3165,Bombo Fica,2018
3166,Bombo Fica,2018
3167,Bombo Fica,2018
3168,Bombo Fica,2018
3169,Bombo Fica,2018
3170,Bombo Fica,2018
3171,Bombo Fica,2018
3172,Bombo Fica,2018
3173,Bombo Fica,2018
3174,Bombo Fica,2018
3175,Bombo Fica,2018
3176,Bombo Fica,2018
3177,Bombo Fica,2018
3178,Bombo Fica,2018
3179,Bombo Fica,2018
3180,Bombo Fica,2018
3181,Bombo Fica,2018
3182,Bombo Fica,2018
3183,Bombo Fica,2018
3184,Bombo Fica,2018
3185,Bombo Fica,2018
3186,Bombo Fica,2018
3187,Bombo Fica,2018
3188,Bombo Fica,2018
3189,Bombo Fica,2018
3190,Bombo Fica,2018
3191,Bombo Fica,2018
3192,Bombo Fica,2018
3193,Bombo Fica,2018
3194,Bombo Fica,2018
3195,Bombo Fica,2018
3196,Bombo Fica,2018
3197,Bombo Fica,2018
3198,Bombo Fica,2018
3199,Bombo Fica,2018
3200,Bombo Fica,2018
3201,Bombo Fica,2018
3202,Bombo Fica,2018
3203,Bombo Fica,2018
3204,Bombo Fica,2018
3205,Bombo Fica,2018
3206,Bombo Fica,2018
3207,Bombo Fica,2018
3208,Bombo Fica,2018
3209,Bombo Fica,2018
3210,Bombo Fica,2018
3211,Bombo Fica,2018
3212,Bombo Fica,2018
3213,Jenny Cavallo,2018
3214,Jenny Cavallo,2018
3215,Jenny Cavallo,2018
3216,Jenny Cavallo,2018
3217,Jenny Cavallo,2018
3218,Jenny Cavallo,2018
3219,Jenny Cavallo,2018
3220,Jenny Cavallo,2018
3221,Jenny Cavallo,2018
3222,Jenny Cavallo,2018
3223,Jenny Cavallo,2018
3224,Jenny Cavallo,2018
3225,Jenny Cavallo,2018
3226,Jenny Cavallo,2018
3227,Jenny Cavallo,2018
3228,Jenny Cavallo,2018
3229,Jenny Cavallo,2018
3230,Jenny Cavallo,2018
3231,Jenny Cavallo,2018
3232,Jenny Cavallo,2018
3233,Jenny Cavallo,2018
3234,Jenny Cavallo,2018
3235,Jenny Cavallo,2018
3236,Jenny Cavallo,2018
3237,Jenny Cavallo,2018
3238,Jenny Cavallo,2018
3239,Jenny Cavallo,2018
3240,Jenny Cavallo,2018
3241,Jenny Cavallo,2018
3242,Jenny Cavallo,2018
3243,Jenny Cavallo,2018
3244,Jenny Cavallo,2018
3245,Jenny Cavallo,2018
3246,Jenny Cavallo,2018
3247,Jenny Cavallo,2018
3248,Jenny Cavallo,2018
3249,Jenny Cavallo,2018
3250,Jenny Cavallo,2018
3251,Jenny Cavallo,2018
3252,Jenny Cavallo,2018
3253,Jenny Cavallo,2018
3254,Jenny Cavallo,2018
3255,Jenny Cavallo,2018
3256,Jenny Cavallo,2018
3257,Jenny Cavallo,2018
3258,Jenny Cavallo,2018
3259,Jenny Cavallo,2018
3260,Jenny Cavallo,2018
3261,Jenny Cavallo,2018
3262,Jenny Cavallo,2018
3263,Jenny Cavallo,2018
3264,Jenny Cavallo,2018
3265,Jenny Cavallo,2018
3266,Jenny Cavallo,2018
3267,Jenny Cavallo,2018
3268,Stefan Kramer,2018
3269,Stefan Kramer,2018
3270,Stefan Kramer,2018
3271,Stefan Kramer,2018
3272,Stefan Kramer,2018
3273,Stefan Kramer,2018
3274,Stefan Kramer,2018
3275,Stefan Kramer,2018
3276,Stefan Kramer,2018
3277,Stefan Kramer,2018
3278,Stefan Kramer,2018
3279,Stefan Kramer,2018
3280,Stefan Kramer,2018
3281,Stefan Kramer,2018
3282,Stefan Kramer,2018
3283,Stefan Kramer,2018
3284,Stefan Kramer,2018
3285,Stefan Kramer,2018
3286,Stefan Kramer,2018
3287,Stefan Kramer,2018
3288,Stefan Kramer,2018
3289,Stefan Kramer,2018
3290,Stefan Kramer,2018
3291,Stefan Kramer,2018
3292,Stefan Kramer,2018
3293,Stefan Kramer,2018
3294,Stefan Kramer,2018
3295,Stefan Kramer,2018
3296,Stefan Kramer,2018
3297,Stefan Kramer,2018
3298,Stefan Kramer,2018
3299,Stefan Kramer,2018
3300,Stefan Kramer,2018
3301,Stefan Kramer,2018
3302,Stefan Kramer,2018
3303,Stefan Kramer,2018
3304,Stefan Kramer,2018
3305,Stefan Kramer,2018
3306,Stefan Kramer,2018
3307,Stefan Kramer,2018
3308,Stefan Kramer,2018
3309,Stefan Kramer,2018
3310,Stefan Kramer,2018
3311,Stefan Kramer,2018
3312,Stefan Kramer,2018
3313,Stefan Kramer,2018
3314,Stefan Kramer,2018
3315,Stefan Kramer,2018
3316,Stefan Kramer,2018
3317,Stefan Kramer,2018
3318,Alison Mandel,2018
3319,Alison Mandel,2018
3320,Alison Mandel,2018
3321,Alison Mandel,2018
3322,Alison Mandel,2018
3323,Alison Mandel,2018
3324,Alison Mandel,2018
3325,Alison Mandel,2018
3326,Alison Mandel,2018
3327,Alison Mandel,2018
3328,Alison Mandel,2018
3329,Alison Mandel,2018
3330,Alison Mandel,2018
3331,Alison Mandel,2018
3332,Alison Mandel,2018
3333,Alison Mandel,2018
3334,Alison Mandel,2018
3335,Alison Mandel,2018
3336,Alison Mandel,2018
3337,Alison Mandel,2018
3338,Alison Mandel,2018
3339,Alison Mandel,2018
3340,Alison Mandel,2018
3341,Alison Mandel,2018
3342,Alison Mandel,2018
3343,Alison Mandel,2018
3344,Alison Mandel,2018
3345,Alison Mandel,2018
3346,Alison Mandel,2018
3347,Alison Mandel,2018
3348,Alison Mandel,2018
3349,Alison Mandel,2018
3350,Alison Mandel,2018
3351,Alison Mandel,2018
3352,Alison Mandel,2018
3353,Alison Mandel,2018
3354,Alison Mandel,2018
3355,Alison Mandel,2018
3356,Alison Mandel,2018
3357,Alison Mandel,2018
3358,Alison Mandel,2018
3359,Alison Mandel,2018
3360,Alison Mandel,2018
3361,Alejandra Azcárate,2018
3362,Alejandra Azcárate,2018
3363,Alejandra Azcárate,2018
3364,Alejandra Azcárate,2018
3365,Alejandra Azcárate,2018
3366,Alejandra Azcárate,2018
3367,Alejandra Azcárate,2018
3368,Alejandra Azcárate,2018
3369,Alejandra Azcárate,2018
3370,Alejandra Azcárate,2018
3371,Alejandra Azcárate,2018
3372,Alejandra Azcárate,2018
3373,Alejandra Azcárate,2018
3374,Alejandra Azcárate,2018
3375,Alejandra Azcárate,2018
3376,Alejandra Azcárate,2018
3377,Alejandra Azcárate,2018
3378,Alejandra Azcárate,2018
3379,Alejandra Azcárate,2018
3380,Alejandra Azcárate,2018
3381,Alejandra Azcárate,2018
3382,Alejandra Azcárate,2018
3383,Alejandra Azcárate,2018
3384,Alejandra Azcárate,2018
3385,Alejandra Azcárate,2018
3386,Alejandra Azcárate,2018
3387,Alejandra Azcárate,2018
3388,Alejandra Azcárate,2018
3389,Alejandra Azcárate,2018
3390,Alejandra Azcárate,2018
3391,Alejandra Azcárate,2018
3392,Alejandra Azcárate,2018
3393,Felipe Avello,2019
3394,Felipe Avello,2019
3395,Felipe Avello,2019
3396,Felipe Avello,2019
3397,Felipe Avello,2019
3398,Felipe Avello,2019
3399,Felipe Avello,2019
3400,Felipe Avello,2019
3401,Felipe Avello,2019
3402,Felipe Avello,2019
3403,Felipe Avello,2019
3404,Felipe Avello,2019
3405,Felipe Avello,2019
3406,Felipe Avello,2019
3407,Felipe Avello,2019
3408,Felipe Avello,2019
3409,Felipe Avello,2019
3410,Felipe Avello,2019
3411,Felipe Avello,2019
3412,Felipe Avello,2019
3413,Felipe Avello,2019
3414,Felipe Avello,2019
3415,Felipe Avello,2019
3416,Felipe Avello,2019
3417,Felipe Avello,2019
3418,Felipe Avello,2019
3419,Felipe Avello,2019
3420,Felipe Avello,2019
3421,Felipe Avello,2019
3422,Felipe Avello,2019
3423,Felipe Avello,2019
3424,Felipe Avello,2019
3425,Felipe Avello,2019
3426,Felipe Avello,2019
3427,Felipe Avello,2019
3428,Felipe Avello,2019
3429,Felipe Avello,2019
3430,Felipe Avello,2019
3431,Felipe Avello,2019
3432,Felipe Avello,2019
3433,Jani Dueñas,2019
3434,Jani Dueñas,2019
3435,Jani Dueñas,2019
3436,Jani Dueñas,2019
3437,Jani Dueñas,2019
3438,Jani Dueñas,2019
3439,Jani Dueñas,2019
3440,Jani Dueñas,2019
3441,Jani Dueñas,2019
3442,Jani Dueñas,2019
3443,Jani Dueñas,2019
3444,Jani Dueñas,2019
3445,Jani Dueñas,2019
3446,Jani Dueñas,2019
3447,Jani Dueñas,2019
3448,Jani Dueñas,2019
3449,Jani Dueñas,2019
3450,Jani Dueñas,2019
3451,Jani Dueñas,2019
3452,Jani Dueñas,2019
3453,Jani Dueñas,2019
3454,Jani Dueñas,2019
3455,Jorge Alís,2019
3456,Jorge Alís,2019
3457,Jorge Alís,2019
3458,Jorge Alís,2019
3459,Jorge Alís,2019
3460,Jorge Alís,2019
3461,Jorge Alís,2019
3462,Jorge Alís,2019
3463,Jorge Alís,2019
3464,Jorge Alís,2019
3465,Jorge Alís,2019
3466,Jorge Alís,2019
3467,Jorge Alís,2019
3468,Jorge Alís,2019
3469,Jorge Alís,2019
3470,Jorge Alís,2019
3471,Mauricio Palma,2019
3472,Mauricio Palma,2019
3473,Mauricio Palma,2019
3474,Mauricio Palma,2019
3475,Mauricio Palma,2019
3476,Mauricio Palma,2019
3477,Mauricio Palma,2019
3478,Mauricio Palma,2019
3479,Mauricio Palma,2019
3480,Mauricio Palma,2019
3481,Mauricio Palma,2019
3482,Mauricio Palma,2019
3483,Mauricio Palma,2019
3484,Mauricio Palma,2019
3485,Mauricio Palma,2019
3486,Mauricio Palma,2019
3487,Mauricio Palma,2019
3488,Mauricio Palma,2019
3489,Mauricio Palma,2019
3490,Mauricio Palma,2019
3491,Mauricio Palma,2019
3492,Mauricio Palma,2019
3493,Mauricio Palma,2019
3494,Mauricio Palma,2019
3495,Mauricio Palma,2019
3496,Mauricio Palma,2019
3497,Mauricio Palma,2019
3498,Mauricio Palma,2019
3499,Mauricio Palma,2019
3500,Mauricio Palma,2019
3501,Mauricio Palma,2019
3502,Mauricio Palma,2019
3503,Mauricio Palma,2019
3504,Mauricio Palma,2019
3505,Mauricio Palma,2019
3506,Mauricio Palma,2019
3507,Mauricio Palma,2019
3508,Mauricio Palma,2019
3509,Mauricio Palma,2019
3510,Mauricio Palma,2019
3511,Mauricio Palma,2019
3512,Mauricio Palma,2019
3513,Mauricio Palma,2019
3514,Mauricio Palma,2019
3515,Mauricio Palma,2019
3516,Mauricio Palma,2019
3517,Mauricio Palma,2019
3518,Mauricio Palma,2019
3519,Mauricio Palma,2019
3520,Mauricio Palma,2019
3521,Mauricio Palma,2019
3522,Mauricio Palma,2019
3523,Mauricio Palma,2019
3524,Mauricio Palma,2019
3525,Mauricio Palma,2019
3526,Mauricio Palma,2019
3527,Mauricio Palma,2019
3528,Mauricio Palma,2019
3529,Javiera Contador,2020
3530,Javiera Contador,2020
3531,Javiera Contador,2020
3532,Javiera Contador,2020
3533,Javiera Contador,2020
3534,Javiera Contador,2020
3535,Javiera Contador,2020
3536,Javiera Contador,2020
3537,Javiera Contador,2020
3538,Javiera Contador,2020
3539,Javiera Contador,2020
3540,Javiera Contador,2020
3541,Javiera Contador,2020
3542,Javiera Contador,2020
3543,Javiera Contador,2020
3544,Javiera Contador,2020
3545,Javiera Contador,2020
3546,Javiera Contador,2020
3547,Javiera Contador,2020
3548,Javiera Contador,2020
3549,Javiera Contador,2020
3550,Javiera Contador,2020
3551,Javiera Contador,2020
3552,Javiera Contador,2020
3553,Javiera Contador,2020
3554,Javiera Contador,2020
3555,Javiera Contador,2020
3556,Javiera Contador,2020
3557,Javiera Contador,2020
3558,Javiera Contador,2020
3559,Javiera Contador,2020
3560,Javiera Contador,2020
3561,Javiera Contador,2020
3562,Javiera Contador,2020
3563,Javiera Contador,2020
3564,Javiera Contador,2020
3565,Javiera Contador,2020
3566,Javiera Contador,2020
3567,Javiera Contador,2020
3568,Javiera Contador,2020
3569,Javiera Contador,2020
3570,Javiera Contador,2020
3571,Javiera Contador,2020
3572,Javiera Contador,2020
3573,Javiera Contador,2020
3574,Javiera Contador,2020
3575,Javiera Contador,2020
3576,Javiera Contador,2020
3577,Javiera Contador,2020
3578,Javiera Contador,2020
3579,Javiera Contador,2020
3580,Javiera Contador,2020
3581,Javiera Contador,2020
3582,Javiera Contador,2020
3583,Javiera Contador,2020
3584,Javiera Contador,2020
3585,Javiera Contador,2020
3586,Javiera Contador,2020
3587,Javiera Contador,2020
3588,Javiera Contador,2020
3589,Javiera Contador,2020
3590,Javiera Contador,2020
3591,Ernesto Belloni,2020
3592,Ernesto Belloni,2020
3593,Ernesto Belloni,2020
3594,Ernesto Belloni,2020
3595,Ernesto Belloni,2020
3596,Ernesto Belloni,2020
3597,Ernesto Belloni,2020
3598,Ernesto Belloni,2020
3599,Ernesto Belloni,2020
3600,Ernesto Belloni,2020
3601,Ernesto Belloni,2020
3602,Ernesto Belloni,2020
3603,Ernesto Belloni,2020
3604,Ernesto Belloni,2020
3605,Ernesto Belloni,2020
3606,Ernesto Belloni,2020
3607,Ernesto Belloni,2020
3608,Ernesto Belloni,2020
3609,Ernesto Belloni,2020
3610,Ernesto Belloni,2020
3611,Ernesto Belloni,2020
3612,Ernesto Belloni,2020
3613,Ernesto Belloni,2020
3614,Ernesto Belloni,2020
3615,Ernesto Belloni,2020
3616,Ernesto Belloni,2020
3617,Ernesto Belloni,2020
3618,Ernesto Belloni,2020
3619,Ernesto Belloni,2020
3620,Ernesto Belloni,2020
3621,Ernesto Belloni,2020
3622,Ernesto Belloni,2020
3623,Ernesto Belloni,2020
3624,Ernesto Belloni,2020
3625,Ernesto Belloni,2020
3626,Ernesto Belloni,2020
3627,Fusión Humor,2020
3628,Fusión Humor,2020
3629,Fusión Humor,2020
3630,Fusión Humor,2020
3631,Fusión Humor,2020
3632,Fusión Humor,2020
3633,Fusión Humor,2020
3634,Fusión Humor,2020
3635,Fusión Humor,2020
3636,Fusión Humor,2020
3637,Fusión Humor,2020
3638,Fusión Humor,2020
3639,Fusión Humor,2020
3640,Fusión Humor,2020
3641,Fusión Humor,2020
3642,Fusión Humor,2020
3643,Fusión Humor,2020
3644,Fusión Humor,2020
3645,Fusión Humor,2020
3646,Fusión Humor,2020
3647,Fusión Humor,2020
3648,Fusión Humor,2020
3649,Fusión Humor,2020
3650,Fusión Humor,2020
3651,Fusión Humor,2020
3652,Fusión Humor,2020
3653,Fusión Humor,2020
3654,Fusión Humor,2020
3655,Fusión Humor,2020
3656,Fusión Humor,2020
3657,Fusión Humor,2020
3658,Fusión Humor,2020
3659,Fusión Humor,2020
3660,Fusión Humor,2020
3661,Fusión Humor,2020
3662,Fusión Humor,2020
3663,Fusión Humor,2020
3664,Fusión Humor,2020
3665,Fusión Humor,2020
3666,Fusión Humor,2020
3667,Fusión Humor,2020
3668,Fusión Humor,2020
3669,Fusión Humor,2020
3670,Fusión Humor,2020
3671,"Paul Vásquez ""El Flaco""",2020
3672,"Paul Vásquez ""El Flaco""",2020
3673,"Paul Vásquez ""El Flaco""",2020
3674,"Paul Vásquez ""El Flaco""",2020
3675,"Paul Vásquez ""El Flaco""",2020
3676,"Paul Vásquez ""El Flaco""",2020
3677,"Paul Vásquez ""El Flaco""",2020
3678,"Paul Vásquez ""El Flaco""",2020
3679,"Paul Vásquez ""El Flaco""",2020
3680,"Paul Vásquez ""El Flaco""",2020
3681,"Paul Vásquez ""El Flaco""",2020
3682,"Paul Vásquez ""El Flaco""",2020
3683,"Paul Vásquez ""El Flaco""",2020
3684,"Paul Vásquez ""El Flaco""",2020
3685,"Paul Vásquez ""El Flaco""",2020
3686,"Paul Vásquez ""El Flaco""",2020
3687,"Paul Vásquez ""El Flaco""",2020
3688,"Paul Vásquez ""El Flaco""",2020
3689,"Paul Vásquez ""El Flaco""",2020
3690,"Paul Vásquez ""El Flaco""",2020
3691,"Paul Vásquez ""El Flaco""",2020
3692,"Paul Vásquez ""El Flaco""",2020
3693,"Paul Vásquez ""El Flaco""",2020
3694,"Paul Vásquez ""El Flaco""",2020
3695,"Paul Vásquez ""El Flaco""",2020
3696,"Paul Vásquez ""El Flaco""",2020
3697,"Paul Vásquez ""El Flaco""",2020
3698,"Paul Vásquez ""El Flaco""",2020
3699,"Paul Vásquez ""El Flaco""",2020
3700,"Paul Vásquez ""El Flaco""",2020
3701,"Paul Vásquez ""El Flaco""",2020
3702,"Paul Vásquez ""El Flaco""",2020
3703,"Paul Vásquez ""El Flaco""",2020
3704,"Paul Vásquez ""El Flaco""",2020
3705,"Paul Vásquez ""El Flaco""",2020
3706,"Paul Vásquez ""El Flaco""",2020
3707,"Paul Vásquez ""El Flaco""",2020
3708,"Paul Vásquez ""El Flaco""",2020
3709,"Paul Vásquez ""El Flaco""",2020
3710,"Paul Vásquez ""El Flaco""",2020
3711,"Paul Vásquez ""El Flaco""",2020
3712,"Paul Vásquez ""El Flaco""",2020
3713,"Paul Vásquez ""El Flaco""",2020
3714,"Paul Vásquez ""El Flaco""",2020
3715,"Paul Vásquez ""El Flaco""",2020
3716,"Paul Vásquez ""El Flaco""",2020
3717,"Paul Vásquez ""El Flaco""",2020
3718,"Paul Vásquez ""El Flaco""",2020
3719,"Paul Vásquez ""El Flaco""",2020
3720,"Paul Vásquez ""El Flaco""",2020
3721,"Paul Vásquez ""El Flaco""",2020
3722,"Paul Vásquez ""El Flaco""",2020
3723,"Paul Vásquez ""El Flaco""",2020
3724,"Paul Vásquez ""El Flaco""",2020
3725,"Paul Vásquez ""El Flaco""",2020
3726,"Paul Vásquez ""El Flaco""",2020
3727,"Paul Vásquez ""El Flaco""",2020
3728,"Paul Vásquez ""El Flaco""",2020
3729,"Paul Vásquez ""El Flaco""",2020
3730,"Paul Vásquez ""El Flaco""",2020
3731,"Paul Vásquez ""El Flaco""",2020
3732,"Paul Vásquez ""El Flaco""",2020
3733,"Paul Vásquez ""El Flaco""",2020
3734,"Paul Vásquez ""El Flaco""",2020
3735,"Paul Vásquez ""El Flaco""",2020
3736,Pedro Ruminot,2020
3737,Pedro Ruminot,2020
3738,Pedro Ruminot,2020
3739,Pedro Ruminot,2020
3740,Pedro Ruminot,2020
3741,Pedro Ruminot,2020
3742,Pedro Ruminot,2020
3743,Pedro Ruminot,2020
3744,Pedro Ruminot,2020
3745,Pedro Ruminot,2020
3746,Pedro Ruminot,2020
3747,Pedro Ruminot,2020
3748,Pedro Ruminot,2020
3749,Pedro Ruminot,2020
3750,Pedro Ruminot,2020
3751,Pedro Ruminot,2020
3752,Pedro Ruminot,2020
3753,Pedro Ruminot,2020
3754,Pedro Ruminot,2020
3755,Pedro Ruminot,2020
3756,Pedro Ruminot,2020
3757,Pedro Ruminot,2020
3758,Pedro Ruminot,2020
3759,Pedro Ruminot,2020
3760,Pedro Ruminot,2020
3761,Pedro Ruminot,2020
3762,Pedro Ruminot,2020
3763,Pedro Ruminot,2020
3764,Pedro Ruminot,2020
3765,Pedro Ruminot,2020
3766,Pedro Ruminot,2020
3767,Pedro Ruminot,2020
3768,Pedro Ruminot,2020
3769,Pedro Ruminot,2020
3770,Pedro Ruminot,2020
3771,Pedro Ruminot,2020
3772,Pedro Ruminot,2020
3773,Pedro Ruminot,2020
3774,Pedro Ruminot,2020
3775,Pedro Ruminot,2020
3776,Pedro Ruminot,2020
3777,Pedro Ruminot,2020
3778,Pedro Ruminot,2020
3779,Pedro Ruminot,2020
3780,Pedro Ruminot,2020
3781,Pedro Ruminot,2020
3782,Pedro Ruminot,2020
3783,Pedro Ruminot,2020
3784,Pedro Ruminot,2020
3785,Pamela Leiva,2023
3786,Pamela Leiva,2023
3787,Pamela Leiva,2023
3788,Pamela Leiva,2023
3789,Pamela Leiva,2023
3790,Pamela Leiva,2023
3791,Pamela Leiva,2023
3792,Pamela Leiva,2023
3793,Pamela Leiva,2023
3794,Pamela Leiva,2023
3795,Pamela Leiva,2023
3796,Pamela Leiva,2023
3797,Pamela Leiva,2023
3798,Pamela Leiva,2023
3799,Pamela Leiva,2023
3800,Pamela Leiva,2023
3801,Pamela Leiva,2023
3802,Pamela Leiva,2023
3803,Pamela Leiva,2023
3804,Pamela Leiva,2023
3805,Pamela Leiva,2023
3806,Pamela Leiva,2023
3807,Pamela Leiva,2023
3808,Pamela Leiva,2023
3809,Pamela Leiva,2023
3810,Pamela Leiva,2023
3811,Pamela Leiva,2023
3812,Pamela Leiva,2023
3813,Pamela Leiva,2023
3814,Pamela Leiva,2023
3815,Pamela Leiva,2023
3816,Pamela Leiva,2023
3817,Pamela Leiva,2023
3818,Pamela Leiva,2023
3819,Pamela Leiva,2023
3820,Pamela Leiva,2023
3821,Pamela Leiva,2023
3822,Pamela Leiva,2023
3823,Pamela Leiva,2023
3824,Pamela Leiva,2023
3825,Pamela Leiva,2023
3826,Pamela Leiva,2023
3827,Pamela Leiva,2023
3828,Pamela Leiva,2023
3829,Pamela Leiva,2023
3830,Pamela Leiva,2023
3831,Pamela Leiva,2023
3832,Pamela Leiva,2023
3833,Pamela Leiva,2023
3834,Pamela Leiva,2023
3835,Pamela Leiva,2023
3836,Pamela Leiva,2023
3837,Pamela Leiva,2023
3838,Pamela Leiva,2023
3839,Pamela Leiva,2023
3840,Pamela Leiva,2023
3841,Diego Urrutia,2023
3842,Diego Urrutia,2023
3843,Diego Urrutia,2023
3844,Diego Urrutia,2023
3845,Diego Urrutia,2023
3846,Diego Urrutia,2023
3847,Diego Urrutia,2023
3848,Diego Urrutia,2023
3849,Diego Urrutia,2023
3850,Diego Urrutia,2023
3851,Diego Urrutia,2023
3852,Diego Urrutia,2023
3853,Diego Urrutia,2023
3854,Diego Urrutia,2023
3855,Diego Urrutia,2023
3856,Diego Urrutia,2023
3857,Diego Urrutia,2023
3858,Diego Urrutia,2023
3859,Diego Urrutia,2023
3860,Diego Urrutia,2023
3861,Diego Urrutia,2023
3862,Diego Urrutia,2023
3863,Diego Urrutia,2023
3864,Diego Urrutia,2023
3865,Diego Urrutia,2023
3866,Diego Urrutia,2023
3867,Diego Urrutia,2023
3868,Diego Urrutia,2023
3869,Diego Urrutia,2023
3870,Diego Urrutia,2023
3871,Diego Urrutia,2023
3872,Diego Urrutia,2023
3873,Diego Urrutia,2023
3874,Diego Urrutia,2023
3875,Diego Urrutia,2023
3876,Diego Urrutia,2023
3877,Diego Urrutia,2023
3878,Diego Urrutia,2023
3879,Diego Urrutia,2023
3880,Diego Urrutia,2023
3881,Diego Urrutia,2023
3882,Diego Urrutia,2023
3883,Belén Mora,2023
3884,Belén Mora,2023
3885,Belén Mora,2023
3886,Belén Mora,2023
3887,Belén Mora,2023
3888,Belén Mora,2023
3889,Belén Mora,2023
3890,Belén Mora,2023
3891,Belén Mora,2023
3892,Belén Mora,2023
3893,Belén Mora,2023
3894,Belén Mora,2023
3895,Belén Mora,2023
3896,Belén Mora,2023
3897,Belén Mora,2023
3898,Belén Mora,2023
3899,Belén Mora,2023
3900,Belén Mora,2023
3901,Belén Mora,2023
3902,Belén Mora,2023
3903,Belén Mora,2023
3904,Belén Mora,2023
3905,Belén Mora,2023
3906,Belén Mora,2023
3907,Belén Mora,2023
3908,Belén Mora,2023
3909,Belén Mora,2023
3910,Belén Mora,2023
3911,Belén Mora,2023
3912,Belén Mora,2023
3913,Belén Mora,2023
3914,Belén Mora,2023
3915,Belén Mora,2023
3916,Belén Mora,2023
3917,Belén Mora,2023
3918,Belén Mora,2023
3919,Belén Mora,2023
3920,Belén Mora,2023
3921,Belén Mora,2023
3922,Belén Mora,2023
3923,Belén Mora,2023
3924,Belén Mora,2023
3925,Belén Mora,2023
3926,Belén Mora,2023
3927,Belén Mora,2023
3928,Belén Mora,2023
3929,Belén Mora,2023
3930,Belén Mora,2023
3931,Belén Mora,2023
3932,Belén Mora,2023
3933,Belén Mora,2023
3934,Belén Mora,2023
3935,Belén Mora,2023
3936,Belén Mora,2023
3937,Belén Mora,2023
3938,Belén Mora,2023
3939,Belén Mora,2023
3940,Belén Mora,2023
3941,Belén Mora,2023
3942,Rodrigo Villegas,2023
3943,Rodrigo Villegas,2023
3944,Rodrigo Villegas,2023
3945,Rodrigo Villegas,2023
3946,Rodrigo Villegas,2023
3947,Rodrigo Villegas,2023
3948,Rodrigo Villegas,2023
3949,Rodrigo Villegas,2023
3950,Rodrigo Villegas,2023
3951,Rodrigo Villegas,2023
3952,Rodrigo Villegas,2023
3953,Rodrigo Villegas,2023
3954,Rodrigo Villegas,2023
3955,Rodrigo Villegas,2023
3956,Rodrigo Villegas,2023
3957,Rodrigo Villegas,2023
3958,Rodrigo Villegas,2023
3959,Rodrigo Villegas,2023
3960,Rodrigo Villegas,2023
3961,Rodrigo Villegas,2023
3962,Rodrigo Villegas,2023
3963,Rodrigo Villegas,2023
3964,Rodrigo Villegas,2023
3965,Rodrigo Villegas,2023
3966,Rodrigo Villegas,2023
3967,Rodrigo Villegas,2023
3968,Rodrigo Villegas,2023
3969,Rodrigo Villegas,2023
3970,Rodrigo Villegas,2023
3971,Fabrizio Copano,2023
3972,Fabrizio Copano,2023
3973,Fabrizio Copano,2023
3974,Fabrizio Copano,2023
3975,Fabrizio Copano,2023
3976,Fabrizio Copano,2023
3977,Fabrizio Copano,2023
3978,Fabrizio Copano,2023
3979,Fabrizio Copano,2023
3980,Fabrizio Copano,2023
3981,Fabrizio Copano,2023
3982,Fabrizio Copano,2023
3983,Fabrizio Copano,2023
3984,Fabrizio Copano,2023
3985,Fabrizio Copano,2023
3986,Fabrizio Copano,2023
3987,Fabrizio Copano,2023
3988,Fabrizio Copano,2023
3989,Fabrizio Copano,2023
3990,Fabrizio Copano,2023
3991,Fabrizio Copano,2023
3992,Fabrizio Copano,2023
3993,Fabrizio Copano,2023
3994,Fabrizio Copano,2023
3995,Fabrizio Copano,2023
3996,Fabrizio Copano,2023
3997,Fabrizio Copano,2023
3998,Fabrizio Copano,2023
3999,Fabrizio Copano,2023
4000,Fabrizio Copano,2023
4001,Fabrizio Copano,2023
4002,Fabrizio Copano,2023
4003,Fabrizio Copano,2023
4004,Fabrizio Copano,2023
4005,Fabrizio Copano,2023
4006,Fabrizio Copano,2023
4007,Fabrizio Copano,2023
4008,Fabrizio Copano,2023
4009,Fabrizio Copano,2023
4010,Fabrizio Copano,2023
4011,Fabrizio Copano,2023
4012,Fabrizio Copano,2023
4013,Fabrizio Copano,2023
4014,Fabrizio Copano,2023
4015,Fabrizio Copano,2023
4016,Fabrizio Copano,2023
4017,Fabrizio Copano,2023
4018,Alison Mandel,2024
4019,Alison Mandel,2024
4020,Alison Mandel,2024
4021,Alison Mandel,2024
4022,Alison Mandel,2024
4023,Alison Mandel,2024
4024,Alison Mandel,2024
4025,Alison Mandel,2024
4026,Alison Mandel,2024
4027,Alison Mandel,2024
4028,Alison Mandel,2024
4029,Alison Mandel,2024
4030,Alison Mandel,2024
4031,Alison Mandel,2024
4032,Alison Mandel,2024
4033,Alison Mandel,2024
4034,Alison Mandel,2024
4035,Alison Mandel,2024
4036,Alison Mandel,2024
4037,Alison Mandel,2024
4038,Alison Mandel,2024
4039,Alison Mandel,2024
4040,Alison Mandel,2024
4041,Alison Mandel,2024
4042,Alison Mandel,2024
4043,Alison Mandel,2024
4044,Alison Mandel,2024
4045,Alison Mandel,2024
4046,Alison Mandel,2024
4047,Alison Mandel,2024
4048,Alison Mandel,2024
4049,Alison Mandel,2024
4050,Alison Mandel,2024
4051,Alison Mandel,2024
4052,Alison Mandel,2024
4053,Alison Mandel,2024
4054,Alison Mandel,2024
4055,Alison Mandel,2024
4056,Alison Mandel,2024
4057,Alison Mandel,2024
4058,Alison Mandel,2024
4059,Alison Mandel,2024
4060,Alison Mandel,2024
4061,Alison Mandel,2024
4062,Javiera Contador,2024
4063,Javiera Contador,2024
4064,Javiera Contador,2024
4065,Javiera Contador,2024
4066,Javiera Contador,2024
4067,Javiera Contador,2024
4068,Javiera Contador,2024
4069,Javiera Contador,2024
4070,Javiera Contador,2024
4071,Javiera Contador,2024
4072,Javiera Contador,2024
4073,Javiera Contador,2024
4074,Javiera Contador,2024
4075,Javiera Contador,2024
4076,Javiera Contador,2024
4077,Javiera Contador,2024
4078,Javiera Contador,2024
4079,Javiera Contador,2024
4080,Javiera Contador,2024
4081,Javiera Contador,2024
4082,Javiera Contador,2024
4083,Javiera Contador,2024
4084,Javiera Contador,2024
4085,Javiera Contador,2024
4086,Javiera Contador,2024
4087,Javiera Contador,2024
4088,Javiera Contador,2024
4089,Javiera Contador,2024
4090,Javiera Contador,2024
4091,Javiera Contador,2024
4092,Luis Slimming,2024
4093,Luis Slimming,2024
4094,Luis Slimming,2024
4095,Luis Slimming,2024
4096,Luis Slimming,2024
4097,Luis Slimming,2024
4098,Luis Slimming,2024
4099,Luis Slimming,2024
4100,Luis Slimming,2024
4101,Luis Slimming,2024
4102,Luis Slimming,2024
4103,Luis Slimming,2024
4104,Luis Slimming,2024
4105,Luis Slimming,2024
4106,Luis Slimming,2024
4107,Luis Slimming,2024
4108,Luis Slimming,2024
4109,Luis Slimming,2024
4110,Luis Slimming,2024
4111,Luis Slimming,2024
4112,Luis Slimming,2024
4113,Luis Slimming,2024
4114,Luis Slimming,2024
4115,Luis Slimming,2024
4116,Luis Slimming,2024
4117,Luis Slimming,2024
4118,Luis Slimming,2024
4119,Luis Slimming,2024
4120,Luis Slimming,2024
4121,Luis Slimming,2024
4122,Luis Slimming,2024
4123,Luis Slimming,2024
4124,Luis Slimming,2024
4125,Luis Slimming,2024
4126,Luis Slimming,2024
4127,Luis Slimming,2024
4128,Luis Slimming,2024
4129,Luis Slimming,2024
4130,Luis Slimming,2024
4131,Lucho Miranda,2024
4132,Lucho Miranda,2024
4133,Lucho Miranda,2024
4134,Lucho Miranda,2024
4135,Lucho Miranda,2024
4136,Lucho Miranda,2024
4137,Lucho Miranda,2024
4138,Lucho Miranda,2024
4139,Lucho Miranda,2024
4140,Lucho Miranda,2024
4141,Lucho Miranda,2024
4142,Lucho Miranda,2024
4143,Lucho Miranda,2024
4144,Lucho Miranda,2024
4145,Lucho Miranda,2024
4146,Lucho Miranda,2024
4147,Lucho Miranda,2024
4148,Lucho Miranda,2024
4149,Lucho Miranda,2024
4150,Lucho Miranda,2024
4151,Lucho Miranda,2024
4152,Lucho Miranda,2024
4153,Lucho Miranda,2024
4154,Lucho Miranda,2024
4155,Lucho Miranda,2024
4156,Lucho Miranda,2024
4157,Lucho Miranda,2024
4158,Lucho Miranda,2024
4159,Lucho Miranda,2024
4160,Lucho Miranda,2024
4161,Lucho Miranda,2024
4162,Lucho Miranda,2024
4163,Lucho Miranda,2024
4164,Lucho Miranda,2024
4165,Lucho Miranda,2024
4166,Lucho Miranda,2024
4167,Lucho Miranda,2024
4168,Lucho Miranda,2024
4169,Lucho Miranda,2024
4170,Lucho Miranda,2024
4171,Lucho Miranda,2024
4172,Lucho Miranda,2024
4173,Sergio Freire,2024
4174,Sergio Freire,2024
4175,Sergio Freire,2024
4176,Sergio Freire,2024
4177,Sergio Freire,2024
4178,Sergio Freire,2024
4179,Sergio Freire,2024
4180,Sergio Freire,2024
4181,Sergio Freire,2024
4182,Sergio Freire,2024
4183,Sergio Freire,2024
4184,Sergio Freire,2024
4185,Sergio Freire,2024
4186,Sergio Freire,2024
4187,Sergio Freire,2024
4188,Sergio Freire,2024
4189,Sergio Freire,2024
4190,Sergio Freire,2024
4191,Sergio Freire,2024
4192,Sergio Freire,2024
4193,Sergio Freire,2024
4194,Sergio Freire,2024
4195,Sergio Freire,2024
4196,Sergio Freire,2024
4197,Sergio Freire,2024
4198,Sergio Freire,2024
4199,Sergio Freire,2024
4200,Sergio Freire,2024
4201,Sergio Freire,2024
4202,Sergio Freire,2024
4203,Sergio Freire,2024
4204,Sergio Freire,2024
4205,Sergio Freire,2024
4206,Sergio Freire,2024
4207,Sergio Freire,2024
4208,Sergio Freire,2024
4209,Sergio Freire,2024
4210,Sergio Freire,2024
4211,Sergio Freire,2024
4212,Sergio Freire,2024
4213,Sergio Freire,2024
4214,Alex Ortiz,2024
4215,Alex Ortiz,2024
4216,Alex Ortiz,2024
4217,Alex Ortiz,2024
4218,Alex Ortiz,2024
4219,Alex Ortiz,2024
4220,Alex Ortiz,2024
4221,Alex Ortiz,2024
4222,Alex Ortiz,2024
4223,Alex Ortiz,2024
4224,Alex Ortiz,2024
4225,Alex Ortiz,2024
4226,Alex Ortiz,2024
4227,Alex Ortiz,2024
4228,Alex Ortiz,2024
4229,Alex Ortiz,2024
4230,Alex Ortiz,2024
4231,Alex Ortiz,2024
4232,Alex Ortiz,2024
4233,Alex Ortiz,2024
4234,Alex Ortiz,2024
4235,Alex Ortiz,2024
4236,Alex Ortiz,2024
4237,Alex Ortiz,2024
4238,Alex Ortiz,2024
4239,Alex Ortiz,2024
4240,Alex Ortiz,2024
4241,Alex Ortiz,2024
4242,Alex Ortiz,2024
4243,Alex Ortiz,2024
4244,Alex Ortiz,2024
4245,Alex Ortiz,2024
4246,Alex Ortiz,2024
4247,Alex Ortiz,2024
4248,Alex Ortiz,2024
4249,Alex Ortiz,2024
4250,Alex Ortiz,2024
4251,Alex Ortiz,2024
4252,Alex Ortiz,2024
4253,Alex Ortiz,2024
4254,Alex Ortiz,2024
4255,Alex Ortiz,2024
4256,Alex Ortiz,2024
4257,Alex Ortiz,2024
4258,George Harris,2025
4259,George Harris,2025
4260,George Harris,2025
4261,George Harris,2025
4262,George Harris,2025
4263,George Harris,2025
4264,George Harris,2025
4265,George Harris,2025
4266,George Harris,2025
4267,George Harris,2025
4268,George Harris,2025
4269,George Harris,2025
4270,George Harris,2025
4271,George Harris,2025
4272,George Harris,2025
4273,George Harris,2025
4274,George Harris,2025
4275,George Harris,2025
4276,George Harris,2025
4277,George Harris,2025
4278,George Harris,2025
4279,George Harris,2025
4280,George Harris,2025
4281,George Harris,2025
4282,George Harris,2025
4283,George Harris,2025
4284,George Harris,2025
4285,George Harris,2025
4286,George Harris,2025
4287,George Harris,2025
4288,George Harris,2025
4289,George Harris,2025
4290,George Harris,2025
4291,George Harris,2025
4292,George Harris,2025
4293,George Harris,2025
4294,George Harris,2025
4295,George Harris,2025
4296,George Harris,2025
4297,George Harris,2025
4298,George Harris,2025
4299,George Harris,2025
4300,George Harris,2025
4301,"Daniela ""Chiqui"" Aguayo",2025
4302,"Daniela ""Chiqui"" Aguayo",2025
4303,"Daniela ""Chiqui"" Aguayo",2025
4304,"Daniela ""Chiqui"" Aguayo",2025
4305,"Daniela ""Chiqui"" Aguayo",2025
4306,"Daniela ""Chiqui"" Aguayo",2025
4307,"Daniela ""Chiqui"" Aguayo",2025
4308,"Daniela ""Chiqui"" Aguayo",2025
4309,"Daniela ""Chiqui"" Aguayo",2025
4310,"Daniela ""Chiqui"" Aguayo",2025
4311,"Daniela ""Chiqui"" Aguayo",2025
4312,"Daniela ""Chiqui"" Aguayo",2025
4313,"Daniela ""Chiqui"" Aguayo",2025
4314,"Daniela ""Chiqui"" Aguayo",2025
4315,"Daniela ""Chiqui"" Aguayo",2025
4316,"Daniela ""Chiqui"" Aguayo",2025
4317,"Daniela ""Chiqui"" Aguayo",2025
4318,"Daniela ""Chiqui"" Aguayo",2025
4319,"Daniela ""Chiqui"" Aguayo",2025
4320,"Daniela ""Chiqui"" Aguayo",2025
4321,"Daniela ""Chiqui"" Aguayo",2025
4322,"Daniela ""Chiqui"" Aguayo",2025
4323,"Daniela ""Chiqui"" Aguayo",2025
4324,"Daniela ""Chiqui"" Aguayo",2025
4325,"Daniela ""Chiqui"" Aguayo",2025
4326,"Daniela ""Chiqui"" Aguayo",2025
4327,"Daniela ""Chiqui"" Aguayo",2025
4328,"Daniela ""Chiqui"" Aguayo",2025
4329,"Daniela ""Chiqui"" Aguayo",2025
4330,"Daniela ""Chiqui"" Aguayo",2025
4331,"Daniela ""Chiqui"" Aguayo",2025
4332,"Daniela ""Chiqui"" Aguayo",2025
4333,"Daniela ""Chiqui"" Aguayo",2025
4334,"Daniela ""Chiqui"" Aguayo",2025
4335,"Daniela ""Chiqui"" Aguayo",2025
4336,"Daniela ""Chiqui"" Aguayo",2025
4337,"Daniela ""Chiqui"" Aguayo",2025
4338,"Daniela ""Chiqui"" Aguayo",2025
4339,"Daniela ""Chiqui"" Aguayo",2025
4340,"Daniela ""Chiqui"" Aguayo",2025
4341,"Daniela ""Chiqui"" Aguayo",2025
4342,"Daniela ""Chiqui"" Aguayo",2025
4343,"Daniela ""Chiqui"" Aguayo",2025
4344,"Daniela ""Chiqui"" Aguayo",2025
4345,"Daniela ""Chiqui"" Aguayo",2025
4346,"Daniela ""Chiqui"" Aguayo",2025
4347,"Daniela ""Chiqui"" Aguayo",2025
4348,"Daniela ""Chiqui"" Aguayo",2025
4349,"Daniela ""Chiqui"" Aguayo",2025
4350,"Daniela ""Chiqui"" Aguayo",2025
4351,"Daniela ""Chiqui"" Aguayo",2025
4352,"Daniela ""Chiqui"" Aguayo",2025
4353,"Daniela ""Chiqui"" Aguayo",2025
4354,"Daniela ""Chiqui"" Aguayo",2025
4355,Edo Caroe,2025
4356,Edo Caroe,2025
4357,Edo Caroe,2025
4358,Edo Caroe,2025
4359,Edo Caroe,2025
4360,Edo Caroe,2025
4361,Edo Caroe,2025
4362,Edo Caroe,2025
4363,Edo Caroe,2025
4364,Edo Caroe,2025
4365,Edo Caroe,2025
4366,Edo Caroe,2025
4367,Edo Caroe,2025
4368,Edo Caroe,2025
4369,Edo Caroe,2025
4370,Edo Caroe,2025
4371,Edo Caroe,2025
4372,Edo Caroe,2025
4373,Edo Caroe,2025
4374,Edo Caroe,2025
4375,Edo Caroe,2025
4376,Edo Caroe,2025
4377,Edo Caroe,2025
4378,Edo Caroe,2025
4379,Edo Caroe,2025
4380,Edo Caroe,2025
4381,Edo Caroe,2025
4382,Edo Caroe,2025
4383,Edo Caroe,2025
4384,Edo Caroe,2025
4385,Edo Caroe,2025
4386,Edo Caroe,2025
4387,Edo Caroe,2025
4388,Edo Caroe,2025
4389,Edo Caroe,2025
4390,Edo Caroe,2025
4391,Edo Caroe,2025
4392,Edo Caroe,2025
4393,Edo Caroe,2025
4394,Edo Caroe,2025
4395,Edo Caroe,2025
4396,Edo Caroe,2025
4397,Edo Caroe,2025
4398,Edo Caroe,2025
4399,Edo Caroe,2025
4400,Edo Caroe,2025
4401,Edo Caroe,2025
4402,Edo Caroe,2025
4403,Edo Caroe,2025
4404,Edo Caroe,2025
4405,Edo Caroe,2025
4406,Edo Caroe,2025
4407,Edo Caroe,2025
4408,Edo Caroe,2025
4409,Edo Caroe,2025
4410,Edo Caroe,2025
4411,Edo Caroe,2025
4412,Edo Caroe,2025
4413,Edo Caroe,2025
4414,Edo Caroe,2025
4415,Edo Caroe,2025
4416,Edo Caroe,2025
4417,Edo Caroe,2025
4418,Juan Pablo López,2025
4419,Juan Pablo López,2025
4420,Juan Pablo López,2025
4421,Juan Pablo López,2025
4422,Juan Pablo López,2025
4423,Juan Pablo López,2025
4424,Juan Pablo López,2025
4425,Juan Pablo López,2025
4426,Juan Pablo López,2025
4427,Juan Pablo López,2025
4428,Juan Pablo López,2025
4429,Juan Pablo López,2025
4430,Juan Pablo López,2025
4431,Juan Pablo López,2025
4432,Juan Pablo López,2025
4433,Juan Pablo López,2025
4434,Juan Pablo López,2025
4435,Juan Pablo López,2025
4436,Juan Pablo López,2025
4437,Juan Pablo López,2025
4438,Juan Pablo López,2025
4439,Juan Pablo López,2025
4440,Juan Pablo López,2025
4441,Juan Pablo López,2025
4442,Juan Pablo López,2025
4443,Juan Pablo López,2025
4444,Juan Pablo López,2025
4445,Juan Pablo López,2025
4446,Juan Pablo López,2025
4447,Juan Pablo López,2025
4448,Juan Pablo López,2025
4449,Juan Pablo López,2025
4450,Juan Pablo López,2025
4451,Juan Pablo López,2025
4452,Juan Pablo López,2025
4453,Juan Pablo López,2025
4454,Juan Pablo López,2025
4455,Juan Pablo López,2025
4456,Juan Pablo López,2025
4457,Juan Pablo López,2025
4458,Juan Pablo López,2025
4459,Juan Pablo López,2025
4460,Juan Pablo López,2025
4461,Juan Pablo López,2025
4462,Juan Pablo López,2025
4463,Juan Pablo López,2025
4464,Juan Pablo López,2025
4465,Juan Pablo López,2025
4466,Juan Pablo López,2025
4467,Juan Pablo López,2025
4468,Juan Pablo López,2025
4469,Juan Pablo López,2025
4470,Juan Pablo López,2025
4471,Juan Pablo López,2025
4472,Juan Pablo López,2025
4473,Juan Pablo López,2025
4474,Juan Pablo López,2025
4475,Juan Pablo López,2025
4476,Juan Pablo López,2025
4477,Juan Pablo López,2025
4478,Juan Pablo López,2025
4479,Juan Pablo López,2025
4480,Juan Pablo López,2025
4481,Pam Pam,2025
4482,Pam Pam,2025
4483,Pam Pam,2025
4484,Pam Pam,2025
4485,Pam Pam,2025
4486,Pam Pam,2025
4487,Pam Pam,2025
4488,Pam Pam,2025
4489,Pam Pam,2025
4490,Pam Pam,2025
4491,Pam Pam,2025
4492,Pam Pam,2025
4493,Pedro Ruminot,2025
4494,Pedro Ruminot,2025
4495,Pedro Ruminot,2025
4496,Pedro Ruminot,2025
4497,Pedro Ruminot,2025
4498,Pedro Ruminot,2025
4499,Pedro Ruminot,2025
4500,Pedro Ruminot,2025
4501,Pedro Ruminot,2025
4502,Pedro Ruminot,2025
4503,Pedro Ruminot,2025
4504,Pedro Ruminot,2025
4505,Pedro Ruminot,2025
4506,Pedro Ruminot,2025
4507,Pedro Ruminot,2025
4508,Pedro Ruminot,2025
4509,Pedro Ruminot,2025
4510,Pedro Ruminot,2025
4511,Pedro Ruminot,2025
4512,Pedro Ruminot,2025
4513,Pedro Ruminot,2025
4514,Pedro Ruminot,2025
4515,Pedro Ruminot,2025
4516,Pedro Ruminot,2025
4517,Pedro Ruminot,2025
4518,Pedro Ruminot,2025
4519,Pedro Ruminot,2025
4520,Pedro Ruminot,2025
4521,Pedro Ruminot,2025
4522,Pedro Ruminot,2025
4523,Pedro Ruminot,2025
4524,Pedro Ruminot,2025
4525,Pedro Ruminot,2025
4526,Pedro Ruminot,2025
4527,Pedro Ruminot,2025
4528,Pedro Ruminot,2025
4529,Pedro Ruminot,2025
4530,Pedro Ruminot,2025
4531,Pedro Ruminot,2025
4532,Pedro Ruminot,2025
4533,Pedro Ruminot,2025
4534,Pedro Ruminot,2025
4535,Pedro Ruminot,2025
4536,Pedro Ruminot,2025
4537,Pedro Ruminot,2025
4538,Pedro Ruminot,2025
4539,Pedro Ruminot,2025
4540,Pedro Ruminot,2025
4541,Pedro Ruminot,2025
4542,Pedro Ruminot,2025
4543,Pedro Ruminot,2025
4544,Pedro Ruminot,2025
4545,Pedro Ruminot,2025
4546,Pedro Ruminot,2025
4547,Pedro Ruminot,2025
4548,Pedro Ruminot,2025
4549,Pedro Ruminot,2025
4550,Pedro Ruminot,2025
4551,Pedro Ruminot,2025
4552,Pedro Ruminot,2025
4553,Pedro Ruminot,2025
4554,Pedro Ruminot,2025
4555,Pedro Ruminot,2025
4556,Pedro Ruminot,2025
4557,Pedro Ruminot,2025
4558,Pedro Ruminot,2025
4559,Pedro Ruminot,2025
4560,Pedro Ruminot,2025
4561,Pedro Ruminot,2025
4562,Pedro Ruminot,2025
4563,Pedro Ruminot,2025
4564,Pedro Ruminot,2025
4565,Pedro Ruminot,2025
4566,Pedro Ruminot,2025
4567,Pedro Ruminot,2025
