show,year,topic_id,topic_mass,total_mass,p_topic_show_year
Alejandra Azcárate,2018,2,0.2575607078055177,11.34936273663391,0.022693847556229156
Alejandra Azcárate,2018,6,0.4285545039759413,11.34936273663391,0.037760226183681356
Alejandra Azcárate,2018,7,2.093161510605461,11.34936273663391,0.18442987145428646
Alejandra Azcárate,2018,11,2.483019193476377,11.34936273663391,0.2187804946494125
Alejandra Azcárate,2018,12,0.01979437235111449,11.34936273663391,0.0017440954889230433
Alejandra Azcárate,2018,13,0.11645126311686309,11.34936273663391,0.010260599279374269
Alejandra Azcárate,2018,15,0.8494034062513022,11.34936273663391,0.07484150660808163
Alejandra Azcárate,2018,17,0.1536383914203768,11.34936273663391,0.013537182217681428
Alejandra Azcárate,2018,23,1.5786095932126512,11.34936273663391,0.139092355213668
Alejandra Azcárate,2018,27,3.0861312234060683,11.34936273663391,0.2719211020936475
Alejandra Azcárate,2018,28,0.28303857101223867,11.34936273663391,0.024938719255014723
Alex Ortiz,2024,3,1.0,12.015673200280116,0.08322463363739682
Alex Ortiz,2024,5,4.340186334674477,12.015673200280116,0.36121041762131945
Alex Ortiz,2024,6,0.49510329104041617,12.015673200280116,0.04120479000950809
Alex Ortiz,2024,7,0.1777950193900363,12.015673200280116,0.014796925351289635
Alex Ortiz,2024,11,0.44799890260143327,12.015673200280116,0.0372845445389601
Alex Ortiz,2024,12,0.031181194777082456,12.015673200280116,0.0025950435116989987
Alex Ortiz,2024,13,0.3259373222460896,12.015673200280116,0.02712601423268496
Alex Ortiz,2024,16,2.3282261971311806,12.015673200280116,0.19376577228123212
Alex Ortiz,2024,18,0.5104258349983795,12.015673200280116,0.04248000311680249
Alex Ortiz,2024,19,1.2750898891306472,12.015673200280116,0.10611888887764705
Alex Ortiz,2024,22,1.0,12.015673200280116,0.08322463363739682
Alex Ortiz,2024,26,0.08372921429037396,12.015673200280116,0.0069683331840634626
Alison Mandel,2018,0,0.24823698598796445,11.68066896646542,0.021251949413226216
Alison Mandel,2018,2,1.1718385822678008,11.68066896646542,0.10032289979555854
Alison Mandel,2018,4,0.019767189492826458,11.68066896646542,0.0016922994350389525
Alison Mandel,2018,5,0.02120461629411935,11.68066896646542,0.0018153597499421202
Alison Mandel,2018,6,0.13659409117721394,11.68066896646542,0.01169402981707369
Alison Mandel,2018,7,1.1493848752739402,11.68066896646542,0.09840060347346227
Alison Mandel,2018,8,0.2311170365305164,11.68066896646542,0.019786284261119044
Alison Mandel,2018,9,0.10788392001942904,11.68066896646542,0.009236107994255983
Alison Mandel,2018,11,0.3283579801491076,11.68066896646542,0.02811123070877241
Alison Mandel,2018,15,0.07782831326732659,11.68066896646542,0.006663001364970409
Alison Mandel,2018,16,1.08253706153205,11.68066896646542,0.09267765952788803
Alison Mandel,2018,17,2.3635552064882384,11.68066896646542,0.2023475892753985
Alison Mandel,2018,18,0.08938246703914561,11.68066896646542,0.007652170204956405
Alison Mandel,2018,22,1.0820185562718683,11.68066896646542,0.09263326949666034
Alison Mandel,2018,23,1.1108347248738042,11.68066896646542,0.09510026592337747
Alison Mandel,2018,24,1.0,11.68066896646542,0.0856115349960646
Alison Mandel,2018,26,0.04214409439996816,11.68066896646542,0.003608020612600324
Alison Mandel,2018,27,1.4179832654001,11.68066896646542,0.1213957239496346
Alison Mandel,2024,0,0.02184916602184385,10.940762256727574,0.001997042391484981
Alison Mandel,2024,2,1.0,10.940762256727574,0.09140130975655658
Alison Mandel,2024,3,0.17281953805272474,10.940762256727574,0.015795932129542112
Alison Mandel,2024,5,0.22876533604844065,10.940762256727574,0.020909451341726285
Alison Mandel,2024,6,0.6613916399688988,10.940762256727574,0.06045206215519427
Alison Mandel,2024,7,0.5974814892959199,10.940762256727574,0.054610590676945125
Alison Mandel,2024,9,0.08607224554125838,10.940762256727574,0.007867115976158953
Alison Mandel,2024,11,1.6660036962333935,10.940762256727574,0.15227491989499659
Alison Mandel,2024,12,0.03994438931691661,10.940762256727574,0.0036509695009919844
Alison Mandel,2024,15,0.4317656789373572,10.940762256727574,0.039463948562803344
Alison Mandel,2024,16,0.025180218827317035,10.940762256727574,0.002301504980773482
Alison Mandel,2024,17,3.170964065718114,10.940762256727574,0.2898302687976114
Alison Mandel,2024,19,1.0,10.940762256727574,0.09140130975655658
Alison Mandel,2024,20,0.13941127902242823,10.940762256727574,0.0127423734974867
Alison Mandel,2024,22,0.10304535554085821,10.940762256727574,0.009418480460764486
Alison Mandel,2024,23,0.1074281667416135,10.940762256727574,0.009819075144929225
Alison Mandel,2024,27,1.488639991460489,10.940762256727574,0.1360636449754779
Arturo Ruiz-Tagle,2002,4,0.07925934718638251,6.467403862018761,0.012255202996035287
Arturo Ruiz-Tagle,2002,5,0.398989427504079,6.467403862018761,0.061692363120730925
Arturo Ruiz-Tagle,2002,6,0.08558757327421665,6.467403862018761,0.01323368311307236
Arturo Ruiz-Tagle,2002,7,0.038184780286756724,6.467403862018761,0.005904189857541628
Arturo Ruiz-Tagle,2002,9,1.097754450190447,6.467403862018761,0.1697364929747544
Arturo Ruiz-Tagle,2002,10,0.07470591312221771,6.467403862018761,0.011551143969985307
Arturo Ruiz-Tagle,2002,12,2.2154749413043637,6.467403862018761,0.34256016611475637
Arturo Ruiz-Tagle,2002,13,0.11187638398397921,6.467403862018761,0.017298499733563517
Arturo Ruiz-Tagle,2002,15,0.257571939261829,6.467403862018761,0.03982617210198923
Arturo Ruiz-Tagle,2002,16,0.024777147507839967,6.467403862018761,0.0038310809153807705
Arturo Ruiz-Tagle,2002,22,0.040100498115415655,6.467403862018761,0.006200401114721561
Arturo Ruiz-Tagle,2002,24,1.043121460281234,6.467403862018761,0.1612890554751331
Arturo Ruiz-Tagle,2002,28,1.0,6.467403862018761,0.15462154851233553
Arturo Ruiz-Tagle,2015,0,0.9633202773894796,8.413863951249985,0.11449201971543245
Arturo Ruiz-Tagle,2015,1,0.4339929700772811,8.413863951249985,0.051580697357580405
Arturo Ruiz-Tagle,2015,2,1.38580012834313,8.413863951249985,0.16470436607633193
Arturo Ruiz-Tagle,2015,3,0.06744385319038726,8.413863951249985,0.008015800300689154
Arturo Ruiz-Tagle,2015,4,0.643740594245284,8.413863951249985,0.07650950835135006
Arturo Ruiz-Tagle,2015,5,0.03193377234820468,8.413863951249985,0.0037953754105401858
Arturo Ruiz-Tagle,2015,6,0.26181083390343385,8.413863951249985,0.031116599391239095
Arturo Ruiz-Tagle,2015,7,0.019765168144879504,8.413863951249985,0.002349119056286041
Arturo Ruiz-Tagle,2015,9,0.3446859253421253,8.413863951249985,0.040966424860116486
Arturo Ruiz-Tagle,2015,10,1.0,8.413863951249985,0.11885145823536135
Arturo Ruiz-Tagle,2015,11,0.026738922059136472,8.413863951249985,0.003177959878370041
Arturo Ruiz-Tagle,2015,12,0.19006778951892453,8.413863951249985,0.02258983394789591
Arturo Ruiz-Tagle,2015,15,0.6261698994035865,8.413863951249985,0.07442120564720578
Arturo Ruiz-Tagle,2015,16,0.02014772915604566,8.413863951249985,0.002394586990327133
Arturo Ruiz-Tagle,2015,23,0.013555411261723988,8.413863951249985,0.0016110803954359355
Arturo Ruiz-Tagle,2015,24,0.14139289480443137,8.413863951249985,0.016804751731625718
Arturo Ruiz-Tagle,2015,25,2.0,8.413863951249985,0.2377029164707227
Arturo Ruiz-Tagle,2015,26,0.15394195151745235,8.413863951249985,0.01829622542144651
Arturo Ruiz-Tagle,2015,28,0.08935583054447858,8.413863951249985,0.010620070762043124
Bastián Paz,2013,0,0.044349864649528954,6.453236316738932,0.006872499699800338
Bastián Paz,2013,1,0.07251033920488884,6.453236316738932,0.011236275203002497
Bastián Paz,2013,2,0.5402527033420059,6.453236316738932,0.08371810310752982
Bastián Paz,2013,3,0.10250501411913977,6.453236316738932,0.015884280241412186
Bastián Paz,2013,5,0.1411065159594616,6.453236316738932,0.02186600784996018
Bastián Paz,2013,6,0.2583475143191133,6.453236316738932,0.040033791052869146
Bastián Paz,2013,10,1.044726573204487,6.453236316738932,0.16189188213898037
Bastián Paz,2013,11,0.1196620243847975,6.453236316738932,0.018542947834470025
Bastián Paz,2013,12,0.48421416081019253,6.453236316738932,0.07503431410906156
Bastián Paz,2013,14,1.0,6.453236316738932,0.15496100730204443
Bastián Paz,2013,15,1.0822200674475102,6.453236316738932,0.16770191177415264
Bastián Paz,2013,16,0.5372486370821746,6.453236316738932,0.08325258997390428
Bastián Paz,2013,17,0.0558615894467521,6.453236316738932,0.00865636817016196
Bastián Paz,2013,18,0.30230134836859673,6.453236316738932,0.046844921451964
Bastián Paz,2013,19,0.3240829046773276,6.453236316738932,0.05022021335817113
Bastián Paz,2013,24,0.3128997836811515,6.453236316738932,0.04848726566382304
Bastián Paz,2013,25,0.03094727604180422,6.453236316738932,0.0047956210686924084
Belén Mora,2023,2,0.6403510591719943,16.416208761337025,0.03900724390640855
Belén Mora,2023,3,0.06540628732251581,16.416208761337025,0.003984250460834708
Belén Mora,2023,5,0.6917141428185343,16.416208761337025,0.04213604693232455
Belén Mora,2023,6,0.2609285946990648,16.416208761337025,0.0158945709385468
Belén Mora,2023,7,0.09259544119307647,16.416208761337025,0.0056404887717531075
Belén Mora,2023,9,0.24890789285047132,16.416208761337025,0.015162325020908111
Belén Mora,2023,11,4.478774555511032,16.416208761337025,0.2728263645172027
Belén Mora,2023,12,0.8493634462073092,16.416208761337025,0.05173931804569306
Belén Mora,2023,15,0.03292918294572699,16.416208761337025,0.0020058945049042528
Belén Mora,2023,16,3.835705741513664,16.416208761337025,0.2336535674757869
Belén Mora,2023,17,1.087702034999133,16.416208761337025,0.06625780963268797
Belén Mora,2023,23,1.1123949560499558,16.416208761337025,0.06776198891121779
Belén Mora,2023,28,3.019435426054546,16.416208761337025,0.1839301308817315
Bombo Fica,2012,0,1.1144717779206554,9.106485097610907,0.12238221069653295
Bombo Fica,2012,3,0.01769335145493661,9.106485097610907,0.0019429397034404056
Bombo Fica,2012,4,1.4009097004090343,9.106485097610907,0.15383648964368962
Bombo Fica,2012,5,0.21390454701117928,9.106485097610907,0.023489254604644034
Bombo Fica,2012,6,2.179609909380831,9.106485097610907,0.23934700227562591
Bombo Fica,2012,9,2.3339575842458595,9.106485097610907,0.2562962064098886
Bombo Fica,2012,10,0.03660686011962817,9.106485097610907,0.004019867130648685
Bombo Fica,2012,11,0.025811291749047102,9.106485097610907,0.002834385767107741
Bombo Fica,2012,14,0.3908363720540312,9.106485097610907,0.04291846611120765
Bombo Fica,2012,16,0.16144949437098405,9.106485097610907,0.0177290680916329
Bombo Fica,2012,18,0.030900567640805968,9.106485097610907,0.0033932485815973885
Bombo Fica,2012,20,0.08856048548718773,9.106485097610907,0.009724990985865847
Bombo Fica,2012,24,0.11177315576672622,9.106485097610907,0.012274017314984679
Bombo Fica,2012,25,1.0,9.106485097610907,0.10981185268313355
Bombo Fica,2018,0,0.997586157808647,20.64844884798485,0.048312886122969224
Bombo Fica,2018,1,0.22237905049793505,20.64844884798485,0.010769770268706541
Bombo Fica,2018,2,1.1568225755447858,20.64844884798485,0.056024672073984094
Bombo Fica,2018,4,0.8982042847119365,20.64844884798485,0.043499843078992115
Bombo Fica,2018,5,0.28189056276579355,20.64844884798485,0.013651900190715981
Bombo Fica,2018,6,2.7062457234685917,20.64844884798485,0.1310629066324613
Bombo Fica,2018,7,0.4192181859647161,20.64844884798485,0.020302647867209117
Bombo Fica,2018,8,1.0817336734368044,20.64844884798485,0.052388132464602756
Bombo Fica,2018,9,0.06770370273917127,20.64844884798485,0.0032788759696968086
Bombo Fica,2018,10,1.626838203677754,20.64844884798485,0.07878742929576149
Bombo Fica,2018,12,0.058488180503070406,20.64844884798485,0.002832570181598821
Bombo Fica,2018,13,1.095480384583447,20.64844884798485,0.05305388277097428
Bombo Fica,2018,14,0.06062130759207241,20.64844884798485,0.002935877074271787
Bombo Fica,2018,15,1.4168117097208874,20.64844884798485,0.06861589072145527
Bombo Fica,2018,16,2.105170984511736,20.64844884798485,0.10195298445951724
Bombo Fica,2018,17,0.15001371588497306,20.64844884798485,0.007265132455681454
Bombo Fica,2018,19,0.19537005395683155,20.64844884798485,0.009461730292437845
Bombo Fica,2018,22,1.0,20.64844884798485,0.04842978798853423
Bombo Fica,2018,24,1.0345233774583698,20.64844884798485,0.050101747839491215
Bombo Fica,2018,27,1.0,20.64844884798485,0.04842978798853423
Bombo Fica,2018,28,3.073347013157324,20.64844884798485,0.14884154426240412
"Carlos ""El Mono"" Sánchez",2017,3,1.0,15.64133170421811,0.06393317518676002
"Carlos ""El Mono"" Sánchez",2017,4,0.05886727514487006,15.64133170421811,0.003763571814604181
"Carlos ""El Mono"" Sánchez",2017,6,0.5372447475595044,15.64133170421811,0.034347762563888454
"Carlos ""El Mono"" Sánchez",2017,7,2.7237764034739866,15.64133170421811,0.1741396739728655
"Carlos ""El Mono"" Sánchez",2017,8,0.039385149353477,15.64133170421811,0.0025180176533725527
"Carlos ""El Mono"" Sánchez",2017,9,0.34525309086648753,15.64133170421811,0.02207312634213752
"Carlos ""El Mono"" Sánchez",2017,10,1.0553423708024812,15.64133170421811,0.06747138867452568
"Carlos ""El Mono"" Sánchez",2017,14,0.37039195525153745,15.64133170421811,0.023680333762863118
"Carlos ""El Mono"" Sánchez",2017,15,0.6953602106047363,15.64133170421811,0.04445658616249494
"Carlos ""El Mono"" Sánchez",2017,18,0.033967201640147424,15.64133170421811,0.0021716310530635473
"Carlos ""El Mono"" Sánchez",2017,19,1.052278417665213,15.64133170421811,0.06727550042183668
"Carlos ""El Mono"" Sánchez",2017,21,0.057996530955005725,15.64133170421811,0.003707902373770731
"Carlos ""El Mono"" Sánchez",2017,23,2.3140901348464173,15.64133170421811,0.1479471299890891
"Carlos ""El Mono"" Sánchez",2017,25,3.1554718042572625,15.64133170421811,0.20173933165846125
"Carlos ""El Mono"" Sánchez",2017,26,0.2019064117969831,15.64133170421811,0.01290851799674663
"Carlos ""El Mono"" Sánchez",2017,27,2.0,15.64133170421811,0.12786635037352004
Carlos García,2006,0,0.056855596621049685,11.77623176677364,0.0048279957245293366
Carlos García,2006,1,2.6717414888813638,11.77623176677364,0.22687575633655746
Carlos García,2006,2,0.052922017552823095,11.77623176677364,0.004493968750015715
Carlos García,2006,3,0.43919651213276484,11.77623176677364,0.037295165451137556
Carlos García,2006,4,0.03659184895910901,11.77623176677364,0.003107262975441096
Carlos García,2006,5,0.055236227477853395,11.77623176677364,0.004690484067552161
Carlos García,2006,6,0.993337248280837,11.77623176677364,0.08435102738751411
Carlos García,2006,7,0.0626052006288981,11.77623176677364,0.00531623373832852
Carlos García,2006,8,1.6472703814011134,11.77623176677364,0.13988094103657572
Carlos García,2006,9,0.028523201717068677,11.77623176677364,0.00242209921492427
Carlos García,2006,10,0.587719887804021,11.77623176677364,0.04990729627640811
Carlos García,2006,11,0.055304371598592576,11.77623176677364,0.004696270648700424
Carlos García,2006,13,1.0483600940874203,11.77623176677364,0.08902339176487198
Carlos García,2006,14,1.0,11.77623176677364,0.08491680698926769
Carlos García,2006,15,0.04943029220567383,11.77623176677364,0.004197462582652308
Carlos García,2006,16,0.030395255681568024,11.77623176677364,0.0025810680601011543
Carlos García,2006,17,0.031741166195604194,11.77623176677364,0.0026953584834463894
Carlos García,2006,18,1.2089699563748895,11.77623176677364,0.10266186844130987
Carlos García,2006,19,0.09224313589541122,11.77623176677364,0.007832992566915425
Carlos García,2006,20,0.06278031046076252,11.77623176677364,0.005331103506122874
Carlos García,2006,21,0.16122799431649817,11.77623176677364,0.013690966474640824
Carlos García,2006,22,0.1631295101750064,11.77623176677364,0.0138524371297848
Carlos García,2006,24,0.15141315018633744,11.77623176677364,0.012857521250010218
Carlos García,2006,27,0.0263464015224416,11.77623176677364,0.0022372522929429216
Carlos García,2006,28,0.06289051661653224,11.77623176677364,0.0053404618609814
Carlos García,2006,29,1.0,11.77623176677364,0.08491680698926769
Carlos Helo,1979,0,0.129750974037709,1.8386741917454739,0.07056768111512728
Carlos Helo,1979,1,0.043068312103984346,1.8386741917454739,0.023423569165942945
Carlos Helo,1979,4,0.05830685017844233,1.8386741917454739,0.031711355084116884
Carlos Helo,1979,5,0.28228949944465104,1.8386741917454739,0.15352883110665216
Carlos Helo,1979,7,0.03927604447438653,1.8386741917454739,0.021361068018854033
Carlos Helo,1979,9,1.0,1.8386741917454739,0.543870145395737
Carlos Helo,1979,14,0.28598251150630055,1.8386741917454739,0.1555373501135697
Centella,2015,0,0.11032569191548315,7.237955192775429,0.015242660251006367
Centella,2015,2,1.0246774422334928,7.237955192775429,0.14157001735190008
Centella,2015,3,0.09676990134818236,7.237955192775429,0.013369784527648544
Centella,2015,5,0.41122592611809844,7.237955192775429,0.05681520749514503
Centella,2015,6,0.2915288596430305,7.237955192775429,0.04027779281281269
Centella,2015,7,0.17868650295274785,7.237955192775429,0.02468742872726042
Centella,2015,9,0.4832236741799854,7.237955192775429,0.06676245725620346
Centella,2015,11,0.3720463090065384,7.237955192775429,0.0514021293441961
Centella,2015,15,0.569836884415799,7.237955192775429,0.07872898757159788
Centella,2015,16,0.038511359239742186,7.237955192775429,0.005320751263862801
Centella,2015,20,1.0,7.237955192775429,0.1381605679181533
Centella,2015,21,1.2238754378441243,7.237955192775429,0.16909132555362275
Centella,2015,22,1.0,7.237955192775429,0.1381605679181533
Centella,2015,23,0.044647152221843255,7.237955192775429,0.006168475906898104
Centella,2015,24,0.1857793247497994,7.237955192775429,0.02566737701488332
Centella,2015,26,0.20682072690656197,7.237955192775429,0.028574469086655892
Coco Legrand,1980,3,0.13247194459624442,4.63303674534472,0.028592897461767894
Coco Legrand,1980,4,0.47895758450133274,4.63303674534472,0.10337875799983452
Coco Legrand,1980,9,2.86393986131235,4.63303674534472,0.618156086111348
Coco Legrand,1980,14,1.0,4.63303674534472,0.21584115450946964
Coco Legrand,1980,19,0.13220024777308093,4.63303674534472,0.028534254105779727
Coco Legrand,1980,26,0.025467107161711928,4.63303674534472,0.005496849811800285
Coco Legrand,2000,0,2.3757952567185385,17.823955127569185,0.13329225975461415
Coco Legrand,2000,1,0.12433828124253483,17.823955127569185,0.00697590856533378
Coco Legrand,2000,2,0.04571364544060175,17.823955127569185,0.0025647307297073595
Coco Legrand,2000,3,0.28231819520442214,17.823955127569185,0.01583925639308566
Coco Legrand,2000,5,0.03169438596905533,17.823955127569185,0.0017781904039935595
Coco Legrand,2000,6,0.35970814044368177,17.823955127569185,0.020181162815390147
Coco Legrand,2000,7,2.6593510457073695,17.823955127569185,0.14920095044415932
Coco Legrand,2000,9,1.585186334616867,17.823955127569185,0.08893572292296571
Coco Legrand,2000,11,0.1579642727987824,17.823955127569185,0.008862470291705981
Coco Legrand,2000,12,1.0768058268497658,17.823955127569185,0.060413405394194326
Coco Legrand,2000,14,0.06054358519624875,17.823955127569185,0.003396753681375859
Coco Legrand,2000,15,0.0682942177163948,17.823955127569185,0.0038315972648944106
Coco Legrand,2000,18,2.171662198151873,17.823955127569185,0.12183952341715991
Coco Legrand,2000,20,2.0,17.823955127569185,0.11220854101604542
Coco Legrand,2000,21,0.11634672890618028,17.823955127569185,0.0065275483512759235
Coco Legrand,2000,22,2.3635763803738334,17.823955127569185,0.13260672861086673
Coco Legrand,2000,25,0.34465663223303755,17.823955127569185,0.01933670892718644
Coco Legrand,2000,26,1.0,17.823955127569185,0.05610427050802271
Coco Legrand,2000,27,1.0,17.823955127569185,0.05610427050802271
Coco Legrand,2006,0,0.9987140449122011,19.876070869915555,0.05024705594222125
Coco Legrand,2006,2,2.1004791329072305,19.876070869915555,0.10567879067519921
Coco Legrand,2006,3,1.1924271162003535,19.876070869915555,0.05999310044749401
Coco Legrand,2006,4,1.2817228251039776,19.876070869915555,0.06448572424059902
Coco Legrand,2006,6,0.318967245239598,19.876070869915555,0.01604780176762135
Coco Legrand,2006,7,4.185914317209145,19.876070869915555,0.2106006938999674
Coco Legrand,2006,9,0.02667114211875412,19.876070869915555,0.0013418719571544491
Coco Legrand,2006,11,0.12994269561865057,19.876070869915555,0.0065376450139012126
Coco Legrand,2006,12,0.13767481014592373,19.876070869915555,0.006926661262528928
Coco Legrand,2006,14,1.2784854442340108,19.876070869915555,0.06432284592872568
Coco Legrand,2006,15,3.439061054708628,19.876070869915555,0.173025195835561
Coco Legrand,2006,18,3.441822692077573,19.876070869915555,0.17316413865715885
Coco Legrand,2006,20,0.20078961045618826,19.876070869915555,0.010102077607305358
Coco Legrand,2006,21,0.04842334400422376,19.876070869915555,0.0024362634004046237
Coco Legrand,2006,24,1.0,19.876070869915555,0.050311754599023956
Coco Legrand,2006,28,0.09497539497909756,19.876070869915555,0.004778378765133728
Coco Legrand,2010,0,1.1236936708837877,8.036244637098477,0.13982820603747853
Coco Legrand,2010,2,0.9363027464614653,8.036244637098477,0.11650998553965396
Coco Legrand,2010,3,0.10282815009001631,8.036244637098477,0.012795547514235815
Coco Legrand,2010,4,0.0916033305839163,8.036244637098477,0.011398773272908986
Coco Legrand,2010,5,0.1879124302317882,8.036244637098477,0.023383114715586215
Coco Legrand,2010,7,1.2451893898002877,8.036244637098477,0.15494667547227245
Coco Legrand,2010,8,0.04308267869171039,8.036244637098477,0.005361046189761787
Coco Legrand,2010,9,1.1511961234670003,8.036244637098477,0.14325050760060545
Coco Legrand,2010,11,0.4579946453354886,8.036244637098477,0.056991127823710665
Coco Legrand,2010,15,0.061047831581111774,8.036244637098477,0.007596562117993632
Coco Legrand,2010,16,0.07688838784286828,8.036244637098477,0.009567701247908896
Coco Legrand,2010,18,1.4778278794489337,8.036244637098477,0.18389533248237577
Coco Legrand,2010,23,0.057630810785204045,8.036244637098477,0.007171360926365715
Coco Legrand,2010,26,1.0230465618948974,8.036244637098477,0.12730405905914197
"Daniel Muñoz ""El Carmelo""",2001,1,2.34572520236329,4.772149568928706,0.49154477840263483
"Daniel Muñoz ""El Carmelo""",2001,7,0.08197068733922094,4.772149568928706,0.017176889817731016
"Daniel Muñoz ""El Carmelo""",2001,8,0.5889833065355298,4.772149568928706,0.12342096533821549
"Daniel Muñoz ""El Carmelo""",2001,9,0.05714808470787181,4.772149568928706,0.011975333941744186
"Daniel Muñoz ""El Carmelo""",2001,10,0.09598290680072744,4.772149568928706,0.020113138830699838
"Daniel Muñoz ""El Carmelo""",2001,12,1.1801218913329095,4.772149568928706,0.2472935674557731
"Daniel Muñoz ""El Carmelo""",2001,13,0.0909612546752759,4.772149568928706,0.019060855776089115
"Daniel Muñoz ""El Carmelo""",2001,14,0.2048305172531947,4.772149568928706,0.04292206568436975
"Daniel Muñoz ""El Carmelo""",2001,16,0.04099683516641517,4.772149568928706,0.008590852942528057
"Daniel Muñoz ""El Carmelo""",2001,20,0.054708845975579595,4.772149568928706,0.011464193480394439
"Daniel Muñoz ""El Carmelo""",2001,25,0.03072003677869092,4.772149568928706,0.006437358329820167
"Daniel Muñoz ""El Malo""",2000,0,0.12618338937153295,2.795665377337495,0.04513536934513461
"Daniel Muñoz ""El Malo""",2000,1,0.061766357031094024,2.795665377337495,0.022093615899739183
"Daniel Muñoz ""El Malo""",2000,3,0.16559141939926914,2.795665377337495,0.05923148769577469
"Daniel Muñoz ""El Malo""",2000,8,1.0,2.795665377337495,0.3576965999244047
"Daniel Muñoz ""El Malo""",2000,9,0.026411167258728163,2.795665377337495,0.009447184728481826
"Daniel Muñoz ""El Malo""",2000,12,0.14605438507201063,2.795665377337495,0.052243156944307936
"Daniel Muñoz ""El Malo""",2000,13,0.1764067308302345,2.795665377337495,0.06310008782175455
"Daniel Muñoz ""El Malo""",2000,14,0.0932519283746256,2.795665377337495,0.0333558977159977
"Daniel Muñoz ""El Malo""",2000,16,1.0,2.795665377337495,0.3576965999244047
"Daniela ""Chiqui"" Aguayo",2017,0,1.0207861786923316,20.888169381769035,0.04886910671948412
"Daniela ""Chiqui"" Aguayo",2017,1,0.18341245524964783,20.888169381769035,0.00878068594224098
"Daniela ""Chiqui"" Aguayo",2017,2,1.2164263620989462,20.888169381769035,0.058235182790150566
"Daniela ""Chiqui"" Aguayo",2017,6,0.021014056262511994,20.888169381769035,0.0010060267071968897
"Daniela ""Chiqui"" Aguayo",2017,8,0.04869665007187819,20.888169381769035,0.0023313029103632266
"Daniela ""Chiqui"" Aguayo",2017,9,0.31584907712744265,20.888169381769035,0.015120955376927968
"Daniela ""Chiqui"" Aguayo",2017,13,0.09549866859545503,20.888169381769035,0.004571902250027004
"Daniela ""Chiqui"" Aguayo",2017,15,3.0105237832361063,20.888169381769035,0.14412578374932455
"Daniela ""Chiqui"" Aguayo",2017,16,2.4797717720248587,20.888169381769035,0.1187165675795973
"Daniela ""Chiqui"" Aguayo",2017,17,1.026245223498985,20.888169381769035,0.049130452972804814
"Daniela ""Chiqui"" Aguayo",2017,19,1.0,20.888169381769035,0.047873989420671254
"Daniela ""Chiqui"" Aguayo",2017,20,0.035134991334359524,20.888169381769035,0.001682052203436504
"Daniela ""Chiqui"" Aguayo",2017,21,0.049805568066598443,20.888169381769035,0.002384391238710856
"Daniela ""Chiqui"" Aguayo",2017,22,0.18392768561807157,20.888169381769035,0.008805352075448107
"Daniela ""Chiqui"" Aguayo",2017,23,1.5795259375539883,20.888169381769035,0.07561820802413548
"Daniela ""Chiqui"" Aguayo",2017,24,1.2119637011064384,20.888169381769035,0.058021537405007206
"Daniela ""Chiqui"" Aguayo",2017,25,0.36940334903021155,20.888169381769035,0.01768481202343288
"Daniela ""Chiqui"" Aguayo",2017,26,1.1209703298989915,20.888169381769035,0.053665321714470686
"Daniela ""Chiqui"" Aguayo",2017,27,4.884659247781065,20.888169381769035,0.2338481251518547
"Daniela ""Chiqui"" Aguayo",2017,28,1.0345543445211478,20.888169381769035,0.049528243744714914
"Daniela ""Chiqui"" Aguayo",2025,0,0.18489552264565245,16.118334978777277,0.011471130416950701
"Daniela ""Chiqui"" Aguayo",2025,1,0.12796752282186385,16.118334978777277,0.007939251975489801
"Daniela ""Chiqui"" Aguayo",2025,2,0.27131584538695347,16.118334978777277,0.016832746418546964
"Daniela ""Chiqui"" Aguayo",2025,4,0.7803314453159049,16.118334978777277,0.04841265840071902
"Daniela ""Chiqui"" Aguayo",2025,5,3.6951010224633722,16.118334978777277,0.22924830804972385
"Daniela ""Chiqui"" Aguayo",2025,6,0.060804074033763714,16.118334978777277,0.0037723545337544698
"Daniela ""Chiqui"" Aguayo",2025,11,4.224000757031019,16.118334978777277,0.26206185456454933
"Daniela ""Chiqui"" Aguayo",2025,15,0.10181430348947404,16.118334978777277,0.0063166762338374965
"Daniela ""Chiqui"" Aguayo",2025,16,2.3596758374900935,16.118334978777277,0.1463969969973348
"Daniela ""Chiqui"" Aguayo",2025,17,1.22354016159034,16.118334978777277,0.0759098357988808
"Daniela ""Chiqui"" Aguayo",2025,19,1.0,16.118334978777277,0.062041147631978245
"Daniela ""Chiqui"" Aguayo",2025,20,1.0,16.118334978777277,0.062041147631978245
"Daniela ""Chiqui"" Aguayo",2025,23,1.0,16.118334978777277,0.062041147631978245
"Daniela ""Chiqui"" Aguayo",2025,24,0.0888884865088376,16.118334978777277,0.005514743714277901
Diego Urrutia,2023,1,1.4925779306822546,13.64275665989543,0.10940442374596272
Diego Urrutia,2023,2,1.7259674926365884,13.64275665989543,0.1265116380555466
Diego Urrutia,2023,3,0.30658216758852486,13.64275665989543,0.022472156854469235
Diego Urrutia,2023,4,0.3350985913835623,13.64275665989543,0.024562381323462733
Diego Urrutia,2023,5,1.0335818533893837,13.64275665989543,0.07576048442084475
Diego Urrutia,2023,6,0.050242269232988766,13.64275665989543,0.003682706544248651
Diego Urrutia,2023,7,1.073686600024591,13.64275665989543,0.0787001210085954
Diego Urrutia,2023,8,0.027674953733347097,13.64275665989543,0.002028545580872306
Diego Urrutia,2023,9,0.2023686879936103,13.64275665989543,0.014833416225072612
Diego Urrutia,2023,14,2.0344056885220336,13.64275665989543,0.14911983987095664
Diego Urrutia,2023,15,0.019052492357063303,13.64275665989543,0.0013965280501608932
Diego Urrutia,2023,16,0.06557091992518323,13.64275665989543,0.004806280838969814
Diego Urrutia,2023,19,1.0,13.64275665989543,0.07329896918411098
Diego Urrutia,2023,22,1.0,13.64275665989543,0.07329896918411098
Diego Urrutia,2023,23,1.1309185916549382,13.64275665989543,0.08289516699945351
Diego Urrutia,2023,25,0.10499987065160886,13.64275665989543,0.0076963822832279176
Diego Urrutia,2023,28,0.04002855011975128,13.64275665989543,0.0029340514617122912
Diego Urrutia,2023,29,2.0,13.64275665989543,0.14659793836822196
Dinamita Show,1996,0,0.06318917409384385,9.508538137164924,0.006645519340860991
Dinamita Show,1996,1,0.13992810113969043,9.508538137164924,0.014716047737429756
Dinamita Show,1996,2,1.4833718719388846,9.508538137164924,0.15600419859925685
Dinamita Show,1996,3,1.5018827785711988,9.508538137164924,0.15795096542768894
Dinamita Show,1996,4,0.31471056033645506,9.508538137164924,0.033097680820817474
Dinamita Show,1996,5,0.18130116489894219,9.508538137164924,0.019067196480004774
Dinamita Show,1996,6,0.1098094553350489,9.508538137164924,0.01154851079640196
Dinamita Show,1996,7,0.05073891928606083,9.508538137164924,0.005336143006856488
Dinamita Show,1996,9,0.3577161025324469,9.508538137164924,0.03762051509624632
Dinamita Show,1996,10,0.11120483484669616,9.508538137164924,0.011695260958363585
Dinamita Show,1996,11,0.058462744587609874,9.508538137164924,0.006148447189700307
Dinamita Show,1996,12,2.607433172802291,9.508538137164924,0.2742201940181444
Dinamita Show,1996,13,0.11798296661929313,9.508538137164924,0.012408107841324918
Dinamita Show,1996,16,0.08575720119545795,9.508538137164924,0.009018968001008345
Dinamita Show,1996,19,0.10248796413496418,9.508538137164924,0.01077851954280767
Dinamita Show,1996,21,1.0,9.508538137164924,0.10516863744716083
Dinamita Show,1996,22,0.1624565578027562,9.508538137164924,0.017085334828471795
Dinamita Show,1996,23,0.017023143160559712,9.508538137164924,0.00179030077126402
Dinamita Show,1996,24,0.04308142388272382,9.508538137164924,0.0045308146490296375
Dinamita Show,1996,25,1.0,9.508538137164924,0.10516863744716083
Dinamita Show,2009,0,0.2181721194483424,8.572300629414805,0.025450824566244368
Dinamita Show,2009,1,0.23839895145872428,8.572300629414805,0.02781038157256027
Dinamita Show,2009,2,0.02402554708792708,8.572300629414805,0.0028026953470911115
Dinamita Show,2009,3,0.11000762601522629,8.572300629414805,0.012832917412829471
Dinamita Show,2009,4,0.45418493088628287,8.572300629414805,0.052982851456212655
Dinamita Show,2009,6,1.7716573163907943,8.572300629414805,0.2066723267160706
Dinamita Show,2009,8,0.10621206465389785,8.572300629414805,0.01239014696818309
Dinamita Show,2009,9,0.11647361014079288,8.572300629414805,0.013587205486136112
Dinamita Show,2009,10,0.4642710293870524,8.572300629414805,0.054159443241405106
Dinamita Show,2009,12,0.06036290622034063,8.572300629414805,0.007041622643659122
Dinamita Show,2009,13,0.41055762402873003,8.572300629414805,0.04789351677890899
Dinamita Show,2009,14,0.05735568846280069,8.572300629414805,0.006690816263021811
Dinamita Show,2009,15,0.42371173093635,8.572300629414805,0.049428006465666266
Dinamita Show,2009,20,0.047931280537868104,8.572300629414805,0.005591413858421828
Dinamita Show,2009,23,2.0,8.572300629414805,0.23330959639204016
Dinamita Show,2009,24,0.06897820375967513,8.572300629414805,0.008046638439508856
Dinamita Show,2009,27,2.0,8.572300629414805,0.23330959639204016
Dinamita Show,2012,0,0.02997190543168792,12.24833856714396,0.0024470180398251926
Dinamita Show,2012,1,0.0859630107522321,12.24833856714396,0.007018340510510297
Dinamita Show,2012,2,2.0427062762333197,12.24833856714396,0.1667741518603068
Dinamita Show,2012,3,0.2263071707713527,12.24833856714396,0.018476560680517055
Dinamita Show,2012,5,0.028439424038228158,12.24833856714396,0.002321900548578614
Dinamita Show,2012,6,3.0060645986153496,12.24833856714396,0.2454263149354057
Dinamita Show,2012,9,1.1104955182928509,12.24833856714396,0.09066499200730321
Dinamita Show,2012,10,1.5750551185016852,12.24833856714396,0.12859336879589156
Dinamita Show,2012,11,0.029049425529551757,12.24833856714396,0.0023717033432988648
Dinamita Show,2012,12,1.207074913951305,12.24833856714396,0.09855009374000086
Dinamita Show,2012,13,0.08514151971833875,12.24833856714396,0.006951270921488893
Dinamita Show,2012,18,1.7973476575348304,12.24833856714396,0.14674215998210538
Dinamita Show,2012,19,0.0928853789973057,12.24833856714396,0.007583508447951443
Dinamita Show,2012,20,0.07893078216461571,12.24833856714396,0.006444203165345765
Dinamita Show,2012,21,0.1713927311808893,12.24833856714396,0.013993141211874114
Dinamita Show,2012,22,0.12290145782103896,12.24833856714396,0.010034132968100738
Dinamita Show,2012,24,0.19846867695144688,12.24833856714396,0.01620372231412977
Dinamita Show,2012,25,0.07136483299589239,12.24833856714396,0.005826490883206625
Dinamita Show,2012,26,0.0843507105405935,12.24833856714396,0.0068867063135291985
Dinamita Show,2012,29,0.20442745712144578,12.24833856714396,0.016690219330629894
Dinamita Show,2015,0,0.06969216151200934,13.767115674901328,0.005062219506084657
Dinamita Show,2015,2,1.2631619538653163,13.767115674901328,0.09175211305648956
Dinamita Show,2015,3,0.48236290670563464,13.767115674901328,0.03503732503570264
Dinamita Show,2015,4,0.3042411381029799,13.767115674901328,0.022099119763890594
Dinamita Show,2015,5,0.09382716105734493,13.767115674901328,0.006815309994699918
Dinamita Show,2015,6,0.8745225840312318,13.767115674901328,0.06352257108041622
Dinamita Show,2015,8,0.024733837601571256,13.767115674901328,0.0017965882023249964
Dinamita Show,2015,10,0.3787338371242194,13.767115674901328,0.027510035222169646
Dinamita Show,2015,12,2.45299268704541,13.767115674901328,0.17817767678944058
Dinamita Show,2015,13,0.11996678675738177,13.767115674901328,0.008714010224820865
Dinamita Show,2015,14,1.4062905763461286,13.767115674901328,0.10214852620944567
Dinamita Show,2015,15,0.04184245275308303,13.767115674901328,0.003039304218919692
Dinamita Show,2015,16,0.6590272998584411,13.767115674901328,0.0478696711367005
Dinamita Show,2015,20,1.1929006015011723,13.767115674901328,0.08664854931639282
Dinamita Show,2015,23,0.041502379622581236,13.767115674901328,0.003014602375880647
Dinamita Show,2015,24,1.5383183491333308,13.767115674901328,0.11173860854077237
Dinamita Show,2015,25,0.45749309981984226,13.767115674901328,0.03323086045204753
Dinamita Show,2015,27,1.3655058620636487,13.767115674901328,0.09918605278759202
Dinamita Show,2015,29,1.0,13.767115674901328,0.07263685608620901
Dino Gordillo,1996,0,0.0326518756255113,4.457143564615676,0.007325740163437333
Dino Gordillo,1996,2,0.06530997458486941,4.457143564615676,0.014652876587452004
Dino Gordillo,1996,3,0.1460397458004586,4.457143564615676,0.03276532238266619
Dino Gordillo,1996,4,0.08963820838443166,4.457143564615676,0.02011113330430963
Dino Gordillo,1996,5,0.8499668925098594,4.457143564615676,0.19069766997356052
Dino Gordillo,1996,6,0.06359652829475289,4.457143564615676,0.01426844959620155
Dino Gordillo,1996,7,0.4454530605157509,4.457143564615676,0.09994137591889768
Dino Gordillo,1996,9,0.6566961667387585,4.457143564615676,0.14733565504870227
Dino Gordillo,1996,12,0.23722138771932513,4.457143564615676,0.05322273879678809
Dino Gordillo,1996,14,0.055403667228909804,4.457143564615676,0.012430307982167738
Dino Gordillo,1996,18,0.07642635519623057,4.457143564615676,0.01714693594412424
Dino Gordillo,1996,19,0.1498794646732213,4.457143564615676,0.03362679763404589
Dino Gordillo,1996,23,1.5888602373435967,4.457143564615676,0.3564749966676468
Dino Gordillo,1997,0,0.05587899372572537,4.766438058055853,0.01172342807041899
Dino Gordillo,1997,3,0.28054750256526917,4.766438058055853,0.05885894228523754
Dino Gordillo,1997,4,1.4240616045822323,4.766438058055853,0.29876851167202245
Dino Gordillo,1997,5,0.40430291836025567,4.766438058055853,0.08482286215320371
Dino Gordillo,1997,7,1.0,4.766438058055853,0.2098002717794433
Dino Gordillo,1997,9,0.05144218616733587,4.766438058055853,0.010792584638835784
Dino Gordillo,1997,11,0.162776371277703,4.766438058055853,0.03415052693333366
Dino Gordillo,1997,13,0.040907656135400955,4.766438058055853,0.008582437375067132
Dino Gordillo,1997,14,1.0,4.766438058055853,0.2098002717794433
Dino Gordillo,1997,15,0.12345333784468897,4.766438058055853,0.02590054383189518
Dino Gordillo,1997,20,0.02769213264835427,4.766438058055853,0.005809816955777121
Dino Gordillo,1997,23,0.13325552247644523,4.766438058055853,0.027957044831669924
Dino Gordillo,1997,24,0.06211983227244248,4.766438058055853,0.013032757693651866
Dino Gordillo,1998,3,0.20864188135533712,8.972031494470615,0.023254697833363747
Dino Gordillo,1998,5,1.2185834587025839,8.972031494470615,0.13582023864423418
Dino Gordillo,1998,7,0.4124602784820349,8.972031494470615,0.04597178228099518
Dino Gordillo,1998,9,0.2386438163397192,8.972031494470615,0.02659863783211119
Dino Gordillo,1998,12,2.0,8.972031494470615,0.22291495535125824
Dino Gordillo,1998,14,1.0217694913530921,8.972031494470615,0.11388385027212619
Dino Gordillo,1998,16,0.1808577053602678,8.972031494470615,0.020157943657657558
Dino Gordillo,1998,18,0.2263385830308286,8.972031494470615,0.025227127565292107
Dino Gordillo,1998,19,1.100007100222523,8.972031494470615,0.12260401681608538
Dino Gordillo,1998,21,2.242796994576966,8.972031494470615,0.24997649595403026
Dino Gordillo,1998,23,0.09449838975789317,8.972031494470615,0.010532552166823278
Dino Gordillo,1998,25,0.027433795289369053,8.972031494470615,0.0030577016260226308
Dino Gordillo,2000,2,0.10646715027731804,8.636077059401613,0.012328184376425083
Dino Gordillo,2000,3,1.0,8.636077059401613,0.11579331600698908
Dino Gordillo,2000,4,0.03718164204522106,8.636077059401613,0.004305385627001034
Dino Gordillo,2000,5,1.2022186442767457,8.636077059401613,0.13920888338623122
Dino Gordillo,2000,7,0.4636829952613078,8.636077059401613,0.05369139159735983
Dino Gordillo,2000,9,1.2571047655009864,8.636077059401613,0.14556432936554764
Dino Gordillo,2000,10,1.0,8.636077059401613,0.11579331600698908
Dino Gordillo,2000,12,1.0,8.636077059401613,0.11579331600698908
Dino Gordillo,2000,14,0.5457301079296115,8.636077059401613,0.06319189884202177
Dino Gordillo,2000,16,1.0,8.636077059401613,0.11579331600698908
Dino Gordillo,2000,18,0.23872108028325528,8.636077059401613,0.02764230548676879
Dino Gordillo,2000,19,0.6351977607472363,8.636077059401613,0.07355165503713658
Dino Gordillo,2000,22,0.02399449644592587,8.636077059401613,0.002778402309391671
Dino Gordillo,2000,23,0.03412708020997949,8.636077059401613,0.0039516877831500185
Dino Gordillo,2000,24,0.09165133642402552,8.636077059401613,0.010612612161010056
Dino Gordillo,2011,0,0.11788497234823903,11.31491073520818,0.010418550804949862
Dino Gordillo,2011,2,0.2552525875530863,11.31491073520818,0.022558957249112575
Dino Gordillo,2011,4,0.04967357699314922,11.31491073520818,0.004390098884172531
Dino Gordillo,2011,5,0.5135919570368059,11.31491073520818,0.04539072106319684
Dino Gordillo,2011,6,1.1093741596022255,11.31491073520818,0.09804533023404488
Dino Gordillo,2011,7,2.095706097109621,11.31491073520818,0.1852163173137983
Dino Gordillo,2011,9,0.021421438084544223,11.31491073520818,0.0018932043376964473
Dino Gordillo,2011,14,1.0,11.31491073520818,0.08837895617579535
Dino Gordillo,2011,16,2.0,11.31491073520818,0.1767579123515907
Dino Gordillo,2011,18,1.0901862677855008,11.31491073520818,0.09634952438406866
Dino Gordillo,2011,21,1.023621523656252,11.31491073520818,0.09046660177981676
Dino Gordillo,2011,22,1.0,11.31491073520818,0.08837895617579535
Dino Gordillo,2011,23,1.0,11.31491073520818,0.08837895617579535
Dino Gordillo,2011,28,0.03819815503875603,11.31491073520818,0.0033759130701664555
Edmundo Arrocet,1971,3,0.09318006434183422,0.26125714290381363,0.3566603512009625
Edmundo Arrocet,1971,8,0.1680770785619794,0.26125714290381363,0.6433396487990375
Edmundo Arrocet,1978,1,1.4829656373117488,6.934998462088891,0.2138379186986964
Edmundo Arrocet,1978,2,1.0827120653569358,6.934998462088891,0.15612289912906657
Edmundo Arrocet,1978,3,0.1404293451012661,6.934998462088891,0.020249369321268366
Edmundo Arrocet,1978,4,0.05869494013965366,6.934998462088891,0.00846358372831912
Edmundo Arrocet,1978,5,0.057967317619695403,6.934998462088891,0.00835866337052295
Edmundo Arrocet,1978,6,0.1460958258271166,6.934998462088891,0.021066453961852947
Edmundo Arrocet,1978,8,2.1981798077515498,6.934998462088891,0.31696904040688656
Edmundo Arrocet,1978,9,0.26806275242731953,6.934998462088891,0.038653613824533764
Edmundo Arrocet,1978,10,0.033943134726833656,6.934998462088891,0.00489446896237806
Edmundo Arrocet,1978,12,0.02969512989991413,6.934998462088891,0.004281923069233048
Edmundo Arrocet,1978,14,0.31522448066265985,6.934998462088891,0.04545415292964767
Edmundo Arrocet,1978,17,0.06227111193447912,6.934998462088891,0.008979253892397034
Edmundo Arrocet,1978,21,1.0,6.934998462088891,0.1441961386821692
Edmundo Arrocet,1978,26,0.05875691332971881,6.934998462088891,0.00847252002302833
Edo Caroe,2016,0,7.587254575849291,23.63222745844101,0.3210554142300817
Edo Caroe,2016,1,0.06988795594125692,23.63222745844101,0.0029573156429777924
Edo Caroe,2016,2,1.7052020521499933,23.63222745844101,0.07215579044119794
Edo Caroe,2016,3,0.6491444025721043,23.63222745844101,0.027468608437933827
Edo Caroe,2016,4,0.2409044907207598,23.63222745844101,0.010193896920821698
Edo Caroe,2016,5,0.2103995736976843,23.63222745844101,0.008903078394437733
Edo Caroe,2016,6,0.4626486036238127,23.63222745844101,0.019577020593484633
Edo Caroe,2016,7,0.448861050982233,23.63222745844101,0.0189935989644475
Edo Caroe,2016,8,0.13733929562320543,23.63222745844101,0.005811525632305569
Edo Caroe,2016,9,0.03253247386638656,23.63222745844101,0.0013766147911193423
Edo Caroe,2016,11,2.080380021931717,23.63222745844101,0.08803148266875038
Edo Caroe,2016,18,4.061747624061703,23.63222745844101,0.17187324517778027
Edo Caroe,2016,20,1.0,23.63222745844101,0.042315097117213034
Edo Caroe,2016,21,0.3930926057092998,23.63222745844101,0.016633751786647354
Edo Caroe,2016,22,1.1900576466824875,23.63222745844101,0.05035740489445146
Edo Caroe,2016,24,1.0203212221421447,23.63222745844101,0.04317499160569835
Edo Caroe,2016,26,0.1102220988570545,23.63222745844101,0.004664058817599317
Edo Caroe,2016,28,2.2322317640298786,23.63222745844101,0.09445710388305208
Edo Caroe,2025,0,0.4071872448212539,18.90209041696265,0.021541916044155937
Edo Caroe,2025,1,0.49475442033097156,18.90209041696265,0.02617458754122672
Edo Caroe,2025,2,4.450294051488623,18.90209041696265,0.23543925318942233
Edo Caroe,2025,3,0.6895531684940284,18.90209041696265,0.03648025976403258
Edo Caroe,2025,4,0.1546209743719188,18.90209041696265,0.008180099182742382
Edo Caroe,2025,5,0.7994951040180409,18.90209041696265,0.042296650073188606
Edo Caroe,2025,6,0.2553880167083405,18.90209041696265,0.013511099094053451
Edo Caroe,2025,7,0.5226175191677547,18.90209041696265,0.027648662536221922
Edo Caroe,2025,10,1.031058310886128,18.90209041696265,0.05454731662699385
Edo Caroe,2025,11,7.466660699691701,18.90209041696265,0.395017722113484
Edo Caroe,2025,15,0.04159517196314645,18.90209041696265,0.0022005593585468796
Edo Caroe,2025,16,1.061092998814355,18.90209041696265,0.05613627780883615
Edo Caroe,2025,21,0.3160719511751578,18.90209041696265,0.016721534190288087
Edo Caroe,2025,22,1.0618431044325771,18.90209041696265,0.056175961547601315
Edo Caroe,2025,23,0.09685958787422716,18.90209041696265,0.005124279153130375
Edo Caroe,2025,24,0.052998092724426724,18.90209041696265,0.0028038217760754376
El Huaso Clavel,1988,2,0.175610980846503,1.5732031000154554,0.111626388763649
El Huaso Clavel,1988,7,0.34431634948492446,1.5732031000154554,0.21886325388091457
El Huaso Clavel,1988,12,1.0,1.5732031000154554,0.6356458361861707
El Huaso Clavel,1988,24,0.053275769684027814,1.5732031000154554,0.0338645211692657
El Pampero,1995,0,0.21315370663105163,3.3655383672154318,0.06333420789595991
El Pampero,1995,1,0.18731931208649877,3.3655383672154318,0.05565805278324086
El Pampero,1995,2,0.01672158876802302,3.3655383672154318,0.004968473671526756
El Pampero,1995,3,0.3457957196062431,3.3655383672154318,0.10274603402971942
El Pampero,1995,4,0.040678198036058405,3.3655383672154318,0.012086683792499624
El Pampero,1995,7,0.1659060481138637,3.3655383672154318,0.04929554502483075
El Pampero,1995,8,0.015119755161043016,3.3655383672154318,0.004492522001332212
El Pampero,1995,9,0.10157861148459876,3.3655383672154318,0.030181979939406408
El Pampero,1995,13,0.02764719840798127,3.3655383672154318,0.00821479222382359
El Pampero,1995,14,1.0,3.3655383672154318,0.2971292824177122
El Pampero,1995,19,1.0,3.3655383672154318,0.2971292824177122
El Pampero,1995,20,0.05869998857626179,3.3655383672154318,0.01744148548359257
El Pampero,1995,21,0.02119056036750734,3.3655383672154318,0.0062963359960266675
El Pampero,1995,25,0.09306415949631715,3.3655383672154318,0.02765208692994823
El Pampero,1995,27,0.07866352047998393,3.3655383672154318,0.023373235392668633
Ernesto Belloni,2020,0,0.1511793175683389,9.14470149979233,0.01653190293546182
Ernesto Belloni,2020,1,0.04909053203365451,9.14470149979233,0.0053681940339735884
Ernesto Belloni,2020,2,0.11824639255542166,9.14470149979233,0.012930590742421385
Ernesto Belloni,2020,3,1.0,9.14470149979233,0.10935294060967538
Ernesto Belloni,2020,6,0.9533445278101623,9.14470149979233,0.1042510275301837
Ernesto Belloni,2020,7,0.26629106625723387,9.14470149979233,0.029119711153314427
Ernesto Belloni,2020,8,0.5603005280609593,9.14470149979233,0.061270510368619836
Ernesto Belloni,2020,10,0.5529019353963175,9.14470149979233,0.06046145250436808
Ernesto Belloni,2020,11,0.1329858246049468,9.14470149979233,0.014542390979953452
Ernesto Belloni,2020,14,0.1725104865002536,9.14470149979233,0.018864528984808438
Ernesto Belloni,2020,17,0.056542696492575206,9.14470149979233,0.006183110131463477
Ernesto Belloni,2020,18,0.056752383445208596,9.14470149979233,0.00620604001634142
Ernesto Belloni,2020,20,2.0326304147608827,9.14470149979233,0.22227411302676664
Ernesto Belloni,2020,21,0.3813638064889141,9.14470149979233,0.04170325368166196
Ernesto Belloni,2020,23,1.5014807620756476,9.14470149979233,0.1641913366018284
Ernesto Belloni,2020,24,0.15908082574181398,9.14470149979233,0.017395956089482703
Ernesto Belloni,2020,28,1.0,9.14470149979233,0.10935294060967538
"Esteban ""Ronco"" Retes",1984,1,0.09133390222629209,2.765713156453711,0.033023635156511834
"Esteban ""Ronco"" Retes",1984,2,0.0657428570281876,2.765713156453711,0.02377067082129561
"Esteban ""Ronco"" Retes",1984,3,0.1414920458029626,2.765713156453711,0.05115933497036561
"Esteban ""Ronco"" Retes",1984,4,0.11281678571177359,2.765713156453711,0.04079120983624744
"Esteban ""Ronco"" Retes",1984,9,0.2742449508405813,2.765713156453711,0.09915885535730222
"Esteban ""Ronco"" Retes",1984,10,0.060980884446531686,2.765713156453711,0.022048882511273654
"Esteban ""Ronco"" Retes",1984,12,0.019101730397382187,2.765713156453711,0.006906620215769251
"Esteban ""Ronco"" Retes",1984,19,1.0,2.765713156453711,0.36157039556561715
"Esteban ""Ronco"" Retes",1984,29,1.0,2.765713156453711,0.36157039556561715
Fabrizio Copano,2017,0,2.7996773345037353,12.930076361330599,0.21652442385232967
Fabrizio Copano,2017,3,1.0,12.930076361330599,0.07733906374989828
Fabrizio Copano,2017,4,0.31843413950735294,12.930076361330599,0.024627398215503173
Fabrizio Copano,2017,5,2.5906096367471445,12.930076361330599,0.20035532384748825
Fabrizio Copano,2017,6,0.1752897024172354,12.930076361330599,0.013556741469947267
Fabrizio Copano,2017,7,1.0,12.930076361330599,0.07733906374989828
Fabrizio Copano,2017,9,0.03271249794526394,12.930076361330599,0.002529953964007184
Fabrizio Copano,2017,10,0.16599728871037778,12.930076361330599,0.012838074893882178
Fabrizio Copano,2017,11,0.15857154460359357,12.930076361330599,0.012263774797017162
Fabrizio Copano,2017,12,0.035302970897473473,12.930076361330599,0.0027302987168005047
Fabrizio Copano,2017,15,1.3285464955069917,12.930076361330599,0.10274854211071918
Fabrizio Copano,2017,20,0.07795779105891387,12.930076361330599,0.00602918257250659
Fabrizio Copano,2017,21,0.03916489474085656,12.930076361330599,0.0030289762911211615
Fabrizio Copano,2017,22,0.10990287216906958,12.930076361330599,0.008499785236980594
Fabrizio Copano,2017,25,2.0,12.930076361330599,0.15467812749979656
Fabrizio Copano,2017,26,0.018060367283165093,12.930076361330599,0.0013967718966592824
Fabrizio Copano,2017,27,0.07984882523942416,12.930076361330599,0.006175433385546312
Fabrizio Copano,2017,28,1.0,12.930076361330599,0.07733906374989828
Fabrizio Copano,2023,0,1.4859360770066727,15.637705844728533,0.09502263898304376
Fabrizio Copano,2023,1,3.5093132219256216,15.637705844728533,0.2244135589178262
Fabrizio Copano,2023,2,0.32537930877107935,15.637705844728533,0.020807355759333755
Fabrizio Copano,2023,3,0.14580821450006398,15.637705844728533,0.009324143576291653
Fabrizio Copano,2023,4,2.8028268095932494,15.637705844728533,0.17923516642552026
Fabrizio Copano,2023,5,0.6398260433583176,15.637705844728533,0.04091559527409852
Fabrizio Copano,2023,6,0.33315937760523656,15.637705844728533,0.021304875594494222
Fabrizio Copano,2023,7,2.0,15.637705844728533,0.1278959982914757
Fabrizio Copano,2023,9,0.04936639392841074,15.637705844728533,0.0031568821167621683
Fabrizio Copano,2023,10,0.3392810578444605,15.637705844728533,0.021696344797202595
Fabrizio Copano,2023,11,0.21222573923405275,15.637705844728533,0.013571411391242788
Fabrizio Copano,2023,14,2.53928432593063,15.637705844728533,0.16238215190539743
Fabrizio Copano,2023,21,1.0334530904915058,15.637705844728533,0.06608725734791096
Fabrizio Copano,2023,22,0.14136592057399477,15.637705844728533,0.009040067768102263
Fabrizio Copano,2023,27,0.033564515874802095,15.637705844728533,0.0021463836324889488
Fabrizio Copano,2023,28,0.046915748090434764,15.637705844728533,0.0030001682188087746
Felipe Avello,2019,0,0.09071068230225535,9.329200283064658,0.009723307416491302
Felipe Avello,2019,1,0.43430089931674065,9.329200283064658,0.04655285406457927
Felipe Avello,2019,2,0.49024533289048783,9.329200283064658,0.05254955601933346
Felipe Avello,2019,3,0.13761277104778888,9.329200283064658,0.014750757500361311
Felipe Avello,2019,4,0.34780583928314723,9.329200283064658,0.03728142056447441
Felipe Avello,2019,5,0.12184968939236786,9.329200283064658,0.013061107672172306
Felipe Avello,2019,6,4.230550799189353,9.329200283064658,0.453474110408916
Felipe Avello,2019,7,0.1511045222907212,9.329200283064658,0.016196942685968694
Felipe Avello,2019,8,0.08899430718719151,9.329200283064658,0.009539328611986527
Felipe Avello,2019,9,0.04215407023555939,9.329200283064658,0.004518508441938145
Felipe Avello,2019,10,0.20100043904593287,9.329200283064658,0.02154530216387464
Felipe Avello,2019,11,0.13650471374846246,9.329200283064658,0.014631984479555028
Felipe Avello,2019,15,0.08677890320393902,9.329200283064658,0.00930185874146889
Felipe Avello,2019,16,0.20446812669140346,9.329200283064658,0.021917004725750762
Felipe Avello,2019,19,0.02641577999578925,9.329200283064658,0.002831516013622512
Felipe Avello,2019,20,0.041219508640944064,9.329200283064658,0.004418332481913807
Felipe Avello,2019,21,0.39443882334771885,9.329200283064658,0.04228002523043112
Felipe Avello,2019,24,1.1030450752548548,9.329200283064658,0.11823575888463
Felipe Avello,2019,28,1.0,9.329200283064658,0.10719032389253179
Felo,2005,1,2.3055153487267934,9.240235939055344,0.24950827705406978
Felo,2005,3,0.060930879792094945,9.240235939055344,0.00659408268294977
Felo,2005,4,0.267998266310939,9.240235939055344,0.029003400787441062
Felo,2005,6,0.9013998550354699,9.240235939055344,0.097551605930922
Felo,2005,7,1.0,9.240235939055344,0.10822234481841952
Felo,2005,8,1.0,9.240235939055344,0.10822234481841952
Felo,2005,10,0.17030359865266628,9.240235939055344,0.018430654777206578
Felo,2005,12,0.06509286086464125,9.240235939055344,0.007044502033710611
Felo,2005,13,0.04568887753180708,9.240235939055344,0.004944557458613766
Felo,2005,19,0.08764118893111035,9.240235939055344,0.009484734968798878
Felo,2005,21,1.2290664290108528,9.240235939055344,0.13301245088515606
Felo,2005,22,1.1065986341989689,9.240235939055344,0.1197586989658729
Felo,2005,25,1.0,9.240235939055344,0.10822234481841952
Fusión Humor,2020,0,1.7255037230100092,9.942412001586149,0.17354981092462607
Fusión Humor,2020,1,0.3805176690097286,9.942412001586149,0.03827216865978027
Fusión Humor,2020,2,1.5598245983154322,9.942412001586149,0.15688593452640945
Fusión Humor,2020,3,0.45214482679238355,9.942412001586149,0.045476372003116675
Fusión Humor,2020,4,0.04139630439488204,9.942412001586149,0.004163607823562124
Fusión Humor,2020,5,0.11717867010489985,9.942412001586149,0.011785738720765737
Fusión Humor,2020,6,0.3756503893686266,9.942412001586149,0.03778262149151511
Fusión Humor,2020,7,0.04162771053048822,9.942412001586149,0.004186882471159634
Fusión Humor,2020,10,0.510317836664138,9.942412001586149,0.05132736770340287
Fusión Humor,2020,11,0.145808829571041,9.942412001586149,0.014665337701533549
Fusión Humor,2020,12,1.322096320818332,9.942412001586149,0.13297541085678335
Fusión Humor,2020,13,0.09839976626376673,9.942412001586149,0.009896971303147432
Fusión Humor,2020,14,1.0,9.942412001586149,0.10057921557067503
Fusión Humor,2020,20,1.0,9.942412001586149,0.10057921557067503
Fusión Humor,2020,21,0.03183639648098102,9.942412001586149,0.0032020797846540705
Fusión Humor,2020,24,0.03049361971233244,9.942412001586149,0.0030670243505768703
Fusión Humor,2020,29,1.1096153405491072,9.942412001586149,0.11160424053761665
George Harris,2025,0,0.44381978388161863,10.311657638511493,0.043040585659483245
George Harris,2025,1,0.31712126886549613,10.311657638511493,0.030753665412738933
George Harris,2025,2,0.06170459026793047,10.311657638511493,0.005983964211290247
George Harris,2025,3,1.0757153302054254,10.311657638511493,0.10432031084778208
George Harris,2025,4,0.028959806209203364,10.311657638511493,0.0028084530367887355
George Harris,2025,6,0.35416048403249983,10.311657638511493,0.03434564028869597
George Harris,2025,8,0.9432853290117492,10.311657638511493,0.09147756472138986
George Harris,2025,9,0.0585635896645694,10.311657638511493,0.005679357453242907
George Harris,2025,10,0.03239538845572937,10.311657638511493,0.0031416276210277385
George Harris,2025,14,0.16159121315693312,10.311657638511493,0.015670731013550127
George Harris,2025,16,1.0698114116228568,10.311657638511493,0.10374776288415313
George Harris,2025,18,0.07435989415308612,10.311657638511493,0.0072112454427666695
George Harris,2025,22,0.3421564397260646,10.311657638511493,0.03318151666015315
George Harris,2025,23,0.11416077842463972,10.311657638511493,0.011071040411415272
George Harris,2025,25,0.0742810142799558,10.311657638511493,0.00720359586052727
George Harris,2025,26,5.094646266667429,10.311657638511493,0.494066661759617
George Harris,2025,27,0.06492504988630565,10.311657638511493,0.0062962767153776165
Gigi Martin,2014,0,0.20027336112672314,8.353204955943667,0.023975631171867746
Gigi Martin,2014,3,1.1325063129640933,8.353204955943667,0.13557746026071898
Gigi Martin,2014,5,0.1174605010148812,8.353204955943667,0.01406172859811167
Gigi Martin,2014,6,0.535143724710756,8.353204955943667,0.06406447914701029
Gigi Martin,2014,8,1.1039348040566597,8.353204955943667,0.13215703551858407
Gigi Martin,2014,9,0.04323172020647584,8.353204955943667,0.00517546503820843
Gigi Martin,2014,12,1.1231519627531181,8.353204955943667,0.1344576086276857
Gigi Martin,2014,14,0.1823524134415259,8.353204955943667,0.021830233353938508
Gigi Martin,2014,15,0.1511519129090132,8.353204955943667,0.018095080116699646
Gigi Martin,2014,16,0.15652492750660865,8.353204955943667,0.018738308030528377
Gigi Martin,2014,18,0.016472598002898856,8.353204955943667,0.0019720093173552374
Gigi Martin,2014,21,1.0,8.353204955943667,0.1197145293661754
Gigi Martin,2014,25,2.5485413035818416,8.353204955943667,0.3050974227285593
Gigi Martin,2014,26,0.042459413669071244,8.353204955943667,0.005083008724556619
Gilberto Gless,1997,1,0.9618696075769302,7.419596562094045,0.12963907127929608
Gilberto Gless,1997,3,0.025640659070277547,7.419596562094045,0.0034558023277536454
Gilberto Gless,1997,6,0.026620925272022145,7.419596562094045,0.003587920859204894
Gilberto Gless,1997,8,4.599214387750558,7.419596562094045,0.6198739175722128
Gilberto Gless,1997,13,0.5754172696214734,7.419596562094045,0.07755371397970895
Gilberto Gless,1997,17,0.04971551695194561,7.419596562094045,0.006700568762180017
Gilberto Gless,1997,21,1.0,7.419596562094045,0.13477821760672232
Gilberto Gless,1997,22,0.12447247076639217,7.419596562094045,0.016776177750999186
Gilberto Gless,1997,24,0.056645725084446714,7.419596562094045,0.007634609861922128
Gloria Benavides,1977,1,0.44909219127900657,3.694281762700225,0.12156414159128892
Gloria Benavides,1977,3,0.054270846059304156,3.694281762700225,0.014690499952455305
Gloria Benavides,1977,6,0.1752334915460173,3.694281762700225,0.0474337104752767
Gloria Benavides,1977,7,0.02681192187209802,3.694281762700225,0.00725768189714383
Gloria Benavides,1977,8,0.8463422437711171,3.694281762700225,0.22909520662888164
Gloria Benavides,1977,9,0.027061710009208078,3.694281762700225,0.007325296701090858
Gloria Benavides,1977,10,0.7019818262677594,3.694281762700225,0.19001848569197027
Gloria Benavides,1977,11,0.05696363547325518,3.694281762700225,0.015419407379370899
Gloria Benavides,1977,13,0.1809004422261809,3.694281762700225,0.048967689485048135
Gloria Benavides,1977,14,0.14329710428287334,3.694281762700225,0.038788894157909225
Gloria Benavides,1977,20,0.03232634991340453,3.694281762700225,0.008750374765615212
Gloria Benavides,1977,22,1.0,3.694281762700225,0.27068861127394894
Gloria Benavides,1995,0,0.0362338956827431,5.922756453330246,0.0061177419615776225
Gloria Benavides,1995,1,1.6705811293747543,5.922756453330246,0.28206142571258697
Gloria Benavides,1995,3,0.0977667607810421,5.922756453330246,0.016506969609744772
Gloria Benavides,1995,4,0.08921775727227269,5.922756453330246,0.01506355325856888
Gloria Benavides,1995,5,0.06705231112381739,5.922756453330246,0.011321132592935716
Gloria Benavides,1995,7,0.06786112384579115,5.922756453330246,0.011457692778779418
Gloria Benavides,1995,8,0.15542792884706305,5.922756453330246,0.02624249875405042
Gloria Benavides,1995,10,1.2399294007477548,5.922756453330246,0.2093500569402221
Gloria Benavides,1995,12,0.21593087836044694,5.922756453330246,0.036457835141783246
Gloria Benavides,1995,13,2.0282985319442894,5.922756453330246,0.34245854070258425
Gloria Benavides,1995,22,0.22286444170292904,5.922756453330246,0.03762850008421617
Gloria Benavides,1995,26,0.031592293647342035,5.922756453330246,0.005334052462950478
Gloria Benavides,1998,0,0.06232883473328727,10.024403079040553,0.006217710345627166
Gloria Benavides,1998,2,0.04518554931115064,10.024403079040553,0.0045075551087552035
Gloria Benavides,1998,3,0.36605867871970077,10.024403079040553,0.03651675574429681
Gloria Benavides,1998,6,1.0814180438256562,10.024403079040553,0.10787854751039799
Gloria Benavides,1998,7,1.0186570565737463,10.024403079040553,0.10161772711470447
Gloria Benavides,1998,8,1.5534138277555276,10.024403079040553,0.1549632247932519
Gloria Benavides,1998,10,0.4497712943785463,10.024403079040553,0.04486763858477989
Gloria Benavides,1998,13,2.0,10.024403079040553,0.1995131265403408
Gloria Benavides,1998,15,0.1162548234768453,10.024403079040553,0.011597181653630412
Gloria Benavides,1998,16,0.03901500606095585,10.024403079040553,0.003892002920605824
Gloria Benavides,1998,17,1.040201147152051,10.024403079040553,0.10376689154957741
Gloria Benavides,1998,19,1.1263643560528884,10.024403079040553,0.11236223714985472
Gloria Benavides,1998,21,1.0,10.024403079040553,0.0997565632701704
Gloria Benavides,1998,22,0.09350507378246316,10.024403079040553,0.009327744808862238
Gloria Benavides,1998,28,0.032229387217733836,10.024403079040553,0.0032150929051446868
Gloria Benavides,2002,3,0.4035143070414654,6.181733037791331,0.065275272253691
Gloria Benavides,2002,4,0.05714496272999991,6.181733037791331,0.00924416541132569
Gloria Benavides,2002,5,0.04296377004720805,6.181733037791331,0.006950117351324275
Gloria Benavides,2002,6,0.14611734791975572,6.181733037791331,0.023636955369389735
Gloria Benavides,2002,8,1.333630650102569,6.181733037791331,0.21573734128432392
Gloria Benavides,2002,10,1.290342617776087,6.181733037791331,0.20873476901828697
Gloria Benavides,2002,11,0.095913947144547,6.181733037791331,0.015515705152291089
Gloria Benavides,2002,13,1.1680118834845667,6.181733037791331,0.18894570120450965
Gloria Benavides,2002,14,0.08188637227248258,6.181733037791331,0.013246507374530642
Gloria Benavides,2002,17,1.284506580183801,6.181733037791331,0.20779069111058568
Gloria Benavides,2002,19,0.17208577602076847,6.181733037791331,0.027837788362703692
Gloria Benavides,2002,22,0.0748136186676669,6.181733037791331,0.01210236970931974
Gloria Benavides,2002,29,0.0308012044004138,6.181733037791331,0.004982616397717937
Hermógenes Conache,1991,1,0.02186827884503881,5.123735106201981,0.0042680346254763525
Hermógenes Conache,1991,3,0.3677444530031473,5.123735106201981,0.07177272934309468
Hermógenes Conache,1991,4,1.6529134244475774,5.123735106201981,0.32259931284246574
Hermógenes Conache,1991,6,0.05571949172131273,5.123735106201981,0.010874779934245146
Hermógenes Conache,1991,7,0.3054177856020678,5.123735106201981,0.0596084261327986
Hermógenes Conache,1991,9,1.008644957798175,5.123735106201981,0.1968573583316728
Hermógenes Conache,1991,10,0.10562405764935401,5.123735106201981,0.02061466009854847
Hermógenes Conache,1991,14,0.2526053092197541,5.123735106201981,0.04930100873364631
Hermógenes Conache,1991,18,0.034722726081536766,5.123735106201981,0.006776838646382585
Hermógenes Conache,1991,19,0.025784548428390775,5.123735106201981,0.0050323734334314215
Hermógenes Conache,1991,20,1.1007328260411136,5.123735106201981,0.21483015870760783
Hermógenes Conache,1991,21,0.12220505565563207,5.123735106201981,0.023850775483633024
Hermógenes Conache,1991,26,0.06975219170888085,5.123735106201981,0.013613543686996993
Hermógenes Conache,2013,0,0.1614714701834047,5.402357419438882,0.029889075758370683
Hermógenes Conache,2013,2,1.2818484502205023,5.402357419438882,0.23727575772904747
Hermógenes Conache,2013,3,0.05367108204451456,5.402357419438882,0.009934752160490916
Hermógenes Conache,2013,4,0.10733822968892114,5.402357419438882,0.01986877604630422
Hermógenes Conache,2013,5,0.03226045487762762,5.402357419438882,0.005971551375247282
Hermógenes Conache,2013,7,0.5103592489606437,5.402357419438882,0.09446973040403764
Hermógenes Conache,2013,9,0.10233412219622295,5.402357419438882,0.018942493850555325
Hermógenes Conache,2013,10,0.08735118088326851,5.402357419438882,0.016169085845553197
Hermógenes Conache,2013,11,0.10532638423257809,5.402357419438882,0.01949637464814719
Hermógenes Conache,2013,14,0.023547664100409503,5.402357419438882,0.004358775673686413
Hermógenes Conache,2013,15,0.0570853320468567,5.402357419438882,0.010566744777280191
Hermógenes Conache,2013,17,0.0948431254652498,5.402357419438882,0.017555877573739043
Hermógenes Conache,2013,18,0.022726377493316297,5.402357419438882,0.004206751928619484
Hermógenes Conache,2013,20,1.3872416904815146,5.402357419438882,0.2567845077206315
Hermógenes Conache,2013,23,0.029268587479940242,5.402357419438882,0.005417743626999828
Hermógenes Conache,2013,24,1.3456840190839114,5.402357419438882,0.2490920008812896
Huaso Filomeno,2015,0,0.11126270773413892,7.249973550796529,0.015346636364199546
Huaso Filomeno,2015,3,0.14839776464013638,7.249973550796529,0.02046873186507452
Huaso Filomeno,2015,4,0.9183907680620131,7.249973550796529,0.1266750508298217
Huaso Filomeno,2015,5,0.38070752091906573,7.249973550796529,0.05251157376667102
Huaso Filomeno,2015,6,0.3356233564897163,7.249973550796529,0.04629304564191721
Huaso Filomeno,2015,7,1.0,7.249973550796529,0.13793153767990415
Huaso Filomeno,2015,9,0.04398438216678143,7.249973550796529,0.006066833466164718
Huaso Filomeno,2015,10,0.02197185133852665,7.249973550796529,0.0030306112407972414
Huaso Filomeno,2015,14,0.2626213336363895,7.249973550796529,0.03622376437601434
Huaso Filomeno,2015,15,0.04672273859007719,7.249973550796529,0.006444539178345544
Huaso Filomeno,2015,16,0.21934232252275457,7.249973550796529,0.030254223823845013
Huaso Filomeno,2015,19,1.0,7.249973550796529,0.13793153767990415
Huaso Filomeno,2015,23,0.10246615215545085,7.249973550796529,0.014133313926944361
Huaso Filomeno,2015,24,1.0949450285588733,7.249973550796529,0.15102745146409197
Huaso Filomeno,2015,25,0.3882444146378155,7.249973550796529,0.053551149106628185
Huaso Filomeno,2015,26,0.13039156447133624,7.249973550796529,0.017985108988019766
Huaso Filomeno,2015,29,1.044901644873453,7.249973550796529,0.1441248906016565
Hugo Goodman,1974,1,0.19325006214999305,3.6829200628136585,0.05247196758388366
Hugo Goodman,1974,2,1.0,3.6829200628136585,0.27152367766462604
Hugo Goodman,1974,3,0.092054342257038,3.6829200628136585,0.02499493355462915
Hugo Goodman,1974,4,0.4141895945953712,3.6829200628136585,0.1124622819749557
Hugo Goodman,1974,5,0.08538167689092814,3.6829200628136585,0.02318314691459762
Hugo Goodman,1974,8,1.0,3.6829200628136585,0.27152367766462604
Hugo Goodman,1974,9,0.0956169757859455,3.6829200628136585,0.025962272912569417
Hugo Goodman,1974,11,0.12861368295326803,3.6829200628136585,0.03492166019346355
Hugo Goodman,1974,12,0.20281866928501638,3.6829200628136585,0.05507007098331317
Hugo Goodman,1974,13,0.04481572277522203,3.6829200628136585,0.012168529865126624
Hugo Goodman,1974,14,0.04604703384693651,3.6829200628136585,0.012502859975667713
Hugo Goodman,1974,16,0.02888050181103188,3.6829200628136585,0.007841740064531267
Hugo Goodman,1974,17,0.10567823172100556,3.6829200628136585,0.02869414212598197
Hugo Goodman,1974,20,0.12236525756687072,3.6829200628136585,0.03322506475293595
Hugo Goodman,1974,23,0.0880162327081818,3.6829200628136585,0.02389849119911107
Hugo Goodman,1974,25,0.035192078466849734,3.6829200628136585,0.009555482569981134
Hugo Varela,1989,1,1.0834678543475065,8.57919865986476,0.12629009972879984
Hugo Varela,1989,3,0.22143604968239758,8.57919865986476,0.02581080803249382
Hugo Varela,1989,4,0.02407182958189215,8.57919865986476,0.0028058365980619
Hugo Varela,1989,6,0.028599731899514636,8.57919865986476,0.0033336134333046756
Hugo Varela,1989,7,2.1180253593342133,8.57919865986476,0.24687916008318675
Hugo Varela,1989,8,0.04736060661216853,8.57919865986476,0.005520399805372394
Hugo Varela,1989,9,0.06042891821755809,8.57919865986476,0.007043655312501024
Hugo Varela,1989,10,0.10696860130284555,8.57919865986476,0.012468367448263726
Hugo Varela,1989,12,0.45867507163979426,8.57919865986476,0.0534636263623979
Hugo Varela,1989,13,2.1227618859213355,8.57919865986476,0.24743125437251481
Hugo Varela,1989,14,1.0698032148638505,8.57919865986476,0.12469733564611436
Hugo Varela,1989,19,0.4738711402526594,8.57919865986476,0.055234895360277085
Hugo Varela,1989,20,0.1126727884315595,8.57919865986476,0.013133253220800886
Hugo Varela,1989,22,0.4673557646913081,8.57919865986476,0.054475456650478746
Hugo Varela,1989,24,0.10501834640653708,8.57919865986476,0.012241043781610316
Hugo Varela,1989,25,0.05799147225328292,8.57919865986476,0.006759544166354236
Hugo Varela,1989,28,0.020690024426335586,8.57919865986476,0.0024116499974674486
Hugo Varela,2005,1,1.1035595797982818,9.48315255399289,0.11637053959799762
Hugo Varela,2005,3,0.15285832638162594,9.48315255399289,0.016118935713763754
Hugo Varela,2005,7,2.0,9.48315255399289,0.2109003296754831
Hugo Varela,2005,8,1.0334400429392678,9.48315255399289,0.1089764228778685
Hugo Varela,2005,12,1.0253952410300209,9.48315255399289,0.10812809719045144
Hugo Varela,2005,13,2.1064652388943794,9.48315255399289,0.22212710666638497
Hugo Varela,2005,16,1.0,9.48315255399289,0.10545016483774156
Hugo Varela,2005,22,1.061434124949313,9.48315255399289,0.11192840344030903
Jani Dueñas,2019,0,0.0714239773058871,9.033415830046405,0.007906641147673173
Jani Dueñas,2019,1,1.1832246731647331,9.033415830046405,0.13098308496207628
Jani Dueñas,2019,2,0.23304106420633647,9.033415830046405,0.025797668190056
Jani Dueñas,2019,4,0.2037222723277616,9.033415830046405,0.022552075113176216
Jani Dueñas,2019,6,0.07645174760521972,9.033415830046405,0.00846321580270118
Jani Dueñas,2019,7,1.0,9.033415830046405,0.11070009604493797
Jani Dueñas,2019,8,0.24827228171715313,9.033415830046405,0.027483765431384748
Jani Dueñas,2019,11,1.1619446827019513,9.033415830046405,0.12862738797401096
Jani Dueñas,2019,12,1.0,9.033415830046405,0.11070009604493797
Jani Dueñas,2019,14,0.15493258858186273,9.033415830046405,0.017151052436503063
Jani Dueñas,2019,15,2.219215067493345,9.033415830046405,0.24566732111588677
Jani Dueñas,2019,16,0.04852939169369718,9.033415830046405,0.005372208321494693
Jani Dueñas,2019,17,1.0,9.033415830046405,0.11070009604493797
Jani Dueñas,2019,27,0.4326580832484573,9.033415830046405,0.047895291370222984
Jappening con ja,1995,0,0.01900728839847097,7.291383427068833,0.002606815097380221
Jappening con ja,1995,1,0.22500066281329203,7.291383427068833,0.03085843243107889
Jappening con ja,1995,3,0.5864500561045574,7.291383427068833,0.08043056053360134
Jappening con ja,1995,4,0.031071859708586027,7.291383427068833,0.004261449150134331
Jappening con ja,1995,9,0.0452787283879931,7.291383427068833,0.0062098953978882085
Jappening con ja,1995,10,2.1505026685909074,7.291383427068833,0.2949375369024337
Jappening con ja,1995,13,3.1444300481020164,7.291383427068833,0.43125287259321793
Jappening con ja,1995,24,1.0,7.291383427068833,0.13714818456639635
Jappening con ja,1995,28,0.08964211496301015,7.291383427068833,0.012294253327869037
Javiera Contador,2020,0,0.14688976981604132,11.805128403007936,0.012442877773240818
Javiera Contador,2020,1,0.1195763649489324,11.805128403007936,0.010129187999214345
Javiera Contador,2020,2,1.2260284289994536,11.805128403007936,0.1038555776053281
Javiera Contador,2020,4,0.021695174310632774,11.805128403007936,0.0018377753777845283
Javiera Contador,2020,5,3.342623005832596,11.805128403007936,0.2831500761127595
Javiera Contador,2020,8,0.09112720542980264,11.805128403007936,0.007719289644201033
Javiera Contador,2020,9,0.15990459063471815,11.805128403007936,0.013545349544353503
Javiera Contador,2020,10,1.3020845591508288,11.805128403007936,0.11029821232770826
Javiera Contador,2020,11,2.9774847819126666,11.805128403007936,0.25221960153809136
Javiera Contador,2020,14,0.17541336181562128,11.805128403007936,0.014859081225319508
Javiera Contador,2020,15,0.15818732659229384,11.805128403007936,0.013399881915048704
Javiera Contador,2020,16,0.27162522095256136,11.805128403007936,0.02300908653254051
Javiera Contador,2020,17,1.4082821029995307,11.805128403007936,0.1192940944751352
Javiera Contador,2020,20,0.0220724534629604,11.805128403007936,0.0018697342976241038
Javiera Contador,2020,22,0.3595289357802553,11.805128403007936,0.030455317681139973
Javiera Contador,2020,25,0.022605120369041266,11.805128403007936,0.001914855950510585
Javiera Contador,2024,1,0.43617006095446686,9.809793189506578,0.04446271725901754
Javiera Contador,2024,2,0.1964735167167522,9.809793189506578,0.02002830364731008
Javiera Contador,2024,5,0.22550286394270203,9.809793189506578,0.022987524771054278
Javiera Contador,2024,8,0.04405169728802061,9.809793189506578,0.004490583688873502
Javiera Contador,2024,11,0.33515093385651873,9.809793189506578,0.034164933692488623
Javiera Contador,2024,12,0.17585677211523,9.809793189506578,0.017926654386897976
Javiera Contador,2024,17,1.3507021550643248,9.809793189506578,0.13768915704656803
Javiera Contador,2024,19,2.0,9.809793189506578,0.20387789644121923
Javiera Contador,2024,20,1.0,9.809793189506578,0.10193894822060962
Javiera Contador,2024,21,1.0995251049325077,9.809793189506578,0.11208443273897525
Javiera Contador,2024,25,1.8928471099565296,9.809793189506578,0.19295484353138923
Javiera Contador,2024,28,0.05351297467952591,9.809793189506578,0.005455056354986986
Javiera Contador,2024,29,1.0,9.809793189506578,0.10193894822060962
Jenny Cavallo,2018,0,0.10611426518024668,15.119464395874632,0.007018387847733555
Jenny Cavallo,2018,2,0.04861597177883411,15.119464395874632,0.0032154559517398678
Jenny Cavallo,2018,4,0.1115546742259873,15.119464395874632,0.007378216007203613
Jenny Cavallo,2018,5,0.10055625935598941,15.119464395874632,0.006650781848028052
Jenny Cavallo,2018,6,0.05203775140829853,15.119464395874632,0.0034417721452154816
Jenny Cavallo,2018,7,3.3308363373377947,15.119464395874632,0.22030121240581899
Jenny Cavallo,2018,8,0.026334841699186255,15.119464395874632,0.001741784034781798
Jenny Cavallo,2018,9,0.15934494466953747,15.119464395874632,0.010539060147726858
Jenny Cavallo,2018,11,1.5199298771479084,15.119464395874632,0.10052802383413949
Jenny Cavallo,2018,15,2.912787630270413,15.119464395874632,0.19265150894268263
Jenny Cavallo,2018,16,0.46789455045856976,15.119464395874632,0.03094650301145823
Jenny Cavallo,2018,17,2.813899031233482,15.119464395874632,0.18611102599648033
Jenny Cavallo,2018,19,0.37088382599599184,15.119464395874632,0.02453022251880748
Jenny Cavallo,2018,21,0.10921214331334016,15.119464395874632,0.007223281225698633
Jenny Cavallo,2018,23,2.569881458792054,15.119464395874632,0.16997172594905216
Jenny Cavallo,2018,24,0.2328332516134372,15.119464395874632,0.01539957008509945
Jenny Cavallo,2018,25,0.04119349872033506,15.119464395874632,0.002724534258738343
Jenny Cavallo,2018,27,0.14555408267322478,15.119464395874632,0.009626933789595048
"Jorge ""Chino"" Navarrete",1994,0,0.25794735085371434,7.221032266510129,0.03572167265475721
"Jorge ""Chino"" Navarrete",1994,1,0.03067111767030925,7.221032266510129,0.004247469965278575
"Jorge ""Chino"" Navarrete",1994,2,1.1319616476224905,7.221032266510129,0.1567589793044311
"Jorge ""Chino"" Navarrete",1994,3,0.3034455335262008,7.221032266510129,0.042022459161902316
"Jorge ""Chino"" Navarrete",1994,4,0.12969038834486313,7.221032266510129,0.017960089853959554
"Jorge ""Chino"" Navarrete",1994,7,0.3507945839144908,7.221032266510129,0.048579561891921474
"Jorge ""Chino"" Navarrete",1994,9,0.14388451578578615,7.221032266510129,0.01992575444553781
"Jorge ""Chino"" Navarrete",1994,10,0.04506641343117841,7.221032266510129,0.006240993222006288
"Jorge ""Chino"" Navarrete",1994,11,0.05385735069928345,7.221032266510129,0.007458400504463098
"Jorge ""Chino"" Navarrete",1994,12,1.0,7.221032266510129,0.13848435557306996
"Jorge ""Chino"" Navarrete",1994,15,0.11697985102990693,7.221032266510129,0.016199879284910387
"Jorge ""Chino"" Navarrete",1994,16,0.03543631019139002,7.221032266510129,0.0049073745807420585
"Jorge ""Chino"" Navarrete",1994,18,0.1206174262867239,7.221032266510129,0.01670362655019923
"Jorge ""Chino"" Navarrete",1994,19,1.1197333270369607,7.221032266510129,0.1550655482084031
"Jorge ""Chino"" Navarrete",1994,20,1.0,7.221032266510129,0.13848435557306996
"Jorge ""Chino"" Navarrete",1994,21,0.045458786976672425,7.221032266510129,0.006295330819597946
"Jorge ""Chino"" Navarrete",1994,22,0.28811209417170264,7.221032266510129,0.039899017694175885
"Jorge ""Chino"" Navarrete",1994,24,1.0,7.221032266510129,0.13848435557306996
"Jorge ""Chino"" Navarrete",1994,27,0.0473755689684551,7.221032266510129,0.006560775138504036
Jorge Alís,2014,0,0.20587110332381092,14.317572673196088,0.014378911008373787
Jorge Alís,2014,1,0.01807609092826992,14.317572673196088,0.0012625108557758641
Jorge Alís,2014,4,4.501990565788132,14.317572673196088,0.3144381152132235
Jorge Alís,2014,5,0.19087574880022978,14.317572673196088,0.01333157184929594
Jorge Alís,2014,6,1.5857376847893405,14.317572673196088,0.11075464542659513
Jorge Alís,2014,9,0.5422904266180546,14.317572673196088,0.037875863388022186
Jorge Alís,2014,11,0.21086016354944762,14.317572673196088,0.014727368134418392
Jorge Alís,2014,13,0.14568134082192774,14.317572673196088,0.01017500271499635
Jorge Alís,2014,14,0.4296447150063134,14.317572673196088,0.03000820912965581
Jorge Alís,2014,15,1.8780153439631928,14.317572673196088,0.13116855676793757
Jorge Alís,2014,16,0.09731134061216228,14.317572673196088,0.00679663675074887
Jorge Alís,2014,20,0.07191745237345527,14.317572673196088,0.0050230198941536965
Jorge Alís,2014,21,1.019247028514196,14.317572673196088,0.07118853535993061
Jorge Alís,2014,22,1.0506953029964645,14.317572673196088,0.0733850162299836
Jorge Alís,2014,23,2.199143799305292,14.317572673196088,0.1535975300773089
Jorge Alís,2014,25,0.07242881631846942,14.317572673196088,0.005058735720899349
Jorge Alís,2014,26,0.09778574948732811,14.317572673196088,0.006829771478680371
Jorge Alís,2019,0,0.15715539956804428,1.007380142845541,0.1560040672671275
Jorge Alís,2019,3,0.1993152723770153,1.007380142845541,0.19785507367061117
Jorge Alís,2019,5,0.2842584494910177,1.007380142845541,0.2821759506675151
Jorge Alís,2019,6,0.021151592501533447,1.007380142845541,0.020996634340822586
Jorge Alís,2019,11,0.09025530588418151,1.007380142845541,0.0895940887113755
Jorge Alís,2019,12,0.020170592720316027,1.007380142845541,0.02002282143793332
Jorge Alís,2019,15,0.052135518639811126,1.007380142845541,0.05175356990117378
Jorge Alís,2019,16,0.024570084292328733,1.007380142845541,0.02439008200313117
Jorge Alís,2019,18,0.09543361187507284,1.007380142845541,0.09473445804232557
Jorge Alís,2019,27,0.06293431549621988,1.007380142845541,0.0624732539579842
Jorge Pérez,1997,2,0.10034362156222408,0.8315278172036497,0.12067380006560731
Jorge Pérez,1997,3,0.1822323227570261,0.8315278172036497,0.21915360976119402
Jorge Pérez,1997,10,0.17915058918456717,0.8315278172036497,0.21544749974454716
Jorge Pérez,1997,18,0.24902106185807224,0.8315278172036497,0.29947412065600737
Jorge Pérez,1997,19,0.07855551739018603,0.8315278172036497,0.09447130422450675
Jorge Pérez,1997,27,0.04222470445157406,0.8315278172036497,0.0507796655481374
Jorge Romero,1979,1,1.2634335454866585,2.326148758920313,0.5431439157283664
Jorge Romero,1979,4,0.04831879174342334,2.326148758920313,0.020772012777828794
Jorge Romero,1979,5,0.12193586861949746,2.326148758920313,0.05241963488014165
Jorge Romero,1979,10,0.06308401338196264,2.326148758920313,0.02711950950688262
Jorge Romero,1979,19,0.6240863981390035,2.326148758920313,0.2682916970575323
Jorge Romero,1979,21,0.1695898208598223,2.326148758920313,0.07290583639996343
Jorge Romero,1979,26,0.03570032068994528,2.326148758920313,0.015347393649284778
"Juan Luis ""Jajá"" Calderón",2017,0,1.527036825782164,15.354220974670671,0.09945387840264017
"Juan Luis ""Jajá"" Calderón",2017,3,1.0,15.354220974670671,0.06512867058834607
"Juan Luis ""Jajá"" Calderón",2017,4,1.8038257095460573,15.354220974670671,0.11748077043581477
"Juan Luis ""Jajá"" Calderón",2017,5,3.793223724523132,15.354220974670671,0.24704761842236622
"Juan Luis ""Jajá"" Calderón",2017,6,0.2790852945089761,15.354220974670671,0.018176454212126655
"Juan Luis ""Jajá"" Calderón",2017,7,1.0816488632170635,15.354220974670671,0.07044635250472313
"Juan Luis ""Jajá"" Calderón",2017,9,0.47076696813944496,15.354220974670671,0.03066042679182832
"Juan Luis ""Jajá"" Calderón",2017,11,0.20080079918191665,15.354220974670671,0.01307788910379568
"Juan Luis ""Jajá"" Calderón",2017,14,0.19783278977191568,15.354220974670671,0.012884586596628615
"Juan Luis ""Jajá"" Calderón",2017,18,4.0,15.354220974670671,0.26051468235338426
"Juan Luis ""Jajá"" Calderón",2017,22,1.0,15.354220974670671,0.06512867058834607
Juan Pablo López,2017,0,1.531929927569003,13.688906032793186,0.11191032533199563
Juan Pablo López,2017,2,1.0,13.688906032793186,0.07305185656212387
Juan Pablo López,2017,3,0.09729501918361338,13.688906032793186,0.007107581785610415
Juan Pablo López,2017,4,0.13742752086550528,13.688906032793186,0.010039335541955177
Juan Pablo López,2017,5,0.7684953850333577,13.688906032793186,0.056140014636111006
Juan Pablo López,2017,6,1.4968754082940952,13.688906032793186,0.10934952761807085
Juan Pablo López,2017,7,1.7522467380787947,13.688906032793186,0.12800487737158156
Juan Pablo López,2017,8,0.03386311012412392,13.688906032793186,0.0024737630635349056
Juan Pablo López,2017,9,0.7290994070180872,13.688906032793186,0.05326206530101488
Juan Pablo López,2017,10,0.27924157273000133,13.688906032793186,0.020399115317253937
Juan Pablo López,2017,12,0.22688226445293494,13.688906032793186,0.01657417063930566
Juan Pablo López,2017,15,1.0710625190220888,13.688906032793186,0.07824310550866871
Juan Pablo López,2017,16,0.3111663112469608,13.688906032793186,0.022731276736178176
Juan Pablo López,2017,18,0.041501061295816766,13.688906032793186,0.003031729576957917
Juan Pablo López,2017,22,2.017915122606529,13.688906032793186,0.14741244609119275
Juan Pablo López,2017,23,1.0246287358608026,13.688906032793186,0.07485103144153367
Juan Pablo López,2017,24,1.1027988621713969,13.688906032793186,0.0805615042962183
Juan Pablo López,2017,26,0.03824968569634992,13.688906032793186,0.002794210553036076
Juan Pablo López,2017,29,0.028227381543724523,13.688906032793186,0.0020620626276565066
Juan Pablo López,2025,0,0.5694669345117394,17.716147797473415,0.03214394805359175
Juan Pablo López,2025,1,0.021171321938651833,17.716147797473415,0.0011950296520822194
Juan Pablo López,2025,2,0.5216532362801349,17.716147797473415,0.029445071368987472
Juan Pablo López,2025,3,0.25083668312196616,17.716147797473415,0.014158647014546763
Juan Pablo López,2025,4,1.3610213767258377,17.716147797473415,0.07682377638099969
Juan Pablo López,2025,5,4.388744393957472,17.716147797473415,0.24772565933229412
Juan Pablo López,2025,6,0.712743026029834,17.716147797473415,0.04023126439098017
Juan Pablo López,2025,7,0.7029712353680873,17.716147797473415,0.03967968902744994
Juan Pablo López,2025,9,3.5987145379169565,17.716147797473415,0.20313188730736298
Juan Pablo López,2025,11,0.026092951826556566,17.716147797473415,0.0014728343951994917
Juan Pablo López,2025,12,0.03756671511527508,17.716147797473415,0.002120478760096631
Juan Pablo López,2025,15,0.11802661084724453,17.716147797473415,0.006662092244685206
Juan Pablo López,2025,16,0.07523504391203044,17.716147797473415,0.004246693173487753
Juan Pablo López,2025,18,1.0242113549702652,17.716147797473415,0.05781230585106842
Juan Pablo López,2025,20,2.025393863193572,17.716147797473415,0.1143247328001194
Juan Pablo López,2025,22,1.125627622576427,17.716147797473415,0.06353681598529891
Juan Pablo López,2025,25,0.08789107731161418,17.716147797473415,0.004961071578108461
Juan Pablo López,2025,26,1.0687798118697487,17.716147797473415,0.060328002683640546
Julio Sabala,1994,1,0.6597318532896969,4.04655364434347,0.16303548927663716
Julio Sabala,1994,3,0.1417322197697705,4.04655364434347,0.03502541476693205
Julio Sabala,1994,8,1.0682765680890274,4.04655364434347,0.26399664059373884
Julio Sabala,1994,17,1.157248623563138,4.04655364434347,0.2859837593357532
Julio Sabala,1994,21,0.01956437963183755,4.04655364434347,0.004834825224468699
Julio Sabala,1994,25,1.0,4.04655364434347,0.24712387080247003
Julio Sabala,2006,0,0.3591302528606853,6.475382604889231,0.05546085455854367
Julio Sabala,2006,1,2.185525101865122,6.475382604889231,0.3375128907772868
Julio Sabala,2006,2,0.2773657184348012,6.475382604889231,0.04283387335682319
Julio Sabala,2006,3,0.21280274402226423,6.475382604889231,0.03286334677144602
Julio Sabala,2006,4,0.0799366298782529,6.475382604889231,0.012344696021189053
Julio Sabala,2006,7,0.019655355779912478,6.475382604889231,0.003035396821968747
Julio Sabala,2006,8,2.1118049127290415,6.475382604889231,0.3261282060977409
Julio Sabala,2006,13,0.08574589488752993,6.475382604889231,0.013241826795344507
Julio Sabala,2006,17,0.03040187207919513,6.475382604889231,0.004694992394154475
Julio Sabala,2006,20,0.07718612293077193,6.475382604889231,0.011919932402525934
Julio Sabala,2006,24,0.03582799942165489,6.475382604889231,0.005532954824106146
Julio Sabala,2006,25,1.0,6.475382604889231,0.1544310291788706
León Murillo,2015,0,1.7187951493437315,12.86307267441279,0.13362243943181298
León Murillo,2015,2,0.04398703577547207,12.86307267441279,0.003419636729797153
León Murillo,2015,3,1.4761017664330507,12.86307267441279,0.11475498924680032
León Murillo,2015,6,0.4921952405084623,12.86307267441279,0.038264204282040366
León Murillo,2015,9,0.03503856138520783,12.86307267441279,0.0027239651265367174
León Murillo,2015,11,0.12320529485333774,12.86307267441279,0.009578216493981067
León Murillo,2015,12,0.05952855545553077,12.86307267441279,0.004627864349545728
León Murillo,2015,15,2.3044902590596195,12.86307267441279,0.17915550330705268
León Murillo,2015,18,3.0,12.86307267441279,0.23322576774113987
León Murillo,2015,19,0.5215590740926642,12.86307267441279,0.040547005159206555
León Murillo,2015,20,1.0623995938982518,12.86307267441279,0.08259298697826499
León Murillo,2015,23,2.0,12.86307267441279,0.15548384516075991
León Murillo,2015,25,0.02577214360746133,12.86307267441279,0.002003575993061693
Los Acetatos,1973,1,0.7286649435655245,4.726131414550497,0.15417788454255835
Los Acetatos,1973,3,0.6227983322862335,4.726131414550497,0.13177761633305493
Los Acetatos,1973,8,1.3244823969046342,4.726131414550497,0.28024662895045754
Los Acetatos,1973,10,0.21483724597596462,4.726131414550497,0.04545731532444022
Los Acetatos,1973,12,1.2817654501034597,4.726131414550497,0.2712081695733737
Los Acetatos,1973,13,0.023207636367839884,4.726131414550497,0.004910493241129472
Los Acetatos,1973,19,0.17998438620735946,4.726131414550497,0.03808281455171466
Los Acetatos,1973,24,0.12684426449481168,4.726131414550497,0.026838920328006974
Los Acetatos,1973,25,0.06488421382386195,4.726131414550497,0.013728821340875283
Los Acetatos,1973,27,0.0845369900014196,4.726131414550497,0.017887143328506015
Los Acetatos,1973,29,0.07412555481938798,4.726131414550497,0.015684192485882893
Los Atletas de la Risa,2013,0,0.07120622219460557,6.6997525892095275,0.010628186824284933
Los Atletas de la Risa,2013,2,0.023390233006233052,6.6997525892095275,0.0034912084729673215
Los Atletas de la Risa,2013,5,0.4388031138243816,6.6997525892095275,0.06549542061166679
Los Atletas de la Risa,2013,7,1.025545236307569,6.6997525892095275,0.15307210567137797
Los Atletas de la Risa,2013,9,0.07324691668407689,6.6997525892095275,0.010932779339053018
Los Atletas de la Risa,2013,10,0.18861373562132916,6.6997525892095275,0.028152343405203686
Los Atletas de la Risa,2013,12,0.10760552550448554,6.6997525892095275,0.016061119283388554
Los Atletas de la Risa,2013,14,0.7701078947052177,6.6997525892095275,0.1149457214204501
Los Atletas de la Risa,2013,18,1.0,6.6997525892095275,0.1492592430369112
Los Atletas de la Risa,2013,20,0.22388367434406561,6.6997525892095275,0.03341670776091757
Los Atletas de la Risa,2013,21,0.05726635296833385,6.6997525892095275,0.008547532495538083
Los Atletas de la Risa,2013,24,0.03650615965780221,6.6997525892095275,0.005448881756708184
Los Atletas de la Risa,2013,26,2.683577524391427,6.6997525892095275,0.4005487499215325
Los Indolatinos,1996,0,0.0670585309443177,2.9287997033130493,0.022896250251753746
Los Indolatinos,1996,2,0.039745100649220225,2.9287997033130493,0.013570440001158389
Los Indolatinos,1996,3,0.20708650005449503,2.9287997033130493,0.07070695200502766
Los Indolatinos,1996,5,0.31784250419318727,2.9287997033130493,0.10852312769413518
Los Indolatinos,1996,7,0.5452829968980788,2.9287997033130493,0.18617968182708305
Los Indolatinos,1996,9,0.07114902457066585,2.9287997033130493,0.024292895307993338
Los Indolatinos,1996,10,0.07133488057744987,2.9287997033130493,0.02435635338830309
Los Indolatinos,1996,12,0.2999617992005774,2.9287997033130493,0.10241799699080191
Los Indolatinos,1996,13,0.06237639329182854,2.9287997033130493,0.02129759615219455
Los Indolatinos,1996,21,0.029389155410908065,2.9287997033130493,0.010034539192851986
Los Indolatinos,1996,22,0.21757281752232083,2.9287997033130493,0.07428736669025304
Los Indolatinos,1996,27,1.0,2.9287997033130493,0.34143680049844416
Los Indolatinos,1999,0,0.061403373660546545,5.7061129515844735,0.010760981105972685
Los Indolatinos,1999,2,0.02280993011614384,5.7061129515844735,0.003997455064363908
Los Indolatinos,1999,3,0.23260266334770335,5.7061129515844735,0.04076376779101687
Los Indolatinos,1999,4,0.056971995153467514,5.7061129515844735,0.009984379145114457
Los Indolatinos,1999,6,0.20134241266689024,5.7061129515844735,0.03528538856052288
Los Indolatinos,1999,7,0.06816641075203175,5.7061129515844735,0.01194620774779849
Los Indolatinos,1999,8,1.0,5.7061129515844735,0.17525064934480836
Los Indolatinos,1999,9,0.3766649874026859,5.7061129515844735,0.06601078362777477
Los Indolatinos,1999,13,2.0,5.7061129515844735,0.3505012986896167
Los Indolatinos,1999,16,1.0,5.7061129515844735,0.17525064934480836
Los Indolatinos,1999,18,0.35639366973002684,5.7061129515844735,0.062458222042566375
Los Indolatinos,1999,20,0.029324737128485066,5.7061129515844735,0.005139179223632819
Los Indolatinos,1999,22,0.24227661749796475,5.7061129515844735,0.04245913453758208
Los Indolatinos,1999,23,0.0222694502815748,5.7061129515844735,0.0039027356223979093
Los Indolatinos,1999,24,0.035886703846952694,5.7061129515844735,0.006289168152023292
Los Indolatinos,2004,1,0.6917023107100536,10.184556972971873,0.06791677954629907
Los Indolatinos,2004,2,1.0,10.184556972971873,0.0981878743134173
Los Indolatinos,2004,3,0.8865975666996528,10.184556972971873,0.08705313044568713
Los Indolatinos,2004,4,0.03123334980527828,10.184556972971873,0.0030667362250676603
Los Indolatinos,2004,6,0.05934394165184949,10.184556972971873,0.005826855484174567
Los Indolatinos,2004,7,0.4998785607157589,10.184556972971873,0.04908201329153088
Los Indolatinos,2004,8,0.0369846494354982,10.184556972971873,0.0036314441102984975
Los Indolatinos,2004,9,1.0422989758585082,10.184556972971873,0.10234112083859878
Los Indolatinos,2004,10,1.2257540281082397,10.184556972971873,0.12035418245105682
Los Indolatinos,2004,12,0.08756908659410817,10.184556972971873,0.00859822246824305
Los Indolatinos,2004,14,0.2231321262192057,10.184556972971873,0.021908869164496934
Los Indolatinos,2004,18,1.0,10.184556972971873,0.0981878743134173
Los Indolatinos,2004,19,0.12421586647953432,10.184556972971873,0.012196491885624742
Los Indolatinos,2004,20,1.2573327286018992,10.184556972971873,0.1234548279261093
Los Indolatinos,2004,21,0.018513782092286015,10.184556972971873,0.0018178289091433752
Los Indolatinos,2004,24,1.0,10.184556972971873,0.0981878743134173
Los Indolatinos,2004,27,1.0,10.184556972971873,0.0981878743134173
Los Locos del Humor,2014,0,0.18217401122148047,9.170250427710755,0.01986576186305504
Los Locos del Humor,2014,1,0.4552220835547698,9.170250427710755,0.04964118342713685
Los Locos del Humor,2014,2,0.07130292309141481,9.170250427710755,0.0077754608397553595
Los Locos del Humor,2014,3,1.057564262722244,9.170250427710755,0.11532555965172833
Los Locos del Humor,2014,4,0.34588659445645475,9.170250427710755,0.03771833683093879
Los Locos del Humor,2014,5,0.2697267432924221,9.170250427710755,0.029413236358012546
Los Locos del Humor,2014,6,0.34587386852577895,9.170250427710755,0.037716949090137585
Los Locos del Humor,2014,7,1.2226751684789248,9.170250427710755,0.13333061927995254
Los Locos del Humor,2014,12,0.21522026123914578,9.170250427710755,0.02346939845707932
Los Locos del Humor,2014,13,0.1729923766591046,9.170250427710755,0.018864520442795598
Los Locos del Humor,2014,14,0.3324943768621609,9.170250427710755,0.036257938589924
Los Locos del Humor,2014,16,1.1214113843993074,9.170250427710755,0.12228797820074959
Los Locos del Humor,2014,18,1.2166190118586622,9.170250427710755,0.13267020584108266
Los Locos del Humor,2014,20,1.1090330779211182,9.170250427710755,0.12093814521900415
Los Locos del Humor,2014,23,0.01938885055059822,9.170250427710755,0.0021143207269464304
Los Locos del Humor,2014,29,1.0326654328771674,9.170250427710755,0.1126103851817011
Los Locos del Humor,2016,0,0.3503274452423636,13.287384869330626,0.026365417174825306
Los Locos del Humor,2016,2,0.09616276550311541,13.287384869330626,0.0072371475989285285
Los Locos del Humor,2016,3,1.1263279434328362,13.287384869330626,0.08476671327798882
Los Locos del Humor,2016,4,0.389174839931848,13.287384869330626,0.02928904699901669
Los Locos del Humor,2016,5,0.07408278235603567,13.287384869330626,0.005575422333632435
Los Locos del Humor,2016,6,0.15878570554914906,13.287384869330626,0.011950109604761387
Los Locos del Humor,2016,7,2.2619434663691322,13.287384869330626,0.17023240378850268
Los Locos del Humor,2016,9,1.1245768423451783,13.287384869330626,0.08463492654155585
Los Locos del Humor,2016,10,1.0,13.287384869330626,0.07525935387844129
Los Locos del Humor,2016,13,0.14795427150948123,13.287384869330626,0.011134942877359033
Los Locos del Humor,2016,14,0.07439816416384729,13.287384869330626,0.005599157764713352
Los Locos del Humor,2016,15,0.0965041905175294,13.287384869330626,0.007262843024911263
Los Locos del Humor,2016,16,2.1354143494106568,13.287384869330626,0.1607099041993981
Los Locos del Humor,2016,18,0.07327243459524112,13.287384869330626,0.005514436084738196
Los Locos del Humor,2016,19,1.0,13.287384869330626,0.07525935387844129
Los Locos del Humor,2016,20,0.09482917603060509,13.287384869330626,0.007136782516888311
Los Locos del Humor,2016,23,0.08363049237360672,13.287384869330626,0.006293976820573553
Los Locos del Humor,2016,29,3.0,13.287384869330626,0.22577806163532388
Los Muleros,1976,3,0.45234842853766033,0.8343038772504584,0.5421866550931359
Los Muleros,1976,6,0.1658316937710265,0.8343038772504584,0.19876653853934295
Los Muleros,1976,12,0.16522968660607587,0.8343038772504584,0.1980449703177801
Los Muleros,1976,19,0.050894068335695736,0.8343038772504584,0.06100183604974104
Lucho Miranda,2024,2,3.8251696312862724,12.7336833799943,0.3003977338792591
Lucho Miranda,2024,3,0.6203017628717923,12.7336833799943,0.048713458970272426
Lucho Miranda,2024,5,2.719150703862877,12.7336833799943,0.21353999645812569
Lucho Miranda,2024,6,0.6850046038763963,12.7336833799943,0.05379469423219654
Lucho Miranda,2024,7,1.0,12.7336833799943,0.07853187252724417
Lucho Miranda,2024,10,0.18783611069520992,12.7336833799943,0.01475112150112955
Lucho Miranda,2024,11,0.039522890933439234,12.7336833799943,0.003103806632693024
Lucho Miranda,2024,19,2.0,12.7336833799943,0.15706374505448834
Lucho Miranda,2024,20,1.028382367574001,12.7336833799943,0.080760792999587
Lucho Miranda,2024,21,0.18549701496117904,12.7336833799943,0.014567427933115617
Lucho Miranda,2024,22,0.12666627436828454,12.7336833799943,0.009947339712191056
Lucho Miranda,2024,24,0.3161520195648495,12.7336833799943,0.024828010099697564
Lucho Navarro,1992,1,0.5280680899468355,2.041386458271624,0.2586810977446837
Lucho Navarro,1992,3,0.42328716656738197,2.041386458271624,0.20735278460001422
Lucho Navarro,1992,5,0.05458751538204964,2.041386458271624,0.026740412213896593
Lucho Navarro,1992,6,0.08245617958362311,2.041386458271624,0.040392243834827875
Lucho Navarro,1992,10,0.28754918756270764,2.041386458271624,0.1408597506844276
Lucho Navarro,1992,11,0.1597111061331395,2.041386458271624,0.07823658547650097
Lucho Navarro,1992,15,0.07404027315607836,2.041386458271624,0.03626960140549079
Lucho Navarro,1992,20,0.06614378393246204,2.041386458271624,0.03240140232362659
Lucho Navarro,1992,21,0.01719854971491705,2.041386458271624,0.00842493573190375
Lucho Navarro,1992,23,0.3483446062924289,2.041386458271624,0.17064118598462785
Luis Slimming,2024,0,1.1323745175309838,9.791534884637928,0.11564831570049161
Luis Slimming,2024,2,0.45107431445207824,9.791534884637928,0.046067784036573765
Luis Slimming,2024,3,1.3678662077841959,9.791534884637928,0.1396988545616336
Luis Slimming,2024,4,0.27830975334482233,9.791534884637928,0.02842350628617647
Luis Slimming,2024,5,1.6107685582505713,9.791534884637928,0.16450623699229505
Luis Slimming,2024,6,0.17490024070587024,9.791534884637928,0.01786239264492369
Luis Slimming,2024,7,1.1223500140627738,9.791534884637928,0.11462452284407872
Luis Slimming,2024,11,0.3093950413648056,9.791534884637928,0.03159821672598233
Luis Slimming,2024,15,0.026448455711630573,9.791534884637928,0.0027011552349290933
Luis Slimming,2024,16,0.055260963626524655,9.791534884637928,0.0056437488379093995
Luis Slimming,2024,18,0.14210808579825912,9.791534884637928,0.014513361538568834
Luis Slimming,2024,19,1.0,9.791534884637928,0.10212903408728223
Luis Slimming,2024,20,0.055599666852265944,9.791534884637928,0.005678340271196605
Luis Slimming,2024,24,2.0650790651531468,9.791534884637928,0.21090453023795866
Manpoval,2009,2,1.0,2.149427340851333,0.46524019723501125
Manpoval,2009,11,0.07810130164695894,2.149427340851333,0.036335864982542286
Manpoval,2009,20,1.0713260392043744,2.149427340851333,0.49842393778244654
Mauricio Palma,2019,0,0.4240252516613035,16.246288669490973,0.026099822567943392
Mauricio Palma,2019,1,0.6507926778055813,16.246288669490973,0.04005792898581875
Mauricio Palma,2019,2,0.258372219183962,16.246288669490973,0.015903461057488234
Mauricio Palma,2019,3,0.14883965933772814,16.246288669490973,0.009161456032554392
Mauricio Palma,2019,4,1.9024980513180099,16.246288669490973,0.11710354838706795
Mauricio Palma,2019,5,0.5459466478056277,16.246288669490973,0.03360439168059749
Mauricio Palma,2019,6,0.6282773478574841,16.246288669490973,0.03867205370032178
Mauricio Palma,2019,7,1.0893517446189644,16.246288669490973,0.06705234449420232
Mauricio Palma,2019,9,1.0,16.246288669490973,0.061552519491907556
Mauricio Palma,2019,13,0.1464587479475109,16.246288669490973,0.00901490493779954
Mauricio Palma,2019,14,1.0,16.246288669490973,0.061552519491907556
Mauricio Palma,2019,15,2.0,16.246288669490973,0.12310503898381511
Mauricio Palma,2019,18,0.03414705887383846,16.246288669490973,0.002101837506923257
Mauricio Palma,2019,20,0.04631158678838005,16.246288669490973,0.0028505948484929314
Mauricio Palma,2019,22,1.0553886607258938,16.246288669490973,0.06496183111086878
Mauricio Palma,2019,24,0.20190876578491349,16.246288669490973,0.012427993241562884
Mauricio Palma,2019,25,0.06937732651757789,16.246288669490973,0.004270349242769648
Mauricio Palma,2019,29,5.044592923264197,16.246288669490973,0.3105074042379584
Melón y Melame,1998,0,0.029072733801505136,3.596126993415515,0.008084456932343357
Melón y Melame,1998,2,0.22719335761837842,3.596126993415515,0.06317723429522037
Melón y Melame,1998,3,0.5577027999057796,3.596126993415515,0.15508428955009926
Melón y Melame,1998,4,0.12228632320473443,3.596126993415515,0.034005006894539565
Melón y Melame,1998,5,0.21433044487036748,3.596126993415515,0.05960035484364293
Melón y Melame,1998,6,0.1468848052087838,3.596126993415515,0.0408452775660395
Melón y Melame,1998,9,0.04502913436433792,3.596126993415515,0.012521564017840851
Melón y Melame,1998,10,0.034543821811098024,3.596126993415515,0.009605840359461035
Melón y Melame,1998,11,0.19620210078304892,3.596126993415515,0.05455928034307289
Melón y Melame,1998,12,0.31708676038313394,3.596126993415515,0.08817451690769477
Melón y Melame,1998,14,0.11467622745686211,3.596126993415515,0.03188881473508403
Melón y Melame,1998,19,0.02981841658440483,3.596126993415515,0.008291814120858956
Melón y Melame,1998,20,0.04561223788899972,3.596126993415515,0.012683711663274247
Melón y Melame,1998,21,0.045284799072794174,3.596126993415515,0.01259265847833248
Melón y Melame,1998,25,1.231288939981982,3.596126993415515,0.34239306404820075
Melón y Melame,1998,27,0.07631461851034102,3.596126993415515,0.021221335801008302
Melón y Melame,1998,28,0.1627994719689637,3.596126993415515,0.04527077944328675
Melón y Melame,1999,0,0.08041090738307853,3.9613770249335496,0.020298726144206733
Melón y Melame,1999,1,0.12647411659612848,3.9613770249335496,0.031926806209073226
Melón y Melame,1999,2,0.05931749384792326,3.9613770249335496,0.014973958165195924
Melón y Melame,1999,3,0.23313495405991239,3.9613770249335496,0.058851998331015495
Melón y Melame,1999,4,0.07058256666601523,3.9613770249335496,0.017817684664134997
Melón y Melame,1999,5,0.08628441562489042,3.9613770249335496,0.02178141971385261
Melón y Melame,1999,7,0.1534173170324977,3.9613770249335496,0.03872827960248777
Melón y Melame,1999,8,0.03914853185517128,3.9613770249335496,0.009882556396112784
Melón y Melame,1999,9,0.04407229764194475,3.9613770249335496,0.011125499381792381
Melón y Melame,1999,10,1.2623850432070265,3.9613770249335496,0.31867328842000403
Melón y Melame,1999,11,0.15114140992195033,3.9613770249335496,0.038153755366036046
Melón y Melame,1999,12,0.24979320437091757,3.9613770249335496,0.06305716491984444
Melón y Melame,1999,13,0.06809224417836093,3.9613770249335496,0.017189033952026606
Melón y Melame,1999,15,0.03610351336823139,3.9613770249335496,0.009113879628470104
Melón y Melame,1999,16,0.13298591465994775,3.9613770249335496,0.03357062804749784
Melón y Melame,1999,20,0.03304161801418105,3.9613770249335496,0.008340942507166509
Melón y Melame,1999,22,0.03376368349652241,3.9613770249335496,0.008523218891816736
Melón y Melame,1999,23,0.04047722166635192,3.9613770249335496,0.010217967492511245
Melón y Melame,1999,27,0.06075057134249757,3.9613770249335496,0.015335720624450442
Melón y Melame,1999,29,1.0,3.9613770249335496,0.25243747154230406
Memo Bunke,2000,1,0.21886863332885234,9.963322918800145,0.021967433466987346
Memo Bunke,2000,2,0.06557304484948578,9.963322918800145,0.006581443297973781
Memo Bunke,2000,3,0.4679706763425208,9.963322918800145,0.04696933745462475
Memo Bunke,2000,6,0.3111322286374535,9.963322918800145,0.0312277571622583
Memo Bunke,2000,9,1.3491658850418327,9.963322918800145,0.13541324476154878
Memo Bunke,2000,11,0.029324896320101358,9.963322918800145,0.0029432847413554345
Memo Bunke,2000,12,0.07715388671430676,9.963322918800145,0.00774379063522295
Memo Bunke,2000,13,3.0356352152856316,9.963322918800145,0.30468100251549457
Memo Bunke,2000,23,0.032223685649980904,9.963322918800145,0.0032342307794899325
Memo Bunke,2000,24,1.37627476662998,9.963322918800145,0.1381341122682111
Memo Bunke,2000,25,2.0,9.963322918800145,0.20073624194455542
Memo Bunke,2000,27,1.0,9.963322918800145,0.10036812097227771
Memo Bunke y Natalia Cuevas,2001,1,1.7599863002011842,9.451926379487544,0.18620397890748336
Memo Bunke y Natalia Cuevas,2001,2,0.06844129798721227,9.451926379487544,0.0072409893221071575
Memo Bunke y Natalia Cuevas,2001,3,0.40288967729231406,9.451926379487544,0.04262513916387038
Memo Bunke y Natalia Cuevas,2001,6,0.3418774561086945,9.451926379487544,0.03617013531237747
Memo Bunke y Natalia Cuevas,2001,7,0.6185173605323397,9.451926379487544,0.06543823298017203
Memo Bunke y Natalia Cuevas,2001,8,0.18790939174759702,9.451926379487544,0.01988053907776892
Memo Bunke y Natalia Cuevas,2001,10,0.025970209117741398,9.451926379487544,0.002747610177550857
Memo Bunke y Natalia Cuevas,2001,13,1.4433793381279323,9.451926379487544,0.15270742493935804
Memo Bunke y Natalia Cuevas,2001,17,4.292906558699928,9.451926379487544,0.4541832412085162
Memo Bunke y Natalia Cuevas,2001,21,0.25104267141264336,9.451926379487544,0.026559947817352145
Memo Bunke y Natalia Cuevas,2001,29,0.059006118259955526,9.451926379487544,0.0062427610934433315
Millenium Show,2001,1,0.39164842277258505,4.710634227460069,0.08314133593508878
Millenium Show,2001,3,1.0757331862736113,4.710634227460069,0.2283627075103296
Millenium Show,2001,4,0.5152336989446714,4.710634227460069,0.10937671533509845
Millenium Show,2001,5,0.2089667678561093,4.710634227460069,0.044360643974003106
Millenium Show,2001,10,1.0316266879017046,4.710634227460069,0.21899953129197813
Millenium Show,2001,11,0.10384679375563222,4.710634227460069,0.022045183035072
Millenium Show,2001,12,1.0697292443499302,4.710634227460069,0.22708815685880973
Millenium Show,2001,13,0.0592547581508014,4.710634227460069,0.01257893423466908
Millenium Show,2001,15,0.11020398369094424,4.710634227460069,0.023394723166686032
Millenium Show,2001,17,0.0568498643316905,4.710634227460069,0.012068409812056969
Millenium Show,2001,25,0.06468687880265855,4.710634227460069,0.013732095441750553
Millenium Show,2001,27,0.022853940629730427,4.710634227460069,0.004851563404457549
Nancho Parra,2013,0,0.037395670546674066,8.819584420273186,0.004240071727270312
Nancho Parra,2013,1,0.22189479554121336,8.819584420273186,0.02515932553819131
Nancho Parra,2013,2,0.0931696097569712,8.819584420273186,0.010563945569000548
Nancho Parra,2013,3,0.04606055022605821,8.819584420273186,0.00522253068071789
Nancho Parra,2013,5,0.25904357995996147,8.819584420273186,0.02937140432201199
Nancho Parra,2013,6,4.399577686357514,8.819584420273186,0.49884183615776734
Nancho Parra,2013,7,0.03726088356160046,8.819584420273186,0.004224789036085479
Nancho Parra,2013,8,0.05884878466071553,8.819584420273186,0.006672512201985669
Nancho Parra,2013,9,0.21122928918262154,8.819584420273186,0.023950027474886254
Nancho Parra,2013,10,0.3088969786782942,8.819584420273186,0.03502398343942901
Nancho Parra,2013,12,0.9342296017564786,8.819584420273186,0.10592671459768634
Nancho Parra,2013,13,0.28562791602117776,8.819584420273186,0.032385643405670864
Nancho Parra,2013,14,0.029619255090898782,8.819584420273186,0.003358350425538682
Nancho Parra,2013,17,0.2760002954018811,8.819584420273186,0.03129402500728396
Nancho Parra,2013,18,0.21788900213876278,8.819584420273186,0.024705132549999866
Nancho Parra,2013,20,0.1998850194762345,8.819584420273186,0.0226637684896771
Nancho Parra,2013,22,0.11497532128793894,8.819584420273186,0.013036364958835282
Nancho Parra,2013,24,1.0,8.819584420273186,0.11338402722256896
Nancho Parra,2013,25,0.08798018062818921,8.819584420273186,0.00997554719539314
Natalia Cuevas,2003,1,0.547885775240789,13.742423297683306,0.039868206892823
Natalia Cuevas,2003,2,0.19973278732746708,13.742423297683306,0.014534029624974364
Natalia Cuevas,2003,8,2.7818029804792648,13.742423297683306,0.20242448658587167
Natalia Cuevas,2003,10,1.1318415165694238,13.742423297683306,0.08236113035175022
Natalia Cuevas,2003,13,0.5763224239166362,13.742423297683306,0.04193746702692476
Natalia Cuevas,2003,14,0.15443569068751536,13.742423297683306,0.011237879036483331
Natalia Cuevas,2003,17,5.090134110928193,13.742423297683306,0.3703956719035344
Natalia Cuevas,2003,19,0.09295049864185032,13.742423297683306,0.006763763320950817
Natalia Cuevas,2003,21,3.0,13.742423297683306,0.21830210982554576
Natalia Cuevas,2003,22,0.136056001697295,13.742423297683306,0.009900437408315846
Natalia Cuevas,2003,27,0.031261512194871326,13.742423297683306,0.002274818022825813
Natalia Cuevas,2004,1,0.21423257998055464,3.1539665483163923,0.06792481045650701
Natalia Cuevas,2004,2,1.0731462838487196,3.1539665483163923,0.34025290611327885
Natalia Cuevas,2004,4,0.1560285897570336,3.1539665483163923,0.049470591195814255
Natalia Cuevas,2004,8,0.3364951806316576,3.1539665483163923,0.10668952110835828
Natalia Cuevas,2004,15,0.2094799701328917,3.1539665483163923,0.06641794290580331
Natalia Cuevas,2004,17,1.141753751619491,3.1539665483163923,0.3620056630686101
Natalia Cuevas,2004,21,0.022830192346044133,3.1539665483163923,0.007238565151628205
Natalia Valdebenito,2016,0,1.3357682817430414,12.618859654213349,0.1058549122778331
Natalia Valdebenito,2016,4,0.02438588348079168,12.618859654213349,0.001932495023244783
Natalia Valdebenito,2016,5,0.07099090205827045,12.618859654213349,0.005625777923171297
Natalia Valdebenito,2016,6,0.06988332863514111,12.618859654213349,0.005538006646409413
Natalia Valdebenito,2016,7,2.647561415714039,12.618859654213349,0.20980987888474031
Natalia Valdebenito,2016,8,0.025801061996717337,12.618859654213349,0.002044642915741007
Natalia Valdebenito,2016,9,0.2117516470031516,12.618859654213349,0.01678056914853231
Natalia Valdebenito,2016,11,0.6933324334477654,12.618859654213349,0.05494414332568209
Natalia Valdebenito,2016,12,0.04233225907424223,12.618859654213349,0.0033546818202473457
Natalia Valdebenito,2016,14,0.03384136132176777,12.618859654213349,0.0026818082020960096
Natalia Valdebenito,2016,15,1.3244182545583842,12.618859654213349,0.10495546276371893
Natalia Valdebenito,2016,17,3.154899624475144,12.618859654213349,0.25001463768730836
Natalia Valdebenito,2016,20,0.039668708011032096,12.618859654213349,0.0031436048183471946
Natalia Valdebenito,2016,26,1.0440931723623477,12.618859654213349,0.08274069139153412
Natalia Valdebenito,2016,27,1.7483719046146444,12.618859654213349,0.1385522901850228
Natalia Valdebenito,2016,28,0.05573391036090552,12.618859654213349,0.004416715288714409
Natalia Valdebenito,2016,29,0.0960255053559629,12.618859654213349,0.007609681697656464
Palta Meléndez,1991,0,1.1757189755760284,6.601702847551054,0.1780932893718731
Palta Meléndez,1991,1,0.244917783596964,6.601702847551054,0.03709918323388607
Palta Meléndez,1991,3,0.281763497536882,6.601702847551054,0.04268042716303175
Palta Meléndez,1991,4,1.6306208790971062,6.601702847551054,0.2470000417698285
Palta Meléndez,1991,5,0.21679873551212167,6.601702847551054,0.03283982034916107
Palta Meléndez,1991,6,0.0558527285236916,6.601702847551054,0.008460351793084802
Palta Meléndez,1991,7,0.01734934857429148,6.601702847551054,0.00262801113211682
Palta Meléndez,1991,9,1.7452007250591002,6.601702847551054,0.26435614649127903
Palta Meléndez,1991,10,0.02906979029327819,6.601702847551054,0.004403377577659653
Palta Meléndez,1991,13,0.040106788136344336,6.601702847551054,0.006075218631087314
Palta Meléndez,1991,14,1.1643035956452454,6.601702847551054,0.17636413248699184
Palta Meléndez,1997,0,0.08097547903976823,7.808676898730254,0.010369935917432493
Palta Meléndez,1997,1,0.1744143019573382,7.808676898730254,0.02233596090852462
Palta Meléndez,1997,2,0.18947084751566423,7.808676898730254,0.02426414230898368
Palta Meléndez,1997,3,1.5263613184445808,7.808676898730254,0.1954699033190601
Palta Meléndez,1997,4,0.3294869682040469,7.808676898730254,0.04219498033752988
Palta Meléndez,1997,5,0.39258200846329716,7.808676898730254,0.050275099553310214
Palta Meléndez,1997,6,0.37347158951663656,7.808676898730254,0.04782776830955391
Palta Meléndez,1997,7,0.09311233987236961,7.808676898730254,0.011924214701149991
Palta Meléndez,1997,9,1.4605824748141032,7.808676898730254,0.18704608908221113
Palta Meléndez,1997,10,0.08339749487355652,7.808676898730254,0.01068010572791372
Palta Meléndez,1997,13,0.1050237297444541,7.808676898730254,0.013449619072026364
Palta Meléndez,1997,14,0.04712950144278465,7.808676898730254,0.006035529713164114
Palta Meléndez,1997,15,0.6538407080601798,7.808676898730254,0.08373258575553291
Palta Meléndez,1997,18,0.11460687597774766,7.808676898730254,0.014676862349930696
Palta Meléndez,1997,20,1.0,7.808676898730254,0.12806266835840102
Palta Meléndez,1997,21,0.07135868757128261,7.808676898730254,0.009138383940931919
Palta Meléndez,1997,26,1.112862573232444,7.808676898730254,0.14251615064434325
Palta Meléndez,2004,0,1.1378024863117528,3.6711617816545865,0.30992981349869775
Palta Meléndez,2004,1,0.04451334483715679,3.6711617816545865,0.012125138439716132
Palta Meléndez,2004,3,0.7591936776736196,3.6711617816545865,0.2067992975595459
Palta Meléndez,2004,4,0.11235102441213918,3.6711617816545865,0.030603670198784527
Palta Meléndez,2004,6,0.17123840681754104,3.6711617816545865,0.04664420066509958
Palta Meléndez,2004,8,0.030431164919700725,3.6711617816545865,0.00828924649187905
Palta Meléndez,2004,9,0.07950263285920217,3.6711617816545865,0.02165598728350524
Palta Meléndez,2004,10,0.10742035388107263,3.6711617816545865,0.029260588410423703
Palta Meléndez,2004,13,1.0,3.6711617816545865,0.2723933347195889
Palta Meléndez,2004,16,0.08507570958082626,3.6711617816545865,0.02317405623635654
Palta Meléndez,2004,18,0.07852482667266772,3.6711617816545865,0.021389639395645678
Palta Meléndez,2004,26,0.06510815368890775,3.6711617816545865,0.017735027100757084
Palta Meléndez,2007,0,0.7485310269836356,15.975263996641257,0.04685562799719689
Palta Meléndez,2007,1,0.14499273895440723,15.975263996641257,0.009076077802838905
Palta Meléndez,2007,2,0.3234877337662797,15.975263996641257,0.020249288765074046
Palta Meléndez,2007,3,1.5268288101972418,15.975263996641257,0.09557455892548958
Palta Meléndez,2007,4,0.38863850970781355,15.975263996641257,0.024327517203441736
Palta Meléndez,2007,5,3.225769455214347,15.975263996641257,0.20192276358578826
Palta Meléndez,2007,6,0.2917394985184236,15.975263996641257,0.018261951638468124
Palta Meléndez,2007,8,0.12741940471421317,15.975263996641257,0.007976043759965573
Palta Meléndez,2007,9,1.4524753497975098,15.975263996641257,0.09092027212213129
Palta Meléndez,2007,11,0.047372652163829035,15.975263996641257,0.0029653752309688887
Palta Meléndez,2007,12,0.12459005898506158,15.975263996641257,0.007798935843016817
Palta Meléndez,2007,15,6.794954141993171,15.975263996641257,0.4253422130251986
Palta Meléndez,2007,17,0.03585066573481636,15.975263996641257,0.0022441360432199327
Palta Meléndez,2007,21,0.4519524445725801,15.975263996641257,0.028290765314901933
Palta Meléndez,2007,25,0.027669417450299914,15.975263996641257,0.001732016288188872
Palta Meléndez,2007,27,0.26299208788762723,15.975263996641257,0.01646245645411058
Pam Pam,2025,3,0.5257303347649092,5.104848076208276,0.10298648009039389
Pam Pam,2025,6,0.07500387132000891,5.104848076208276,0.014692674532190874
Pam Pam,2025,9,0.07607466372880352,5.104848076208276,0.014902434429607833
Pam Pam,2025,11,2.389783199086354,5.104848076208276,0.4681399256961652
Pam Pam,2025,20,1.0,5.104848076208276,0.1958922156098266
Pam Pam,2025,24,1.0382560073082001,5.104848076208276,0.2033862696418156
Pamela Leiva,2023,0,0.21990714884845186,12.53731551597463,0.017540210148516523
Pamela Leiva,2023,1,0.39026184021031496,12.53731551597463,0.031128022558980534
Pamela Leiva,2023,2,3.2271865607068024,12.53731551597463,0.2574065043345865
Pamela Leiva,2023,4,0.1695392522718883,12.53731551597463,0.013522771446237198
Pamela Leiva,2023,5,0.19501817976727515,12.53731551597463,0.015555018896891402
Pamela Leiva,2023,6,0.6376326778065963,12.53731551597463,0.050858788469839974
Pamela Leiva,2023,7,1.5658691739290826,12.53731551597463,0.12489668716831002
Pamela Leiva,2023,8,0.43074909888403357,12.53731551597463,0.034357362892812854
Pamela Leiva,2023,9,0.12245558164026925,12.53731551597463,0.009767288817469771
Pamela Leiva,2023,11,0.8625408310234071,12.53731551597463,0.06879788818622186
Pamela Leiva,2023,13,1.0,12.53731551597463,0.07976189150905816
Pamela Leiva,2023,15,0.03147829758162696,12.53731551597463,0.0025107685565955774
Pamela Leiva,2023,16,1.1014661253408407,12.53731551597463,0.0878550215903388
Pamela Leiva,2023,17,1.1743632821321952,12.53731551597463,0.09366943670164962
Pamela Leiva,2023,18,1.1663012742901349,12.53731551597463,0.09302639570680603
Pamela Leiva,2023,20,0.07613812409149252,12.53731551597463,0.006072920793488834
Pamela Leiva,2023,23,0.03812566866956343,12.53731551597463,0.003040975448132016
Pamela Leiva,2023,24,0.053501595702523434,12.53731551597463,0.004267388471986167
Pamela Leiva,2023,25,0.07478080307813084,12.53731551597463,0.005964658302078115
Pancho del Sur,1997,1,1.0,1.6374475331054665,0.6107065904600137
Pancho del Sur,1997,3,0.14509631885507301,1.6374475331054665,0.08861127817628064
Pancho del Sur,1997,4,0.11083905576076611,1.6374475331054665,0.06769014183346482
Pancho del Sur,1997,5,0.11931642469843208,1.6374475331054665,0.07286732691345843
Pancho del Sur,1997,10,0.06200063553496941,1.6374475331054665,0.03786419673391514
Pancho del Sur,1997,16,0.03384185042581366,1.6374475331054665,0.020667441088406426
Pancho del Sur,1997,24,0.16635324783041225,1.6374475331054665,0.10159302479446075
"Paul Vásquez ""El Flaco""",2020,0,0.22476902080670275,11.967390582006786,0.018781790338208523
"Paul Vásquez ""El Flaco""",2020,1,0.0297623256261543,11.967390582006786,0.0024869519735490676
"Paul Vásquez ""El Flaco""",2020,2,1.4679736494497153,11.967390582006786,0.12266447220807211
"Paul Vásquez ""El Flaco""",2020,3,2.0189094222999344,11.967390582006786,0.16870088834030417
"Paul Vásquez ""El Flaco""",2020,4,0.029048168463755537,11.967390582006786,0.002427276712053674
"Paul Vásquez ""El Flaco""",2020,5,0.030960721870540178,11.967390582006786,0.0025870904486973334
"Paul Vásquez ""El Flaco""",2020,6,0.8452120641458174,11.967390582006786,0.07062626212071751
"Paul Vásquez ""El Flaco""",2020,7,0.5225403883648233,11.967390582006786,0.04366368631357895
"Paul Vásquez ""El Flaco""",2020,9,1.2321969252323959,11.967390582006786,0.10296287371827147
"Paul Vásquez ""El Flaco""",2020,10,0.03651422093738759,11.967390582006786,0.0030511430781149118
"Paul Vásquez ""El Flaco""",2020,11,0.043011200637467474,11.967390582006786,0.003594033331053445
"Paul Vásquez ""El Flaco""",2020,12,0.42921532322814643,11.967390582006786,0.03586540610394052
"Paul Vásquez ""El Flaco""",2020,15,0.661751789918129,11.967390582006786,0.05529624736348843
"Paul Vásquez ""El Flaco""",2020,16,1.2443004655246122,11.967390582006786,0.10397425044315367
"Paul Vásquez ""El Flaco""",2020,18,0.025485975718143025,11.967390582006786,0.0021296184446809737
"Paul Vásquez ""El Flaco""",2020,23,0.1948584371056744,11.967390582006786,0.016282449859925857
"Paul Vásquez ""El Flaco""",2020,24,2.495392792881483,11.967390582006786,0.20851603160954374
"Paul Vásquez ""El Flaco""",2020,25,0.3744779648465184,11.967390582006786,0.03129153028643969
"Paul Vásquez ""El Flaco""",2020,27,0.061009724949385946,11.967390582006786,0.005097997306206025
Paulo Iglesias,1995,0,0.04069344621103317,5.643915845183773,0.007210144043121915
Paulo Iglesias,1995,1,0.3274374741703562,5.643915845183773,0.058016009301374405
Paulo Iglesias,1995,3,1.432041243623562,5.643915845183773,0.2537318561979609
Paulo Iglesias,1995,4,1.0999887816358722,5.643915845183773,0.19489815436822042
Paulo Iglesias,1995,6,0.13913900933177425,5.643915845183773,0.02465292062256887
Paulo Iglesias,1995,7,0.6863395182103752,5.643915845183773,0.12160697236406562
Paulo Iglesias,1995,9,0.196997022737798,5.643915845183773,0.034904316106326265
Paulo Iglesias,1995,18,0.024340330231994556,5.643915845183773,0.004312667109089753
Paulo Iglesias,1995,19,1.0,5.643915845183773,0.17718194732711126
Paulo Iglesias,1995,26,0.11972104858840685,5.643915845183773,0.02121240852493763
Paulo Iglesias,1995,28,0.5772179704426011,5.643915845183773,0.10227260403522302
Paulo Iglesias,2005,0,0.19395122827186642,11.66259113641972,0.016630200442009767
Paulo Iglesias,2005,3,0.1891870494270347,11.66259113641972,0.016221699553218918
Paulo Iglesias,2005,6,1.9340371914920143,11.66259113641972,0.16583254689023944
Paulo Iglesias,2005,9,1.4580781271896006,11.66259113641972,0.12502179919832238
Paulo Iglesias,2005,11,0.37515706221806855,11.66259113641972,0.03216755674873443
Paulo Iglesias,2005,15,0.30110183930413303,11.66259113641972,0.025817748027182216
Paulo Iglesias,2005,18,0.44928963069101685,11.66259113641972,0.03852399740637255
Paulo Iglesias,2005,22,0.37945239555451843,11.66259113641972,0.03253585683627128
Paulo Iglesias,2005,23,1.2905530008711075,11.66259113641972,0.11065748475405202
Paulo Iglesias,2005,26,4.0647646501662855,11.66259113641972,0.348530151029038
Paulo Iglesias,2005,27,1.0,11.66259113641972,0.0857442388490512
Paulo Iglesias,2005,28,0.02701896123407614,11.66259113641972,0.00231672026550788
Payahop,2014,1,2.559060275434584,11.036489960388183,0.2318726592077265
Payahop,2014,3,0.24115900255911066,11.036489960388183,0.021851059841006593
Payahop,2014,4,0.11748111097736519,11.036489960388183,0.01064478936682085
Payahop,2014,5,0.04858688168669688,11.036489960388183,0.004402385347251106
Payahop,2014,6,1.263565830013088,11.036489960388183,0.11448982734077938
Payahop,2014,7,0.05192489454717432,11.036489960388183,0.0047048377458359944
Payahop,2014,10,0.268167414643828,11.036489960388183,0.024298252035413966
Payahop,2014,12,0.12398017058168609,11.036489960388183,0.011233659526413902
Payahop,2014,13,0.18450331541379184,11.036489960388183,0.01671757198855843
Payahop,2014,14,0.6366043739641358,11.036489960388183,0.05768177892147013
Payahop,2014,20,1.1559194880125994,11.036489960388183,0.10473615181650947
Payahop,2014,21,2.0,11.036489960388183,0.18121703613905654
Payahop,2014,24,0.31248000376820195,11.036489960388183,0.02831335006779739
Payahop,2014,26,0.07305719878592105,11.036489960388183,0.006619604516303247
Payahop,2014,29,2.0,11.036489960388183,0.18121703613905654
Pedro Ruminot,2016,0,0.6480582960451413,12.314373414976417,0.05262616896585171
Pedro Ruminot,2016,1,0.1369853279205275,12.314373414976417,0.01112401933125802
Pedro Ruminot,2016,2,0.3549402203029328,12.314373414976417,0.028823246489444915
Pedro Ruminot,2016,3,0.16757790378505721,12.314373414976417,0.013608317543891708
Pedro Ruminot,2016,4,2.0477568741257235,12.314373414976417,0.16628997717701946
Pedro Ruminot,2016,5,0.5885591367291746,12.314373414976417,0.04779448510253753
Pedro Ruminot,2016,6,0.1838890203536033,12.314373414976417,0.014932876741415224
Pedro Ruminot,2016,7,0.1461926235171599,12.314373414976417,0.011871706224156259
Pedro Ruminot,2016,9,0.10883618957776299,12.314373414976417,0.00883814270609979
Pedro Ruminot,2016,10,0.06122157015562134,12.314373414976417,0.004971553817035081
Pedro Ruminot,2016,11,1.2171118940114483,12.314373414976417,0.09883668888351467
Pedro Ruminot,2016,18,0.03428951244918537,12.314373414976417,0.0027845113424515263
Pedro Ruminot,2016,19,1.1259093160467266,12.314373414976417,0.09143049979931786
Pedro Ruminot,2016,21,0.11009468679418563,12.314373414976417,0.008940340128088966
Pedro Ruminot,2016,22,0.0742735713217744,12.314373414976417,0.0060314535558459535
Pedro Ruminot,2016,26,1.0244006634793814,12.314373414976417,0.08318739646416214
Pedro Ruminot,2016,27,0.06296278771296557,12.314373414976417,0.005112950987533956
Pedro Ruminot,2016,28,4.221313820648046,12.314373414976417,0.34279566474037526
Pedro Ruminot,2020,0,2.3130933426581852,16.7006007383929,0.13850360109146434
Pedro Ruminot,2020,1,2.0,16.7006007383929,0.11975617112995303
Pedro Ruminot,2020,2,0.06699934741673268,16.7006007383929,0.004011792657416707
Pedro Ruminot,2020,3,1.0,16.7006007383929,0.059878085564976515
Pedro Ruminot,2020,4,3.7600755025789545,16.7006007383929,0.2251461226741947
Pedro Ruminot,2020,5,0.0837324910419209,16.7006007383929,0.005013741263176769
Pedro Ruminot,2020,6,0.20509999397685963,16.7006007383929,0.012280994988722567
Pedro Ruminot,2020,7,0.6381400728399786,16.7006007383929,0.038210605883952586
Pedro Ruminot,2020,9,0.38921854743075207,16.7006007383929,0.023305661486534443
Pedro Ruminot,2020,11,0.9296513931087231,16.7006007383929,0.055665745662163736
Pedro Ruminot,2020,13,1.0,16.7006007383929,0.059878085564976515
Pedro Ruminot,2020,14,0.4477758602863306,16.7006007383929,0.02681196127615587
Pedro Ruminot,2020,16,1.1256884575201895,16.7006007383929,0.06740406977890033
Pedro Ruminot,2020,17,1.0,16.7006007383929,0.059878085564976515
Pedro Ruminot,2020,18,0.2697299955012507,16.7006007383929,0.01615091575006462
Pedro Ruminot,2020,19,0.03230251859834445,16.7006007383929,0.0019342129725959142
Pedro Ruminot,2020,25,1.0,16.7006007383929,0.059878085564976515
Pedro Ruminot,2020,26,0.4390932154346787,16.7006007383929,0.026292061124798358
Pedro Ruminot,2025,0,3.9574618406283046,21.113977585988504,0.1874332690044402
Pedro Ruminot,2025,1,0.16187093177758005,21.113977585988504,0.007666529488266559
Pedro Ruminot,2025,2,3.2094483012000876,21.113977585988504,0.15200585906323577
Pedro Ruminot,2025,3,0.17563802546507667,21.113977585988504,0.008318566444895358
Pedro Ruminot,2025,4,4.920382129903793,21.113977585988504,0.23303909033080622
Pedro Ruminot,2025,6,0.33362389587783253,21.113977585988504,0.015801091694784667
Pedro Ruminot,2025,8,0.02516104985258165,21.113977585988504,0.0011916773971228818
Pedro Ruminot,2025,9,2.3277273494926014,21.113977585988504,0.11024579996889407
Pedro Ruminot,2025,10,2.0500987630030822,21.113977585988504,0.09709675756990256
Pedro Ruminot,2025,14,0.12536553172748732,21.113977585988504,0.005937561088000844
Pedro Ruminot,2025,15,0.04151077614085547,21.113977585988504,0.0019660329737397533
Pedro Ruminot,2025,17,0.06396939679259715,21.113977585988504,0.00302971794547362
Pedro Ruminot,2025,18,1.199329128048855,21.113977585988504,0.056802614437023204
Pedro Ruminot,2025,20,0.08125197246800066,21.113977585988504,0.0038482551256434254
Pedro Ruminot,2025,21,0.2606907844866022,21.113977585988504,0.012346834386127218
Pedro Ruminot,2025,22,0.029670618836262392,21.113977585988504,0.0014052595592387188
Pedro Ruminot,2025,28,2.150777090286905,21.113977585988504,0.10186508352240493
Piña Colada,1993,1,0.23040020773299477,6.1192338266660835,0.03765180646128745
Piña Colada,1993,3,1.2439891800251215,6.1192338266660835,0.20329165631882365
Piña Colada,1993,4,0.38498395900038074,6.1192338266660835,0.0629137519345506
Piña Colada,1993,12,0.027531395695877224,6.1192338266660835,0.004499157325203413
Piña Colada,1993,13,2.3542647190885297,6.1192338266660835,0.38473194288298573
Piña Colada,1993,14,0.0436254020465954,6.1192338266660835,0.007129226187841828
Piña Colada,1993,17,0.39621515102153565,6.1192338266660835,0.06474914380537798
Piña Colada,1993,24,0.029213959331206667,6.1192338266660835,0.004774120446893134
Piña Colada,1993,25,1.0,6.1192338266660835,0.16341915153531988
Piña Colada,1993,27,0.3695160275074759,6.1192338266660835,0.06038599569397363
Piña Colada,1993,29,0.03949382521636626,6.1192338266660835,0.006454047407742795
Profesor Salomón y Tutu-Tutu,2008,1,1.735302769220519,2.2483751012721065,0.7718030537870231
Profesor Salomón y Tutu-Tutu,2008,3,0.09462122784722157,2.2483751012721065,0.04208427134497526
Profesor Salomón y Tutu-Tutu,2008,4,0.01996386646108233,2.2483751012721065,0.008879241924440005
Profesor Salomón y Tutu-Tutu,2008,6,0.050313859711394404,2.2483751012721065,0.02237787621955401
Profesor Salomón y Tutu-Tutu,2008,7,0.08728691427240949,2.2483751012721065,0.03882222064415475
Profesor Salomón y Tutu-Tutu,2008,9,0.03910990148492785,2.2483751012721065,0.01739474052296696
Profesor Salomón y Tutu-Tutu,2008,13,0.2217765622745521,2.2483751012721065,0.09863859555688609
Pujillay,1990,0,0.06742401788624139,4.727830377981641,0.014261090710920427
Pujillay,1990,1,0.5404689333682833,4.727830377981641,0.11431648137914267
Pujillay,1990,2,0.06696499893767222,4.727830377981641,0.014164002001751226
Pujillay,1990,3,0.026696592127432573,4.727830377981641,0.005646689917591676
Pujillay,1990,4,1.176292457345751,4.727830377981641,0.24880174695436563
Pujillay,1990,5,0.04961713198029216,4.727830377981641,0.010494693762992873
Pujillay,1990,6,0.3792128871397438,4.727830377981641,0.08020864896207078
Pujillay,1990,7,0.3571223644669499,4.727830377981641,0.07553620496414871
Pujillay,1990,9,0.018860412690296025,4.727830377981641,0.003989232096424688
Pujillay,1990,10,0.024913049889346766,4.727830377981641,0.0052694466378005725
Pujillay,1990,12,0.12932586175428507,4.727830377981641,0.027354167010005044
Pujillay,1990,13,0.32066041597503614,4.727830377981641,0.06782401024123233
Pujillay,1990,16,1.0,4.727830377981641,0.2115135104375107
Pujillay,1990,17,0.08925991975568524,4.727830377981641,0.0188796789688955
Pujillay,1990,19,0.13608339834093247,4.727830377981641,0.028783477295356748
Pujillay,1990,20,0.06212510605651624,4.727830377981641,0.013140299268316408
Pujillay,1990,23,0.08570726468732197,4.727830377981641,0.01812824442401237
Pujillay,1990,25,0.03520546325384121,4.727830377981641,0.007446431119398743
Pujillay,1990,29,0.16189010232601325,4.727830377981641,0.03424194384806288
Ricardo Meruane,2011,5,0.07886993533898616,4.952341057113082,0.01592578831494344
Ricardo Meruane,2011,7,0.038488492113575114,4.952341057113082,0.00777177736139433
Ricardo Meruane,2011,9,0.2945411021574134,4.952341057113082,0.05947512474617676
Ricardo Meruane,2011,10,0.06539205861693,4.952341057113082,0.013204272052912618
Ricardo Meruane,2011,14,0.2537925201839901,4.952341057113082,0.0512469794097614
Ricardo Meruane,2011,16,0.10577003920414844,4.952341057113082,0.02135758381427107
Ricardo Meruane,2011,18,1.162807956422212,4.952341057113082,0.23479965192463126
Ricardo Meruane,2011,20,1.0,4.952341057113082,0.20192470358310502
Ricardo Meruane,2011,21,1.9526789530758268,4.952341057113082,0.3942941187928042
Ricardo Meruane,2016,0,2.226929829260877,5.165025654247712,0.43115561825514886
Ricardo Meruane,2016,2,1.0,5.165025654247712,0.19360988055840556
Ricardo Meruane,2016,3,0.21311752350141155,5.165025654247712,0.04126165827001148
Ricardo Meruane,2016,4,0.1774960638502938,5.165025654247712,0.03436499172164251
Ricardo Meruane,2016,5,0.040321830248792906,5.165025654247712,0.0078067047383650985
Ricardo Meruane,2016,9,0.3811420440426687,5.165025654247712,0.07379286562288764
Ricardo Meruane,2016,10,0.13554837601528164,5.165025654247712,0.026243504890204522
Ricardo Meruane,2016,12,0.18832913143573496,5.165025654247712,0.036462380642940904
Ricardo Meruane,2016,14,0.2741670538942959,5.165025654247712,0.05308145055752457
Ricardo Meruane,2016,18,0.4380686929876786,5.165025654247712,0.08481442732572128
Ricardo Meruane,2016,20,0.08990510901067732,5.165025654247712,0.017406517417147667
Rodrigo González,2016,0,1.1410825053848948,14.821967800538065,0.07698589827886897
Rodrigo González,2016,1,0.04581315290407253,14.821967800538065,0.003090895454678388
Rodrigo González,2016,2,2.0,14.821967800538065,0.13493484987380666
Rodrigo González,2016,3,0.21441115799869384,14.821967800538065,0.014465768707911397
Rodrigo González,2016,4,1.6376835979057516,14.821967800538065,0.11049029521210406
Rodrigo González,2016,5,0.480923845452481,14.821967800538065,0.03244669344343216
Rodrigo González,2016,6,0.22441945865259455,14.821967800538065,0.015141002981024403
Rodrigo González,2016,7,1.0,14.821967800538065,0.06746742493690333
Rodrigo González,2016,8,0.0338770391720884,14.821967800538065,0.0022855965974274074
Rodrigo González,2016,9,0.07209452705376194,14.821967800538065,0.0048640320923612305
Rodrigo González,2016,11,0.08004219674927736,14.821967800538065,0.005400240900966718
Rodrigo González,2016,13,0.040934337327085464,14.821967800538065,0.0027617343309570184
Rodrigo González,2016,14,1.0755400679079115,14.821967800538065,0.07256391879820892
Rodrigo González,2016,16,2.0,14.821967800538065,0.13493484987380666
Rodrigo González,2016,23,0.3032514919850828,14.821967800538065,0.020459597272507513
Rodrigo González,2016,25,1.2028248617010535,14.821967800538065,0.08115149606905696
Rodrigo González,2016,26,1.1899410605932483,14.821967800538065,0.08028225918491412
Rodrigo González,2016,27,1.0,14.821967800538065,0.06746742493690333
Rodrigo González,2016,28,0.07912849975006832,14.821967800538065,0.005338596117257508
Rodrigo González,2016,29,1.0,14.821967800538065,0.06746742493690333
Rodrigo Villegas,2017,0,0.14008032507378837,9.056286523075107,0.015467744391353842
Rodrigo Villegas,2017,1,0.3128449873902604,9.056286523075107,0.034544510776369775
Rodrigo Villegas,2017,2,0.044739463387053875,9.056286523075107,0.004940155468034195
Rodrigo Villegas,2017,3,0.41201309129442976,9.056286523075107,0.04549470583164905
Rodrigo Villegas,2017,4,0.20823400345765153,9.056286523075107,0.022993309998207152
Rodrigo Villegas,2017,5,0.16773021777883784,9.056286523075107,0.01852086032740539
Rodrigo Villegas,2017,6,0.4034051324716368,9.056286523075107,0.04454421041602144
Rodrigo Villegas,2017,9,0.4507619667925758,9.056286523075107,0.04977337738200418
Rodrigo Villegas,2017,10,0.27378202894240666,9.056286523075107,0.030231158018777283
Rodrigo Villegas,2017,11,0.07799305983337057,9.056286523075107,0.008612035367327098
Rodrigo Villegas,2017,13,0.08738860364038545,9.056286523075107,0.00964949633801032
Rodrigo Villegas,2017,14,0.4254513130397194,9.056286523075107,0.04697856146177399
Rodrigo Villegas,2017,15,0.18747704385374697,9.056286523075107,0.020701315420626535
Rodrigo Villegas,2017,16,0.3248459417161174,9.056286523075107,0.03586966256957762
Rodrigo Villegas,2017,18,0.13187438078726277,9.056286523075107,0.014561639635765872
Rodrigo Villegas,2017,19,1.1075937166764496,9.056286523075107,0.12230109039221969
Rodrigo Villegas,2017,20,0.05517738768156977,9.056286523075107,0.006092716649476546
Rodrigo Villegas,2017,22,0.6206634870423875,9.056286523075107,0.06853399408918416
Rodrigo Villegas,2017,23,0.073350191674913,9.056286523075107,0.008099367382869262
Rodrigo Villegas,2017,24,0.12730689117071095,9.056286523075107,0.014057294990207893
Rodrigo Villegas,2017,25,1.0,9.056286523075107,0.11042053466970533
Rodrigo Villegas,2017,26,2.141243428735298,9.056286523075107,0.23643724425894472
Rodrigo Villegas,2017,27,0.28232986063453375,9.056286523075107,0.031175014164488608
Rodrigo Villegas,2023,1,1.8984520646530856,7.799378672869988,0.2434106797836115
Rodrigo Villegas,2023,2,1.0,7.799378672869988,0.12821534149617375
Rodrigo Villegas,2023,3,0.5358702266228804,7.799378672869988,0.06870678410408464
Rodrigo Villegas,2023,4,0.09260712487863533,7.799378672869988,0.011873654141293037
Rodrigo Villegas,2023,5,0.2730314015731654,7.799378672869988,0.03500681439188236
Rodrigo Villegas,2023,6,0.23421198154456618,7.799378672869988,0.0300295691962321
Rodrigo Villegas,2023,7,0.10148620649317418,7.799378672869988,0.013012088622673534
Rodrigo Villegas,2023,9,1.0430421873026137,7.799378672869988,0.13373401023992065
Rodrigo Villegas,2023,10,1.0,7.799378672869988,0.12821534149617375
Rodrigo Villegas,2023,15,0.032709547781310896,7.799378672869988,0.00419386583896619
Rodrigo Villegas,2023,16,0.31414152156232256,7.799378672869988,0.04027776246524082
Rodrigo Villegas,2023,24,1.1319023541456086,7.799378672869988,0.1451272468771022
Rodrigo Villegas,2023,26,0.14192405631262558,7.799378672869988,0.018196841346645485
Rudy Rey,2014,0,0.04544217004353208,4.007590359619778,0.011339025690201386
Rudy Rey,2014,1,1.492007034323239,4.007590359619778,0.3722952947877622
Rudy Rey,2014,3,1.1733987706851534,4.007590359619778,0.29279408956270675
Rudy Rey,2014,4,0.07263537545686641,4.007590359619778,0.01812445108879784
Rudy Rey,2014,6,0.03034435479512386,4.007590359619778,0.00757172067805922
Rudy Rey,2014,8,0.06374368008402811,4.007590359619778,0.015905737454183274
Rudy Rey,2014,10,0.07437734844491217,4.007590359619778,0.018559119513394767
Rudy Rey,2014,12,0.07097045115702352,4.007590359619778,0.017709008353777176
Rudy Rey,2014,13,0.4410372475257589,4.007590359619778,0.11005048119928168
Rudy Rey,2014,18,0.031021507779877697,4.007590359619778,0.007740688293007292
Rudy Rey,2014,22,0.15365014537074892,4.007590359619778,0.038339783157210344
Rudy Rey,2014,24,0.3589622739535141,4.007590359619778,0.08957060022161817
Ruperto,2006,1,2.8909434922642823,18.86881660697354,0.15321276116467458
Ruperto,2006,2,0.6854161028403242,18.86881660697354,0.03632533598249124
Ruperto,2006,3,0.158208122979025,18.86881660697354,0.008384634090966491
Ruperto,2006,5,0.05860588114097383,18.86881660697354,0.003105964849926744
Ruperto,2006,6,1.3710825178121582,18.86881660697354,0.07266393788073776
Ruperto,2006,10,8.85956997104923,18.86881660697354,0.46953500877076254
Ruperto,2006,11,0.06643293300563333,18.86881660697354,0.00352077898627098
Ruperto,2006,12,4.179394861527945,18.86881660697354,0.22149745522373268
Ruperto,2006,13,0.11813716998313488,18.86881660697354,0.006260973989194093
Ruperto,2006,14,0.3784479741796397,18.86881660697354,0.02005679434288279
Ruperto,2006,19,0.04273311284624671,18.86881660697354,0.002264747903186117
Ruperto,2006,22,0.05984446734494285,18.86881660697354,0.003171606815173853
Sandy,1993,0,0.07304010756199365,5.781309467630725,0.012633834595940889
Sandy,1993,1,0.22772766348814572,5.781309467630725,0.0393903258013054
Sandy,1993,2,0.18598514287403373,5.781309467630725,0.032170072180940264
Sandy,1993,3,0.04757061599962654,5.781309467630725,0.008228346236431754
Sandy,1993,5,0.19888016919680782,5.781309467630725,0.034400540277307136
Sandy,1993,9,0.45466631302075655,5.781309467630725,0.07864417491684393
Sandy,1993,10,0.3047244956066569,5.781309467630725,0.05270855976708992
Sandy,1993,11,0.2607949261923623,5.781309467630725,0.04511000970498822
Sandy,1993,12,0.08085862007612304,5.781309467630725,0.01398621203878578
Sandy,1993,13,0.10645763812113973,5.781309467630725,0.018414104748619833
Sandy,1993,14,1.0,5.781309467630725,0.17297119374061398
Sandy,1993,16,0.026256002813721306,5.781309467630725,0.004541532149546294
Sandy,1993,18,1.070237798107303,5.781309467630725,0.18512030952494643
Sandy,1993,19,0.2900434570886913,5.781309467630725,0.05016916300928548
Sandy,1993,20,0.027577687274245134,5.781309467630725,0.00477014548843152
Sandy,1993,21,0.24142232950564144,5.781309467630725,0.041759108530230654
Sandy,1993,22,1.0955263063281555,5.781309467630725,0.18949449297982662
Sandy,1993,23,0.06455383509029332,5.781309467630725,0.011165953916102771
Sandy,1993,26,0.024986359285027723,5.781309467630725,0.00432192039276312
Sandy,1999,1,0.170663374851019,5.68905067566258,0.029998568228809554
Sandy,1999,2,0.06625436884447969,5.68905067566258,0.011645944573479004
Sandy,1999,3,1.1433905847044374,5.68905067566258,0.2009809105051207
Sandy,1999,4,0.7404276578799425,5.68905067566258,0.13014959790171107
Sandy,1999,5,0.022080234792820813,5.68905067566258,0.003881180894956472
Sandy,1999,8,0.028977987833143624,5.68905067566258,0.005093642065293904
Sandy,1999,9,0.19561975159774148,5.68905067566258,0.034385306574010864
Sandy,1999,10,0.26671723880581494,5.68905067566258,0.046882556337002834
Sandy,1999,11,0.09248290299021246,5.68905067566258,0.016256297977068266
Sandy,1999,12,1.0591433762426459,5.68905067566258,0.1861722520373387
Sandy,1999,13,0.07808525955406899,5.68905067566258,0.013725534189405813
Sandy,1999,15,0.02976891071209539,5.68905067566258,0.0052326675238533234
Sandy,1999,16,0.0340591861130516,5.68905067566258,0.005986796049955183
Sandy,1999,18,0.2698280293411736,5.68905067566258,0.04742935943521858
Sandy,1999,19,0.17326984291033348,5.68905067566258,0.030456723412848396
Sandy,1999,21,0.10861937026622771,5.68905067566258,0.019092705700600437
Sandy,1999,23,1.0,5.68905067566258,0.17577625108490252
Sandy,1999,24,0.0573229180094929,5.68905067566258,0.010076007628955904
Sandy,1999,25,0.08043403865885307,5.68905067566258,0.014138393775071314
Sandy,1999,29,0.07190564155502588,5.68905067566258,0.01263930410439723
Sandy,2004,0,0.056554538694220544,3.151965778234016,0.0179426245947083
Sandy,2004,1,0.04930432194361479,3.151965778234016,0.015642403951238018
Sandy,2004,3,0.060101670350960874,3.151965778234016,0.019067995841196807
Sandy,2004,5,0.04487839546986078,3.151965778234016,0.014238224215430808
Sandy,2004,10,0.15956717147425115,3.151965778234016,0.05062465226499174
Sandy,2004,13,0.11960298466238123,3.151965778234016,0.03794552132777038
Sandy,2004,15,0.15489255248052602,3.151965778234016,0.04914157176138798
Sandy,2004,19,0.42087887720939343,3.151965778234016,0.13352901231218428
Sandy,2004,20,0.0312683862532912,3.151965778234016,0.009920281009779954
Sandy,2004,21,2.0,3.151965778234016,0.6345246556327018
Sandy,2004,26,0.05491687969551587,3.151965778234016,0.01742305708860986
Sarah Sanders,1998,4,0.5807160072890661,2.0386171695016944,0.2848578026206913
Sarah Sanders,1998,5,0.13885469363461792,2.0386171695016944,0.06811219669485988
Sarah Sanders,1998,12,0.05442709571542211,2.0386171695016944,0.02669804636675649
Sarah Sanders,1998,17,1.0,2.0386171695016944,0.49052858720131015
Sarah Sanders,1998,23,0.26461937286258796,2.0386171695016944,0.129803367116382
Sergio Freire,2024,0,2.6174085949871695,12.622023678107299,0.20736837940868574
Sergio Freire,2024,1,0.2357349211652725,12.622023678107299,0.018676475910447785
Sergio Freire,2024,2,0.19970453161950963,12.622023678107299,0.015821910710395355
Sergio Freire,2024,3,1.0,12.622023678107299,0.07922659832547171
Sergio Freire,2024,4,0.3815023439183683,12.622023678107299,0.03022513296184653
Sergio Freire,2024,5,0.2948953022305991,12.622023678107299,0.023363551657892258
Sergio Freire,2024,6,0.3445017001095551,12.622023678107299,0.027293697817021838
Sergio Freire,2024,7,1.0,12.622023678107299,0.07922659832547171
Sergio Freire,2024,9,1.0,12.622023678107299,0.07922659832547171
Sergio Freire,2024,11,0.29020369476364755,12.622023678107299,0.0229918515576073
Sergio Freire,2024,14,1.1719278396137143,12.622023678107299,0.09284785621551357
Sergio Freire,2024,19,1.0,12.622023678107299,0.07922659832547171
Sergio Freire,2024,24,0.0239346886344027,12.622023678107299,0.0018962639624830557
Sergio Freire,2024,26,1.0,12.622023678107299,0.07922659832547171
Sergio Freire,2024,28,2.06221006106506,12.622023678107299,0.163381888170748
Stefan Kramer,2008,0,0.4357988427773251,10.732697836701501,0.0406047807744171
Stefan Kramer,2008,1,0.48054272866453746,10.732697836701501,0.04477371262808452
Stefan Kramer,2008,2,2.645283982178514,10.732697836701501,0.2464696223099386
Stefan Kramer,2008,3,0.025274214344941384,10.732697836701501,0.002354879894085321
Stefan Kramer,2008,6,0.9995791241447143,10.732697836701501,0.09313400408297684
Stefan Kramer,2008,7,1.0,10.732697836701501,0.09317321844097791
Stefan Kramer,2008,8,0.219106226034662,10.732697836701501,0.020414832260105844
Stefan Kramer,2008,11,0.11571257294732355,10.732697836701501,0.010781312835588568
Stefan Kramer,2008,12,0.6358920267519773,10.732697836701501,0.05924810671343815
Stefan Kramer,2008,13,0.17323139655560155,10.732697836701501,0.01614052675211073
Stefan Kramer,2008,14,0.02152355179148295,10.732697836701501,0.0020054185926935424
Stefan Kramer,2008,16,0.03460963161953948,10.732697836701501,0.003224690767049128
Stefan Kramer,2008,18,0.09907859879993486,10.732697836701501,0.009231471928812343
Stefan Kramer,2008,21,1.1056544367547547,10.732697836701501,0.10301738235598716
Stefan Kramer,2008,22,1.425523527146775,10.732697836701501,0.13282061498759978
Stefan Kramer,2008,23,0.17460413249398987,10.732697836701501,0.01626842897755997
Stefan Kramer,2008,25,0.02417621526992295,10.732697836701501,0.0022525757864206367
Stefan Kramer,2008,27,0.061332965489163824,10.732697836701501,0.00571458979115482
Stefan Kramer,2008,28,0.05577366293634002,10.732697836701501,0.005196611680021082
Stefan Kramer,2008,29,1.0,10.732697836701501,0.09317321844097791
Stefan Kramer,2018,0,0.9691385314249624,7.450810300676593,0.13007156165779135
Stefan Kramer,2018,1,0.2665949369127971,7.450810300676593,0.03578066359958033
Stefan Kramer,2018,2,1.2821397309085332,7.450810300676593,0.17208057636256083
Stefan Kramer,2018,3,0.024800344967408208,7.450810300676593,0.003328543335099558
Stefan Kramer,2018,6,0.5934251113756916,7.450810300676593,0.07964571468445572
Stefan Kramer,2018,7,0.07438667724682985,7.450810300676593,0.009983703012821967
Stefan Kramer,2018,8,0.3182847210909226,7.450810300676593,0.042718135108341146
Stefan Kramer,2018,10,0.0657811619490912,7.450810300676593,0.008828725909599088
Stefan Kramer,2018,12,0.7341118361606304,7.450810300676593,0.0985277851046573
Stefan Kramer,2018,13,0.19427938285124252,7.450810300676593,0.026074933465102503
Stefan Kramer,2018,14,0.02312983663894537,7.450810300676593,0.003104338414956692
Stefan Kramer,2018,15,0.12337218695736794,7.450810300676593,0.01655822413652979
Stefan Kramer,2018,16,0.021718742810638337,7.450810300676593,0.002914950446217387
Stefan Kramer,2018,18,1.032316570860098,7.450810300676593,0.13855091314918533
Stefan Kramer,2018,22,1.2036768852432536,7.450810300676593,0.16154979615223194
Stefan Kramer,2018,23,0.19812721755188134,7.450810300676593,0.026591365174589106
Stefan Kramer,2018,28,0.029802926508485244,7.450810300676593,0.003999957763758782
Stefan Kramer,2018,29,0.2957234992178142,7.450810300676593,0.039690112522521234
Tato Cifuentes,1973,0,0.130431681911216,0.6720637354545476,0.19407635768800868
Tato Cifuentes,1973,1,0.11930247928319188,0.6720637354545476,0.17751661485275966
Tato Cifuentes,1973,2,0.17021172539288776,0.6720637354545476,0.25326723703930515
Tato Cifuentes,1973,3,0.0831005536930779,0.6720637354545476,0.12364981073837167
Tato Cifuentes,1973,9,0.12839893232543748,0.6720637354545476,0.19105171957923808
Tato Cifuentes,1973,13,0.0406183628487365,0.6720637354545476,0.06043826010231669
Tato Cifuentes,1974,3,0.29504053875100383,0.4596035068767673,0.6419457953137693
Tato Cifuentes,1974,5,0.09380268913348457,0.4596035068767673,0.20409480721964054
Tato Cifuentes,1974,26,0.07076027899227895,0.4596035068767673,0.1539593974665902
Vanessa Miller,2003,4,0.04581196733198942,1.6994245531333672,0.026957341087912475
Vanessa Miller,2003,6,0.6275701819494938,1.6994245531333672,0.36928393248902497
Vanessa Miller,2003,13,1.0,1.6994245531333672,0.588434478103908
Vanessa Miller,2003,14,0.026042403851883833,1.6994245531333672,0.015324248319154467
Zip-Zup,2012,0,0.14524089830963124,6.467384868467748,0.022457438557238932
Zip-Zup,2012,4,0.17673848259263764,6.467384868467748,0.027327658116395735
Zip-Zup,2012,5,0.2007468610276224,6.467384868467748,0.03103988166938692
Zip-Zup,2012,6,0.3501528430132706,6.467384868467748,0.054141333805642025
Zip-Zup,2012,7,0.8394259197254722,6.467384868467748,0.1297937167491238
Zip-Zup,2012,9,1.1264218722990071,6.467384868467748,0.17416960567647163
Zip-Zup,2012,14,1.3563465364311686,6.467384868467748,0.2097210176935881
Zip-Zup,2012,20,1.0,6.467384868467748,0.1546220026081299
Zip-Zup,2012,22,0.030168948006303573,6.467384868467748,0.0046647831573152065
Zip-Zup,2012,23,1.0808414453158879,6.467384868467748,0.1671218687766081
Zip-Zup,2012,24,0.0996137953453416,6.467384868467748,0.015402484523693125
Zip-Zup,2012,26,0.061687266401405656,6.467384868467748,0.00953820866640655
Álvaro Salas,2000,0,0.1193336473811657,5.171708199119244,0.023074319506558496
Álvaro Salas,2000,1,0.11126581384569263,5.171708199119244,0.021514325550045822
Álvaro Salas,2000,2,1.0,5.171708199119244,0.19335971046670858
Álvaro Salas,2000,3,0.07425237148625735,5.171708199119244,0.01435741705204921
Álvaro Salas,2000,4,0.07745239689466227,5.171708199119244,0.014976173038504495
Álvaro Salas,2000,5,0.08615728481528764,5.171708199119244,0.01665934764648177
Álvaro Salas,2000,6,0.41444588727154685,5.171708199119244,0.08013713676694445
Álvaro Salas,2000,7,1.0605539321162472,5.171708199119244,0.20506840124832687
Álvaro Salas,2000,12,1.0,5.171708199119244,0.19335971046670858
Álvaro Salas,2000,13,0.06280780787874594,5.171708199119244,0.012144499546482975
Álvaro Salas,2000,20,1.0358079676271568,5.171708199119244,0.2002835287194969
Álvaro Salas,2000,23,0.12963108980248217,5.171708199119244,0.025065429991691854
Álvaro Salas,2007,0,0.4622236380751839,7.837324131207231,0.05897722619824641
Álvaro Salas,2007,2,0.1323898573726524,7.837324131207231,0.01689222688206716
Álvaro Salas,2007,3,0.32399855015073237,7.837324131207231,0.0413404555849121
Álvaro Salas,2007,4,2.927091229749675,7.837324131207231,0.3734809458874323
Álvaro Salas,2007,5,0.021630651124977324,7.837324131207231,0.0027599536222888644
Álvaro Salas,2007,6,0.4919285121744522,7.837324131207231,0.06276740682647733
Álvaro Salas,2007,7,1.1138652889869478,7.837324131207231,0.14212316223488544
Álvaro Salas,2007,8,0.09741514926159342,7.837324131207231,0.012429644050792624
Álvaro Salas,2007,9,0.17016848558673842,7.837324131207231,0.02171257469231738
Álvaro Salas,2007,10,0.5354133522532344,7.837324131207231,0.06831583628413253
Álvaro Salas,2007,11,0.10785101940560299,7.837324131207231,0.013761204411101732
Álvaro Salas,2007,12,0.028585069996583924,7.837324131207231,0.0036472997056178655
Álvaro Salas,2007,13,0.1250256113852397,7.837324131207231,0.015952589084251803
Álvaro Salas,2007,19,0.1338974821784817,7.837324131207231,0.017084591620412752
Álvaro Salas,2007,20,0.020286094037210493,7.837324131207231,0.002588395439258897
Álvaro Salas,2007,25,0.1455541394679243,7.837324131207231,0.01857191779121986
Álvaro Salas,2007,28,1.0,7.837324131207231,0.12759456968458494
Óscar Gangas,1998,0,0.22408144945781214,2.5777516923563066,0.08692902816135122
Óscar Gangas,1998,2,1.0691660257706384,2.5777516923563066,0.4147668795799802
Óscar Gangas,1998,3,0.18638495120323167,2.5777516923563066,0.07230523861390946
Óscar Gangas,1998,4,0.9201862987630735,2.5777516923563066,0.3569724351230808
Óscar Gangas,1998,5,0.022429916624632392,2.5777516923563066,0.008701348811502222
Óscar Gangas,1998,6,0.1555030505369187,2.5777516923563066,0.060325069710176135
Óscar Gangas,2011,0,0.14109574493303326,5.129642192097772,0.027505962336006915
Óscar Gangas,2011,2,0.34321642822713516,5.129642192097772,0.06690845391825984
Óscar Gangas,2011,5,0.07965004045314113,5.129642192097772,0.015527406682641966
Óscar Gangas,2011,6,1.6365114947579265,5.129642192097772,0.31903034041613604
Óscar Gangas,2011,7,1.1092775974296734,5.129642192097772,0.21624853272193498
Óscar Gangas,2011,9,0.3799647781960161,5.129642192097772,0.07407237463489225
Óscar Gangas,2011,10,0.17250988427438552,5.129642192097772,0.03363000338310876
Óscar Gangas,2011,11,0.024687364266880337,5.129642192097772,0.004812687384884523
Óscar Gangas,2011,14,1.0,5.129642192097772,0.19494537095404096
Óscar Gangas,2011,18,0.041383369201070205,5.129642192097772,0.008067496260230666
Óscar Gangas,2011,22,0.20134549035851085,5.129642192097772,0.03925137130786317
