segment_row_idx,n_topics_above_threshold,probability_mass_above_threshold,top1_topic_id,top1_topic_name,top1_p_topic,top2_topic_id,top2_topic_name,top2_p_topic,show,year,decade,topic_final,topic_name_final,text_preview,topic_prob_gap_top1_top2
3252,3,0.3937464554188459,23,23_amante_marido_mujer_matrimonio,0.1559601704975108,15.0,15_hombres_mujeres_mujer_hombre,0.1545035990279971,Jenny Cavallo,2018,2010,15,15_hombres_mujeres_mujer_hombre,"Una dice eso siempre, porque en general no existe la mujer que diga como: «Está muy bien, mi amor, está muy bien lo que hiciste, porque si no hubieras hecho eso",0.0014565714695136955
2302,3,0.393243101764778,15,15_hombres_mujeres_mujer_hombre,0.1511519129090132,23.0,23_amante_marido_mujer_matrimonio,0.1504262089961327,Gigi Martin,2014,2010,15,15_hombres_mujeres_mujer_hombre,"y vienen hasta el día de hoy y se paran frente a mí esos gallos medios cocidos, pelucones, se paran frente a mí y dice: «¿Qué tal?». Y la larga en la huevada. Y",0.0007257039128804876
105,3,0.5492776093678406,14,14_ho_ho ho_aplauso_muchas,0.3152244806626598,6.0,6_quinta_vergara_público_quinta vergara,0.132180691297662,Edmundo Arrocet,1978,1970,14,14_ho_ho ho_aplauso_muchas,Ese es el maravilloso aplauso de la Quinta Vergara para un jugador como es Gigote Arrozet. ¡Más grande el aplauso para que vuelva!,0.1830437893649978
810,3,0.4567053055626974,22,22_verdad_agradecer_emocionado_quiero agradecer,0.2422766174979647,14.0,14_ho_ho ho_aplauso_muchas,0.1304618135896193,Los Indolatinos,1999,1990,22,22_verdad_agradecer_emocionado_quiero agradecer,"Ah. Venga, venga. Lo querido. Gracias, ustedes muy amables, muy gentiles, muy cariñosos, muy muy caluroso. Oye, que estamos abrazando aplauso. Demuénele un gran",0.11181480390834539
1352,3,0.346463050132208,27,27_soltera_bebé_arturo vidal_tinder,0.1321066335735014,23.0,23_amante_marido_mujer_matrimonio,0.1290792143950896,Paulo Iglesias,2005,2000,15,15_hombres_mujeres_mujer_hombre,"Gracias. Yo creo que lo más importante Yo creo Yo creo que lo más importante es mantener la salud mental a hecho la casa, compadre. Lo más importante es evitar ",0.0030274191784117888
1237,3,0.3696078658708782,27,27_soltera_bebé_arturo vidal_tinder,0.1391991518370249,15.0,15_hombres_mujeres_mujer_hombre,0.1239999396532956,Natalia Cuevas,2004,2000,15,15_hombres_mujeres_mujer_hombre,"En realidad es un tema que a mí me gusta tocar porque a mí me gusta ser bien directa. ¿No es cierto? ¿Y yo? Sí, ¿se escucha bien? Sí, ya. El texto para la mujer",0.015199212183729285
2324,3,0.3920073271330681,14,14_ho_ho ho_aplauso_muchas,0.1823524134415259,22.0,22_verdad_agradecer_emocionado_quiero agradecer,0.1238979908590926,Gigi Martin,2014,2010,14,14_ho_ho ho_aplauso_muchas,"Bueno, estoy feliz, esto está saliendo afuera, ya pasó todo. Estoy feliz y le agradezco a la gente que está escuchando afuera, a la galería, a la platea, a la t",0.05845442258243329
771,3,0.3822680905529618,22,22_verdad_agradecer_emocionado_quiero agradecer,0.1756684405020764,21.0,21_buenas noches_noches_buenas_pecadora,0.1224684023820453,Dino Gordillo,1998,1990,21,21_buenas noches_noches_buenas_pecadora,"...Gordillo. Muchísimas gracias, muy buenas noches. ¿Cómo están? ¿Todos bien? Eso, arriba me gusta, arriba del cerro lo mío ahí. Esa es la papa. Estoy mandando.",0.05320003812003109
224,3,0.3479788853760745,13,13_ay ay_salta salta_salta_ay,0.1412904352191657,29.0,29_reggaeton_calmado_dale_ten,0.1210806822738446,Pujillay,1990,1990,13,13_ay ay_salta salta_salta_ay,"El costillar es mío, me lo quieren quitar con Catalina Telias y tu gar tu gar salir a buscar con el grupo penitenciaría. Bueno, vamos a así entregarles con much",0.02020975294532111
470,3,0.3362291402137938,23,23_amante_marido_mujer_matrimonio,0.1197210485884068,15.0,15_hombres_mujeres_mujer_hombre,0.1190811464301031,Paulo Iglesias,1995,1990,26,26_celular_pegado_teléfono_whatsapp,"Esta noche quiero hablar de todo lo que está de moda. O sea, lo que está in. Todo lo que está... todo lo que está in, in, in, in. La ecología, por ejemplo, está",0.0006399021583037012
3447,3,0.4326506245284119,15,15_hombres_mujeres_mujer_hombre,0.2192150674933447,27.0,27_soltera_bebé_arturo vidal_tinder,0.1177522759708468,Jani Dueñas,2019,2010,15,15_hombres_mujeres_mujer_hombre,"No sean así. Yo cuando chica les cuento ¿Sabés qué? ¿Sabés qué? Les puedo contar igual. Les voy a contar igual. Yo cuando chica quería ser hombre. En serio, pri",0.10146279152249792
1976,3,0.5648019476941204,14,14_ho_ho ho_aplauso_muchas,0.3563465364311687,6.0,6_quinta_vergara_público_quinta vergara,0.1177075481128892,Zip-Zup,2012,2010,14,14_ho_ho ho_aplauso_muchas,"Que Dios le bendiga. Felicidades. Saludos, coronel. Chao, chao. El humor nuevamente triunfa aquí en la Quinta Vergara. Esta noche fue Zip Zup por primera vez en",0.2386389883182795
666,3,0.3753408151280274,22,22_verdad_agradecer_emocionado_quiero agradecer,0.1744143019573382,14.0,14_ho_ho ho_aplauso_muchas,0.116451974073724,Palta Meléndez,1997,1990,1,1_canción_almas_cantar_vivo vivo,"ni por casualidad. Bueno, señores, eso sería todo. Los voy a dejar en compañía de un amigo que yo contraté, que está cesante. Vamos, que me gusta la música. Señ",0.057962327883614204
2409,3,0.365199675423267,14,14_ho_ho ho_aplauso_muchas,0.1677309422281812,6.0,6_quinta_vergara_público_quinta vergara,0.1149270841286108,Dinamita Show,2015,2010,14,14_ho_ho ho_aplauso_muchas,"¿Qué estado? No, al aborto. Bueno, queremos agradecer a todos a los piratas que están aquí, que son mis primos, a mi familia. Bueno, en realidad les voy a conta",0.05280385809957039
739,3,0.3783658090325232,17,17_natalia_chiqui_alison_javiera,0.1781991207830278,3.0,3_humor_quinta_quinta vergara_vergara,0.1135858284454384,Gloria Benavides,1998,1990,3,3_humor_quinta_quinta vergara_vergara,"Y ahora es un momento importante, un momento para para distender el ambiente, para reírnos, para disfrutar con un artista que es una verdadera leyenda en Viña d",0.0646132923375894
2517,3,0.3405734664759647,22,22_verdad_agradecer_emocionado_quiero agradecer,0.1281495075282724,14.0,14_ho_ho ho_aplauso_muchas,0.1123139839475388,León Murillo,2015,2010,6,6_quinta_vergara_público_quinta vergara,"de Muchas gracias, de verdad. Este es el reconocimiento que aplaude tu trabajo que por años has estado haciendo en bares, en teatros, que has estado compartiend",0.01583552358073359
2355,3,0.3816513331286546,14,14_ho_ho ho_aplauso_muchas,0.1887658816467689,22.0,22_verdad_agradecer_emocionado_quiero agradecer,0.111993531230563,Payahop,2014,2010,14,14_ho_ho ho_aplauso_muchas,"Fue el estilo, fue la improvisación, la falla, el hip-hop de Andy y de Claudio. Ellos son falla. Desde chiquillos. Y desde la galería. Hasta todo este público q",0.0767723504162059
2358,3,0.523928805282275,14,14_ho_ho ho_aplauso_muchas,0.3263870262369221,22.0,22_verdad_agradecer_emocionado_quiero agradecer,0.1119270610968277,Payahop,2014,2010,14,14_ho_ho ho_aplauso_muchas,"Gracias, hermano, gracias. Gracias, Todorovic que nos ayudó mucho, muchas gracias. Oye, yo quiero la mía, por loco. Bueno, que me había prestado una. No, estáis",0.2144599651400944
2322,3,0.3375964504452801,14,14_ho_ho ho_aplauso_muchas,0.1368875529290434,6.0,6_quinta_vergara_público_quinta vergara,0.1105602934414317,Gigi Martin,2014,2010,6,6_quinta_vergara_público_quinta vergara,"Que sigo siendo aquel, el mismo. Muchas gracias. Así se despide. Gracias. Gigi Martin de la Quinta Vergara. Muchas gracias. Me he dado el gusto de mi vida. Grac",0.026327259487611693
1897,3,0.3381858317360783,22,22_verdad_agradecer_emocionado_quiero agradecer,0.1285119296902345,14.0,14_ho_ho ho_aplauso_muchas,0.1087842362318722,Dinamita Show,2012,2010,6,6_quinta_vergara_público_quinta vergara,"Gracias, Piña. ¿Cómo está mi querida y fiel galería? Los que llegan a las 6 de la tarde ahí. Ahí con aguante. ¿Cómo está mi querida y distinguida platea? ¿Cómo ",0.01972769345836231
2224,3,0.3173884384087041,14,14_ho_ho ho_aplauso_muchas,0.1198221207201417,6.0,6_quinta_vergara_público_quinta vergara,0.1062255045681685,Los Locos del Humor,2014,2010,14,14_ho_ho ho_aplauso_muchas,"todo el cariño del público. Adelante, Nacho. Por supuesto que los locos del humor ya vienen y reciben el aplauso de la gente aquí en el backstage. Vienen camina",0.013596616151973204
579,3,0.3326420326581443,19,19_través_mar_viña_viña mar,0.1331107121469268,17.0,17_natalia_chiqui_alison_javiera,0.1051534656886101,Dinamita Show,1996,1990,3,3_humor_quinta_quinta vergara_vergara,"Señoras y señores, hoy estamos aquí y es para presentarle el humor de la playa. Y a este dúo de Niña Marino. Maravillosos exponentes del humor chileno. Me toca ",0.027957246458316695
2100,3,0.3709506118490481,14,14_ho_ho ho_aplauso_muchas,0.1645372934655743,22.0,22_verdad_agradecer_emocionado_quiero agradecer,0.1045195730844873,Los Atletas de la Risa,2013,2010,14,14_ho_ho ho_aplauso_muchas,"y todo, menos eso. Sí, señor. Muchas gracias, chiquillos. Muchas gracias. Gracias, muchachos. Gracias por tanto cariño. Gracias. Y con esa emoción despedimos a ",0.060017720381087006
3250,3,0.31998378920709303,27,27_soltera_bebé_arturo vidal_tinder,0.1115546742259873,23.0,23_amante_marido_mujer_matrimonio,0.1045167320881519,Jenny Cavallo,2018,2010,4,4_chileno_chile_argentino_chilenos,"como que no oye llover. Porque el hombre, en general, amigo, yo los amo, estas son observaciones, no más. Ustedes si no están de acuerdo con lo que lo que yo di",0.007037942137835401
3422,3,0.3382377800103563,6,6_quinta_vergara_público_quinta vergara,0.1334801938579087,22.0,22_verdad_agradecer_emocionado_quiero agradecer,0.1039911709968422,Felipe Avello,2019,2010,6,6_quinta_vergara_público_quinta vergara,"Pero, igual fueron 20 años de larga trayectoria. Igual mi papá está bien enfermo, así que les va a agradecer harto eso. No, muy contento, muy feliz. Y ahora me ",0.029489022861066513
3280,3,0.3128967874921616,15,15_hombres_mujeres_mujer_hombre,0.1233721869573679,27.0,27_soltera_bebé_arturo vidal_tinder,0.1031697470999436,Stefan Kramer,2018,2010,15,15_hombres_mujeres_mujer_hombre,"potente. Un gurú. Tírate la cuatro. ¿Cuál es esa, güey? Está al lado de las cinco, ahuevonado. A tu mujer tienes que amarla. Por sobre todas las cosas. ¿Por qué",0.0202024398574243
2258,3,0.3495885846169538,6,6_quinta_vergara_público_quinta vergara,0.1649014845997636,14.0,14_ho_ho ho_aplauso_muchas,0.1025917023700844,Jorge Alís,2014,2010,6,6_quinta_vergara_público_quinta vergara,"Jorge, escúchalos. La gente se pone de pie. La Quinta Vergara no solamente aplaude a los que han estado varias veces en este escenario, sino que también es gene",0.062309782229679186
4417,3,0.3186633248070585,14,14_ho_ho ho_aplauso_muchas,0.1255250872643888,22.0,22_verdad_agradecer_emocionado_quiero agradecer,0.1022182247527988,Edo Caroe,2025,2020,6,6_quinta_vergara_público_quinta vergara,"Buenas noches, niña. No quiero mucho, pero en un gran público. Gracias. Chao. ¡Ay, sí te conozco! ¡Memorable! Así despedimos con un tremendo aplauso cariñoso. A",0.02330686251158999
2214,3,0.3735515686233382,14,14_ho_ho ho_aplauso_muchas,0.1789375450040265,22.0,22_verdad_agradecer_emocionado_quiero agradecer,0.1005990740152918,Los Locos del Humor,2014,2010,14,14_ho_ho ho_aplauso_muchas,"Un sueño alcanzado y una meta cumplida para Hugo... Cristian con todos tus aplausos. Gabriel, perdón, te cambiaste el nombre. Tucán, perdona es que te iba a dec",0.0783384709887347
1442,3,0.2794443245336053,17,17_natalia_chiqui_alison_javiera,0.0995778698193336,19.0,19_través_mar_viña_viña mar,0.0989341850559571,Julio Sabala,2006,2000,3,3_humor_quinta_quinta vergara_vergara,"Increíble. Oh, fiesta. ¿Quién dijo fiesta? ¡Fiesta! Quédate tranquilo, quédate tranquilo mejor. Porque, okay, nuestro próximo invitado viene a compartir con nos",0.0006436847633765064
296,3,0.288076541291088,14,14_ho_ho ho_aplauso_muchas,0.105624057649354,6.0,6_quinta_vergara_público_quinta vergara,0.0984164366517337,Hermógenes Conache,1991,1990,10,10_maestro_hora hora_ruperto_hora,"Si el jefe del mundo a Irene quién le habla. El mismo, señores. Nosotros, señores, debo de solucionar todos los problemas, señores. Que han venido Que han venid",0.00720762099762029
3582,3,0.3574643464331346,14,14_ho_ho ho_aplauso_muchas,0.1754133618156212,22.0,22_verdad_agradecer_emocionado_quiero agradecer,0.0981169029316238,Javiera Contador,2020,2020,14,14_ho_ho ho_aplauso_muchas,"Es muy emocionante todo, todo lo que está pasando, estar acá esta noche, este público, estar con la Mont Lafer, con la Fran Valenzuela, ustedes, ustedes, de ver",0.0772964588839974
2098,3,0.4541598084754874,14,14_ho_ho ho_aplauso_muchas,0.2658496953271067,6.0,6_quinta_vergara_público_quinta vergara,0.0980449945199644,Los Atletas de la Risa,2013,2010,14,14_ho_ho ho_aplauso_muchas,"Muchas gracias. Muchas gracias. Muchas gracias. Chao, chao, chao. El Gato, el Chino y el Guatón han deificado a la Quinta Vergara y han cumplido su sueño: estar",0.16780470080714233
539,3,0.3932128033965008,22,22_verdad_agradecer_emocionado_quiero agradecer,0.2175728175223208,14.0,14_ho_ho ho_aplauso_muchas,0.0953953967077124,Los Indolatinos,1996,1990,22,22_verdad_agradecer_emocionado_quiero agradecer,"Estamos con mucho ánimo, estamos muy contentos y queremos darle un agradecimiento muy especial a la prensa: al embriague, al disco, el freno, a los medios de co",0.1221774208146084
3619,3,0.343970225762139,6,6_quinta_vergara_público_quinta vergara,0.1558365825243326,22.0,22_verdad_agradecer_emocionado_quiero agradecer,0.0953826031281107,Ernesto Belloni,2020,2020,6,6_quinta_vergara_público_quinta vergara,"Muchas gracias. Yo Ah, muchas gracias. Se lo agradezco de corazón. Observa en esto. Yo sé que lo habíamos conversado con la madre y tú y hasta en un momento que",0.06045397939622191
2624,3,0.3726305184704584,22,22_verdad_agradecer_emocionado_quiero agradecer,0.1900576466824875,14.0,14_ho_ho ho_aplauso_muchas,0.0953442880294404,Edo Caroe,2016,2010,22,22_verdad_agradecer_emocionado_quiero agradecer,"te lo mereces, te lo mereces porque este es el cariño de la quinta Vergara, esta es la magia de este festival y sabemos también que estás emocionado y eso cuest",0.09471335865304711
3777,3,0.49821286347414995,14,14_ho_ho ho_aplauso_muchas,0.3078310465558711,22.0,22_verdad_agradecer_emocionado_quiero agradecer,0.0953143699007922,Pedro Ruminot,2020,2020,14,14_ho_ho ho_aplauso_muchas,"Un aplauso al amigo de los cuatro hijos. Un aplauso a Pancho. Un aplauso a Alvarito. Un aplauso a la orquesta. Y un aplauso a Marcelo, Pablo Artichondo. Ya nada",0.21251667665507892
2173,3,0.3379545157798742,14,14_ho_ho ho_aplauso_muchas,0.1527148999524177,6.0,6_quinta_vergara_público_quinta vergara,0.0951722945795543,Bastián Paz,2013,2010,6,6_quinta_vergara_público_quinta vergara,Bastián Paz. Para mí es un privilegio poder decirte esta noche que este público te regala la Antorcha de Plata. ¡Felicidades! ¡Bien! Vamos a hacer un esfuerzo. ,0.05754260537286339
2639,3,0.3523342036302767,6,6_quinta_vergara_público_quinta vergara,0.1735645706190766,17.0,17_natalia_chiqui_alison_javiera,0.0938734540978821,Edo Caroe,2016,2010,6,6_quinta_vergara_público_quinta vergara,"Muchas gracias, viña. Un día sin reír es un día perdido. Lo dijo Charles Chaplin. ¿Y tú lo tienes? Tatuado en tu brazo izquierdo ha sido una noche extraordinari",0.0796911165211945
312,3,0.4355835989435132,23,23_amante_marido_mujer_matrimonio,0.2523080751387231,15.0,15_hombres_mujeres_mujer_hombre,0.0925620857935095,Lucho Navarro,1992,1990,23,23_amante_marido_mujer_matrimonio,"te voy a comprar un cable para ese micrófono. Bueno, ¿qué desean escuchar? Ruido, quieren chistes cortos, me expliquen, ustedes mandan esta noche. No, eso no. E",0.1597459893452136
608,3,0.2934793196599302,19,19_través_mar_viña_viña mar,0.1175976051256969,3.0,3_humor_quinta_quinta vergara_vergara,0.0914190702218342,Dino Gordillo,1997,1990,3,3_humor_quinta_quinta vergara_vergara,"¿Quieren que continúe el humor en este escenario? Pues los vamos a dejar en compañía de Dino Cordillo nuevamente. Adelante. Gracias, muchísimas gracias. Muy ama",0.02617853490386271
2419,3,0.3121120421256551,6,6_quinta_vergara_público_quinta vergara,0.1384954123435801,14.0,14_ho_ho ho_aplauso_muchas,0.0912814984701463,Dinamita Show,2015,2010,6,6_quinta_vergara_público_quinta vergara,"Maravilloso, maravilloso, orgulloso de haber formado este dúo durante estos 27 años. Es maravilloso el recibimiento del público. Espero que lo hayan pasado muy ",0.047213913873433794
2507,3,0.2859431434763998,27,27_soltera_bebé_arturo vidal_tinder,0.1085390839604878,23.0,23_amante_marido_mujer_matrimonio,0.0887383632248787,León Murillo,2015,2010,15,15_hombres_mujeres_mujer_hombre,"En el lenguaje somos distintos, hombres y mujeres. Yo peleo siempre, discuto siempre con mi mujer, le digo, ""Mi amor, gordita, ¿sabes qué? Me llamaron los chiqu",0.019800720735609095
3826,3,0.2801871148273657,6,6_quinta_vergara_público_quinta vergara,0.1116289493003306,17.0,17_natalia_chiqui_alison_javiera,0.0883974060421195,Pamela Leiva,2023,2020,6,6_quinta_vergara_público_quinta vergara,"Qué fantástica esta fiesta. Qué fantástica esta noche. Un sueño hecho realidad. Tremendo aplauso para esta mujer, tremenda comediante, tremenda chilena también.",0.0232315432582111
4343,3,0.2840235132673455,22,22_verdad_agradecer_emocionado_quiero agradecer,0.1114228961749586,6.0,6_quinta_vergara_público_quinta vergara,0.0878926803534347,"Daniela ""Chiqui"" Aguayo",2025,2020,17,17_natalia_chiqui_alison_javiera,"Es muy emocionante volver a estar aquí. Gracias. Gracias por permitirme hacerlos reír tanto tiempo. ¿Qué va a ser decir la Ya, ¿Qué iba a decir la niña de nuevo",0.023530215821523898
2527,3,0.3741767940154441,6,6_quinta_vergara_público_quinta vergara,0.2023540586850343,17.0,17_natalia_chiqui_alison_javiera,0.0867606874751598,León Murillo,2015,2010,6,6_quinta_vergara_público_quinta vergara,"Claro que sí, Andrés, talento, carisma, era tu primer noche y tienes las dos gaviotas en la mano, León. Lo lo dije, primero que todo, a la quinta, a la gente qu",0.11559337120987451
3048,3,0.37515643051951486,6,6_quinta_vergara_público_quinta vergara,0.206489257916221,14.0,14_ho_ho ho_aplauso_muchas,0.0858308051603563,"Juan Luis ""Jajá"" Calderón",2017,2010,6,6_quinta_vergara_público_quinta vergara,"eran 150.000 pesos, huevón. Así que agarré los lentes, lo hice mierda. Lo único que hacen los huevones es aumentar la deuda, huevón. Muchas gracias, buenas noch",0.1206584527558647
3839,3,0.30355948068097,6,6_quinta_vergara_público_quinta vergara,0.1346449445695587,17.0,17_natalia_chiqui_alison_javiera,0.0848729150915441,Pamela Leiva,2023,2020,6,6_quinta_vergara_público_quinta vergara,Aquí. Ahí quedó Brasil. Ahí quedó Brasil. El estándar nacional tiene una nueva figura. La generación dorada de la comedia ya cuenta con una goleadora tremenda. ,0.049772029478014596
2906,3,0.3357661442439627,6,6_quinta_vergara_público_quinta vergara,0.1673546199447895,22.0,22_verdad_agradecer_emocionado_quiero agradecer,0.0846754383679327,Juan Pablo López,2017,2010,6,6_quinta_vergara_público_quinta vergara,"Gracias. Yo creo que todavía no te lo crees, ¿no? No, no, todavía no me lo creo. Tanto cariño, tanto amor. Que lo crea y para eso tiene que ser fuerte. Bájame l",0.0826791815768568
368,3,0.4403906348594049,17,17_natalia_chiqui_alison_javiera,0.2733016929665459,3.0,3_humor_quinta_quinta vergara_vergara,0.0838543527393591,Piña Colada,1993,1990,17,17_natalia_chiqui_alison_javiera,"Muchas gracias. Con emoción se retira Piña Colada. Un gran desafío: por primera vez en la televisión y por primera vez en Piña del Mar. Niña Colada, un nuevo hu",0.1894473402271868
4342,3,0.27283304607300973,22,22_verdad_agradecer_emocionado_quiero agradecer,0.1121172654153814,14.0,14_ho_ho ho_aplauso_muchas,0.0806700503583621,"Daniela ""Chiqui"" Aguayo",2025,2020,17,17_natalia_chiqui_alison_javiera,"aplauso del público, Chiqui, nuestra rebelde Chinguihuanao. Genial, divertida, libre. Sin filtro, sin temor. ¿Qué dirá la niña de lo que está sucediendo? Emocio",0.031447215057019307
2951,2,0.3267499083744604,23,23_amante_marido_mujer_matrimonio,0.164920366651915,15.0,15_hombres_mujeres_mujer_hombre,0.1618295417225454,"Daniela ""Chiqui"" Aguayo",2017,2010,15,15_hombres_mujeres_mujer_hombre,"Algo bastante más importante. Yo digo, ¿por qué los baños de mujeres no pueden pegar una advertencia en el espejo? Que diga, si usted se va usted va a beber, no",0.003090824929369601
3090,2,0.3455389011668708,6,6_quinta_vergara_público_quinta vergara,0.1841372841642729,14.0,14_ho_ho ho_aplauso_muchas,0.1614016170025979,Rodrigo Villegas,2017,2010,6,6_quinta_vergara_público_quinta vergara,"Gracias y muchas gracias, señoras y señores, porque eran Gracias por defenderme en la galería, de verdad. Gracias. Pero el público te sigue entregando cariño, R",0.02273566716167502
1268,2,0.384104463805035,14,14_ho_ho ho_aplauso_muchas,0.2231321262192057,22.0,22_verdad_agradecer_emocionado_quiero agradecer,0.1609723375858293,Los Indolatinos,2004,2000,14,14_ho_ho ho_aplauso_muchas,"una vez más. Muchas gracias. Ahora, dice. Dice: de un lado, otro lado, para adelante y para atrás, de cuneta a cuneta me voy. Borrachón soy. ¡Salud! Y el coro. ",0.0621597886333764
2848,2,0.4302723426778187,14,14_ho_ho ho_aplauso_muchas,0.2741670538942959,22.0,22_verdad_agradecer_emocionado_quiero agradecer,0.1561052887835228,Ricardo Meruane,2016,2010,14,14_ho_ho ho_aplauso_muchas,"Aquí, en tu presentación ha habido coraje, ha habido valentía; no significa no tener miedo, sino que seguiste actuando, fuiste un gladiador pese a la adversidad",0.1180617651107731
1508,2,0.4343698621551433,14,14_ho_ho ho_aplauso_muchas,0.2784854442340106,22.0,22_verdad_agradecer_emocionado_quiero agradecer,0.1558844179211327,Coco Legrand,2006,2000,14,14_ho_ho ho_aplauso_muchas,"Me voy con el cariño de ustedes que es lo que me ha estimulado siempre. Muchísimas gracias. Grande Coco, te queremos. Gracias. Bueno, algo más le vamos a decir.",0.12260102631287792
287,2,0.40639095695874394,14,14_ho_ho ho_aplauso_muchas,0.2526053092197541,22.0,22_verdad_agradecer_emocionado_quiero agradecer,0.1537856477389898,Hermógenes Conache,1991,1990,14,14_ho_ho ho_aplauso_muchas,"Muy sé que tengo amigos. Voy a invitar a Sandro mejor. Amigos. Oh, oh, oh. Nunca pude controlar la izquierda, señores. Buenas noches, muchas gracias. Un placer.",0.09881966148076429
2866,2,0.3416336853844158,23,23_amante_marido_mujer_matrimonio,0.1967031762631294,15.0,15_hombres_mujeres_mujer_hombre,0.1449305091212864,Juan Pablo López,2017,2010,5,5_colegio_niños_papá_hijo,"sin ni uno, pero con reparación profunda el huevón, ¿eh? No, sin putas partidas. Porque la mujer puede ganar menos que el hombre, incluso por la misma pega. Per",0.051772667141842976
2446,2,0.3227896317156481,15,15_hombres_mujeres_mujer_hombre,0.181835935262709,23.0,23_amante_marido_mujer_matrimonio,0.1409536964529391,Centella,2015,2010,15,15_hombres_mujeres_mujer_hombre,"que yo hoy día quiero mostrar lo contrario. Y es cierto que las chiquillas van a acompañar. Ella me dice una Eh, yo voy a ir al baño. Uy, yo también. Espérame, ",0.040882238809769905
3317,2,0.29297197007189324,6,6_quinta_vergara_público_quinta vergara,0.1525377473362928,14.0,14_ho_ho ho_aplauso_muchas,0.1404342227356004,Stefan Kramer,2018,2010,6,6_quinta_vergara_público_quinta vergara,"Gracias. Hasta siempre. Gracias, Piña. Hasta siempre. La presentación de Stefan Kramer recogiendo todos los aplausos y todo el cariño del público de la Quinta V",0.012103524600692389
2505,2,0.2944468538171531,23,23_amante_marido_mujer_matrimonio,0.1542787950287151,15.0,15_hombres_mujeres_mujer_hombre,0.140168058788438,León Murillo,2015,2010,15,15_hombres_mujeres_mujer_hombre,las cosas. Porque yo creo que ese es el principal error que comete uno cuando te vas a vivir en pareja. Empezar a exigirle a tu pareja que se comporte como ni q,0.014110736240277116
3146,2,0.3190801565167421,6,6_quinta_vergara_público_quinta vergara,0.1795213792069405,14.0,14_ho_ho ho_aplauso_muchas,0.1395587773098016,Bombo Fica,2018,2010,6,6_quinta_vergara_público_quinta vergara,"Muchas gracias, muchas gracias a todos. Fuerte el aplauso para este tremendo actor chileno, el señor Willy Benítez. Vuelve este escenario después de 35 años de ",0.039962601897138905
419,2,0.3971394745357913,22,22_verdad_agradecer_emocionado_quiero agradecer,0.2579316739012949,21.0,21_buenas noches_noches_buenas_pecadora,0.1392078006344964,"Jorge ""Chino"" Navarrete",1994,1990,22,22_verdad_agradecer_emocionado_quiero agradecer,enojemos. Que estén para que las disfrutemos. Los quiero. Gracias por todo y los llevo dentro de mi corazón a mi país. Espero pronto volver con ustedes. Gracias,0.11872387326679851
581,2,0.300395384976343,14,14_ho_ho ho_aplauso_muchas,0.1624565578027562,22.0,22_verdad_agradecer_emocionado_quiero agradecer,0.1379388271735868,Dinamita Show,1996,1990,22,22_verdad_agradecer_emocionado_quiero agradecer,"Gracias por el silencio, amigo, le queremos decir algo. Nos dieron 30 minutos, dejen trabajar. No, muchas gracias por el apoyo, estamos muy contentos. Yo estoy ",0.0245177306291694
3365,2,0.27033231017283266,23,23_amante_marido_mujer_matrimonio,0.1351706070685487,7.0,7_vieja_suegra_abuela_abuelita,0.135161703104284,Alejandra Azcárate,2018,2010,15,15_hombres_mujeres_mujer_hombre,"¿Pero por qué el papá espera un hombre? Si uno lo analiza, podría ser por una identificación de género más que natural, por conservar un legado, una tradición d",8.903964264700415e-06
4251,2,0.3651758906730518,6,6_quinta_vergara_público_quinta vergara,0.2301945541104678,14.0,14_ho_ho ho_aplauso_muchas,0.134981336562584,Alex Ortiz,2024,2020,6,6_quinta_vergara_público_quinta vergara,"Gracias. Gracias por el apoyo. Gracias por la buena onda, por sus risas. Soy Alex Ortiz. Nos vemos por ahí. Tóquelo mucho. Muchas gracias, De San Francisco a la",0.09521321754788381
3188,2,0.29687023836400583,23,23_amante_marido_mujer_matrimonio,0.1626642010148418,15.0,15_hombres_mujeres_mujer_hombre,0.134206037349164,Bombo Fica,2018,2010,15,15_hombres_mujeres_mujer_hombre,"empieza a inventar cuestiones y no se acuerda y eso también lo vamos a analizar porque está todo incluido de hecho las 15 lucas, así que le vamos a pedir a los ",0.0284581636656778
2405,2,0.37231348439922207,14,14_ho_ho ho_aplauso_muchas,0.2385596341179473,6.0,6_quinta_vergara_público_quinta vergara,0.1337538502812748,Dinamita Show,2015,2010,14,14_ho_ho ho_aplauso_muchas,Y aquí está para recibir también el aplauso de toda la Quinta Vergara. Esa mujer maravillosa que se acaba de ir a cambiar ropa en esta despedida: el Indio Mauri,0.10480578383667252
4256,2,0.3181817743276738,6,6_quinta_vergara_público_quinta vergara,0.1850216214143277,14.0,14_ho_ho ho_aplauso_muchas,0.1331601529133461,Alex Ortiz,2024,2020,6,6_quinta_vergara_público_quinta vergara,"Un comediante que se consagra en la Quinta Vergara. Muchas gracias, amigo, los quiero mucho. ¡Sencito! Y después de 10 años hoy día lo vemos llegar a lo más alt",0.05186146850098161
358,2,0.2802965730564475,3,3_humor_quinta_quinta vergara_vergara,0.1474788365415313,19.0,19_través_mar_viña_viña mar,0.1328177365149162,Piña Colada,1993,1990,3,3_humor_quinta_quinta vergara_vergara,"El debut en este escenario de Piña Colada. Un humor muy nuestro, un humor popular, un humor contingente. En esta noche de festival hay un largo camino que recor",0.014661100026615081
2969,2,0.3326368147391484,23,23_amante_marido_mujer_matrimonio,0.2019064117969831,15.0,15_hombres_mujeres_mujer_hombre,0.1307304029421653,"Carlos ""El Mono"" Sánchez",2017,2010,26,26_celular_pegado_teléfono_whatsapp,"para acá, que para pararse frente al monstruo hay que ser valiente. Sí. Pero le voy a decir, ""Señoras, ¿qué es ser valiente?"" Ser valiente es darle la clave del",0.07117600885481778
3366,2,0.2653630161422052,7,7_vieja_suegra_abuela_abuelita,0.1354114454353923,23.0,23_amante_marido_mujer_matrimonio,0.1299515707068129,Alejandra Azcárate,2018,2010,15,15_hombres_mujeres_mujer_hombre,"Al principio uno al hombre le saca invitaciones y alegría, después compromiso y cría, más adelante uno le saca plata, ya al final uno lo saca al sol. En el caso",0.005459874728579395
3142,2,0.3445346833830879,6,6_quinta_vergara_público_quinta vergara,0.2150908241136079,14.0,14_ho_ho ho_aplauso_muchas,0.12944385926948,Bombo Fica,2018,2010,6,6_quinta_vergara_público_quinta vergara,"Es el gran Willy Benítez. ¡Ahí está! Muy bien, un fuerte aplauso para él. Hola, ¿qué tal? Excelente, eso era. Quiero que le demos un fuerte aplauso a mi valet. ",0.0856469648441279
1868,2,0.3401239761337659,14,14_ho_ho ho_aplauso_muchas,0.2132229873040217,6.0,6_quinta_vergara_público_quinta vergara,0.1269009888297442,Óscar Gangas,2011,2010,6,6_quinta_vergara_público_quinta vergara,"Para el señor Óscar Ganga. Que con fuerza, con valentía, se puede triunfar en el escenario de la Quinta Vergara, que este público da segundas oportunidades, que",0.08632199847427749
1321,2,0.271863911986175,21,21_buenas noches_noches_buenas_pecadora,0.1452112878068891,22.0,22_verdad_agradecer_emocionado_quiero agradecer,0.1266526241792859,Felo,2005,2000,21,21_buenas noches_noches_buenas_pecadora,"Me está gustando. Pero la verdad que la canción termina sin rima, termina sencillamente así: ""Si quiere usted su jardín cuanto antes, venga al burrito y le arre",0.018558663627603195
3145,2,0.25690313389929376,6,6_quinta_vergara_público_quinta vergara,0.1315172145413762,14.0,14_ho_ho ho_aplauso_muchas,0.1253859193579176,Bombo Fica,2018,2010,6,6_quinta_vergara_público_quinta vergara,"Se pasaron. Un aplauso para ustedes. El mejor público que yo tenía. Nuevamente un fuerte aplauso para mis bailarines. Bueno. Gracias. Todo esto, gracias, chicas",0.0061312951834585905
4480,2,0.29691060870365293,6,6_quinta_vergara_público_quinta vergara,0.1722710197581603,14.0,14_ho_ho ho_aplauso_muchas,0.1246395889454926,Juan Pablo López,2025,2020,6,6_quinta_vergara_público_quinta vergara,"Maciza, tremenda la presentación de este comediante. Juan Pablo López se despide de Piña 2025. Gaviotas de plata, gaviotas de oro se lleva Juan Pablo López desp",0.04763143081266771
1710,2,0.2713293110896073,6,6_quinta_vergara_público_quinta vergara,0.1481704955223066,14.0,14_ho_ho ho_aplauso_muchas,0.1231588155673007,Stefan Kramer,2008,2000,6,6_quinta_vergara_público_quinta vergara,"Antorcha de Plata. A dormir porque ya está. Bueno, ahí nos vamos. Roncolita con una una piscolita. Bueno, tenemos la Antorcha de Plata. Tenemos la de Oro. Está ",0.025011679955005903
2317,2,0.4514953486440093,6,6_quinta_vergara_público_quinta vergara,0.3285933216213643,14.0,14_ho_ho ho_aplauso_muchas,0.122902027022645,Gigi Martin,2014,2010,6,6_quinta_vergara_público_quinta vergara,"Algo te estaba diciendo el público y tú te fuiste a una fiesta de empresa, escucha, por favor. Muchísimas gracias, gracias, gracias. Porque lo hiciste reír. Mar",0.2056912945987193
1231,2,0.2640237871756679,3,3_humor_quinta_quinta vergara_vergara,0.141753751619491,17.0,17_natalia_chiqui_alison_javiera,0.1222700355561769,Natalia Cuevas,2004,2000,17,17_natalia_chiqui_alison_javiera,"Muy bien, ¿quieren comenzar a reír? ¿Les parece bien? Para pasar el frío de esta noche, el calor lo trae nuestra próxima invitada. Comenzó bailando en el munici",0.019483716063314102
1524,2,0.3494463392986669,6,6_quinta_vergara_público_quinta vergara,0.2290934860322675,14.0,14_ho_ho ho_aplauso_muchas,0.1203528532663994,Ruperto,2006,2000,6,6_quinta_vergara_público_quinta vergara,"Bueno, le presento a su público, la quinta Vergara. El lindo el lindo el monstruo, ah. Gracias. El lindo. Le voy a decir un aplauso mucho. Pero es lo que estamo",0.10874063276586811
932,2,0.30221150341643577,24,24_amor_dije_pa_pa pa,0.1833352955701477,27.0,27_soltera_bebé_arturo vidal_tinder,0.1188762078462881,Memo Bunke,2000,2000,24,24_amor_dije_pa_pa pa,"mejor, las mujeres no me faltan."" ¿A dónde la viste? Me dijo: ""Llegaste solo"". Igual que a che que había comunicación. Cuando hay comunicación lo que uno quiere",0.06445908772385958
3304,2,0.3015645463395388,6,6_quinta_vergara_público_quinta vergara,0.1829053285903198,14.0,14_ho_ho ho_aplauso_muchas,0.118659217749219,Stefan Kramer,2018,2010,6,6_quinta_vergara_público_quinta vergara,Hasta pronto. Muchas gracias a todos ustedes. La participación de una de las estrellas más brillantes que hemos visto en los últimos meses en nuestro país. Mile,0.0642461108411008
1696,2,0.2962005171889071,6,6_quinta_vergara_público_quinta vergara,0.1777111252145429,14.0,14_ho_ho ho_aplauso_muchas,0.1184893919743642,Stefan Kramer,2008,2000,6,6_quinta_vergara_público_quinta vergara,"La participación de una de las estrellas más brillantes que hemos visto en los últimos meses en nuestro país. Miles, cientos de personalidades solo en un alma y",0.05922173324017871
3719,2,0.5301591942881885,6,6_quinta_vergara_público_quinta vergara,0.4122144274233833,14.0,14_ho_ho ho_aplauso_muchas,0.1179447668648051,"Paul Vásquez ""El Flaco""",2020,2020,6,6_quinta_vergara_público_quinta vergara,"Oye, Flaco, ya llevamos seis hijos pues, ven para acá mejor. Mira, mira qué lindo, mira. Vaya a saludar a la hinchada. Vaya a saludar a la hinchada ya. Mire, mi",0.2942696605585782
2638,2,0.300976730634767,21,21_buenas noches_noches_buenas_pecadora,0.1833295696663805,22.0,22_verdad_agradecer_emocionado_quiero agradecer,0.1176471609683865,Edo Caroe,2016,2010,21,21_buenas noches_noches_buenas_pecadora,"Ya, muchas gracias, Viña, por este momento. Nos vemos en una próxima oportunidad.",0.06568240869799401
1714,2,0.2927838836940119,6,6_quinta_vergara_público_quinta vergara,0.1751720049004575,14.0,14_ho_ho ho_aplauso_muchas,0.1176118787935544,Stefan Kramer,2008,2000,6,6_quinta_vergara_público_quinta vergara,"Quiero cantar, pero por qué me cierran? Hasta siempre. Gracias, hasta siempre. La presentación de Stefan Kramer recogiendo todos los aplausos y todo el cariño d",0.0575601261069031
1073,2,0.3070823708612787,21,21_buenas noches_noches_buenas_pecadora,0.1900615963512134,22.0,22_verdad_agradecer_emocionado_quiero agradecer,0.1170207745100653,Memo Bunke y Natalia Cuevas,2001,2000,21,21_buenas noches_noches_buenas_pecadora,"Gracias. El aplauso, el aplauso vino de arriba y también de abajo esta noche. Muchas gracias. Queda algo para despedirnos. Queda algo para despedirse. Porque es",0.07304082184114809
1968,2,0.3404210387064728,6,6_quinta_vergara_público_quinta vergara,0.2250752751878937,14.0,14_ho_ho ho_aplauso_muchas,0.1153457635185791,Zip-Zup,2012,2010,6,6_quinta_vergara_público_quinta vergara,"Felicidades. Que Dios le bendiga. Chao, chao. Gracias a ti, Sisub. Durante 12 años la perseverancia, el trabajo y mucho esfuerzo lo viaron hasta su sueño. Estar",0.10972951166931459
3626,2,0.3664478187604279,6,6_quinta_vergara_público_quinta vergara,0.2511765659567594,14.0,14_ho_ho ho_aplauso_muchas,0.1152712528036685,Ernesto Belloni,2020,2020,6,6_quinta_vergara_público_quinta vergara,"insegura. Ernesto Beloni se suma a la lista de triunfadores de los comediantes... ¡Muchas gracias!... en Viña del Mar y ahora celebrar como Che Pe te manda, Ern",0.1359053131530909
983,2,0.3358651917939891,6,6_quinta_vergara_público_quinta vergara,0.2207092401701981,14.0,14_ho_ho ho_aplauso_muchas,0.115155951623791,Coco Legrand,2000,2000,6,6_quinta_vergara_público_quinta vergara,Pero me gustaría mirar a la autoridad. Me gustaría contar con la aprobación de todos. Y ver si se puede hacer la excepción. Señoras y señores: para mí es un gus,0.10555328854640711
789,2,0.2421313588098806,3,3_humor_quinta_quinta vergara_vergara,0.1273577333715864,19.0,19_través_mar_viña_viña mar,0.1147736254382942,Dino Gordillo,1998,1990,3,3_humor_quinta_quinta vergara_vergara,"No lo hagamos sufrir más. Para Dino Gordillo, que nos vino a hacer reír y terminó llorando. ¡Ay, Gaviota en Viña del Mar!",0.012584107933292205
2442,2,0.2411327888268682,6,6_quinta_vergara_público_quinta vergara,0.1265786386147914,14.0,14_ho_ho ho_aplauso_muchas,0.1145541502120768,Centella,2015,2010,6,6_quinta_vergara_público_quinta vergara,"De este humilde y gran humorista Santella en la quinta para acá. Acompáñenos, venga para acá, por favor, no se vaya. Debutando en este escenario que ha sido un ",0.012024488402714612
3314,2,0.2760832108423529,6,6_quinta_vergara_público_quinta vergara,0.1616599878488069,14.0,14_ho_ho ho_aplauso_muchas,0.114423222993546,Stefan Kramer,2018,2010,6,6_quinta_vergara_público_quinta vergara,"Qué grande Stefan Kramer. Ven, ven para acá, Stefan. Stefan Kramer. Ven para acá. Ven para acá, Stefan. Tremendo show, tremendo artista. Gracias, talento, recib",0.04723676485526089
3669,2,0.41227332532771355,6,6_quinta_vergara_público_quinta vergara,0.2982512753646092,14.0,14_ho_ho ho_aplauso_muchas,0.1140220499631043,Fusión Humor,2020,2020,6,6_quinta_vergara_público_quinta vergara,"Un premio al mérito. ¿Cuántos años se sacrificaron para llegar a la Quinta Vergara para cumplir este sueño, Bodoque? Antes de salir al escenario quiero contar q",0.1842292254015049
1711,2,0.2728779635419504,6,6_quinta_vergara_público_quinta vergara,0.1596176987994585,14.0,14_ho_ho ho_aplauso_muchas,0.1132602647424919,Stefan Kramer,2008,2000,6,6_quinta_vergara_público_quinta vergara,"Últimos minutos de humor de Esteban sobre este escenario. Falta Meléndez, quien estuvo el año pasado también con nosotros, aplaude de pie. A Esteban Kramer. ¿Va",0.0463574340569666
3512,2,0.4013139494052858,6,6_quinta_vergara_público_quinta vergara,0.2882112636204715,14.0,14_ho_ho ho_aplauso_muchas,0.1131026857848143,Mauricio Palma,2019,2010,6,6_quinta_vergara_público_quinta vergara,"¿un poquito más? Por supuesto que sí. Eso, entonces, prepárese la quinta Vergara. Dejamos con ustedes nuevamente a Mauricio Palma. ¡Fuerte el aplauso para Mauri",0.1751085778356572
2306,2,0.3385692301841098,27,27_soltera_bebé_arturo vidal_tinder,0.22618626517869,25.0,25_bailar_fiesta_bailemos_baile,0.1123829650054198,Gigi Martin,2014,2010,25,25_bailar_fiesta_bailemos_baile,"la huevada así. Y siempre la vista abajo, ah, siempre te mirás y le apuntás los zapatos y los tacos, ahí no va. Ahí. Por una falta de personalidad, por la cabez",0.1138033001732702
1436,2,0.42889106475576266,6,6_quinta_vergara_público_quinta vergara,0.3168362115506746,14.0,14_ho_ho ho_aplauso_muchas,0.1120548532050881,Carlos García,2006,2000,6,6_quinta_vergara_público_quinta vergara,"Claro que sí. Si ustedes lo dijeron, o si ustedes lo aplaudieron, es porque el hombre tiene talento. Pero de esta forma terminamos con la presentación del humor",0.2047813583455865
3052,2,0.308798464132307,14,14_ho_ho ho_aplauso_muchas,0.1978327897719156,6.0,6_quinta_vergara_público_quinta vergara,0.1109656743603914,"Juan Luis ""Jajá"" Calderón",2017,2010,14,14_ho_ho ho_aplauso_muchas,"Gracias. Gracias, Jaja. Recibe este aplauso. Y así despedimos a Jaja Candeón. Gruñó esta noche aquí en la Quinta Vergara. Un fuerte aplauso. Nosotros nos vamos ",0.0868671154115242
2625,2,0.3991918752581976,6,6_quinta_vergara_público_quinta vergara,0.289084033004736,14.0,14_ho_ho ho_aplauso_muchas,0.1101078422534616,Edo Caroe,2016,2010,6,6_quinta_vergara_público_quinta vergara,"Entonces dejamos sobre la quinta Vergara, a más de Edo Caroe. Muchas gracias. Bien. ¡Ah! ¡Ah, gracias! Bien, eh, po, qué tremendo, muchas gracias, de verdad. Eh",0.1789761907512744
820,2,0.31115780309556884,6,6_quinta_vergara_público_quinta vergara,0.2013424126668902,14.0,14_ho_ho ho_aplauso_muchas,0.1098153904286786,Los Indolatinos,1999,1990,6,6_quinta_vergara_público_quinta vergara,"Buena leche en el corazón. Muchas gracias, mira al cine. Gracias. Juan. Chao. Muchas gracias. Juan Lucho. Muchas gracias. Adiós. Hola, hola. Juan Lucho, queremo",0.0915270222382116
1880,2,0.23781649355915568,21,21_buenas noches_noches_buenas_pecadora,0.1283292890489745,22.0,22_verdad_agradecer_emocionado_quiero agradecer,0.1094872045101812,Ricardo Meruane,2011,2010,21,21_buenas noches_noches_buenas_pecadora,"Así, ah, gracias, chico, no se molesta, ¿ah? Pero historias que no se pueden dejar de contar, ¿no? Muy amable, gracias, gracias. Historias que no se pueden deja",0.01884208453879331
670,2,0.30923352082754363,6,6_quinta_vergara_público_quinta vergara,0.2001233831268867,14.0,14_ho_ho ho_aplauso_muchas,0.1091101377006569,Palta Meléndez,1997,1990,6,6_quinta_vergara_público_quinta vergara,"Nos alegramos por el Falcao, nos alegramos por el festival. Nos vamos a separar de un instante para llegar a la parte final de esta noche donde todos más Falcao",0.09101324542622981
2215,2,0.24658437814953937,6,6_quinta_vergara_público_quinta vergara,0.1376945234042768,14.0,14_ho_ho ho_aplauso_muchas,0.1088898547452626,Los Locos del Humor,2014,2010,6,6_quinta_vergara_público_quinta vergara,"El público de la Quinta Vergara quiere seguir premiándolos porque se robaron el corazón de todos ustedes porque regalaron risas, nos hicieron disfrutar y esta n",0.028804668659014196
3789,2,0.2257718741054632,16,16_comida_comer_dieta_mamá,0.1170718502246198,11.0,11_hijos_mamá_papá_hijo,0.1087000238808434,Pamela Leiva,2023,2020,11,11_hijos_mamá_papá_hijo,Porque mi hermana mi hermana repitió la misma historia de mi mamá y tiene dos hijas también por de distinto papá. Entonces en mi casa tenemos todos apellidos di,0.008371826343776395
1009,2,0.3392773685712392,14,14_ho_ho ho_aplauso_muchas,0.2316663812493591,6.0,6_quinta_vergara_público_quinta vergara,0.1076109873218801,Dino Gordillo,2000,2000,14,14_ho_ho ho_aplauso_muchas,"Pero hay algo que el monstruo nos quiere decir, Antonio. Pero no se escucha muy fuerte. «Dino». Dino vino enfermo esta noche, pero ahora se va a mejorar con la ",0.124055393927479
467,2,0.32961529899532227,22,22_verdad_agradecer_emocionado_quiero agradecer,0.222864441702929,21.0,21_buenas noches_noches_buenas_pecadora,0.1067508572923933,Gloria Benavides,1995,1990,22,22_verdad_agradecer_emocionado_quiero agradecer,"Yo no lo quiero dejar. Hoy mi función yo aquí y me siento muy feliz. Mis amigos me acompañan. El show llegó hasta aquí Y somos amigos de la ilusión, unidos para",0.1161135844105357
3356,2,0.27830531359373356,24,24_amor_dije_pa_pa pa,0.1718385822678007,27.0,27_soltera_bebé_arturo vidal_tinder,0.1064667313259329,Alison Mandel,2018,2010,2,2_chiste_programa_hoy hoy_chistes,"sentimos que estamos más bonitas. Es como, ""Bueno, hoy día desperté muy bonita."" Salí de la casa, iba caminando sin minísima y él venía caminando de lejos mirán",0.06537185094186779
2619,2,0.3154151992894144,21,21_buenas noches_noches_buenas_pecadora,0.2097630360429193,22.0,22_verdad_agradecer_emocionado_quiero agradecer,0.1056521632464951,Edo Caroe,2016,2010,21,21_buenas noches_noches_buenas_pecadora,"Tengo más rutina. Muchas gracias, pero tengo más rutina. ¡Qué bonito!",0.1041108727964242
671,2,0.2585477758829603,14,14_ho_ho ho_aplauso_muchas,0.1534571429177569,22.0,22_verdad_agradecer_emocionado_quiero agradecer,0.1050906329652034,Palta Meléndez,1997,1990,5,5_colegio_niños_papá_hijo,"Ya. Bueno, gracias. La verdad que estaba más nervioso que el camarín de la selección. Y Antonio, perdóneme, yo quiero felicitarlo por estos 22 años porque yo me",0.04836650995255348
1865,2,0.22584784523275148,22,22_verdad_agradecer_emocionado_quiero agradecer,0.1209439338536609,21.0,21_buenas noches_noches_buenas_pecadora,0.1049039113790906,Óscar Gangas,2011,2010,22,22_verdad_agradecer_emocionado_quiero agradecer,"No. Amigas y amigos, buenas noches. Breve: yo sé que los breves son los buenos cuando es breve, doblemente.",0.0160400224745703
297,2,0.23628403638508333,14,14_ho_ho ho_aplauso_muchas,0.1316523551099363,22.0,22_verdad_agradecer_emocionado_quiero agradecer,0.104631681275147,Hermógenes Conache,1991,1990,3,3_humor_quinta_quinta vergara_vergara,"para el alcalde, a la gente de Concepción, a todo el mundo. Gracias. Gracias, Antonio. Gracias, Paulina. Nada que ver. Gracias, buenas noches. De buen humor est",0.027020673834789302
3082,2,0.3867301933483204,27,27_soltera_bebé_arturo vidal_tinder,0.2823298606345337,25.0,25_bailar_fiesta_bailemos_baile,0.1044003327137867,Rodrigo Villegas,2017,2010,27,27_soltera_bebé_arturo vidal_tinder,"Pero con respeto, vamos que se puede, vamos que se puede. Que nadie esté los guatones, no tenemos éxito con las mujeres y ese silencio otorga. Yo voy, por ejemp",0.177929527920747
1657,2,0.3449591311698003,6,6_quinta_vergara_público_quinta vergara,0.2405847316531558,14.0,14_ho_ho ho_aplauso_muchas,0.1043743995166445,Palta Meléndez,2007,2000,6,6_quinta_vergara_público_quinta vergara,De Juan Carlos Falcao Meléndez venciendo los miedos sobre este escenario con un público que recoge a través de sus aplausos sus buenos momentos de humor. Es así,0.1362103321365113
137,2,0.2737514367027047,22,22_verdad_agradecer_emocionado_quiero agradecer,0.1695898208598223,21.0,21_buenas noches_noches_buenas_pecadora,0.1041616158428824,Jorge Romero,1979,1970,21,21_buenas noches_noches_buenas_pecadora,"¿Cómo están? Muchas... muchas... finu. Los tengo dominados, son, son míos, son míos todos. Entonces ahora, gracias por esa. Yo creía que era el autor...",0.0654282050169399
59,2,0.2697933937391495,6,6_quinta_vergara_público_quinta vergara,0.1658316937710265,14.0,14_ho_ho ho_aplauso_muchas,0.103961699968123,Los Muleros,1976,1970,6,6_quinta_vergara_público_quinta vergara,"Van a volver a estar con nosotros, pero antes quiero decirle que, en nombre de la Comisión Organizadora de este 17.º Festival Internacional de la Canción de Viñ",0.06186999380290349
3212,2,0.253249851563907,19,19_través_mar_viña_viña mar,0.150013715884973,3.0,3_humor_quinta_quinta vergara_vergara,0.103236135678934,Bombo Fica,2018,2010,17,17_natalia_chiqui_alison_javiera,"Gracias a ti, Bombo, tremendo espectáculo y así Bombo Fica cierra la primera de seis noches de humor que tendrá, por supuesto, Viña 2018. Muchas gracias, Bombo ",0.046777580206039004
3844,2,0.2338318622603318,27,27_soltera_bebé_arturo vidal_tinder,0.1309185916549381,25.0,25_bailar_fiesta_bailemos_baile,0.1029132706053937,Diego Urrutia,2023,2020,23,23_amante_marido_mujer_matrimonio,"Ahora el fuerte grito de los hombres. ¿Por qué ocurre ese fenómeno? Hay cachado que siempre en los festivales dicen, ""Las mujeres, los hombres."" Como que te aga",0.02800532104954441
1180,2,0.25731208821407303,14,14_ho_ho ho_aplauso_muchas,0.1544356906875153,22.0,22_verdad_agradecer_emocionado_quiero agradecer,0.1028763975265577,Natalia Cuevas,2003,2000,14,14_ho_ho ho_aplauso_muchas,Un gran aplauso para mi gran artista y mi gran amigo Antonio de Marcos y papel de Juanga que quiso compartir esta noche tan especial conmigo a la Quinta Vergara,0.051559293160957614
3511,2,0.24888488701357508,6,6_quinta_vergara_público_quinta vergara,0.146052851134897,14.0,14_ho_ho ho_aplauso_muchas,0.1028320358786781,Mauricio Palma,2019,2010,6,6_quinta_vergara_público_quinta vergara,"¡Aplauso para Mauricio! Se atrevió. Mucha gente lo veía como una apuesta. Lleva mucho rato en la quinta haciendo reír, allá arriba y también acá abajo. Quiero a",0.04322081525621889
1642,2,0.5544199449422137,21,21_buenas noches_noches_buenas_pecadora,0.4519524445725801,22.0,22_verdad_agradecer_emocionado_quiero agradecer,0.1024675003696336,Palta Meléndez,2007,2000,21,21_buenas noches_noches_buenas_pecadora,...historia de la gente. ¡Viva el gobierno político! Gracias. Aquí queda demostrado que se puede hacer un gobierno con altura de mira. Muy buenas noches. Muchas,0.3494849442029465
343,2,0.34346818799832324,21,21_buenas noches_noches_buenas_pecadora,0.2414223295056414,22.0,22_verdad_agradecer_emocionado_quiero agradecer,0.1020458584926818,Sandy,1993,1990,21,21_buenas noches_noches_buenas_pecadora,"Vamos a estar nuevamente con toda seguridad. Mil gracias por esta receptividad, de verdad, que me hayan escuchado. Gracias, gracias. Gracias que me hayan escuch",0.1393764710129596
1165,2,0.2291362651267562,6,6_quinta_vergara_público_quinta vergara,0.1271714852422552,14.0,14_ho_ho ho_aplauso_muchas,0.101964779884501,Vanessa Miller,2003,2000,6,6_quinta_vergara_público_quinta vergara,"El aplauso para Vanessa Miller, la nana argentina, Bárbara Pelorri, que esta noche tuvo en Viña del Mar. Entrégale la medalla, por favor.",0.025206705357754183
81,2,0.2111103755659334,17,17_natalia_chiqui_alison_javiera,0.1097092849327873,19.0,19_través_mar_viña_viña mar,0.1014010906331461,Gloria Benavides,1977,1970,6,6_quinta_vergara_público_quinta vergara,"Hemos regalado ya dos gaviotas con el corazón de nosotros, pero la gaviota de Viña del Mar la recibe Gloria Benavides esta noche. Y el director artístico del fe",0.008308194299641192
227,2,0.2630279731100781,29,29_reggaeton_calmado_dale_ten,0.1618901023260132,13.0,13_ay ay_salta salta_salta_ay,0.1011378707840649,Pujillay,1990,1990,29,29_reggaeton_calmado_dale_ten,"¿Cuánta semana se me va a tener que operar? Bueno, usted tendría que preguntarse al doctor, pero nosotros estamos pintando aquí. Bueno. Ahora sí. Aquí no es cue",0.060752231541948296
1926,2,0.3054436786521214,29,29_reggaeton_calmado_dale_ten,0.2044274571214457,13.0,13_ay ay_salta salta_salta_ay,0.1010162215306757,Dinamita Show,2012,2010,29,29_reggaeton_calmado_dale_ten,"Si quieren bailar, chicos, yo les voy a enseñar unos pasos para que vacilen acá en Piña del Mar y después inviten al jurado y se una manera nada que que el pozo",0.10341123559076999
35,2,0.20660858353475192,19,19_través_mar_viña_viña mar,0.1056782317210055,3.0,3_humor_quinta_quinta vergara_vergara,0.1009303518137464,Hugo Goodman,1974,1970,17,17_natalia_chiqui_alison_javiera,"Su trabajo en cine en Estados Unidos y en México le ha valido ser, hoy día, la figura extranjera más importante dentro de su género artístico en esos países. Eu",0.004747879907259098
2101,2,0.34734844493351047,14,14_ho_ho ho_aplauso_muchas,0.2466568314392472,22.0,22_verdad_agradecer_emocionado_quiero agradecer,0.1006916134942633,Los Atletas de la Risa,2013,2010,14,14_ho_ho ho_aplauso_muchas,"sacrificio Gracias, atleta Gracias, señor. 25 años de sacrificio. Arrancando en la calle para poder actuar y llevar el sustento a nuestra familia. 20 años en la",0.1459652179449839
1570,2,0.2083355141957898,11,11_hijos_mamá_papá_hijo,0.1078510194056029,16.0,16_comida_comer_dieta_mamá,0.1004844947901869,Álvaro Salas,2007,2000,11,11_hijos_mamá_papá_hijo,"Y repito balagüería al frente, pasa una niñita de 10 años. Y uno le dice al otro, ahora está vieja, pero vea, ha sido bien rica. Yo no sé a qué estaba jugando e",0.007366524615416009
1013,2,0.27616597480532523,19,19_través_mar_viña_viña mar,0.1763562294840508,3.0,3_humor_quinta_quinta vergara_vergara,0.0998097453212744,Dino Gordillo,2000,2000,19,19_través_mar_viña_viña mar,"esta noche, un hombre de risa fácil. Una vez más triunfa el humor de Dino Bordillo en la Quinta Vergara. Nuestra noche de clausura en el 41º Festival Internacio",0.0765464841627764
1953,2,0.1987988876160578,24,24_amor_dije_pa_pa pa,0.0996137953453416,27.0,27_soltera_bebé_arturo vidal_tinder,0.0991850922707162,Zip-Zup,2012,2010,24,24_amor_dije_pa_pa pa,"página de Facebook, ha puesto que va a conchar amigo, puede conchar hasta por lolo, se puede hasta casar, acuérdese mandar una foto. Ya me dijo, ""Le voy a hacer",0.0004287030746253917
1697,2,0.4286444512445055,22,22_verdad_agradecer_emocionado_quiero agradecer,0.329468196555262,14.0,14_ho_ho ho_aplauso_muchas,0.0991762546892435,Stefan Kramer,2008,2000,22,22_verdad_agradecer_emocionado_quiero agradecer,"Gracias, cara dura. Sí, le agradezco a todo el público. Estoy muy emocionado y le agradezco de corazón. Gracias. Mi prima. Esteban Kramer en su primera presenta",0.23029194186601848
2545,2,0.38659694551930646,29,29_reggaeton_calmado_dale_ten,0.2876471090072373,25.0,25_bailar_fiesta_bailemos_baile,0.0989498365120692,Arturo Ruiz-Tagle,2015,2010,9,9_auto_dijo dijo_micro_carabineros,"Los cabros de ahora no bailan lento. ¿Y para qué, po? Si al primer reggaeton, ¡fa! Al muslo. Con esa letra, ""Esta noche va a ser mi señora, va a ser mi señora.""",0.18869727249516807
2720,2,0.2048236025312073,27,27_soltera_bebé_arturo vidal_tinder,0.1062263173576317,24.0,24_amor_dije_pa_pa pa,0.0985972851735756,Natalia Valdebenito,2016,2010,7,7_vieja_suegra_abuela_abuelita,"y estáis sola, ¿por qué estáis sola? A ver, a ver, si podemos conversar aquí. Yo quiero hacer una cosa, yo amo la diversidad, amo a todas mis gay, a todas mis l",0.007629032184056098
939,2,0.2928019853998032,6,6_quinta_vergara_público_quinta vergara,0.1944160621983301,14.0,14_ho_ho ho_aplauso_muchas,0.0983859232014731,Memo Bunke,2000,2000,6,6_quinta_vergara_público_quinta vergara,"Un artista Vergara. Este es el humor musical de un hombre de la calle que se paró en el escenario más importante de Chile y América. Recuérdelo, su nombre Memo ",0.096030138996857
1875,2,0.48021065668527385,21,21_buenas noches_noches_buenas_pecadora,0.3819738225133548,22.0,22_verdad_agradecer_emocionado_quiero agradecer,0.098236834171919,Ricardo Meruane,2011,2010,21,21_buenas noches_noches_buenas_pecadora,"¿Cómo están? Buenas noches. ¿Qué tal? Hola. ¿Cómo están? Buenas noches. ¿Qué tal? Hola, ¿qué tal? ¿Cómo están? ¿Cómo están? ¿Cómo estamos? Hola, loco. ¿Cómo est",0.2837369883414358
968,2,0.2218901395704227,7,7_vieja_suegra_abuela_abuelita,0.1236573217412653,23.0,23_amante_marido_mujer_matrimonio,0.0982328178291574,Coco Legrand,2000,2000,7,7_vieja_suegra_abuela_abuelita,"No, si no era tan buena la vieja mía para serte franco. No era para silbarla. La que iba mirando Dice, ""¿No te vas a vestir?"" Pues ¿por qué? ¿Cómo que por qué? ",0.025424503912107904
1895,2,0.26926430859388,14,14_ho_ho ho_aplauso_muchas,0.1712314982999043,22.0,22_verdad_agradecer_emocionado_quiero agradecer,0.0980328102939757,Ricardo Meruane,2011,2010,14,14_ho_ho ho_aplauso_muchas,"Gracias, señor. No, se pone ahí, se pone ahí. De un gran evento. Gracias, señor, muy amable, hasta la próxima. Me deja los celulares, se los cuento la semana, h",0.0731986880059286
903,2,0.2891933472268758,6,6_quinta_vergara_público_quinta vergara,0.1912635926342344,14.0,14_ho_ho ho_aplauso_muchas,0.0979297545926414,Álvaro Salas,2000,2000,6,6_quinta_vergara_público_quinta vergara,"Muchas gracias, sigan disfrutando del show. Muchas gracias, Villa, gracias, quinta región, chao. Fuerte fuerte el aplauso para Álvaro Salas, la noche de humor e",0.093333838041593
588,2,0.2002167064144495,3,3_humor_quinta_quinta vergara_vergara,0.1024879641349641,17.0,17_natalia_chiqui_alison_javiera,0.0977287422794854,Dinamita Show,1996,1990,19,19_través_mar_viña_viña mar,"Y así ponemos punto final a esta presentación. Mucho éxito, suerte para seguir avanzando en el difícil mundo del humor. No tenemos nada más que ofrecerles. Todo",0.004759221855478696
2971,2,0.2065949343435168,15,15_hombres_mujeres_mujer_hombre,0.1091658507024994,23.0,23_amante_marido_mujer_matrimonio,0.0974290836410174,"Carlos ""El Mono"" Sánchez",2017,2010,15,15_hombres_mujeres_mujer_hombre,"Muchas gracias. La valentía del macho, señora, que usted tiene en la casa, esa valentía de hombre que camina con usted en la mano, sacando pecho, sintiéndose mu",0.011736767061481995
2064,2,0.2121863960316658,10,10_maestro_hora hora_ruperto_hora,0.1148772882044637,2.0,2_chiste_programa_hoy hoy_chistes,0.0973091078272021,Hermógenes Conache,2013,2010,2,2_chiste_programa_hoy hoy_chistes,"buenas noches, muy amable y gracias. Ahora sí me voy feliz que voy a antorcha que me va a alumbrar estos destinos de mi familia ahí mío. Oiga. ¿Cómo? De nuevo. ",0.0175681803772616
3441,2,0.2563100538282356,22,22_verdad_agradecer_emocionado_quiero agradecer,0.159262579744655,21.0,21_buenas noches_noches_buenas_pecadora,0.0970474740835806,Jani Dueñas,2019,2010,8,8_anthony_amas_your_you,"También me carga un poco la gente entusiasta. No ustedes, insisto. Ustedes son fantásticos, pero esa gente que se despierta como feliz de estar viva, encachado.",0.062215105661074396
928,2,0.213536370502722,6,6_quinta_vergara_público_quinta vergara,0.1167161664391233,14.0,14_ho_ho ho_aplauso_muchas,0.0968202040635987,Memo Bunke,2000,2000,6,6_quinta_vergara_público_quinta vergara,El aplauso grande y cariñoso para este humor musical que nos ha traído Memo Bunker en la cuarta jornada del Festival Internacional de la Canción de Viña del Mar,0.0198959623755246
2232,2,0.24237182706266822,14,14_ho_ho ho_aplauso_muchas,0.1456813408219277,22.0,22_verdad_agradecer_emocionado_quiero agradecer,0.0966904862407405,Jorge Alís,2014,2010,13,13_ay ay_salta salta_salta_ay,"a Francisco. Aleluya, hermanos. Bendiciones a Viña del Mar. Aplaudan con el Señor. Arriba las manos los apostólicos romanos. Viva la mano del apóstol romano, el",0.04899085458118721
1066,2,0.28589302892662694,6,6_quinta_vergara_público_quinta vergara,0.1896189297052298,14.0,14_ho_ho ho_aplauso_muchas,0.0962740992213971,Memo Bunke y Natalia Cuevas,2001,2000,6,6_quinta_vergara_público_quinta vergara,"Gracias, familia. Gracias, familia. Gracias por su cariño. Por su apoyo. Por su amor. Gracias, familia. Gracias, familia. Gracias. Gracias. Gracias. Natalia Cue",0.09334483048383271
3554,2,0.2157402355931446,6,6_quinta_vergara_público_quinta vergara,0.1195763649489324,22.0,22_verdad_agradecer_emocionado_quiero agradecer,0.0961638706442122,Javiera Contador,2020,2020,1,1_canción_almas_cantar_vivo vivo,"Yo le digo que me parece fantástico, me dice que quería escucharlo, yo digo que me invite cuando esté. Dice que por qué no, ahora le digo no porque estoy compra",0.0234124943047202
4544,2,0.3268733870291164,21,21_buenas noches_noches_buenas_pecadora,0.2313143166987786,22.0,22_verdad_agradecer_emocionado_quiero agradecer,0.0955590703303378,Pedro Ruminot,2025,2020,21,21_buenas noches_noches_buenas_pecadora,"Gracias, Chile. Gracias, niña, de verdad. De verdad. Eh, estoy súper súper me me me me emocioné porque Claro que se lo merece, pues.",0.13575524636844083
3623,2,0.2680538943935644,14,14_ho_ho ho_aplauso_muchas,0.1725104865002536,6.0,6_quinta_vergara_público_quinta vergara,0.0955434078933108,Ernesto Belloni,2020,2020,14,14_ho_ho ho_aplauso_muchas,"Pero lo que podemos hacer es que con esta gaviota yo, con las patitas, se las quiso... que las quiero llevar a... a mi familia, a mis hijos. La sala me gustaría",0.07696707860694281
2205,2,0.2362642369087066,6,6_quinta_vergara_público_quinta vergara,0.1411559142104489,14.0,14_ho_ho ho_aplauso_muchas,0.0951083226982577,Los Locos del Humor,2014,2010,6,6_quinta_vergara_público_quinta vergara,"rápidos, divertidos, geniales, debutando en la Quinta Vergara y recibiendo todo el cariño de este público. Más fuerte el aplauso para Los Locos del Humor. Así e",0.046047591512191205
2014,2,0.1949219015004836,22,22_verdad_agradecer_emocionado_quiero agradecer,0.0998511762386531,21.0,21_buenas noches_noches_buenas_pecadora,0.0950707252618305,Bombo Fica,2012,2010,4,4_chileno_chile_argentino_chilenos,"Ya ahí no más la wea que cantamos medio apurada, ya. No, pero tenemos cosas lindas que hay que destacar, este país tiene cosas lindas, no todo es triste. Todaví",0.0047804509768226006
2991,2,0.2501130246807446,25,25_bailar_fiesta_bailemos_baile,0.1554718042572624,29.0,29_reggaeton_calmado_dale_ten,0.0946412204234822,"Carlos ""El Mono"" Sánchez",2017,2010,25,25_bailar_fiesta_bailemos_baile,"bien parado el tipo, y ella le hizo... él la miró y le dijo: ""No me diga más, la operó el Dr. Rodríguez, ¿verdad?"". Y aprendimos a bailar para conquistarlas. Ap",0.06083058383378019
1561,2,0.3761924428425756,14,14_ho_ho ho_aplauso_muchas,0.2815937061547405,22.0,22_verdad_agradecer_emocionado_quiero agradecer,0.0945987366878351,Ruperto,2006,2000,14,14_ho_ho ho_aplauso_muchas,"Este jueves, ya está, en función en Coquimbo. Saludamos su espectáculo y, por supuesto, le agradecemos a ustedes el cariño que le han profesado. Nosotros nos se",0.18699496946690541
3170,2,0.2063258969224761,1,1_canción_almas_cantar_vivo vivo,0.1117668314586409,13.0,13_ay ay_salta salta_salta_ay,0.0945590654638352,Bombo Fica,2018,2010,1,1_canción_almas_cantar_vivo vivo,"Lo mismo digo yo, por favor, retírese, despéjeme el ambiente, por favor. Oiga, eh, que sea corto, sí, porque para no llamar a cara dinero, digo yo, no hay que Q",0.017207765994805696
3015,2,0.2246604659056718,5,5_colegio_niños_papá_hijo,0.1302457312297218,11.0,11_hijos_mamá_papá_hijo,0.09441473467595,"Juan Luis ""Jajá"" Calderón",2017,2010,5,5_colegio_niños_papá_hijo,"hueón y no le robaron el celular, qué alegría más grande. Cuando tenía 11 años, mi señora me dijo, ""Mira, Juan Luis, nuestra hija entra en una edad difícil y me",0.035830996553771796
3608,2,0.4756592959412151,21,21_buenas noches_noches_buenas_pecadora,0.3813638064889141,22.0,22_verdad_agradecer_emocionado_quiero agradecer,0.094295489452301,Ernesto Belloni,2020,2020,21,21_buenas noches_noches_buenas_pecadora,"Me parece tan importante esto, chiquillo. Muchas gracias. Muchas gracias a ustedes. Se lo voy a decir que a los que están allá arriba, gracias. Se cumplió el de",0.2870683170366131
3595,2,0.192877451518207,24,24_amor_dije_pa_pa pa,0.0986619521611497,23.0,23_amante_marido_mujer_matrimonio,0.0942154993570573,Ernesto Belloni,2020,2020,23,23_amante_marido_mujer_matrimonio,"un torrente y me y me me dio explicación, una reina. Una Es una mujer como para casarse con ella. Pero yo no puedo casarme con ella porque llevo 30 años casado.",0.004446452804092407
732,2,0.249694041409673,6,6_quinta_vergara_público_quinta vergara,0.1555030505369187,14.0,14_ho_ho ho_aplauso_muchas,0.0941909908727543,Óscar Gangas,1998,1990,6,6_quinta_vergara_público_quinta vergara,"Va atrás. Va atrás. Va atrás. Gracias, Viña. Y pásenlo a todo dar como deben ser. El saludo para Óscar Ganga y su propuesta del humor en esta segunda noche de f",0.061312059664164406
1154,2,0.2317395008034023,6,6_quinta_vergara_público_quinta vergara,0.1379778609310388,14.0,14_ho_ho ho_aplauso_muchas,0.0937616398723635,Gloria Benavides,2002,2000,3,3_humor_quinta_quinta vergara_vergara,"La alegría de una copucha que seguramente ya reventó. Lo que pasa que, maestro, no puedo irme decir adiós a la Quinta Vergara. Sin esta... No si la Cuatro no va",0.044216221058675315
176,2,0.2391835394430404,1,1_canción_almas_cantar_vivo vivo,0.1454795401606477,13.0,13_ay ay_salta salta_salta_ay,0.0937039992823927,Hugo Varela,1989,1980,1,1_canción_almas_cantar_vivo vivo,"No, porque yo los escucho bárbaro a ustedes, ¿eh? Bueno, vamos es una canción que tiene un coro muy divertido que dice así el coro, ah les va a encantar este co",0.051775540878255005
4171,2,0.2203561285551977,22,22_verdad_agradecer_emocionado_quiero agradecer,0.1266662743682845,21.0,21_buenas noches_noches_buenas_pecadora,0.0936898541869132,Lucho Miranda,2024,2020,22,22_verdad_agradecer_emocionado_quiero agradecer,"No, muchas gracias, la verdad que estoy muy feliz, muy contento. Eh, y nada, si si una persona busca la felicidad la va a encontrar; a veces hay camino más fáci",0.03297642018137131
638,2,0.193956680138742,10,10_maestro_hora hora_ruperto_hora,0.100343621562224,2.0,2_chiste_programa_hoy hoy_chistes,0.093613058576518,Jorge Pérez,1997,1990,2,2_chiste_programa_hoy hoy_chistes,"Y para despedirme, maestro Horacio Saavedra, yo quiero pedirle un favor: después de 15 años de trayectoria anónima, quiero desvestirme y transformarme en quién ",0.006730562985705998
2350,2,0.2477697809798847,22,22_verdad_agradecer_emocionado_quiero agradecer,0.1543000300902993,21.0,21_buenas noches_noches_buenas_pecadora,0.0934697508895854,Payahop,2014,2010,6,6_quinta_vergara_público_quinta vergara,"Gracias a ustedes, por hacernos reír, por hacernos disfrutar. Bueno, ya, pero lo tienen que compartir, por eso son dos. Y nosotros queremos seguir ¿Podemos segu",0.060830279200713905
2479,2,0.35597628178565144,14,14_ho_ho ho_aplauso_muchas,0.2626213336363895,22.0,22_verdad_agradecer_emocionado_quiero agradecer,0.0933549481492619,Huaso Filomeno,2015,2010,14,14_ho_ho ho_aplauso_muchas,"100% con ese cariño despídete del público de la Quinta Vergara con algo más y lo menos. Aquí está. Gracias, Quita Vergara. Gracias, gallo. Gallo, de verdad, ten",0.1692663854871276
2270,2,0.522961931545256,14,14_ho_ho ho_aplauso_muchas,0.4296447150063134,6.0,6_quinta_vergara_público_quinta vergara,0.0933172165389426,Jorge Alís,2014,2010,14,14_ho_ho ho_aplauso_muchas,"a Facundo, a mis amigos. Gracias a todos. Los quiero muchísimo. Que se escuche fuerte. Jorge Alis valió la pena aceptar el desafío. Lo hiciste increíble. Gaviot",0.3363274984673708
178,2,0.40901678623499427,22,22_verdad_agradecer_emocionado_quiero agradecer,0.3158052130657938,21.0,21_buenas noches_noches_buenas_pecadora,0.0932115731692005,Hugo Varela,1989,1980,22,22_verdad_agradecer_emocionado_quiero agradecer,"A mí me gusta dialogar con el público, me gusta charlar, cambiar ideas, establecer una comunicación y hoy, como los veo muy comunicativos a todos, yo me animo..",0.22259363989659328
897,2,0.316264775380583,6,6_quinta_vergara_público_quinta vergara,0.2231822946373124,14.0,14_ho_ho ho_aplauso_muchas,0.0930824807432706,Álvaro Salas,2000,2000,6,6_quinta_vergara_público_quinta vergara,"noche y natural. Qué orgullo de conocerte, compartir el trabajo que hacemos juntos. Y te doy la oportunidad de estar en esta noche junto a ti y ver el cariño de",0.1300998138940418
1946,2,0.3207235117897125,6,6_quinta_vergara_público_quinta vergara,0.2277021088956998,14.0,14_ho_ho ho_aplauso_muchas,0.0930214028940127,Dinamita Show,2012,2010,6,6_quinta_vergara_público_quinta vergara,"Muchas gracias. Estamos satisfechos, estamos contentos, muchas gracias. Gracias a todas las personas que nos apoyan, de verdad. Gracias a ustedes por mantenerno",0.1346807060016871
46,2,0.2150878650340064,20,20_hermana_fea_curado_marihuana,0.1223652575668707,24.0,24_amor_dije_pa_pa pa,0.0927226074671357,Hugo Goodman,1974,1970,20,20_hermana_fea_curado_marihuana,"El otro día estaba tan borracho en una esquina, estaba cocido. Diciéndole piropos a todas las mujeres que pasaban. Pasó una monjita. El borracho, ¿cómo está? Le",0.02964265009973499
1662,2,0.1983736708222432,22,22_verdad_agradecer_emocionado_quiero agradecer,0.1056544367547547,21.0,21_buenas noches_noches_buenas_pecadora,0.0927192340674885,Stefan Kramer,2008,2000,21,21_buenas noches_noches_buenas_pecadora,"Muchísimas gracias, Viña. ¿Qué tal? Qué harta gente, ¿ah?",0.012935202687266195
2526,2,0.19769207912497488,6,6_quinta_vergara_público_quinta vergara,0.1050568920666975,17.0,17_natalia_chiqui_alison_javiera,0.0926351870582774,León Murillo,2015,2010,6,6_quinta_vergara_público_quinta vergara,"con Andrés Cañulec y Carolina Maestrovich. ¿Qué reciben a este emocionado, contento y feliz León Murillo? Chicos, ¿cómo lo ven? ¿Qué tal? Muy buenas noches. Sí,",0.01242170500842009
1281,2,0.2224941301743246,1,1_canción_almas_cantar_vivo vivo,0.1302478334453768,13.0,13_ay ay_salta salta_salta_ay,0.0922462967289478,Hugo Varela,2005,2000,1,1_canción_almas_cantar_vivo vivo,"Esto no lo tenemos que olvidar, ¿eh? ¿Sabes qué? Sé que claro, la gente cuando está ahí sentada lo ve al tipo que está acá, ¿no? Lo miran, pero uno de acá tambi",0.038001536716429
2406,2,0.19468431861516472,6,6_quinta_vergara_público_quinta vergara,0.1025378726114781,22.0,22_verdad_agradecer_emocionado_quiero agradecer,0.0921464460036866,Dinamita Show,2015,2010,6,6_quinta_vergara_público_quinta vergara,"Gracias. Muchas gracias. Uh. Hoy día... Escucha, Ingo. Escucha, escucha, aprovecha de escuchar al público. Recuerda en este momento tesoros... Esta imagen tú qu",0.010391426607791507
2690,2,0.1977983700607363,24,24_amor_dije_pa_pa pa,0.1059923845961381,23.0,23_amante_marido_mujer_matrimonio,0.0918059854645982,Natalia Valdebenito,2016,2010,11,11_hijos_mamá_papá_hijo,"está encontrando con mucho prejuicio, con mucha gente que te dice o que opina, el poto es mío y la gente opina, yo no entiendo. La cuestión es que en esta ola d",0.014186399131539906
1325,2,0.18343413043239182,14,14_ho_ho ho_aplauso_muchas,0.0917222216147429,6.0,6_quinta_vergara_público_quinta vergara,0.0917119088176489,Felo,2005,2000,6,6_quinta_vergara_público_quinta vergara,"aplaudiéndote y reconociendo tu gran talento, tu trayectoria. Un hombre que se dedicó al humor y después su carrera determina",1.0312797094000348e-05
782,2,0.18601481727496488,24,24_amor_dije_pa_pa pa,0.0944983897578931,23.0,23_amante_marido_mujer_matrimonio,0.0915164275170718,Dino Gordillo,1998,1990,23,23_amante_marido_mujer_matrimonio,"Paremos que si no no me van a pagar. Oye, llega el marido a la casa así y la señora estaba con el amante y apaga la luz. Apaga la luz. Muchísimas gracias. Llega",0.002981962240821298
2808,2,0.1863428612424033,12,12_perro_perrito_selva_lobo,0.094829176030605,24.0,24_amor_dije_pa_pa pa,0.0915136852117983,Los Locos del Humor,2016,2010,20,20_hermana_fea_curado_marihuana,"¿Por qué pasa eso? ¿Por qué pasa eso? Me van a disculpar, porque soy hueón. Siempre he sido hueón. Loco, ¿y por qué me eché el garabato? Porque me dais rabia. ¿",0.0033154908188067073
1043,2,0.2129182132882314,6,6_quinta_vergara_público_quinta vergara,0.1214064093927035,14.0,14_ho_ho ho_aplauso_muchas,0.0915118038955279,"Daniel Muñoz ""El Carmelo""",2001,2000,14,14_ho_ho ho_aplauso_muchas,"Fuerte, fuerte el aplauso para el Carmelo y para nuestra Cecilia, para los chileneros. Fuerte el aplauso para Carmelo, que ha traído la nieve a la Quinta Vergar",0.029894605497175597
2243,2,0.1888071639726468,23,23_amante_marido_mujer_matrimonio,0.0973604969744951,15.0,15_hombres_mujeres_mujer_hombre,0.0914466669981517,Jorge Alís,2014,2010,15,15_hombres_mujeres_mujer_hombre,"le vaya bonito, chaíto'. Y agarré la plata. Y ustedes se dieron cuenta que el hombre... porque los hombres sufrimos esta historia de que las mujeres ganan más q",0.005913829976343404
1088,2,0.1848280882411297,24,24_amor_dije_pa_pa pa,0.0934139847583751,27.0,27_soltera_bebé_arturo vidal_tinder,0.0914141034827546,Millenium Show,2001,2000,5,5_colegio_niños_papá_hijo,"¿Dónde están ubicados? Aquí, mira: 1, 2, 3, 4. Dime los saltados. 1, 2, 3, 4. Siempre lo mismo, en todas partes es lo mismo, compadre, lo mismo. Deja el ridícul",0.0019998812756205075
3096,2,0.1985016533691203,6,6_quinta_vergara_público_quinta vergara,0.1075937166764495,19.0,19_través_mar_viña_viña mar,0.0909079366926708,Rodrigo Villegas,2017,2010,19,19_través_mar_viña_viña mar,"Aplaude, el talento, el humor de Rodrigo Villegas. Un hombre que hizo su carrera pulso. Hoy se sigue triunfando aquí en la Quinta de la Gardel y Piña 2017, qué ",0.016685779983778695
4356,2,0.4068811693687802,21,21_buenas noches_noches_buenas_pecadora,0.3160719511751578,22.0,22_verdad_agradecer_emocionado_quiero agradecer,0.0908092181936224,Edo Caroe,2025,2020,21,21_buenas noches_noches_buenas_pecadora,"¿Qué tal la gente? ¡Buenas noches, mi niño del mar! ¿Qué tal? ¿Cómo están por acá? Hola, hola. Muchas gracias, muchas gracias por ese recibimiento.",0.22526273298153537
3910,2,0.2327394655191662,11,11_hijos_mamá_papá_hijo,0.1419381292422135,16.0,16_comida_comer_dieta_mamá,0.0908013362769527,Belén Mora,2023,2020,11,11_hijos_mamá_papá_hijo,"Ay, ¿quién es mi papá? No sé. No me acuerdo. Que todo lo tengan que saber, Dios mío. Esa es la etapa de mamita. Después viene una nueva etapa de la maternidad, ",0.0511367929652608
1370,2,0.2024236128760606,22,22_verdad_agradecer_emocionado_quiero agradecer,0.1116926351162063,6.0,6_quinta_vergara_público_quinta vergara,0.0907309777598543,Carlos García,2006,2000,3,3_humor_quinta_quinta vergara_vergara,"montones. Viene con muchas ganas, realmente, de entregarnos todo su talento y todo su show. Con la humildad que lo caracteriza. Obviamente dijo que sí, él tenía",0.020961657356352012
1179,2,0.2265764217195605,21,21_buenas noches_noches_buenas_pecadora,0.136056001697295,22.0,22_verdad_agradecer_emocionado_quiero agradecer,0.0905204200222655,Natalia Cuevas,2003,2000,22,22_verdad_agradecer_emocionado_quiero agradecer,"Yo estaré contigo para seguir. No mandando, a mandando. A mandando. A mandando. Muchísimas gracias.",0.04553558167502951
1406,2,0.25364298575228983,14,14_ho_ho ho_aplauso_muchas,0.1631295101750064,6.0,6_quinta_vergara_público_quinta vergara,0.0905134755772834,Carlos García,2006,2000,22,22_verdad_agradecer_emocionado_quiero agradecer,"su nombre es Viejo Marica"". Estoy contento porque ya superé los 5 minutos que me vaticinaba la prensa. ¡Gracias!",0.072616034597723
461,2,0.2130271212122073,1,1_canción_almas_cantar_vivo vivo,0.1226735624354984,13.0,13_ay ay_salta salta_salta_ay,0.0903535587767089,Gloria Benavides,1995,1990,1,1_canción_almas_cantar_vivo vivo,"¿verdad? ¡Eso! Si quieres tener una ilusión y sentir feliz tu corazón, si estás en un color es lo mejor. Si tu corazón ya no puede bailar y tu voz ya no puede c",0.032320003658789495
3518,2,0.23670854422537402,22,22_verdad_agradecer_emocionado_quiero agradecer,0.1464587479475109,21.0,21_buenas noches_noches_buenas_pecadora,0.0902497962778631,Mauricio Palma,2019,2010,13,13_ay ay_salta salta_salta_ay,"Hey. Vengo del penal cordillera al mar. Bueno, hasta ahí no más porque así soy yo: sorpresivo, lúdico, millonario, maravilloso, de la UDI, Sagitario. A veces Pi",0.0562089516696478
348,2,0.213010378469906,13,13_ay ay_salta salta_salta_ay,0.1229134580549897,29.0,29_reggaeton_calmado_dale_ten,0.0900969204149163,Piña Colada,1993,1990,17,17_natalia_chiqui_alison_javiera,"¡Piña Colada! ¡Piña Colada! ¡Piña Colada! ¡Piña Colada! A ver la palma. ¡Piña Colada! ¡Anda! ¡Piña Colada! ¡Piña Colada! El negro de la población, Piña Colada. ",0.03281653764007339
654,2,0.1828594024213095,24,24_amor_dije_pa_pa pa,0.0931123398723696,23.0,23_amante_marido_mujer_matrimonio,0.0897470625489399,Palta Meléndez,1997,1990,7,7_vieja_suegra_abuela_abuelita,"a su esposa, pero en forma espectacular. Termina de hacerle el amor, se levanta y se parte del baño y dice, ""Qué buena onda."" le dice al amor a mi señora 3 días",0.0033652773234296995
2038,2,0.1849878216488195,24,24_amor_dije_pa_pa pa,0.0954154117549503,20.0,20_hermana_fea_curado_marihuana,0.0895724098938692,Hermógenes Conache,2013,2010,20,20_hermana_fea_curado_marihuana,"Comienzo hablando de mi familia, siempre mi hermana. Tengo una hermana fea, pero fea tan fea que cuando nació mi papá se castró. Fea, fea. En el barrio le dicen",0.005843001861081096
4297,2,0.2317564753573083,1,1_canción_almas_cantar_vivo vivo,0.1422118629498823,13.0,13_ay ay_salta salta_salta_ay,0.089544612407426,George Harris,2025,2020,1,1_canción_almas_cantar_vivo vivo,"Parecía que ellos ya eran una mujer disfrazada completica. Tú, por supuesto, le pedías una canción más alegre para que la vaina no fuera tan triste. Y ya para c",0.0526672505424563
1323,2,0.4631044230172241,6,6_quinta_vergara_público_quinta vergara,0.3737376915987279,14.0,14_ho_ho ho_aplauso_muchas,0.0893667314184962,Felo,2005,2000,6,6_quinta_vergara_público_quinta vergara,"Oiga, venga. Venga, que lo piden. Regrese, maestro. Adivine qué, señor. ¿Usted está oyendo lo que acaba de decir la gente? Hoy usted se acaba de merecer, pero c",0.28437096018023167
1491,2,0.18072462740216982,24,24_amor_dije_pa_pa pa,0.0913836837046712,12.0,12_perro_perrito_selva_lobo,0.0893409436974986,Coco Legrand,2006,2000,20,20_hermana_fea_curado_marihuana,"¿Se acuerdan del cuento La ratita presumida? Que la rata era más casquivana que la mía, se le casó con con el burro, al final se comió a todos los animales de l",0.002042740007172597
4019,2,0.3344248370277808,6,6_quinta_vergara_público_quinta vergara,0.2451001599558944,14.0,14_ho_ho ho_aplauso_muchas,0.0893246770718864,Alison Mandel,2024,2020,6,6_quinta_vergara_público_quinta vergara,"los vamos a estar recibiendo. Bueno, yo les quiero contar, Quinta Vergara, que aquí en el público hay dos grandes amigos míos que me acompañan en grandes aventu",0.155775482884008
4028,2,0.2106687840728983,24,24_amor_dije_pa_pa pa,0.1216508439746963,27.0,27_soltera_bebé_arturo vidal_tinder,0.089017940098202,Alison Mandel,2024,2020,27,27_soltera_bebé_arturo vidal_tinder,"Y aquí a mí me da rabia porque sabéis que era llegar y buscar, porque posiblemente su ex ya subió una foto con el nuevo huevón, etiquetándolo para cuando llegar",0.0326329038764943
2735,2,0.2515716698234559,2,2_chiste_programa_hoy hoy_chistes,0.1626340358481758,28.0,28_puta puta_noticias_puta_ta,0.0889376339752801,Pedro Ruminot,2016,2010,2,2_chiste_programa_hoy hoy_chistes,"me discriminaron. Y ustedes dirán, ""Pero cómo, si está acá."" Me discriminaron. ¿Vieron los comerciales del jueves 25? ¿Los vieron? Jueves 25 de febrero, Lionel ",0.0736964018728957
4137,2,0.2667242371119139,2,2_chiste_programa_hoy hoy_chistes,0.1778079956561442,28.0,28_puta puta_noticias_puta_ta,0.0889162414557697,Lucho Miranda,2024,2020,2,2_chiste_programa_hoy hoy_chistes,"no, Felipe Bello. No, mi referente es Luperto. Y yo tuve 8 minutos y no sé que 8 minutos, 8 minutos caleta. Y yo me hice muy conocido en redes sociales. Me hice",0.08889175420037448
3086,2,0.18629402234925052,23,23_amante_marido_mujer_matrimonio,0.0975162827695631,24.0,24_amor_dije_pa_pa pa,0.0887777395796874,Rodrigo Villegas,2017,2010,10,10_maestro_hora hora_ruperto_hora,"Ocho fueron, ocho. Fueron los mejores ocho segundos de su vida, no se olvidan nunca la mina. Después de esa gran performance nos acostamos en la camita, siempre",0.0087385431898757
1431,2,0.2451557703640208,6,6_quinta_vergara_público_quinta vergara,0.1565734750945839,17.0,17_natalia_chiqui_alison_javiera,0.0885822952694369,Carlos García,2006,2000,6,6_quinta_vergara_público_quinta vergara,"invitó dijo: ""Sí"". Y realmente ha conquistado esta noche a todo el público de la Quinta Vergara y no se ha sorprendido no solo con su humor, sino que con su gra",0.06799117982514702
4155,2,0.2627527306121765,2,2_chiste_programa_hoy hoy_chistes,0.1743547946251072,28.0,28_puta puta_noticias_puta_ta,0.0883979359870693,Lucho Miranda,2024,2020,2,2_chiste_programa_hoy hoy_chistes,"También lo otro que lo otro que se pensaba mucho, lo otro que se pensaba mucho es que la gente con discapacidad solamente se podía relacionar sexo efectivamente",0.0859568586380379
4082,2,0.43430610037515005,25,25_bailar_fiesta_bailemos_baile,0.3459735359713487,29.0,29_reggaeton_calmado_dale_ten,0.0883325644038013,Javiera Contador,2024,2020,25,25_bailar_fiesta_bailemos_baile,"Yo ñuño ñuño, me lo estoy sacando, no toque instrumento en el aire, pero yo te aplaudo para bailar y también es antiguo aplaudir. Every body. Yeah, yeah. Y por ",0.2576409715675474
403,2,0.2089187503581127,11,11_hijos_mamá_papá_hijo,0.1206174262867239,16.0,16_comida_comer_dieta_mamá,0.0883013240713888,"Jorge ""Chino"" Navarrete",1994,1990,18,18_doctor_farmacia_examen_consulta,"no habla de eso. Es que resulta que yo de la cuna salté a la cama de dos plazas al tío. Sí. Mi mamá me dio pecho hasta los 2 años, de ahí para adelante me dio l",0.032316102215335096
317,2,0.2241815690829222,6,6_quinta_vergara_público_quinta vergara,0.1359110182747216,14.0,14_ho_ho ho_aplauso_muchas,0.0882705508082006,Sandy,1993,1990,2,2_chiste_programa_hoy hoy_chistes,"a mi amigo Antonio, que no lo he visto, me saludó, me presentó y no tuve la deferencia de poder estrechar su mano. ¿Está por ahí? Yo sé que cuando Yo me enteré ",0.047640467466520994
2407,2,0.206116841564968,3,3_humor_quinta_quinta vergara_vergara,0.1182336585265994,17.0,17_natalia_chiqui_alison_javiera,0.0878831830383686,Dinamita Show,2015,2010,3,3_humor_quinta_quinta vergara_vergara,"El público de la Quinta Vergara se despide del Flaco, del Indio, con Gaviota de Oro. Pero este premio es especial porque aquí está Marilyn, la hija mayor de Pau",0.03035047548823079
1701,2,0.2261048910348723,22,22_verdad_agradecer_emocionado_quiero agradecer,0.1382427153119063,14.0,14_ho_ho ho_aplauso_muchas,0.087862175722966,Stefan Kramer,2008,2000,1,1_canción_almas_cantar_vivo vivo,"Chicos, eh, algo hay de acierto en aquella frase: eh, hoy el animador se despide. Porque tenía un llamado muy importante, muy valioso de la música, así que hoy ",0.0503805395889403
4031,2,0.238647692925627,24,24_amor_dije_pa_pa pa,0.1509810490474501,27.0,27_soltera_bebé_arturo vidal_tinder,0.0876666438781769,Alison Mandel,2024,2020,15,15_hombres_mujeres_mujer_hombre,"Pero sí quiero decir que lo amo, que me enamoré de él la primera vez que lo vi. O sea, yo sé que ustedes piensan al tiro obvio por su atractivo físico. No sé po",0.06331440516927321
849,2,0.198800396761638,19,19_través_mar_viña_viña mar,0.1114002145048041,17.0,17_natalia_chiqui_alison_javiera,0.0874001822568339,Sandy,1999,1990,19,19_través_mar_viña_viña mar,"Acompáñenme. ¡Viva Chile, mierda! Gracias, Sandy. El humor sano de un artista internacional. La verdad que Sandy está contentísimo, tenía mucho miedo de actuar ",0.024000032247970204
4465,2,0.21145979288029332,6,6_quinta_vergara_público_quinta vergara,0.1240903801432313,22.0,22_verdad_agradecer_emocionado_quiero agradecer,0.087369412737062,Juan Pablo López,2025,2020,6,6_quinta_vergara_público_quinta vergara,"Contento, Juan Pablo, feliz. Estoy feliz, estoy feliz. Estaba supernervioso, estaba ansioso por por presentarme en la Quinta Vergara con un público. Disfrútalo.",0.0367209674061693
624,2,0.2289823528020008,1,1_canción_almas_cantar_vivo vivo,0.1416185882524354,13.0,13_ay ay_salta salta_salta_ay,0.0873637645495654,Gilberto Gless,1997,1990,1,1_canción_almas_cantar_vivo vivo,"No los oigo. Más arriba, más fuerte, los de arriba no los oigo. Más fuerte quiero con ustedes, pero yo quiero que que baile que baile conmigo que baile. Eh. ¿Us",0.05425482370286999
4136,2,0.2670457213372811,2,2_chiste_programa_hoy hoy_chistes,0.1797184811287876,28.0,28_puta puta_noticias_puta_ta,0.0873272402084935,Lucho Miranda,2024,2020,2,2_chiste_programa_hoy hoy_chistes,"no me conocen, para estar por lo ácido. Me presento, me llamo Luchumianda, soy comediante y para la gente que no me conoce, eh no. No estoy curado. Tengo tengo ",0.0923912409202941
1168,2,0.1801391797818772,17,17_natalia_chiqui_alison_javiera,0.0929504986418503,19.0,19_través_mar_viña_viña mar,0.0871886811400269,Natalia Cuevas,2003,2000,19,19_través_mar_viña_viña mar,"está con nosotros en Viña del Mar. ¡Aquí está Marjorie Estari, súmale! ¡Ah! ¡Ah! ¡Ah! ¡Ah! ¡Ah!",0.005761817501823405
2117,2,0.2304620974142346,20,20_hermana_fea_curado_marihuana,0.1433805400224395,24.0,24_amor_dije_pa_pa pa,0.0870815573917951,Nancho Parra,2013,2010,20,20_hermana_fea_curado_marihuana,"No, a ver si me ayudan, dice. No, un momento. Lamentablemente, mi hermana un poco erótica. La población le decía la cinturón de seguridad, se subían el auto y s",0.056298982630644395
314,2,0.1951111676381886,19,19_través_mar_viña_viña mar,0.1080640876840605,17.0,17_natalia_chiqui_alison_javiera,0.0870470799541281,Sandy,1993,1990,19,19_través_mar_viña_viña mar,"Y queremos tener un buen humor esta noche para saludar a nuestro próximo invitado. Se ganó su derecho al acompañarnos en el programa ""Camino Selección al Festiv",0.02101700772993241
1117,2,0.3445953707145758,27,27_soltera_bebé_arturo vidal_tinder,0.257571939261829,23.0,23_amante_marido_mujer_matrimonio,0.0870234314527468,Arturo Ruiz-Tagle,2002,2000,15,15_hombres_mujeres_mujer_hombre,"Y una vez Y una vez estuve enamorado. Fui feliz. Tuve una mujer con la cual teníamos los mismos gustos. Me dejó por lo mismo. Le gustaba a las mujeres. Oye, mi ",0.17054850780908218
3202,2,0.3784059617774208,6,6_quinta_vergara_público_quinta vergara,0.2914002664422864,14.0,14_ho_ho ho_aplauso_muchas,0.0870056953351344,Bombo Fica,2018,2010,6,6_quinta_vergara_público_quinta vergara,"Algunos dicen, ""Sospechosa la hueva."" Pero para mí no es sospechoso. Para mí es claro y para la quinta Vergara es importante premiar este retorno a este escenar",0.20439457110715198
3913,2,0.2067340597304844,11,11_hijos_mamá_papá_hijo,0.1197321868266158,5.0,5_colegio_niños_papá_hijo,0.0870018729038686,Belén Mora,2023,2020,11,11_hijos_mamá_papá_hijo,Y acá hay varias. Y ahora estoy viviendo una nueva etapa de la maternidad. Soy madre de un adolescente. ¿Quiénes son madres o padres de adolescentes acá? Una ma,0.032730313922747195
1512,2,0.1873844127003675,3,3_humor_quinta_quinta vergara_vergara,0.1004791329072303,2.0,2_chiste_programa_hoy hoy_chistes,0.0869052797931372,Coco Legrand,2006,2000,2,2_chiste_programa_hoy hoy_chistes,"De verdad no existe la gaviota de oro ahora, esa la recibí y hoy día francamente el cariño que ustedes me han brindado, ojalá que los haga reflexionar para uste",0.013573853114093107
1509,2,0.20443921947361932,6,6_quinta_vergara_público_quinta vergara,0.1176722989752634,14.0,14_ho_ho ho_aplauso_muchas,0.0867669204983559,Coco Legrand,2006,2000,6,6_quinta_vergara_público_quinta vergara,"Muchísimas gracias. Con el gran, por supuesto, una noche que se han ganado el cariño del público. Gracias. Muchísimas gracias. Gracias. Qué orgullo, qué maravil",0.03090537847690751
2786,2,0.1831487655534261,27,27_soltera_bebé_arturo vidal_tinder,0.0965041905175294,23.0,23_amante_marido_mujer_matrimonio,0.0866445750358967,Los Locos del Humor,2016,2010,15,15_hombres_mujeres_mujer_hombre,"que está haciendo él acá es solamente un personaje. ¿Me entiendes, maricón? No, córtala. No, no, pare, me van a disculpar. La palabra maricón no existe. O sea, ",0.009859615481632694
3584,2,0.39071871830159177,22,22_verdad_agradecer_emocionado_quiero agradecer,0.3041655942951601,14.0,14_ho_ho ho_aplauso_muchas,0.0865531240064317,Javiera Contador,2020,2020,22,22_verdad_agradecer_emocionado_quiero agradecer,"de tu vida, ¿no? Muy bonito, a más que en un momento histórico en nuestro país, yo creo que nada, es importante estar acá, es importante hablar y que el público",0.2176124702887284
4332,2,0.2563655043774531,11,11_hijos_mamá_papá_hijo,0.1698286239897387,16.0,16_comida_comer_dieta_mamá,0.0865368803877144,"Daniela ""Chiqui"" Aguayo",2025,2020,11,11_hijos_mamá_papá_hijo,"y una pareja de papá linda, pero linda, huevón, para ustedes lo vieran, ella linda, él lindo, el hijo lindo, huevón, son pero lindo, lindo. O sea, no me creo es",0.08329174360202429
1379,2,0.25063203519476,22,22_verdad_agradecer_emocionado_quiero agradecer,0.1642878107657873,21.0,21_buenas noches_noches_buenas_pecadora,0.0863442244289727,Carlos García,2006,2000,6,6_quinta_vergara_público_quinta vergara,"Gracias, de verdad. Me habían dicho que el monstruo era algo que nunca lo había podido imaginar y acabo de comprobarlo. Bienvenidos, gracias por dejarme estar c",0.0779435863368146
1331,2,0.2564702344998791,10,10_maestro_hora hora_ruperto_hora,0.1703035986526662,2.0,2_chiste_programa_hoy hoy_chistes,0.0861666358472129,Felo,2005,2000,10,10_maestro_hora hora_ruperto_hora,No sabe que pasa realmente un gran gran momento. La quinta de pie de estudio Apelo.,0.0841369628054533
4467,2,0.2116031347287603,6,6_quinta_vergara_público_quinta vergara,0.1254949883283992,14.0,14_ho_ho ho_aplauso_muchas,0.0861081464003611,Juan Pablo López,2025,2020,6,6_quinta_vergara_público_quinta vergara,"los años me preguntaban, ¿cuándo en Viña? Bueno, aquí estoy. Así que muchas gracias, muchas gracias, estoy muy contento. Sigue en el escenario de la quinta Verg",0.0393868419280381
3446,2,0.2898076840014373,15,15_hombres_mujeres_mujer_hombre,0.2037222723277616,23.0,23_amante_marido_mujer_matrimonio,0.0860854116736757,Jani Dueñas,2019,2010,4,4_chileno_chile_argentino_chilenos,"Es una palabra que a mí ya como feminista como que no me ofende tanto. Ahora como judía me está iweando, me ofende mucho. Alguien no se leyó los libros de histo",0.1176368606540859
1207,2,0.1837641591946761,19,19_través_mar_viña_viña mar,0.0980044886057148,17.0,17_natalia_chiqui_alison_javiera,0.0857596705889613,Sandy,2004,2000,19,19_través_mar_viña_viña mar,"El gran cambio esta noche estuvo en Villa del Mar. 40º Festival Nacional de la canción saludando a un artista tiene todo el cariño del pueblo, chileno. El caris",0.012244818016753492
2726,2,0.264537919371909,27,27_soltera_bebé_arturo vidal_tinder,0.1788630564356222,24.0,24_amor_dije_pa_pa pa,0.0856748629362868,Natalia Valdebenito,2016,2010,11,11_hijos_mamá_papá_hijo,"Cuando estáis enamorados, está todo bien, po. Harta sexualidad, tonta y cansada, pero de la pura cacha. Como qué te pasa, no, si estoy feliz. Imagínate qué prec",0.0931881934993354
3429,2,0.2044160307175794,14,14_ho_ho ho_aplauso_muchas,0.1187791291630727,22.0,22_verdad_agradecer_emocionado_quiero agradecer,0.0856369015545067,Felipe Avello,2019,2010,21,21_buenas noches_noches_buenas_pecadora,Bien. Muchas gracias. Perdona. Amigos. Muchas gracias. ¡Nieve! ¡No! ¡Nieve! De esta Me voy en sangre. Me voy en sangre. Un gran aplauso para Augusto Chuster. Pa,0.033142227608566
2846,2,0.1753780363986003,24,24_amor_dije_pa_pa pa,0.0899051090106773,12.0,12_perro_perrito_selva_lobo,0.085472927387923,Ricardo Meruane,2016,2010,20,20_hermana_fea_curado_marihuana,"Que se lo hayan llevado preso, huevón, por abusar de la tolerancia, huevón, mire usted. Ahora, ¿en qué nosotros acá, oye, como le decía, en esta cuestión, se ha",0.0044321816227543
626,2,0.2096914773432604,22,22_verdad_agradecer_emocionado_quiero agradecer,0.1244724707663921,21.0,21_buenas noches_noches_buenas_pecadora,0.0852190065768683,Gilberto Gless,1997,1990,22,22_verdad_agradecer_emocionado_quiero agradecer,"Un poco o más, pero aplaudiendo, yo no lo pude, pero lo siento. Ah, no lo puedo. Ah. Yo creo. Yo creo. Que tú. Nada. No los oigo, que arriba de Buenas noches. ¿",0.0392534641895238
2113,2,0.17832384862006878,13,13_ay ay_salta salta_salta_ay,0.0931696097569712,1.0,1_canción_almas_cantar_vivo vivo,0.0851542388630976,Nancho Parra,2013,2010,2,2_chiste_programa_hoy hoy_chistes,"Más fuerte. Préstame tu corazón para jugar al amor. Déjame beber de tu boca la dulce miel. Quiero jugar ajá a la voz. Quiero jugar para dijo el huevón, puta qué",0.008015370893873594
1269,2,0.2305126866216444,20,20_hermana_fea_curado_marihuana,0.1454600604591074,24.0,24_amor_dije_pa_pa pa,0.085052626162537,Los Indolatinos,2004,2000,20,20_hermana_fea_curado_marihuana,"Llega la cabra chica donde el tío le dice, ""Tío, tío, yo yo ¿Puedo quedar embarazada de un susto?"" No sé, pues loca, depende, pues. ¿Depende de qué? Depende cóm",0.06040743429657039
2919,2,0.24896826819894258,23,23_amante_marido_mujer_matrimonio,0.1640388163924563,27.0,27_soltera_bebé_arturo vidal_tinder,0.0849294518064863,"Daniela ""Chiqui"" Aguayo",2017,2010,23,23_amante_marido_mujer_matrimonio,"Se me atravesó un pensamiento igual. El primer pensamiento que yo tuve fue, ""Yo le digo que sí a este huevón y va a ser con la última persona que yo voy a tener",0.07910936458597
2899,2,0.2179161284069434,6,6_quinta_vergara_público_quinta vergara,0.133148870521181,22.0,22_verdad_agradecer_emocionado_quiero agradecer,0.0847672578857624,Juan Pablo López,2017,2010,6,6_quinta_vergara_público_quinta vergara,"Lo conversamos en un momento, sabemos que tú no te lo puedes creer, pero está pasando. Yo quiero que, por favor, escuches como el público. Gracias, gracias, de ",0.04838161263541858
284,2,0.1768483062465058,6,6_quinta_vergara_público_quinta vergara,0.0922737543259855,14.0,14_ho_ho ho_aplauso_muchas,0.0845745519205203,Hermógenes Conache,1991,1990,21,21_buenas noches_noches_buenas_pecadora,"una clavadita. Y el caballero que está en la butaca adelante se paró y empezó Buenas noches, muchas gracias. Un placer ya haber estado esta noche. ¿Cómo te va? ",0.007699202405465205
3257,2,0.1994548060406764,22,22_verdad_agradecer_emocionado_quiero agradecer,0.1150327555455487,14.0,14_ho_ho ho_aplauso_muchas,0.0844220504951277,Jenny Cavallo,2018,2010,17,17_natalia_chiqui_alison_javiera,"de plata para Jenny. Recíbela con mucho cariño, tal como recibiste la invitación a formar parte por primera vez de este magno espectáculo. ¿Aceptaste el desafío",0.030610705050421003
3827,2,0.3830092282296136,6,6_quinta_vergara_público_quinta vergara,0.2987750116551094,14.0,14_ho_ho ho_aplauso_muchas,0.0842342165745042,Pamela Leiva,2023,2020,6,6_quinta_vergara_público_quinta vergara,"Sí, aguántenme. Déjeme ganarme la segunda, por favor. Déjeme ganarme la segunda. Tengo algo Tengo otra parte Eh, yo soñaba con que esto pasara y también me gust",0.2145407950806052
2939,2,0.2893103317278165,23,23_amante_marido_mujer_matrimonio,0.2052809826748223,15.0,15_hombres_mujeres_mujer_hombre,0.0840293490529942,"Daniela ""Chiqui"" Aguayo",2017,2010,15,15_hombres_mujeres_mujer_hombre,"Dice, ""Mi amor, voy a estar de borde."" Voy a jugar a la pelota. Él no va a jugar a la pelota. Él va a pararse a la cancha para ver si con cuea la pelota le rebo",0.12125163362182811
1251,2,0.1957420904942599,20,20_hermana_fea_curado_marihuana,0.1118726681427917,24.0,24_amor_dije_pa_pa pa,0.0838694223514682,Los Indolatinos,2004,2000,20,20_hermana_fea_curado_marihuana,"Ya que estáis hablando de la familia, conversa también de toda la familia. Pues ¿qué estás hablando de mi familia? Yo no he hablado de la familia mía, po. Habla",0.028003245791323503
3600,2,0.2223735170272211,23,23_amante_marido_mujer_matrimonio,0.1385670614514596,7.0,7_vieja_suegra_abuela_abuelita,0.0838064555757615,Ernesto Belloni,2020,2020,23,23_amante_marido_mujer_matrimonio,"No, te juro que es que es que yo encuentro que hoy día los hijos cuesta tanto que se independizen o si no, pregúntale a la mi celda a ese lema. Pero uno cuando ",0.054760605875698115
4004,2,0.24096248304092377,3,3_humor_quinta_quinta vergara_vergara,0.1571686108149765,19.0,19_través_mar_viña_viña mar,0.0837938722259473,Fabrizio Copano,2023,2020,6,6_quinta_vergara_público_quinta vergara,"Una propuesta fresca, moderna, actualidad, cultura, pop, redes sociales, todo se mezcla en este relato tremendo, pero maravilloso y chileno y además que triunfa",0.0733747385890292
2414,2,0.1957603291224376,24,24_amor_dije_pa_pa pa,0.111969170585169,20.0,20_hermana_fea_curado_marihuana,0.0837911585372686,Dinamita Show,2015,2010,20,20_hermana_fea_curado_marihuana,"Aso, aso. Apágalo. Ya, tírate un ojo más porque nos vamos. Ya. En el mundo de la fea... brevas. ¿Ah? Brevas. Breva, sí. El brea soy vos. Ah. Breva, sí. En el mu",0.028178012047900408
1444,2,0.2449067141632548,1,1_canción_almas_cantar_vivo vivo,0.1611339305726515,13.0,13_ay ay_salta salta_salta_ay,0.0837727835906033,Julio Sabala,2006,2000,1,1_canción_almas_cantar_vivo vivo,"y no, bailamos. Eso es gritito para dar ánimo. Yo no lo sé. Señores, ¿cómo fue que no lo creí? En español. También cantando versos en inglés. Lo dan de vivir de",0.07736114698204818
3080,2,0.4787801509903486,14,14_ho_ho ho_aplauso_muchas,0.3951227745938331,6.0,6_quinta_vergara_público_quinta vergara,0.0836573763965155,Rodrigo Villegas,2017,2010,14,14_ho_ho ho_aplauso_muchas,"Ahora sí. Está solucionado, nos están informando y con este aplauso continúa Rodrigo Villegas. ¡Vamos! Muchas gracias. Muchas gracias, verdad. Gracias. Gracias.",0.3114653981973176
1510,2,0.2403351015883856,6,6_quinta_vergara_público_quinta vergara,0.1567809721491317,14.0,14_ho_ho ho_aplauso_muchas,0.0835541294392539,Coco Legrand,2006,2000,6,6_quinta_vergara_público_quinta vergara,"Realmente, te mereces con creces, Coco, por Dios que hay que aprender de ti, te lo decía. Te estaba observando denantes ahí y me emocionabas con la capacidad, l",0.0732268427098778
3583,2,0.1950438135259902,17,17_natalia_chiqui_alison_javiera,0.1114991479480336,6.0,6_quinta_vergara_público_quinta vergara,0.0835446655779566,Javiera Contador,2020,2020,17,17_natalia_chiqui_alison_javiera,"¿Viste? Es que es verdad, weón, es terrible. No, muchísimas gracias. Es un momento muy bonito. Eh, con la parida nos hemos pedido el público agostado. ¡Oh! ¡Epa",0.027954482370077
523,2,0.1840266048977841,24,24_amor_dije_pa_pa pa,0.100514343655237,23.0,23_amante_marido_mujer_matrimonio,0.0835122612425471,Dino Gordillo,1996,1990,23,23_amante_marido_mujer_matrimonio,"si cola peligroso, ¿no? Y ahí lo empieza a atacar. Negro. ¿Por qué no me lleváis un motel? Seis que te llegaría, pero no sé a dónde quedan. Esa es la silla que ",0.017002082412689898
1375,2,0.1729730265530458,24,24_amor_dije_pa_pa pa,0.089476113097373,27.0,27_soltera_bebé_arturo vidal_tinder,0.0834969134556728,Carlos García,2006,2000,1,1_canción_almas_cantar_vivo vivo,"algo así como jugar al billar con una soga. Y ella lo mira y le dice: ""Odio, siento odio, vamos a seguir vengándonos"". El hombre la mira y le dice: ""Ya no, me q",0.0059791996417001975
3818,2,0.1822370427986472,16,16_comida_comer_dieta_mamá,0.0988996363204088,11.0,11_hijos_mamá_papá_hijo,0.0833374064782384,Pamela Leiva,2023,2020,11,11_hijos_mamá_papá_hijo,"Tengo una noticia muy importante que darte, mamá. Mamita, escucha. Soy la nueva participante de un reality show de Canal 13, mamá, que lo anima Raquel Argandoña",0.0155622298421704
1364,2,0.4627053322707011,22,22_verdad_agradecer_emocionado_quiero agradecer,0.3794523955545184,14.0,14_ho_ho ho_aplauso_muchas,0.0832529367161827,Paulo Iglesias,2005,2000,22,22_verdad_agradecer_emocionado_quiero agradecer,"Oye, vamos a hablar un poco sobre sobre el amor. Vamos a hablar un poco sobre el amor. Porque Gracias. Gracias. Gracias, se pasaron, se pasaron. Se pasaron. Gra",0.29619945883833565
4039,2,0.2295406160735204,5,5_colegio_niños_papá_hijo,0.1463725985250588,11.0,11_hijos_mamá_papá_hijo,0.0831680175484616,Alison Mandel,2024,2020,5,5_colegio_niños_papá_hijo,"cada uno, cuatro niños. Y de repente, ""Mi hijo, mi hijo."" Pregunta, ""¿Y cuánta plata vamos a hacer?"" Mira, el colegio culiao se paga en UF. Un niño dice, ""Luca,",0.06320458097659719
3965,2,0.17701345398631518,6,6_quinta_vergara_público_quinta vergara,0.093988944152986,14.0,14_ho_ho ho_aplauso_muchas,0.0830245098333292,Rodrigo Villegas,2023,2020,6,6_quinta_vergara_público_quinta vergara,"Propongo que lo hagamos de forma distinta. Que la gaviota la pidan, pero la pidan así. Vamos, los tres. Señoras y señores, en menos de 1 minuto. Se lleva. Ya ha",0.01096443431965681
4512,2,0.18053779162683808,22,22_verdad_agradecer_emocionado_quiero agradecer,0.0975304105592,14.0,14_ho_ho ho_aplauso_muchas,0.0830073810676381,Pedro Ruminot,2025,2020,6,6_quinta_vergara_público_quinta vergara,"En este show si a mí me va muy bien, very well. Al final la gente grita por un premio. Tú tienes que parar es la corneta de plata. ¿Ya? Y después la corneta de ",0.014523029491561909
1104,2,0.1723781878933155,17,17_natalia_chiqui_alison_javiera,0.0894421221038024,6.0,6_quinta_vergara_público_quinta vergara,0.0829360657895131,Millenium Show,2001,2000,3,3_humor_quinta_quinta vergara_vergara,"Linda Vergara. Con rutinas que marcan, que marcan toda la experiencia de tantos años en la calle. Su escenario: el Paseo Omar, la Plaza de Armas, pasando una ma",0.006506056314289299
3000,2,0.2624035779324346,6,6_quinta_vergara_público_quinta vergara,0.179470912473203,17.0,17_natalia_chiqui_alison_javiera,0.0829326654592316,"Carlos ""El Mono"" Sánchez",2017,2010,6,6_quinta_vergara_público_quinta vergara,"Si el público agradece tu humor, es humor blanco, sencillo, familiar. Está Carlos, estás emocionadísimo. Hoy día cuando llegó a la Quinta Vergara te observé —tú",0.09653824701397139
4402,2,0.23250124959734308,5,5_colegio_niños_papá_hijo,0.1496118541094485,11.0,11_hijos_mamá_papá_hijo,0.0828893954878946,Edo Caroe,2025,2020,5,5_colegio_niños_papá_hijo,"Cualquier duda que hay en la casa, usted le pregunta a Martín. Mi hija le pregunta cosas a Martín, no a mí, a Martín. Porque Martín ya tuvo más vida universitar",0.06672245862155389
2998,2,0.2543192957381405,6,6_quinta_vergara_público_quinta vergara,0.1715516556599801,17.0,17_natalia_chiqui_alison_javiera,0.0827676400781604,"Carlos ""El Mono"" Sánchez",2017,2010,6,6_quinta_vergara_público_quinta vergara,"Hay momentos, Carlos, el mono que no hay que decir nada, que solamente hay que escuchar. Hay momentos en que la emoción puede más que mil palabras. compadre. Us",0.0887840155818197
4149,2,0.2705561716962159,10,10_maestro_hora hora_ruperto_hora,0.1878361106952099,2.0,2_chiste_programa_hoy hoy_chistes,0.082720061001006,Lucho Miranda,2024,2020,10,10_maestro_hora hora_ruperto_hora,"En 8 años nunca hice una factura, nunca hice una declaración de renta unida, mientras que en 4 años estándar, en 4 años de stand-up ya estoy en el festival con ",0.10511604969420389
3538,2,0.2270458592192136,11,11_hijos_mamá_papá_hijo,0.1443280928621682,16.0,16_comida_comer_dieta_mamá,0.0827177663570454,Javiera Contador,2020,2020,11,11_hijos_mamá_papá_hijo,"de cuatro hermanos, nosotros somos cuatro hijos de tres papás, ¿ya? No se queden callados, huevón, no juzguen a mi mamá. Hey. Hey, mi mamá es la mejor mamá del ",0.061610326505122784
2399,2,0.2026688229759328,13,13_ay ay_salta salta_salta_ay,0.1199667867573817,29.0,29_reggaeton_calmado_dale_ten,0.0827020362185511,Dinamita Show,2015,2010,13,13_ay ay_salta salta_salta_ay,"Ya, vamos a beber tú y yo. Dice así, espérate. Somos los lobos marinos, viajamos en un buque de guerra, en el fondo la mar no se puede tomar, hay que tomar en l",0.037264750538830604
4403,2,0.23307664832881142,5,5_colegio_niños_papá_hijo,0.1504768847904054,11.0,11_hijos_mamá_papá_hijo,0.082599763538406,Edo Caroe,2025,2020,5,5_colegio_niños_papá_hijo,qué mierda se hace? Tengo que bajar la ventana y cagarme frío. Al mismo tiempo quiero llevarme bien con Martín porque es la persona que mi hija quiere en este m,0.0678771212519994
1873,2,0.4207699477313353,6,6_quinta_vergara_público_quinta vergara,0.3383262521257732,14.0,14_ho_ho ho_aplauso_muchas,0.0824436956055621,Óscar Gangas,2011,2010,6,6_quinta_vergara_público_quinta vergara,"Efectivamente, se agachó a recoger los 3000 pesos y los dos se fueron al infierno. Dijo que era un desafío pendiente, una deuda que merecía ser pagada. Y hoy no",0.25588255652021114
1048,2,0.3752771919870324,17,17_natalia_chiqui_alison_javiera,0.2929065586999286,19.0,19_través_mar_viña_viña mar,0.0823706332871038,Memo Bunke y Natalia Cuevas,2001,2000,17,17_natalia_chiqui_alison_javiera,"Dale, oh. ¿Sabés qué más? Veamos tele. Okay, qué rico, buena onda. Bienvenidos. Les habla su amiga Eli, 20 teléfonos, 40 fax, tarros con petilla. Señor, les dig",0.2105359254128248
3551,2,0.2382859392708529,11,11_hijos_mamá_papá_hijo,0.155970647244033,5.0,5_colegio_niños_papá_hijo,0.0823152920268199,Javiera Contador,2020,2020,11,11_hijos_mamá_papá_hijo,"Y por qué los conozco? Y el mío con el chupete. Entonces yo esta situación me pone como nerviosa, miro a mi hijo y le digo, ""Sácate el chupete."" ¿Qué? Sácate el",0.0736553552172131
4212,2,0.1935280169530725,6,6_quinta_vergara_público_quinta vergara,0.1112402683613181,17.0,17_natalia_chiqui_alison_javiera,0.0822877485917544,Sergio Freire,2024,2020,6,6_quinta_vergara_público_quinta vergara,"Una figura clave del humor actual, actor, productor, escritor, técnico electromecánico, pero sobre todo un tremendo comediante que ha vuelto a triunfar en Viña.",0.0289525197695637
3868,2,0.3262743298396646,2,2_chiste_programa_hoy hoy_chistes,0.2440583190105185,28.0,28_puta puta_noticias_puta_ta,0.0822160108291461,Diego Urrutia,2023,2020,2,2_chiste_programa_hoy hoy_chistes,"Nos ponemos a ver tele, pero siempre los programas que a ella le gustan, ¿cachái? Entonces yo paso tarde entera viendo Pasión de Gavilanes, viendo La Rosa de Gu",0.1618423081813724
3624,2,0.47525142039698987,6,6_quinta_vergara_público_quinta vergara,0.3931803764634228,14.0,14_ho_ho ho_aplauso_muchas,0.0820710439335671,Ernesto Belloni,2020,2020,6,6_quinta_vergara_público_quinta vergara,"35 años en la quinta Vergara. Pero hoy tuvimos nuestra recompensa, Ernesto, y aquí está. Muchas gracias y mira cómo te aplaude la quinta Vergara. En la sincerid",0.31110933252985573
4329,2,0.2344082303676893,5,5_colegio_niños_papá_hijo,0.1523507185017482,11.0,11_hijos_mamá_papá_hijo,0.0820575118659411,"Daniela ""Chiqui"" Aguayo",2025,2020,5,5_colegio_niños_papá_hijo,"Lo de los memes me preocupó. Lo de escrito ni se puede googlear. Sé que llegamos a la casa, la conversación más seria que yo he tenido con mi hija desde entonce",0.0702932066358071
294,2,0.17245088973648842,3,3_humor_quinta_quinta vergara_vergara,0.0905323764775041,17.0,17_natalia_chiqui_alison_javiera,0.0819185132589843,Hermógenes Conache,1991,1990,3,3_humor_quinta_quinta vergara_vergara,El aplauso cariñoso de la Quinta Vergara. Cuando el humor triunfa ante un espectáculo de tal magnitud como es el Festival de Viña. Una mujer que ha vivido junto,0.008613863218519799
171,2,0.2334549130741096,22,22_verdad_agradecer_emocionado_quiero agradecer,0.1515505516255142,21.0,21_buenas noches_noches_buenas_pecadora,0.0819043614485954,Hugo Varela,1989,1980,22,22_verdad_agradecer_emocionado_quiero agradecer,"¡Amigas y amigos! ¡Amigas y amigos! Tengan todos ustedes muy buenas noches. Buenas noches. De pie... No, no, no, no, está bien. Bueno, es una alegría enorme par",0.0696461901769188
3248,2,0.2590808704882057,11,11_hijos_mamá_papá_hijo,0.1772373350877422,16.0,16_comida_comer_dieta_mamá,0.0818435354004635,Jenny Cavallo,2018,2010,11,11_hijos_mamá_papá_hijo,"Ya pues mijita, ya, vaya a sacudir el chuapino. ¿Qué? Y tu mamá es como, ya pues mi amor, ya pues, córtala, ya. Calla, culear. La misma señora que a los 18 te l",0.0953937996872787
991,2,0.18830793883926328,2,2_chiste_programa_hoy hoy_chistes,0.106467150277318,10.0,10_maestro_hora hora_ruperto_hora,0.0818407885619453,Dino Gordillo,2000,2000,2,2_chiste_programa_hoy hoy_chistes,"había un negrito que estaba agonizando, el pobre negro, tenía miedo de morir, no sabía para dónde se iba a ir. Y la familia le dijo: «Mira, no te preocupes, hij",0.024626361715372705
2116,2,0.1697337401666894,13,13_ay ay_salta salta_salta_ay,0.0879801806281892,29.0,29_reggaeton_calmado_dale_ten,0.0817535595385002,Nancho Parra,2013,2010,25,25_bailar_fiesta_bailemos_baile,"Calambres en un testículo, espérate, para, para. Ahí se fue, ahí, ahí y pasó. Un día una fiesta aquí en la prisión, la gente de los presos se empezó a tocar, su",0.006226621089688994
1151,2,0.313306920393125,17,17_natalia_chiqui_alison_javiera,0.2315940584147671,19.0,19_través_mar_viña_viña mar,0.0817128619783579,Gloria Benavides,2002,2000,17,17_natalia_chiqui_alison_javiera,"Pero a lo mejor queda alguna copucha. Dorita. Vamos a ver, a lo mejor... a lo mejor todos recuperarán por un instante a la Cuatro, aunque sea lo último esta noc",0.14988119643640918
1763,2,0.2890307110276049,6,6_quinta_vergara_público_quinta vergara,0.2073395762447573,14.0,14_ho_ho ho_aplauso_muchas,0.0816911347828476,Dinamita Show,2009,2000,6,6_quinta_vergara_público_quinta vergara,"Un aplauso más grande, más cariñoso, un reencuentro tan esperado, un momento tan lindo que hemos vivido esta noche aquí en la Quinta Vergara. Estamos muy felice",0.12564844146190968
40,2,0.2102811004472357,11,11_hijos_mamá_papá_hijo,0.128613682953268,5.0,5_colegio_niños_papá_hijo,0.0816674174939677,Hugo Goodman,1974,1970,11,11_hijos_mamá_papá_hijo,"Que he llegado aquí a mi patria, yo aquí tengo mi hijo, mi hijo tiene 5 años, lo fui a visitar, le digo, ""A ver, Huguito, dime una mentira, papá."" Ay, estos niñ",0.04694626545930029
2478,2,0.2930373010408525,6,6_quinta_vergara_público_quinta vergara,0.2114137096940735,17.0,17_natalia_chiqui_alison_javiera,0.081623591346779,Huaso Filomeno,2015,2010,6,6_quinta_vergara_público_quinta vergara,"Hasta siempre, Villa. Fue la presentación del Guacito, del Guaso Filomeno. Que esta noche recibe todo el cariño y el aplauso de la Quinta Vergara. Roger Jara. R",0.12979011834729448
3407,2,0.232653032217719,17,17_natalia_chiqui_alison_javiera,0.1511045222907212,3.0,3_humor_quinta_quinta vergara_vergara,0.0815485099269978,Felipe Avello,2019,2010,7,7_vieja_suegra_abuela_abuelita,"Le dijeron a la vieja Irma, la vieja, ¿está viva todavía la señora Irma? Se supone la mejor costurera en Lota. Cuando voy a ver el traje, un short negro Unas ba",0.06955601236372339
3578,2,0.1710298771279714,27,27_soltera_bebé_arturo vidal_tinder,0.0895538315587935,15.0,15_hombres_mujeres_mujer_hombre,0.0814760455691779,Javiera Contador,2020,2020,16,16_comida_comer_dieta_mamá,"subo un 51, te bajo un 43, pero nunca un 6%. Lo que descubrí es que la libertad es lo más lindo de la vida y los complejos te hacen ser menos libre y tenemos un",0.008077785989615602
3162,2,0.20280197930648108,3,3_humor_quinta_quinta vergara_vergara,0.1213420824546336,2.0,2_chiste_programa_hoy hoy_chistes,0.0814598968518475,Bombo Fica,2018,2010,6,6_quinta_vergara_público_quinta vergara,"mirada hacia el pasado. Porque la única manera de poder enfrentar este futuro, o sea, este este presente con un futuro es tener conciencia del pasado. Y en el e",0.0398821856027861
3710,2,0.2586434804428919,2,2_chiste_programa_hoy hoy_chistes,0.1773307281414689,28.0,28_puta puta_noticias_puta_ta,0.081312752301423,"Paul Vásquez ""El Flaco""",2020,2020,2,2_chiste_programa_hoy hoy_chistes,"cebolla morá, queso cabra, chocapic y para bajar todo eso que comen 2 L de día. En la noche, bueno, como era 11 comía, se acuestan temprano con la guata liviani",0.09601797584004591
2737,2,0.16838700177112081,15,15_hombres_mujeres_mujer_hombre,0.0871061763039784,27.0,27_soltera_bebé_arturo vidal_tinder,0.0812808254671424,Pedro Ruminot,2016,2010,9,9_auto_dijo dijo_micro_carabineros,Control de identidad preventivo. Que traducido al chileno significa muéstranos tu carnet negro Kuma. Significa eso. ¿Ustedes creen que se van a llevar a los rub,0.00582535083683601
3692,2,0.5438858017074829,15,15_hombres_mujeres_mujer_hombre,0.4626050960745841,23.0,23_amante_marido_mujer_matrimonio,0.0812807056328988,"Paul Vásquez ""El Flaco""",2020,2020,15,15_hombres_mujeres_mujer_hombre,"también se expela en sus lindos pedos. Obviamente, que la mujer no es como el hombre que se anda peando todo el día, po. Las mujeres no van así, ""Hola, María, ¿",0.3813243904416853
2485,2,0.18005050751020502,6,6_quinta_vergara_público_quinta vergara,0.098903056491263,14.0,14_ho_ho ho_aplauso_muchas,0.081147451018942,Huaso Filomeno,2015,2010,6,6_quinta_vergara_público_quinta vergara,"antes, Rafa. Nos vamos a ir al backstage con Andrés y Carolina que están recibiendo en este momento a un emocionado Guaso Filomeno. Andrés, Carolina, ¿están ahí",0.01775560547232101
3167,2,0.21335526013013728,24,24_amor_dije_pa_pa pa,0.1322233512196733,20.0,20_hermana_fea_curado_marihuana,0.081131908910464,Bombo Fica,2018,2010,10,10_maestro_hora hora_ruperto_hora,"Vamos de cerca. No, sí. No, no, ahí no más, no, no, sí, no puedo, no hay. Es que mi mamá me dijo chiquitito, no te acerques, mujer, es así, porque te puedes con",0.0510914423092093
2725,2,0.1673564876685245,24,24_amor_dije_pa_pa pa,0.0862793515012222,23.0,23_amante_marido_mujer_matrimonio,0.0810771361673023,Natalia Valdebenito,2016,2010,15,15_hombres_mujeres_mujer_hombre,"fácil, digamos, pero la verdad yo tengo que asumir que en algún momento de mi vida también he vivido con gallos y uno, oye, como le dije, ""Yo no sé 16 años."" Y ",0.005202215333919902
4464,2,0.3719464669495879,6,6_quinta_vergara_público_quinta vergara,0.2908866378000431,14.0,14_ho_ho ho_aplauso_muchas,0.0810598291495448,Juan Pablo López,2025,2020,6,6_quinta_vergara_público_quinta vergara,"Muy buenas noches, viña. Muchas pero muchas gracias. La quinta Vergara aplaude a un comediante extraordinario que tiene oficio. que siempre ha recorrido todo Ch",0.2098268086504983
2954,2,0.43066769156005125,27,27_soltera_bebé_arturo vidal_tinder,0.3498150988422533,15.0,15_hombres_mujeres_mujer_hombre,0.0808525927177979,"Daniela ""Chiqui"" Aguayo",2017,2010,27,27_soltera_bebé_arturo vidal_tinder,"Yo no igual, no lo voy a no lo voy a humillar en público. Voy a empatizar con usted. ¿A qué pachó? Por favor, un cortito de whisky. So, lo manifestamos y ustede",0.2689625061244554
712,2,0.1720677732022165,17,17_natalia_chiqui_alison_javiera,0.0912635988264284,19.0,19_través_mar_viña_viña mar,0.0808041743757881,Melón y Melame,1998,1990,3,3_humor_quinta_quinta vergara_vergara,"Ahora en la Esta noche en Viña del Mar estamos asistiendo A un verdadero triunfo de estos dos grandes amigos. A Gigi le conocemos hace muchos años, con esfuerzo",0.010459424450640298
4117,2,0.1928362522450976,11,11_hijos_mamá_papá_hijo,0.1120665932997029,16.0,16_comida_comer_dieta_mamá,0.0807696589453947,Luis Slimming,2024,2020,5,5_colegio_niños_papá_hijo,"está o está muerto o está preso? Porque es más fácil le decía al niño, ""Oye, ¿te acordás de tu papá? No, entonces soy yo, po, huevón."" Photoshop que hay un par ",0.03129693435430819
1157,2,0.3506141219631837,6,6_quinta_vergara_público_quinta vergara,0.2699161832451622,14.0,14_ho_ho ho_aplauso_muchas,0.0806979387180215,Vanessa Miller,2003,2000,6,6_quinta_vergara_público_quinta vergara,"Hasta este momento en Viña del Mar, en nuestra tercera noche de festival, hemos entregado seis antorchas, el premio del público de la Quinta Vergara. El miércol",0.1892182445271407
3516,2,0.16707502957562398,22,22_verdad_agradecer_emocionado_quiero agradecer,0.0865013577833943,14.0,14_ho_ho ho_aplauso_muchas,0.0805736717922297,Mauricio Palma,2019,2010,6,6_quinta_vergara_público_quinta vergara,"¿Hay qué me acuesta? A las nalgas deme un bono, deme un bono. Son geniales. Pero bueno, la verdad es que esta noche va a ser una noche inolvidable. Gracias. Por",0.005927685991164597
3617,2,0.1738634752747769,5,5_colegio_niños_papá_hijo,0.0933997088081506,11.0,11_hijos_mamá_papá_hijo,0.0804637664666263,Ernesto Belloni,2020,2020,11,11_hijos_mamá_papá_hijo,"aquí. Yo sé. Pero, ¿sabéis por qué? Por culpa del copete. Pero cuando me cambió la cosa... cuando nace mi primer hijo. Cuando nació mi primer hijo me cambió tod",0.0129359423415243
2360,2,0.2808482403413027,3,3_humor_quinta_quinta vergara_vergara,0.2004409905009878,17.0,17_natalia_chiqui_alison_javiera,0.0804072498403149,Dinamita Show,2015,2010,3,3_humor_quinta_quinta vergara_vergara,"Ven a dirigir, niña del mar. Lance una canción, así es. Ya estamos de regreso en esta, la Quinta Vergara, el escenario más lindo del planeta. ¿Cómo está la Quin",0.12003374066067289
318,2,0.1895317792738378,1,1_canción_almas_cantar_vivo vivo,0.1091525871016915,13.0,13_ay ay_salta salta_salta_ay,0.0803791921721463,Sandy,1993,1990,1,1_canción_almas_cantar_vivo vivo,"que es un pueblo que llora de alegría y canta de dolor, ¿les parece bien? Para después contarles los chistecitos. Si, por ejemplo, usted escucha que están canta",0.0287733949295452
981,2,0.4439448602307181,22,22_verdad_agradecer_emocionado_quiero agradecer,0.3635763803738335,21.0,21_buenas noches_noches_buenas_pecadora,0.0803684798568846,Coco Legrand,2000,2000,22,22_verdad_agradecer_emocionado_quiero agradecer,"Gracias, compadre. Gracias, muchísimas gracias. A lo mejor para mucho podía ser una locura que yo planteara un humor de café concert en una quinta con casi 20 0",0.2832079005169489
4139,2,0.24806388006849223,2,2_chiste_programa_hoy hoy_chistes,0.1677177419148586,28.0,28_puta puta_noticias_puta_ta,0.0803461381536336,Lucho Miranda,2024,2020,2,2_chiste_programa_hoy hoy_chistes,"llegar a todos ustedes y decirles que yo soy uno más. Así que dicho eso, comenzamos con los juegos de Navidad. Gracias. Gracias. Gracias. Gracias. Ya. Se calma.",0.087371603761225
345,2,0.2720556112219006,10,10_maestro_hora hora_ruperto_hora,0.1918276485123145,2.0,2_chiste_programa_hoy hoy_chistes,0.0802279627095861,Sandy,1993,1990,10,10_maestro_hora hora_ruperto_hora,"y el doctor dijo: 'Que pase el que sigue'. Y ustedes han sido tan buenos. Sale del sopor de la anestesia: ""¿Cómo salió de la operación, doctor?"". ""Yo no soy doc",0.11159968580272842
25,2,0.23323993042697572,1,1_canción_almas_cantar_vivo vivo,0.1530671267551478,13.0,13_ay ay_salta salta_salta_ay,0.0801728036718279,Los Acetatos,1973,1970,1,1_canción_almas_cantar_vivo vivo,"Otra. ¿Sí? Pues ya lo ven, vuelven solos, ¿ah? Ustedes seguramente habrán escuchado ""Concierto para una sola voz"", pero nunca en la versión de esta voz única en",0.0728943230833199
2783,2,0.16657973802895149,23,23_amante_marido_mujer_matrimonio,0.0864816513420142,24.0,24_amor_dije_pa_pa pa,0.0800980866869373,Los Locos del Humor,2016,2010,7,7_vieja_suegra_abuela_abuelita,"¿Cómo está la gente de Villa Alemana? ¿Quién fue? Belloto. La alegría, ¿cómo está? Va el paraíso. Buena, compadre. Puente alto, Recoleta, Santiago. La pintana, ",0.006383564655076904
1979,2,0.2567785355901718,14,14_ho_ho ho_aplauso_muchas,0.1767588031828866,22.0,22_verdad_agradecer_emocionado_quiero agradecer,0.0800197324072852,Bombo Fica,2012,2010,14,14_ho_ho ho_aplauso_muchas,"¡Un aplauso para mi insistente Bombito, que ha crecido mucho! Insistente. ¿Cómo está, Viña? Gracias, gracias. La verdad que es un placer.",0.09673907077560139
3581,2,0.2352492381911021,17,17_natalia_chiqui_alison_javiera,0.1552304735559881,6.0,6_quinta_vergara_público_quinta vergara,0.080018764635114,Javiera Contador,2020,2020,17,17_natalia_chiqui_alison_javiera,"Una artista multifacética, gran actriz destacada comediante extraordinaria nuestra chilena Javiera González. Muchas gracias. Y todo el público se puso de pie. E",0.0752117089208741
