segment_idx,show,year
0,Tato Cifuentes,1973
1,Tato Cifuentes,1973
2,Tato Cifuentes,1973
3,Tato Cifuentes,1973
4,Los Acetatos,1973
5,Los Acetatos,1973
6,Los Acetatos,1973
7,Los Acetatos,1973
8,Los Acetatos,1973
9,Los Acetatos,1973
10,Los Acetatos,1973
11,Los Acetatos,1973
12,Tato Cifuentes,1974
13,Hugo Goodman,1974
14,Hugo Goodman,1974
15,Hugo Goodman,1974
16,Hugo Goodman,1974
17,Hugo Goodman,1974
18,Hugo Goodman,1974
19,Hugo Goodman,1974
20,Hugo Goodman,1974
21,Hugo Goodman,1974
22,Hugo Goodman,1974
23,Hugo Goodman,1974
24,Hugo Goodman,1974
25,Hugo Goodman,1974
26,Hugo Goodman,1974
27,Hugo Goodman,1974
28,Hugo Goodman,1974
29,Hugo Goodman,1974
30,Hugo Goodman,1974
31,Hugo Goodman,1974
32,Hugo Goodman,1974
33,Hugo Goodman,1974
34,Hugo Goodman,1974
35,Hugo Goodman,1974
36,Hugo Goodman,1974
37,Los Muleros,1976
38,Gloria Benavides,1977
39,Gloria Benavides,1977
40,Gloria Benavides,1977
41,Gloria Benavides,1977
42,Gloria Benavides,1977
43,Gloria Benavides,1977
44,Gloria Benavides,1977
45,Gloria Benavides,1977
46,Gloria Benavides,1977
47,Gloria Benavides,1977
48,Edmundo Arrocet,1978
49,Edmundo Arrocet,1978
50,Edmundo Arrocet,1978
51,Edmundo Arrocet,1978
52,Edmundo Arrocet,1978
53,Edmundo Arrocet,1978
54,Edmundo Arrocet,1978
55,Edmundo Arrocet,1978
56,Edmundo Arrocet,1978
57,Edmundo Arrocet,1978
58,Edmundo Arrocet,1978
59,Edmundo Arrocet,1978
60,Edmundo Arrocet,1978
61,Carlos Helo,1979
62,Carlos Helo,1979
63,Carlos Helo,1979
64,Carlos Helo,1979
65,Carlos Helo,1979
66,Carlos Helo,1979
67,Carlos Helo,1979
68,Carlos Helo,1979
69,Carlos Helo,1979
70,Carlos Helo,1979
71,Carlos Helo,1979
72,Carlos Helo,1979
73,Jorge Romero,1979
74,Jorge Romero,1979
75,Jorge Romero,1979
76,Jorge Romero,1979
77,Coco Legrand,1980
78,Coco Legrand,1980
79,"Esteban ""Ronco"" Retes",1984
80,"Esteban ""Ronco"" Retes",1984
81,"Esteban ""Ronco"" Retes",1984
82,"Esteban ""Ronco"" Retes",1984
83,"Esteban ""Ronco"" Retes",1984
84,El Huaso Clavel,1988
85,El Huaso Clavel,1988
86,El Huaso Clavel,1988
87,El Huaso Clavel,1988
88,El Huaso Clavel,1988
89,El Huaso Clavel,1988
90,El Huaso Clavel,1988
91,El Huaso Clavel,1988
92,El Huaso Clavel,1988
93,El Huaso Clavel,1988
94,El Huaso Clavel,1988
95,El Huaso Clavel,1988
96,El Huaso Clavel,1988
97,El Huaso Clavel,1988
98,Hugo Varela,1989
99,Hugo Varela,1989
100,Hugo Varela,1989
101,Hugo Varela,1989
102,Hugo Varela,1989
103,Hugo Varela,1989
104,Hugo Varela,1989
105,Hugo Varela,1989
106,Hugo Varela,1989
107,Hugo Varela,1989
108,Hugo Varela,1989
109,Hugo Varela,1989
110,Hugo Varela,1989
111,Hugo Varela,1989
112,Hugo Varela,1989
113,Pujillay,1990
114,Pujillay,1990
115,Pujillay,1990
116,Pujillay,1990
117,Pujillay,1990
118,Pujillay,1990
119,Pujillay,1990
120,Pujillay,1990
121,Pujillay,1990
122,Pujillay,1990
123,Pujillay,1990
124,Pujillay,1990
125,Pujillay,1990
126,Pujillay,1990
127,Pujillay,1990
128,Pujillay,1990
129,Pujillay,1990
130,Pujillay,1990
131,Pujillay,1990
132,Pujillay,1990
133,Pujillay,1990
134,Pujillay,1990
135,Pujillay,1990
136,Pujillay,1990
137,Pujillay,1990
138,Pujillay,1990
139,Pujillay,1990
140,Pujillay,1990
141,Pujillay,1990
142,Pujillay,1990
143,Pujillay,1990
144,Pujillay,1990
145,Pujillay,1990
146,Palta Meléndez,1991
147,Palta Meléndez,1991
148,Palta Meléndez,1991
149,Palta Meléndez,1991
150,Palta Meléndez,1991
151,Palta Meléndez,1991
152,Palta Meléndez,1991
153,Palta Meléndez,1991
154,Palta Meléndez,1991
155,Palta Meléndez,1991
156,Palta Meléndez,1991
157,Palta Meléndez,1991
158,Palta Meléndez,1991
159,Palta Meléndez,1991
160,Palta Meléndez,1991
161,Palta Meléndez,1991
162,Palta Meléndez,1991
163,Palta Meléndez,1991
164,Palta Meléndez,1991
165,Palta Meléndez,1991
166,Palta Meléndez,1991
167,Palta Meléndez,1991
168,Palta Meléndez,1991
169,Palta Meléndez,1991
170,Palta Meléndez,1991
171,Palta Meléndez,1991
172,Palta Meléndez,1991
173,Palta Meléndez,1991
174,Palta Meléndez,1991
175,Palta Meléndez,1991
176,Palta Meléndez,1991
177,Palta Meléndez,1991
178,Palta Meléndez,1991
179,Palta Meléndez,1991
180,Palta Meléndez,1991
181,Palta Meléndez,1991
182,Palta Meléndez,1991
183,Palta Meléndez,1991
184,Palta Meléndez,1991
185,Palta Meléndez,1991
186,Palta Meléndez,1991
187,Palta Meléndez,1991
188,Palta Meléndez,1991
189,Palta Meléndez,1991
190,Palta Meléndez,1991
191,Palta Meléndez,1991
192,Palta Meléndez,1991
193,Hermógenes Conache,1991
194,Hermógenes Conache,1991
195,Hermógenes Conache,1991
196,Hermógenes Conache,1991
197,Hermógenes Conache,1991
198,Hermógenes Conache,1991
199,Hermógenes Conache,1991
200,Hermógenes Conache,1991
201,Hermógenes Conache,1991
202,Hermógenes Conache,1991
203,Hermógenes Conache,1991
204,Hermógenes Conache,1991
205,Hermógenes Conache,1991
206,Hermógenes Conache,1991
207,Hermógenes Conache,1991
208,Hermógenes Conache,1991
209,Hermógenes Conache,1991
210,Hermógenes Conache,1991
211,Hermógenes Conache,1991
212,Hermógenes Conache,1991
213,Hermógenes Conache,1991
214,Hermógenes Conache,1991
215,Hermógenes Conache,1991
216,Hermógenes Conache,1991
217,Hermógenes Conache,1991
218,Hermógenes Conache,1991
219,Hermógenes Conache,1991
220,Hermógenes Conache,1991
221,Hermógenes Conache,1991
222,Hermógenes Conache,1991
223,Hermógenes Conache,1991
224,Hermógenes Conache,1991
225,Hermógenes Conache,1991
226,Hermógenes Conache,1991
227,Hermógenes Conache,1991
228,Lucho Navarro,1992
229,Lucho Navarro,1992
230,Lucho Navarro,1992
231,Lucho Navarro,1992
232,Lucho Navarro,1992
233,Lucho Navarro,1992
234,Lucho Navarro,1992
235,Lucho Navarro,1992
236,Lucho Navarro,1992
237,Lucho Navarro,1992
238,Sandy,1993
239,Sandy,1993
240,Sandy,1993
241,Sandy,1993
242,Sandy,1993
243,Sandy,1993
244,Sandy,1993
245,Sandy,1993
246,Sandy,1993
247,Sandy,1993
248,Sandy,1993
249,Sandy,1993
250,Sandy,1993
251,Sandy,1993
252,Sandy,1993
253,Sandy,1993
254,Sandy,1993
255,Sandy,1993
256,Sandy,1993
257,Sandy,1993
258,Sandy,1993
259,Sandy,1993
260,Sandy,1993
261,Sandy,1993
262,Sandy,1993
263,Sandy,1993
264,Sandy,1993
265,Sandy,1993
266,Sandy,1993
267,Sandy,1993
268,Sandy,1993
269,Sandy,1993
270,Sandy,1993
271,Sandy,1993
272,Sandy,1993
273,Sandy,1993
274,Piña Colada,1993
275,Piña Colada,1993
276,Piña Colada,1993
277,Piña Colada,1993
278,Piña Colada,1993
279,Piña Colada,1993
280,Julio Sabala,1994
281,Julio Sabala,1994
282,Julio Sabala,1994
283,Julio Sabala,1994
284,"Jorge ""Chino"" Navarrete",1994
285,"Jorge ""Chino"" Navarrete",1994
286,"Jorge ""Chino"" Navarrete",1994
287,"Jorge ""Chino"" Navarrete",1994
288,"Jorge ""Chino"" Navarrete",1994
289,"Jorge ""Chino"" Navarrete",1994
290,"Jorge ""Chino"" Navarrete",1994
291,"Jorge ""Chino"" Navarrete",1994
292,"Jorge ""Chino"" Navarrete",1994
293,"Jorge ""Chino"" Navarrete",1994
294,"Jorge ""Chino"" Navarrete",1994
295,"Jorge ""Chino"" Navarrete",1994
296,"Jorge ""Chino"" Navarrete",1994
297,"Jorge ""Chino"" Navarrete",1994
298,"Jorge ""Chino"" Navarrete",1994
299,"Jorge ""Chino"" Navarrete",1994
300,"Jorge ""Chino"" Navarrete",1994
301,"Jorge ""Chino"" Navarrete",1994
302,"Jorge ""Chino"" Navarrete",1994
303,"Jorge ""Chino"" Navarrete",1994
304,"Jorge ""Chino"" Navarrete",1994
305,"Jorge ""Chino"" Navarrete",1994
306,"Jorge ""Chino"" Navarrete",1994
307,"Jorge ""Chino"" Navarrete",1994
308,"Jorge ""Chino"" Navarrete",1994
309,"Jorge ""Chino"" Navarrete",1994
310,"Jorge ""Chino"" Navarrete",1994
311,"Jorge ""Chino"" Navarrete",1994
312,"Jorge ""Chino"" Navarrete",1994
313,"Jorge ""Chino"" Navarrete",1994
314,"Jorge ""Chino"" Navarrete",1994
315,"Jorge ""Chino"" Navarrete",1994
316,"Jorge ""Chino"" Navarrete",1994
317,"Jorge ""Chino"" Navarrete",1994
318,"Jorge ""Chino"" Navarrete",1994
319,"Jorge ""Chino"" Navarrete",1994
320,"Jorge ""Chino"" Navarrete",1994
321,"Jorge ""Chino"" Navarrete",1994
322,"Jorge ""Chino"" Navarrete",1994
323,"Jorge ""Chino"" Navarrete",1994
324,"Jorge ""Chino"" Navarrete",1994
325,"Jorge ""Chino"" Navarrete",1994
326,Jappening con ja,1995
327,Jappening con ja,1995
328,Jappening con ja,1995
329,Jappening con ja,1995
330,Jappening con ja,1995
331,Jappening con ja,1995
332,Jappening con ja,1995
333,Gloria Benavides,1995
334,Gloria Benavides,1995
335,Gloria Benavides,1995
336,Gloria Benavides,1995
337,Gloria Benavides,1995
338,Gloria Benavides,1995
339,Gloria Benavides,1995
340,Gloria Benavides,1995
341,Gloria Benavides,1995
342,Gloria Benavides,1995
343,Gloria Benavides,1995
344,Gloria Benavides,1995
345,Gloria Benavides,1995
346,Gloria Benavides,1995
347,Gloria Benavides,1995
348,Gloria Benavides,1995
349,Gloria Benavides,1995
350,Gloria Benavides,1995
351,Gloria Benavides,1995
352,Paulo Iglesias,1995
353,Paulo Iglesias,1995
354,Paulo Iglesias,1995
355,Paulo Iglesias,1995
356,Paulo Iglesias,1995
357,Paulo Iglesias,1995
358,Paulo Iglesias,1995
359,Paulo Iglesias,1995
360,Paulo Iglesias,1995
361,Paulo Iglesias,1995
362,Paulo Iglesias,1995
363,Paulo Iglesias,1995
364,Paulo Iglesias,1995
365,Paulo Iglesias,1995
366,Paulo Iglesias,1995
367,Paulo Iglesias,1995
368,Paulo Iglesias,1995
369,Paulo Iglesias,1995
370,Paulo Iglesias,1995
371,Paulo Iglesias,1995
372,Paulo Iglesias,1995
373,Paulo Iglesias,1995
374,Paulo Iglesias,1995
375,Paulo Iglesias,1995
376,Paulo Iglesias,1995
377,Paulo Iglesias,1995
378,Paulo Iglesias,1995
379,Paulo Iglesias,1995
380,Paulo Iglesias,1995
381,Paulo Iglesias,1995
382,Paulo Iglesias,1995
383,El Pampero,1995
384,El Pampero,1995
385,El Pampero,1995
386,El Pampero,1995
387,El Pampero,1995
388,El Pampero,1995
389,El Pampero,1995
390,El Pampero,1995
391,El Pampero,1995
392,El Pampero,1995
393,El Pampero,1995
394,El Pampero,1995
395,El Pampero,1995
396,El Pampero,1995
397,El Pampero,1995
398,El Pampero,1995
399,El Pampero,1995
400,El Pampero,1995
401,El Pampero,1995
402,Dino Gordillo,1996
403,Dino Gordillo,1996
404,Dino Gordillo,1996
405,Dino Gordillo,1996
406,Dino Gordillo,1996
407,Dino Gordillo,1996
408,Dino Gordillo,1996
409,Dino Gordillo,1996
410,Dino Gordillo,1996
411,Dino Gordillo,1996
412,Los Indolatinos,1996
413,Los Indolatinos,1996
414,Los Indolatinos,1996
415,Los Indolatinos,1996
416,Los Indolatinos,1996
417,Los Indolatinos,1996
418,Los Indolatinos,1996
419,Los Indolatinos,1996
420,Los Indolatinos,1996
421,Los Indolatinos,1996
422,Los Indolatinos,1996
423,Los Indolatinos,1996
424,Los Indolatinos,1996
425,Los Indolatinos,1996
426,Los Indolatinos,1996
427,Los Indolatinos,1996
428,Los Indolatinos,1996
429,Los Indolatinos,1996
430,Los Indolatinos,1996
431,Los Indolatinos,1996
432,Los Indolatinos,1996
433,Los Indolatinos,1996
434,Los Indolatinos,1996
435,Los Indolatinos,1996
436,Los Indolatinos,1996
437,Dinamita Show,1996
438,Dinamita Show,1996
439,Dinamita Show,1996
440,Dinamita Show,1996
441,Dinamita Show,1996
442,Dinamita Show,1996
443,Dinamita Show,1996
444,Dinamita Show,1996
445,Dinamita Show,1996
446,Dinamita Show,1996
447,Dinamita Show,1996
448,Dinamita Show,1996
449,Dinamita Show,1996
450,Dinamita Show,1996
451,Dinamita Show,1996
452,Dinamita Show,1996
453,Dinamita Show,1996
454,Dinamita Show,1996
455,Dinamita Show,1996
456,Dinamita Show,1996
457,Dinamita Show,1996
458,Dinamita Show,1996
459,Dinamita Show,1996
460,Dinamita Show,1996
461,Dinamita Show,1996
462,Dinamita Show,1996
463,Dinamita Show,1996
464,Dinamita Show,1996
465,Dinamita Show,1996
466,Dinamita Show,1996
467,Dinamita Show,1996
468,Dinamita Show,1996
469,Dinamita Show,1996
470,Dinamita Show,1996
471,Dinamita Show,1996
472,Dinamita Show,1996
473,Dinamita Show,1996
474,Dinamita Show,1996
475,Dinamita Show,1996
476,Dinamita Show,1996
477,Dinamita Show,1996
478,Dinamita Show,1996
479,Dinamita Show,1996
480,Dinamita Show,1996
481,Dinamita Show,1996
482,Dinamita Show,1996
483,Dinamita Show,1996
484,Dinamita Show,1996
485,Dinamita Show,1996
486,Dinamita Show,1996
487,Dinamita Show,1996
488,Dinamita Show,1996
489,Dino Gordillo,1997
490,Dino Gordillo,1997
491,Dino Gordillo,1997
492,Dino Gordillo,1997
493,Dino Gordillo,1997
494,Dino Gordillo,1997
495,Dino Gordillo,1997
496,Dino Gordillo,1997
497,Dino Gordillo,1997
498,Dino Gordillo,1997
499,Dino Gordillo,1997
500,Dino Gordillo,1997
501,Dino Gordillo,1997
502,Dino Gordillo,1997
503,Dino Gordillo,1997
504,Dino Gordillo,1997
505,Dino Gordillo,1997
506,Dino Gordillo,1997
507,Dino Gordillo,1997
508,Dino Gordillo,1997
509,Dino Gordillo,1997
510,Dino Gordillo,1997
511,Dino Gordillo,1997
512,Dino Gordillo,1997
513,Dino Gordillo,1997
514,Dino Gordillo,1997
515,Dino Gordillo,1997
516,Dino Gordillo,1997
517,Dino Gordillo,1997
518,Dino Gordillo,1997
519,Dino Gordillo,1997
520,Dino Gordillo,1997
521,Dino Gordillo,1997
522,Dino Gordillo,1997
523,Gilberto Gless,1997
524,Gilberto Gless,1997
525,Jorge Pérez,1997
526,Jorge Pérez,1997
527,Jorge Pérez,1997
528,Jorge Pérez,1997
529,Palta Meléndez,1997
530,Palta Meléndez,1997
531,Palta Meléndez,1997
532,Palta Meléndez,1997
533,Palta Meléndez,1997
534,Palta Meléndez,1997
535,Palta Meléndez,1997
536,Palta Meléndez,1997
537,Palta Meléndez,1997
538,Palta Meléndez,1997
539,Palta Meléndez,1997
540,Palta Meléndez,1997
541,Palta Meléndez,1997
542,Palta Meléndez,1997
543,Palta Meléndez,1997
544,Palta Meléndez,1997
545,Palta Meléndez,1997
546,Palta Meléndez,1997
547,Palta Meléndez,1997
548,Palta Meléndez,1997
549,Palta Meléndez,1997
550,Palta Meléndez,1997
551,Palta Meléndez,1997
552,Pancho del Sur,1997
553,Pancho del Sur,1997
554,Pancho del Sur,1997
555,Pancho del Sur,1997
556,Pancho del Sur,1997
557,Pancho del Sur,1997
558,Pancho del Sur,1997
559,Pancho del Sur,1997
560,Pancho del Sur,1997
561,Pancho del Sur,1997
562,Pancho del Sur,1997
563,Pancho del Sur,1997
564,Pancho del Sur,1997
565,Pancho del Sur,1997
566,Pancho del Sur,1997
567,Pancho del Sur,1997
568,Pancho del Sur,1997
569,Pancho del Sur,1997
570,Pancho del Sur,1997
571,Pancho del Sur,1997
572,Pancho del Sur,1997
573,Melón y Melame,1998
574,Melón y Melame,1998
575,Melón y Melame,1998
576,Melón y Melame,1998
577,Melón y Melame,1998
578,Melón y Melame,1998
579,Melón y Melame,1998
580,Melón y Melame,1998
581,Melón y Melame,1998
582,Melón y Melame,1998
583,Melón y Melame,1998
584,Melón y Melame,1998
585,Melón y Melame,1998
586,Melón y Melame,1998
587,Melón y Melame,1998
588,Melón y Melame,1998
589,Melón y Melame,1998
590,Melón y Melame,1998
591,Melón y Melame,1998
592,Melón y Melame,1998
593,Melón y Melame,1998
594,Melón y Melame,1998
595,Melón y Melame,1998
596,Melón y Melame,1998
597,Óscar Gangas,1998
598,Óscar Gangas,1998
599,Óscar Gangas,1998
600,Óscar Gangas,1998
601,Óscar Gangas,1998
602,Óscar Gangas,1998
603,Óscar Gangas,1998
604,Óscar Gangas,1998
605,Óscar Gangas,1998
606,Óscar Gangas,1998
607,Óscar Gangas,1998
608,Óscar Gangas,1998
609,Óscar Gangas,1998
610,Óscar Gangas,1998
611,Óscar Gangas,1998
612,Óscar Gangas,1998
613,Sarah Sanders,1998
614,Sarah Sanders,1998
615,Sarah Sanders,1998
616,Sarah Sanders,1998
617,Sarah Sanders,1998
618,Sarah Sanders,1998
619,Sarah Sanders,1998
620,Sarah Sanders,1998
621,Sarah Sanders,1998
622,Sarah Sanders,1998
623,Sarah Sanders,1998
624,Sarah Sanders,1998
625,Sarah Sanders,1998
626,Sarah Sanders,1998
627,Sarah Sanders,1998
628,Sarah Sanders,1998
629,Sarah Sanders,1998
630,Sarah Sanders,1998
631,Sarah Sanders,1998
632,Sarah Sanders,1998
633,Gloria Benavides,1998
634,Gloria Benavides,1998
635,Gloria Benavides,1998
636,Gloria Benavides,1998
637,Gloria Benavides,1998
638,Gloria Benavides,1998
639,Gloria Benavides,1998
640,Gloria Benavides,1998
641,Gloria Benavides,1998
642,Gloria Benavides,1998
643,Gloria Benavides,1998
644,Gloria Benavides,1998
645,Gloria Benavides,1998
646,Gloria Benavides,1998
647,Gloria Benavides,1998
648,Gloria Benavides,1998
649,Gloria Benavides,1998
650,Gloria Benavides,1998
651,Gloria Benavides,1998
652,Dino Gordillo,1998
653,Dino Gordillo,1998
654,Dino Gordillo,1998
655,Dino Gordillo,1998
656,Dino Gordillo,1998
657,Dino Gordillo,1998
658,Dino Gordillo,1998
659,Dino Gordillo,1998
660,Dino Gordillo,1998
661,Dino Gordillo,1998
662,Dino Gordillo,1998
663,Dino Gordillo,1998
664,Dino Gordillo,1998
665,Dino Gordillo,1998
666,Dino Gordillo,1998
667,Dino Gordillo,1998
668,Dino Gordillo,1998
669,Dino Gordillo,1998
670,Dino Gordillo,1998
671,Dino Gordillo,1998
672,Dino Gordillo,1998
673,Dino Gordillo,1998
674,Dino Gordillo,1998
675,Dino Gordillo,1998
676,Dino Gordillo,1998
677,Dino Gordillo,1998
678,Los Indolatinos,1999
679,Los Indolatinos,1999
680,Los Indolatinos,1999
681,Los Indolatinos,1999
682,Los Indolatinos,1999
683,Los Indolatinos,1999
684,Los Indolatinos,1999
685,Los Indolatinos,1999
686,Los Indolatinos,1999
687,Los Indolatinos,1999
688,Los Indolatinos,1999
689,Los Indolatinos,1999
690,Los Indolatinos,1999
691,Los Indolatinos,1999
692,Los Indolatinos,1999
693,Los Indolatinos,1999
694,Los Indolatinos,1999
695,Los Indolatinos,1999
696,Los Indolatinos,1999
697,Los Indolatinos,1999
698,Los Indolatinos,1999
699,Los Indolatinos,1999
700,Los Indolatinos,1999
701,Los Indolatinos,1999
702,Los Indolatinos,1999
703,Los Indolatinos,1999
704,Los Indolatinos,1999
705,Los Indolatinos,1999
706,Los Indolatinos,1999
707,Los Indolatinos,1999
708,Sandy,1999
709,Sandy,1999
710,Sandy,1999
711,Sandy,1999
712,Sandy,1999
713,Sandy,1999
714,Sandy,1999
715,Sandy,1999
716,Sandy,1999
717,Sandy,1999
718,Sandy,1999
719,Sandy,1999
720,Sandy,1999
721,Sandy,1999
722,Sandy,1999
723,Sandy,1999
724,Sandy,1999
725,Sandy,1999
726,Sandy,1999
727,Sandy,1999
728,Sandy,1999
729,Sandy,1999
730,Sandy,1999
731,Sandy,1999
732,Sandy,1999
733,Sandy,1999
734,Sandy,1999
735,Sandy,1999
736,Melón y Melame,1999
737,Melón y Melame,1999
738,Melón y Melame,1999
739,Melón y Melame,1999
740,Melón y Melame,1999
741,Melón y Melame,1999
742,Melón y Melame,1999
743,Melón y Melame,1999
744,Melón y Melame,1999
745,Melón y Melame,1999
746,Melón y Melame,1999
747,Melón y Melame,1999
748,Melón y Melame,1999
749,Melón y Melame,1999
750,Melón y Melame,1999
751,Melón y Melame,1999
752,Melón y Melame,1999
753,Melón y Melame,1999
754,Melón y Melame,1999
755,Melón y Melame,1999
756,Melón y Melame,1999
757,Melón y Melame,1999
758,Melón y Melame,1999
759,Melón y Melame,1999
760,Melón y Melame,1999
761,Melón y Melame,1999
762,Melón y Melame,1999
763,Melón y Melame,1999
764,Melón y Melame,1999
765,Melón y Melame,1999
766,Melón y Melame,1999
767,Álvaro Salas,2000
768,Álvaro Salas,2000
769,Álvaro Salas,2000
770,Álvaro Salas,2000
771,Álvaro Salas,2000
772,Álvaro Salas,2000
773,Álvaro Salas,2000
774,Álvaro Salas,2000
775,Álvaro Salas,2000
776,Álvaro Salas,2000
777,Álvaro Salas,2000
778,Álvaro Salas,2000
779,Álvaro Salas,2000
780,Álvaro Salas,2000
781,Álvaro Salas,2000
782,Álvaro Salas,2000
783,Álvaro Salas,2000
784,Álvaro Salas,2000
785,Álvaro Salas,2000
786,Álvaro Salas,2000
787,Álvaro Salas,2000
788,Álvaro Salas,2000
789,Álvaro Salas,2000
790,Álvaro Salas,2000
791,Álvaro Salas,2000
792,Álvaro Salas,2000
793,Álvaro Salas,2000
794,Álvaro Salas,2000
795,Álvaro Salas,2000
796,Álvaro Salas,2000
797,Álvaro Salas,2000
798,Álvaro Salas,2000
799,Álvaro Salas,2000
800,Álvaro Salas,2000
801,Álvaro Salas,2000
802,Álvaro Salas,2000
803,Álvaro Salas,2000
804,Álvaro Salas,2000
805,Álvaro Salas,2000
806,Álvaro Salas,2000
807,Álvaro Salas,2000
808,Álvaro Salas,2000
809,"Daniel Muñoz ""El Malo""",2000
810,"Daniel Muñoz ""El Malo""",2000
811,"Daniel Muñoz ""El Malo""",2000
812,"Daniel Muñoz ""El Malo""",2000
813,"Daniel Muñoz ""El Malo""",2000
814,Memo Bunke,2000
815,Memo Bunke,2000
816,Memo Bunke,2000
817,Memo Bunke,2000
818,Memo Bunke,2000
819,Memo Bunke,2000
820,Memo Bunke,2000
821,Memo Bunke,2000
822,Memo Bunke,2000
823,Memo Bunke,2000
824,Memo Bunke,2000
825,Memo Bunke,2000
826,Memo Bunke,2000
827,Memo Bunke,2000
828,Memo Bunke,2000
829,Memo Bunke,2000
830,Memo Bunke,2000
831,Memo Bunke,2000
832,Memo Bunke,2000
833,Memo Bunke,2000
834,Memo Bunke,2000
835,Memo Bunke,2000
836,Memo Bunke,2000
837,Memo Bunke,2000
838,Memo Bunke,2000
839,Memo Bunke,2000
840,Memo Bunke,2000
841,Memo Bunke,2000
842,Memo Bunke,2000
843,Memo Bunke,2000
844,Memo Bunke,2000
845,Memo Bunke,2000
846,Memo Bunke,2000
847,Coco Legrand,2000
848,Coco Legrand,2000
849,Coco Legrand,2000
850,Coco Legrand,2000
851,Coco Legrand,2000
852,Coco Legrand,2000
853,Coco Legrand,2000
854,Coco Legrand,2000
855,Coco Legrand,2000
856,Coco Legrand,2000
857,Coco Legrand,2000
858,Coco Legrand,2000
859,Coco Legrand,2000
860,Coco Legrand,2000
861,Coco Legrand,2000
862,Coco Legrand,2000
863,Coco Legrand,2000
864,Coco Legrand,2000
865,Coco Legrand,2000
866,Coco Legrand,2000
867,Coco Legrand,2000
868,Coco Legrand,2000
869,Coco Legrand,2000
870,Coco Legrand,2000
871,Coco Legrand,2000
872,Coco Legrand,2000
873,Coco Legrand,2000
874,Coco Legrand,2000
875,Coco Legrand,2000
876,Coco Legrand,2000
877,Coco Legrand,2000
878,Coco Legrand,2000
879,Coco Legrand,2000
880,Coco Legrand,2000
881,Coco Legrand,2000
882,Coco Legrand,2000
883,Coco Legrand,2000
884,Coco Legrand,2000
885,Coco Legrand,2000
886,Dino Gordillo,2000
887,Dino Gordillo,2000
888,Dino Gordillo,2000
889,Dino Gordillo,2000
890,Dino Gordillo,2000
891,Dino Gordillo,2000
892,Dino Gordillo,2000
893,Dino Gordillo,2000
894,Dino Gordillo,2000
895,Dino Gordillo,2000
896,Dino Gordillo,2000
897,Dino Gordillo,2000
898,Dino Gordillo,2000
899,Dino Gordillo,2000
900,Dino Gordillo,2000
901,Dino Gordillo,2000
902,Dino Gordillo,2000
903,Dino Gordillo,2000
904,Dino Gordillo,2000
905,Dino Gordillo,2000
906,Dino Gordillo,2000
907,Dino Gordillo,2000
908,Dino Gordillo,2000
909,Dino Gordillo,2000
910,Dino Gordillo,2000
911,"Daniel Muñoz ""El Carmelo""",2001
912,"Daniel Muñoz ""El Carmelo""",2001
913,"Daniel Muñoz ""El Carmelo""",2001
914,"Daniel Muñoz ""El Carmelo""",2001
915,"Daniel Muñoz ""El Carmelo""",2001
916,"Daniel Muñoz ""El Carmelo""",2001
917,"Daniel Muñoz ""El Carmelo""",2001
918,"Daniel Muñoz ""El Carmelo""",2001
919,"Daniel Muñoz ""El Carmelo""",2001
920,"Daniel Muñoz ""El Carmelo""",2001
921,"Daniel Muñoz ""El Carmelo""",2001
922,"Daniel Muñoz ""El Carmelo""",2001
923,"Daniel Muñoz ""El Carmelo""",2001
924,"Daniel Muñoz ""El Carmelo""",2001
925,"Daniel Muñoz ""El Carmelo""",2001
926,"Daniel Muñoz ""El Carmelo""",2001
927,"Daniel Muñoz ""El Carmelo""",2001
928,"Daniel Muñoz ""El Carmelo""",2001
929,"Daniel Muñoz ""El Carmelo""",2001
930,"Daniel Muñoz ""El Carmelo""",2001
931,"Daniel Muñoz ""El Carmelo""",2001
932,"Daniel Muñoz ""El Carmelo""",2001
933,"Daniel Muñoz ""El Carmelo""",2001
934,"Daniel Muñoz ""El Carmelo""",2001
935,"Daniel Muñoz ""El Carmelo""",2001
936,"Daniel Muñoz ""El Carmelo""",2001
937,Memo Bunke y Natalia Cuevas,2001
938,Memo Bunke y Natalia Cuevas,2001
939,Memo Bunke y Natalia Cuevas,2001
940,Memo Bunke y Natalia Cuevas,2001
941,Memo Bunke y Natalia Cuevas,2001
942,Memo Bunke y Natalia Cuevas,2001
943,Memo Bunke y Natalia Cuevas,2001
944,Memo Bunke y Natalia Cuevas,2001
945,Memo Bunke y Natalia Cuevas,2001
946,Memo Bunke y Natalia Cuevas,2001
947,Memo Bunke y Natalia Cuevas,2001
948,Millenium Show,2001
949,Millenium Show,2001
950,Millenium Show,2001
951,Millenium Show,2001
952,Millenium Show,2001
953,Millenium Show,2001
954,Millenium Show,2001
955,Millenium Show,2001
956,Millenium Show,2001
957,Millenium Show,2001
958,Millenium Show,2001
959,Millenium Show,2001
960,Millenium Show,2001
961,Millenium Show,2001
962,Millenium Show,2001
963,Millenium Show,2001
964,Arturo Ruiz-Tagle,2002
965,Arturo Ruiz-Tagle,2002
966,Arturo Ruiz-Tagle,2002
967,Arturo Ruiz-Tagle,2002
968,Arturo Ruiz-Tagle,2002
969,Arturo Ruiz-Tagle,2002
970,Arturo Ruiz-Tagle,2002
971,Arturo Ruiz-Tagle,2002
972,Arturo Ruiz-Tagle,2002
973,Arturo Ruiz-Tagle,2002
974,Arturo Ruiz-Tagle,2002
975,Arturo Ruiz-Tagle,2002
976,Arturo Ruiz-Tagle,2002
977,Arturo Ruiz-Tagle,2002
978,Arturo Ruiz-Tagle,2002
979,Arturo Ruiz-Tagle,2002
980,Arturo Ruiz-Tagle,2002
981,Arturo Ruiz-Tagle,2002
982,Arturo Ruiz-Tagle,2002
983,Arturo Ruiz-Tagle,2002
984,Arturo Ruiz-Tagle,2002
985,Gloria Benavides,2002
986,Gloria Benavides,2002
987,Gloria Benavides,2002
988,Gloria Benavides,2002
989,Gloria Benavides,2002
990,Gloria Benavides,2002
991,Gloria Benavides,2002
992,Gloria Benavides,2002
993,Gloria Benavides,2002
994,Gloria Benavides,2002
995,Gloria Benavides,2002
996,Gloria Benavides,2002
997,Gloria Benavides,2002
998,Gloria Benavides,2002
999,Gloria Benavides,2002
1000,Gloria Benavides,2002
1001,Gloria Benavides,2002
1002,Gloria Benavides,2002
1003,Gloria Benavides,2002
1004,Gloria Benavides,2002
1005,Gloria Benavides,2002
1006,Gloria Benavides,2002
1007,Gloria Benavides,2002
1008,Gloria Benavides,2002
1009,Gloria Benavides,2002
1010,Gloria Benavides,2002
1011,Vanessa Miller,2003
1012,Vanessa Miller,2003
1013,Vanessa Miller,2003
1014,Vanessa Miller,2003
1015,Vanessa Miller,2003
1016,Vanessa Miller,2003
1017,Vanessa Miller,2003
1018,Vanessa Miller,2003
1019,Vanessa Miller,2003
1020,Natalia Cuevas,2003
1021,Natalia Cuevas,2003
1022,Natalia Cuevas,2003
1023,Natalia Cuevas,2003
1024,Natalia Cuevas,2003
1025,Natalia Cuevas,2003
1026,Natalia Cuevas,2003
1027,Sandy,2004
1028,Sandy,2004
1029,Sandy,2004
1030,Sandy,2004
1031,Sandy,2004
1032,Sandy,2004
1033,Sandy,2004
1034,Sandy,2004
1035,Sandy,2004
1036,Sandy,2004
1037,Sandy,2004
1038,Sandy,2004
1039,Sandy,2004
1040,Sandy,2004
1041,Sandy,2004
1042,Sandy,2004
1043,Sandy,2004
1044,Sandy,2004
1045,Sandy,2004
1046,Sandy,2004
1047,Sandy,2004
1048,Sandy,2004
1049,Sandy,2004
1050,Sandy,2004
1051,Palta Meléndez,2004
1052,Palta Meléndez,2004
1053,Palta Meléndez,2004
1054,Palta Meléndez,2004
1055,Palta Meléndez,2004
1056,Palta Meléndez,2004
1057,Palta Meléndez,2004
1058,Palta Meléndez,2004
1059,Palta Meléndez,2004
1060,Palta Meléndez,2004
1061,Palta Meléndez,2004
1062,Palta Meléndez,2004
1063,Palta Meléndez,2004
1064,Palta Meléndez,2004
1065,Palta Meléndez,2004
1066,Natalia Cuevas,2004
1067,Natalia Cuevas,2004
1068,Natalia Cuevas,2004
1069,Natalia Cuevas,2004
1070,Natalia Cuevas,2004
1071,Natalia Cuevas,2004
1072,Natalia Cuevas,2004
1073,Los Indolatinos,2004
1074,Los Indolatinos,2004
1075,Los Indolatinos,2004
1076,Los Indolatinos,2004
1077,Los Indolatinos,2004
1078,Los Indolatinos,2004
1079,Los Indolatinos,2004
1080,Los Indolatinos,2004
1081,Los Indolatinos,2004
1082,Los Indolatinos,2004
1083,Los Indolatinos,2004
1084,Los Indolatinos,2004
1085,Los Indolatinos,2004
1086,Los Indolatinos,2004
1087,Los Indolatinos,2004
1088,Los Indolatinos,2004
1089,Los Indolatinos,2004
1090,Los Indolatinos,2004
1091,Los Indolatinos,2004
1092,Los Indolatinos,2004
1093,Los Indolatinos,2004
1094,Los Indolatinos,2004
1095,Los Indolatinos,2004
1096,Los Indolatinos,2004
1097,Los Indolatinos,2004
1098,Los Indolatinos,2004
1099,Hugo Varela,2005
1100,Hugo Varela,2005
1101,Hugo Varela,2005
1102,Hugo Varela,2005
1103,Hugo Varela,2005
1104,Hugo Varela,2005
1105,Hugo Varela,2005
1106,Hugo Varela,2005
1107,Hugo Varela,2005
1108,Hugo Varela,2005
1109,Hugo Varela,2005
1110,Hugo Varela,2005
1111,Hugo Varela,2005
1112,Hugo Varela,2005
1113,Hugo Varela,2005
1114,Felo,2005
1115,Felo,2005
1116,Felo,2005
1117,Felo,2005
1118,Felo,2005
1119,Felo,2005
1120,Felo,2005
1121,Felo,2005
1122,Felo,2005
1123,Felo,2005
1124,Felo,2005
1125,Paulo Iglesias,2005
1126,Paulo Iglesias,2005
1127,Paulo Iglesias,2005
1128,Paulo Iglesias,2005
1129,Paulo Iglesias,2005
1130,Paulo Iglesias,2005
1131,Paulo Iglesias,2005
1132,Paulo Iglesias,2005
1133,Paulo Iglesias,2005
1134,Paulo Iglesias,2005
1135,Paulo Iglesias,2005
1136,Paulo Iglesias,2005
1137,Paulo Iglesias,2005
1138,Paulo Iglesias,2005
1139,Paulo Iglesias,2005
1140,Paulo Iglesias,2005
1141,Paulo Iglesias,2005
1142,Paulo Iglesias,2005
1143,Paulo Iglesias,2005
1144,Paulo Iglesias,2005
1145,Paulo Iglesias,2005
1146,Paulo Iglesias,2005
1147,Paulo Iglesias,2005
1148,Paulo Iglesias,2005
1149,Paulo Iglesias,2005
1150,Paulo Iglesias,2005
1151,Paulo Iglesias,2005
1152,Paulo Iglesias,2005
1153,Paulo Iglesias,2005
1154,Paulo Iglesias,2005
1155,Paulo Iglesias,2005
1156,Paulo Iglesias,2005
1157,Paulo Iglesias,2005
1158,Paulo Iglesias,2005
1159,Paulo Iglesias,2005
1160,Paulo Iglesias,2005
1161,Paulo Iglesias,2005
1162,Paulo Iglesias,2005
1163,Paulo Iglesias,2005
1164,Paulo Iglesias,2005
1165,Paulo Iglesias,2005
1166,Paulo Iglesias,2005
1167,Paulo Iglesias,2005
1168,Paulo Iglesias,2005
1169,Paulo Iglesias,2005
1170,Paulo Iglesias,2005
1171,Paulo Iglesias,2005
1172,Paulo Iglesias,2005
1173,Paulo Iglesias,2005
1174,Paulo Iglesias,2005
1175,Paulo Iglesias,2005
1176,Paulo Iglesias,2005
1177,Paulo Iglesias,2005
1178,Paulo Iglesias,2005
1179,Paulo Iglesias,2005
1180,Paulo Iglesias,2005
1181,Paulo Iglesias,2005
1182,Paulo Iglesias,2005
1183,Paulo Iglesias,2005
1184,Carlos García,2006
1185,Carlos García,2006
1186,Carlos García,2006
1187,Carlos García,2006
1188,Carlos García,2006
1189,Carlos García,2006
1190,Carlos García,2006
1191,Carlos García,2006
1192,Carlos García,2006
1193,Carlos García,2006
1194,Carlos García,2006
1195,Carlos García,2006
1196,Carlos García,2006
1197,Carlos García,2006
1198,Carlos García,2006
1199,Carlos García,2006
1200,Carlos García,2006
1201,Carlos García,2006
1202,Carlos García,2006
1203,Carlos García,2006
1204,Carlos García,2006
1205,Carlos García,2006
1206,Carlos García,2006
1207,Carlos García,2006
1208,Julio Sabala,2006
1209,Julio Sabala,2006
1210,Julio Sabala,2006
1211,Julio Sabala,2006
1212,Julio Sabala,2006
1213,Julio Sabala,2006
1214,Julio Sabala,2006
1215,Julio Sabala,2006
1216,Julio Sabala,2006
1217,Julio Sabala,2006
1218,Julio Sabala,2006
1219,Julio Sabala,2006
1220,Julio Sabala,2006
1221,Julio Sabala,2006
1222,Coco Legrand,2006
1223,Coco Legrand,2006
1224,Coco Legrand,2006
1225,Coco Legrand,2006
1226,Coco Legrand,2006
1227,Coco Legrand,2006
1228,Coco Legrand,2006
1229,Coco Legrand,2006
1230,Coco Legrand,2006
1231,Coco Legrand,2006
1232,Coco Legrand,2006
1233,Coco Legrand,2006
1234,Coco Legrand,2006
1235,Coco Legrand,2006
1236,Coco Legrand,2006
1237,Coco Legrand,2006
1238,Coco Legrand,2006
1239,Coco Legrand,2006
1240,Coco Legrand,2006
1241,Coco Legrand,2006
1242,Coco Legrand,2006
1243,Coco Legrand,2006
1244,Coco Legrand,2006
1245,Coco Legrand,2006
1246,Coco Legrand,2006
1247,Coco Legrand,2006
1248,Coco Legrand,2006
1249,Coco Legrand,2006
1250,Coco Legrand,2006
1251,Coco Legrand,2006
1252,Coco Legrand,2006
1253,Coco Legrand,2006
1254,Coco Legrand,2006
1255,Coco Legrand,2006
1256,Coco Legrand,2006
1257,Coco Legrand,2006
1258,Coco Legrand,2006
1259,Coco Legrand,2006
1260,Coco Legrand,2006
1261,Coco Legrand,2006
1262,Coco Legrand,2006
1263,Coco Legrand,2006
1264,Coco Legrand,2006
1265,Coco Legrand,2006
1266,Coco Legrand,2006
1267,Coco Legrand,2006
1268,Coco Legrand,2006
1269,Ruperto,2006
1270,Ruperto,2006
1271,Ruperto,2006
1272,Ruperto,2006
1273,Ruperto,2006
1274,Ruperto,2006
1275,Ruperto,2006
1276,Ruperto,2006
1277,Ruperto,2006
1278,Ruperto,2006
1279,Ruperto,2006
1280,Ruperto,2006
1281,Ruperto,2006
1282,Ruperto,2006
1283,Ruperto,2006
1284,Ruperto,2006
1285,Ruperto,2006
1286,Ruperto,2006
1287,Ruperto,2006
1288,Ruperto,2006
1289,Ruperto,2006
1290,Ruperto,2006
1291,Ruperto,2006
1292,Ruperto,2006
1293,Ruperto,2006
1294,Ruperto,2006
1295,Ruperto,2006
1296,Ruperto,2006
1297,Ruperto,2006
1298,Álvaro Salas,2007
1299,Álvaro Salas,2007
1300,Álvaro Salas,2007
1301,Álvaro Salas,2007
1302,Álvaro Salas,2007
1303,Álvaro Salas,2007
1304,Álvaro Salas,2007
1305,Álvaro Salas,2007
1306,Álvaro Salas,2007
1307,Álvaro Salas,2007
1308,Álvaro Salas,2007
1309,Álvaro Salas,2007
1310,Álvaro Salas,2007
1311,Álvaro Salas,2007
1312,Álvaro Salas,2007
1313,Álvaro Salas,2007
1314,Álvaro Salas,2007
1315,Álvaro Salas,2007
1316,Álvaro Salas,2007
1317,Álvaro Salas,2007
1318,Álvaro Salas,2007
1319,Álvaro Salas,2007
1320,Álvaro Salas,2007
1321,Álvaro Salas,2007
1322,Álvaro Salas,2007
1323,Álvaro Salas,2007
1324,Álvaro Salas,2007
1325,Álvaro Salas,2007
1326,Álvaro Salas,2007
1327,Álvaro Salas,2007
1328,Álvaro Salas,2007
1329,Álvaro Salas,2007
1330,Álvaro Salas,2007
1331,Álvaro Salas,2007
1332,Álvaro Salas,2007
1333,Álvaro Salas,2007
1334,Álvaro Salas,2007
1335,Álvaro Salas,2007
1336,Álvaro Salas,2007
1337,Álvaro Salas,2007
1338,Álvaro Salas,2007
1339,Álvaro Salas,2007
1340,Álvaro Salas,2007
1341,Álvaro Salas,2007
1342,Álvaro Salas,2007
1343,Álvaro Salas,2007
1344,Álvaro Salas,2007
1345,Álvaro Salas,2007
1346,Álvaro Salas,2007
1347,Álvaro Salas,2007
1348,Álvaro Salas,2007
1349,Álvaro Salas,2007
1350,Álvaro Salas,2007
1351,Álvaro Salas,2007
1352,Álvaro Salas,2007
1353,Álvaro Salas,2007
1354,Álvaro Salas,2007
1355,Álvaro Salas,2007
1356,Álvaro Salas,2007
1357,Álvaro Salas,2007
1358,Álvaro Salas,2007
1359,Álvaro Salas,2007
1360,Álvaro Salas,2007
1361,Álvaro Salas,2007
1362,Álvaro Salas,2007
1363,Álvaro Salas,2007
1364,Álvaro Salas,2007
1365,Álvaro Salas,2007
1366,Álvaro Salas,2007
1367,Álvaro Salas,2007
1368,Álvaro Salas,2007
1369,Álvaro Salas,2007
1370,Álvaro Salas,2007
1371,Álvaro Salas,2007
1372,Álvaro Salas,2007
1373,Álvaro Salas,2007
1374,Álvaro Salas,2007
1375,Álvaro Salas,2007
1376,Álvaro Salas,2007
1377,Álvaro Salas,2007
1378,Álvaro Salas,2007
1379,Álvaro Salas,2007
1380,Álvaro Salas,2007
1381,Álvaro Salas,2007
1382,Álvaro Salas,2007
1383,Álvaro Salas,2007
1384,Álvaro Salas,2007
1385,Álvaro Salas,2007
1386,Álvaro Salas,2007
1387,Álvaro Salas,2007
1388,Palta Meléndez,2007
1389,Palta Meléndez,2007
1390,Palta Meléndez,2007
1391,Palta Meléndez,2007
1392,Palta Meléndez,2007
1393,Palta Meléndez,2007
1394,Palta Meléndez,2007
1395,Palta Meléndez,2007
1396,Palta Meléndez,2007
1397,Palta Meléndez,2007
1398,Palta Meléndez,2007
1399,Palta Meléndez,2007
1400,Palta Meléndez,2007
1401,Palta Meléndez,2007
1402,Palta Meléndez,2007
1403,Palta Meléndez,2007
1404,Palta Meléndez,2007
1405,Palta Meléndez,2007
1406,Palta Meléndez,2007
1407,Palta Meléndez,2007
1408,Palta Meléndez,2007
1409,Palta Meléndez,2007
1410,Palta Meléndez,2007
1411,Palta Meléndez,2007
1412,Palta Meléndez,2007
1413,Palta Meléndez,2007
1414,Palta Meléndez,2007
1415,Palta Meléndez,2007
1416,Palta Meléndez,2007
1417,Palta Meléndez,2007
1418,Palta Meléndez,2007
1419,Palta Meléndez,2007
1420,Palta Meléndez,2007
1421,Palta Meléndez,2007
1422,Palta Meléndez,2007
1423,Palta Meléndez,2007
1424,Stefan Kramer,2008
1425,Stefan Kramer,2008
1426,Stefan Kramer,2008
1427,Stefan Kramer,2008
1428,Stefan Kramer,2008
1429,Stefan Kramer,2008
1430,Stefan Kramer,2008
1431,Stefan Kramer,2008
1432,Stefan Kramer,2008
1433,Stefan Kramer,2008
1434,Stefan Kramer,2008
1435,Stefan Kramer,2008
1436,Stefan Kramer,2008
1437,Stefan Kramer,2008
1438,Stefan Kramer,2008
1439,Stefan Kramer,2008
1440,Stefan Kramer,2008
1441,Stefan Kramer,2008
1442,Stefan Kramer,2008
1443,Stefan Kramer,2008
1444,Stefan Kramer,2008
1445,Stefan Kramer,2008
1446,Stefan Kramer,2008
1447,Stefan Kramer,2008
1448,Stefan Kramer,2008
1449,Stefan Kramer,2008
1450,Stefan Kramer,2008
1451,Stefan Kramer,2008
1452,Stefan Kramer,2008
1453,Stefan Kramer,2008
1454,Stefan Kramer,2008
1455,Stefan Kramer,2008
1456,Stefan Kramer,2008
1457,Stefan Kramer,2008
1458,Stefan Kramer,2008
1459,Stefan Kramer,2008
1460,Profesor Salomón y Tutu-Tutu,2008
1461,Profesor Salomón y Tutu-Tutu,2008
1462,Profesor Salomón y Tutu-Tutu,2008
1463,Profesor Salomón y Tutu-Tutu,2008
1464,Profesor Salomón y Tutu-Tutu,2008
1465,Profesor Salomón y Tutu-Tutu,2008
1466,Profesor Salomón y Tutu-Tutu,2008
1467,Profesor Salomón y Tutu-Tutu,2008
1468,Profesor Salomón y Tutu-Tutu,2008
1469,Profesor Salomón y Tutu-Tutu,2008
1470,Profesor Salomón y Tutu-Tutu,2008
1471,Profesor Salomón y Tutu-Tutu,2008
1472,Profesor Salomón y Tutu-Tutu,2008
1473,Profesor Salomón y Tutu-Tutu,2008
1474,Profesor Salomón y Tutu-Tutu,2008
1475,Profesor Salomón y Tutu-Tutu,2008
1476,Profesor Salomón y Tutu-Tutu,2008
1477,Profesor Salomón y Tutu-Tutu,2008
1478,Profesor Salomón y Tutu-Tutu,2008
1479,Profesor Salomón y Tutu-Tutu,2008
1480,Profesor Salomón y Tutu-Tutu,2008
1481,Profesor Salomón y Tutu-Tutu,2008
1482,Profesor Salomón y Tutu-Tutu,2008
1483,Profesor Salomón y Tutu-Tutu,2008
1484,Profesor Salomón y Tutu-Tutu,2008
1485,Profesor Salomón y Tutu-Tutu,2008
1486,Profesor Salomón y Tutu-Tutu,2008
1487,Profesor Salomón y Tutu-Tutu,2008
1488,Profesor Salomón y Tutu-Tutu,2008
1489,Profesor Salomón y Tutu-Tutu,2008
1490,Profesor Salomón y Tutu-Tutu,2008
1491,Profesor Salomón y Tutu-Tutu,2008
1492,Profesor Salomón y Tutu-Tutu,2008
1493,Profesor Salomón y Tutu-Tutu,2008
1494,Profesor Salomón y Tutu-Tutu,2008
1495,Profesor Salomón y Tutu-Tutu,2008
1496,Profesor Salomón y Tutu-Tutu,2008
1497,Profesor Salomón y Tutu-Tutu,2008
1498,Profesor Salomón y Tutu-Tutu,2008
1499,Dinamita Show,2009
1500,Dinamita Show,2009
1501,Dinamita Show,2009
1502,Dinamita Show,2009
1503,Dinamita Show,2009
1504,Dinamita Show,2009
1505,Dinamita Show,2009
1506,Dinamita Show,2009
1507,Dinamita Show,2009
1508,Dinamita Show,2009
1509,Dinamita Show,2009
1510,Dinamita Show,2009
1511,Dinamita Show,2009
1512,Dinamita Show,2009
1513,Dinamita Show,2009
1514,Dinamita Show,2009
1515,Dinamita Show,2009
1516,Dinamita Show,2009
1517,Dinamita Show,2009
1518,Dinamita Show,2009
1519,Dinamita Show,2009
1520,Dinamita Show,2009
1521,Dinamita Show,2009
1522,Dinamita Show,2009
1523,Dinamita Show,2009
1524,Dinamita Show,2009
1525,Dinamita Show,2009
1526,Dinamita Show,2009
1527,Dinamita Show,2009
1528,Dinamita Show,2009
1529,Dinamita Show,2009
1530,Dinamita Show,2009
1531,Dinamita Show,2009
1532,Dinamita Show,2009
1533,Dinamita Show,2009
1534,Dinamita Show,2009
1535,Manpoval,2009
1536,Manpoval,2009
1537,Manpoval,2009
1538,Manpoval,2009
1539,Manpoval,2009
1540,Manpoval,2009
1541,Manpoval,2009
1542,Manpoval,2009
1543,Manpoval,2009
1544,Coco Legrand,2010
1545,Coco Legrand,2010
1546,Coco Legrand,2010
1547,Coco Legrand,2010
1548,Coco Legrand,2010
1549,Coco Legrand,2010
1550,Coco Legrand,2010
1551,Coco Legrand,2010
1552,Coco Legrand,2010
1553,Coco Legrand,2010
1554,Coco Legrand,2010
1555,Coco Legrand,2010
1556,Coco Legrand,2010
1557,Coco Legrand,2010
1558,Coco Legrand,2010
1559,Coco Legrand,2010
1560,Coco Legrand,2010
1561,Coco Legrand,2010
1562,Coco Legrand,2010
1563,Coco Legrand,2010
1564,Coco Legrand,2010
1565,Coco Legrand,2010
1566,Coco Legrand,2010
1567,Coco Legrand,2010
1568,Coco Legrand,2010
1569,Coco Legrand,2010
1570,Coco Legrand,2010
1571,Coco Legrand,2010
1572,Coco Legrand,2010
1573,Coco Legrand,2010
1574,Coco Legrand,2010
1575,Coco Legrand,2010
1576,Coco Legrand,2010
1577,Coco Legrand,2010
1578,Dino Gordillo,2011
1579,Dino Gordillo,2011
1580,Dino Gordillo,2011
1581,Dino Gordillo,2011
1582,Dino Gordillo,2011
1583,Dino Gordillo,2011
1584,Dino Gordillo,2011
1585,Dino Gordillo,2011
1586,Dino Gordillo,2011
1587,Dino Gordillo,2011
1588,Dino Gordillo,2011
1589,Dino Gordillo,2011
1590,Dino Gordillo,2011
1591,Dino Gordillo,2011
1592,Dino Gordillo,2011
1593,Dino Gordillo,2011
1594,Dino Gordillo,2011
1595,Dino Gordillo,2011
1596,Dino Gordillo,2011
1597,Dino Gordillo,2011
1598,Dino Gordillo,2011
1599,Dino Gordillo,2011
1600,Dino Gordillo,2011
1601,Dino Gordillo,2011
1602,Dino Gordillo,2011
1603,Dino Gordillo,2011
1604,Dino Gordillo,2011
1605,Dino Gordillo,2011
1606,Dino Gordillo,2011
1607,Dino Gordillo,2011
1608,Dino Gordillo,2011
1609,Dino Gordillo,2011
1610,Dino Gordillo,2011
1611,Dino Gordillo,2011
1612,Dino Gordillo,2011
1613,Dino Gordillo,2011
1614,Dino Gordillo,2011
1615,Dino Gordillo,2011
1616,Dino Gordillo,2011
1617,Dino Gordillo,2011
1618,Óscar Gangas,2011
1619,Óscar Gangas,2011
1620,Óscar Gangas,2011
1621,Óscar Gangas,2011
1622,Óscar Gangas,2011
1623,Óscar Gangas,2011
1624,Óscar Gangas,2011
1625,Óscar Gangas,2011
1626,Óscar Gangas,2011
1627,Óscar Gangas,2011
1628,Óscar Gangas,2011
1629,Óscar Gangas,2011
1630,Óscar Gangas,2011
1631,Óscar Gangas,2011
1632,Óscar Gangas,2011
1633,Óscar Gangas,2011
1634,Óscar Gangas,2011
1635,Óscar Gangas,2011
1636,Ricardo Meruane,2011
1637,Ricardo Meruane,2011
1638,Ricardo Meruane,2011
1639,Ricardo Meruane,2011
1640,Ricardo Meruane,2011
1641,Ricardo Meruane,2011
1642,Ricardo Meruane,2011
1643,Ricardo Meruane,2011
1644,Ricardo Meruane,2011
1645,Ricardo Meruane,2011
1646,Ricardo Meruane,2011
1647,Ricardo Meruane,2011
1648,Ricardo Meruane,2011
1649,Dinamita Show,2012
1650,Dinamita Show,2012
1651,Dinamita Show,2012
1652,Dinamita Show,2012
1653,Dinamita Show,2012
1654,Dinamita Show,2012
1655,Dinamita Show,2012
1656,Dinamita Show,2012
1657,Dinamita Show,2012
1658,Dinamita Show,2012
1659,Dinamita Show,2012
1660,Dinamita Show,2012
1661,Dinamita Show,2012
1662,Dinamita Show,2012
1663,Dinamita Show,2012
1664,Dinamita Show,2012
1665,Dinamita Show,2012
1666,Dinamita Show,2012
1667,Dinamita Show,2012
1668,Dinamita Show,2012
1669,Dinamita Show,2012
1670,Dinamita Show,2012
1671,Dinamita Show,2012
1672,Dinamita Show,2012
1673,Dinamita Show,2012
1674,Dinamita Show,2012
1675,Dinamita Show,2012
1676,Dinamita Show,2012
1677,Dinamita Show,2012
1678,Dinamita Show,2012
1679,Dinamita Show,2012
1680,Dinamita Show,2012
1681,Dinamita Show,2012
1682,Dinamita Show,2012
1683,Dinamita Show,2012
1684,Dinamita Show,2012
1685,Dinamita Show,2012
1686,Dinamita Show,2012
1687,Dinamita Show,2012
1688,Dinamita Show,2012
1689,Dinamita Show,2012
1690,Dinamita Show,2012
1691,Dinamita Show,2012
1692,Zip-Zup,2012
1693,Zip-Zup,2012
1694,Zip-Zup,2012
1695,Zip-Zup,2012
1696,Zip-Zup,2012
1697,Zip-Zup,2012
1698,Zip-Zup,2012
1699,Zip-Zup,2012
1700,Zip-Zup,2012
1701,Zip-Zup,2012
1702,Zip-Zup,2012
1703,Zip-Zup,2012
1704,Zip-Zup,2012
1705,Zip-Zup,2012
1706,Zip-Zup,2012
1707,Zip-Zup,2012
1708,Zip-Zup,2012
1709,Zip-Zup,2012
1710,Zip-Zup,2012
1711,Zip-Zup,2012
1712,Zip-Zup,2012
1713,Zip-Zup,2012
1714,Zip-Zup,2012
1715,Zip-Zup,2012
1716,Zip-Zup,2012
1717,Zip-Zup,2012
1718,Zip-Zup,2012
1719,Zip-Zup,2012
1720,Zip-Zup,2012
1721,Zip-Zup,2012
1722,Zip-Zup,2012
1723,Zip-Zup,2012
1724,Zip-Zup,2012
1725,Zip-Zup,2012
1726,Bombo Fica,2012
1727,Bombo Fica,2012
1728,Bombo Fica,2012
1729,Bombo Fica,2012
1730,Bombo Fica,2012
1731,Bombo Fica,2012
1732,Bombo Fica,2012
1733,Bombo Fica,2012
1734,Bombo Fica,2012
1735,Bombo Fica,2012
1736,Bombo Fica,2012
1737,Bombo Fica,2012
1738,Bombo Fica,2012
1739,Bombo Fica,2012
1740,Bombo Fica,2012
1741,Bombo Fica,2012
1742,Bombo Fica,2012
1743,Bombo Fica,2012
1744,Bombo Fica,2012
1745,Bombo Fica,2012
1746,Bombo Fica,2012
1747,Bombo Fica,2012
1748,Bombo Fica,2012
1749,Bombo Fica,2012
1750,Bombo Fica,2012
1751,Bombo Fica,2012
1752,Bombo Fica,2012
1753,Bombo Fica,2012
1754,Bombo Fica,2012
1755,Bombo Fica,2012
1756,Bombo Fica,2012
1757,Bombo Fica,2012
1758,Bombo Fica,2012
1759,Bombo Fica,2012
1760,Bombo Fica,2012
1761,Bombo Fica,2012
1762,Bombo Fica,2012
1763,Bombo Fica,2012
1764,Bombo Fica,2012
1765,Bombo Fica,2012
1766,Bombo Fica,2012
1767,Bombo Fica,2012
1768,Bombo Fica,2012
1769,Bombo Fica,2012
1770,Bombo Fica,2012
1771,Bombo Fica,2012
1772,Bombo Fica,2012
1773,Bombo Fica,2012
1774,Bombo Fica,2012
1775,Bombo Fica,2012
1776,Bombo Fica,2012
1777,Bombo Fica,2012
1778,Bombo Fica,2012
1779,Bombo Fica,2012
1780,Bombo Fica,2012
1781,Bombo Fica,2012
1782,Hermógenes Conache,2013
1783,Hermógenes Conache,2013
1784,Hermógenes Conache,2013
1785,Hermógenes Conache,2013
1786,Hermógenes Conache,2013
1787,Hermógenes Conache,2013
1788,Hermógenes Conache,2013
1789,Hermógenes Conache,2013
1790,Hermógenes Conache,2013
1791,Hermógenes Conache,2013
1792,Hermógenes Conache,2013
1793,Hermógenes Conache,2013
1794,Hermógenes Conache,2013
1795,Hermógenes Conache,2013
1796,Hermógenes Conache,2013
1797,Hermógenes Conache,2013
1798,Hermógenes Conache,2013
1799,Hermógenes Conache,2013
1800,Hermógenes Conache,2013
1801,Hermógenes Conache,2013
1802,Hermógenes Conache,2013
1803,Hermógenes Conache,2013
1804,Hermógenes Conache,2013
1805,Hermógenes Conache,2013
1806,Hermógenes Conache,2013
1807,Hermógenes Conache,2013
1808,Hermógenes Conache,2013
1809,Hermógenes Conache,2013
1810,Hermógenes Conache,2013
1811,Hermógenes Conache,2013
1812,Hermógenes Conache,2013
1813,Hermógenes Conache,2013
1814,Hermógenes Conache,2013
1815,Hermógenes Conache,2013
1816,Hermógenes Conache,2013
1817,Hermógenes Conache,2013
1818,Hermógenes Conache,2013
1819,Hermógenes Conache,2013
1820,Hermógenes Conache,2013
1821,Hermógenes Conache,2013
1822,Hermógenes Conache,2013
1823,Hermógenes Conache,2013
1824,Los Atletas de la Risa,2013
1825,Los Atletas de la Risa,2013
1826,Los Atletas de la Risa,2013
1827,Los Atletas de la Risa,2013
1828,Los Atletas de la Risa,2013
1829,Los Atletas de la Risa,2013
1830,Los Atletas de la Risa,2013
1831,Los Atletas de la Risa,2013
1832,Los Atletas de la Risa,2013
1833,Los Atletas de la Risa,2013
1834,Los Atletas de la Risa,2013
1835,Los Atletas de la Risa,2013
1836,Los Atletas de la Risa,2013
1837,Los Atletas de la Risa,2013
1838,Los Atletas de la Risa,2013
1839,Los Atletas de la Risa,2013
1840,Los Atletas de la Risa,2013
1841,Los Atletas de la Risa,2013
1842,Los Atletas de la Risa,2013
1843,Los Atletas de la Risa,2013
1844,Los Atletas de la Risa,2013
1845,Los Atletas de la Risa,2013
1846,Los Atletas de la Risa,2013
1847,Los Atletas de la Risa,2013
1848,Los Atletas de la Risa,2013
1849,Los Atletas de la Risa,2013
1850,Los Atletas de la Risa,2013
1851,Los Atletas de la Risa,2013
1852,Los Atletas de la Risa,2013
1853,Los Atletas de la Risa,2013
1854,Los Atletas de la Risa,2013
1855,Los Atletas de la Risa,2013
1856,Los Atletas de la Risa,2013
1857,Los Atletas de la Risa,2013
1858,Los Atletas de la Risa,2013
1859,Los Atletas de la Risa,2013
1860,Los Atletas de la Risa,2013
1861,Los Atletas de la Risa,2013
1862,Los Atletas de la Risa,2013
1863,Los Atletas de la Risa,2013
1864,Los Atletas de la Risa,2013
1865,Los Atletas de la Risa,2013
1866,Los Atletas de la Risa,2013
1867,Los Atletas de la Risa,2013
1868,Los Atletas de la Risa,2013
1869,Los Atletas de la Risa,2013
1870,Los Atletas de la Risa,2013
1871,Nancho Parra,2013
1872,Bastián Paz,2013
1873,Bastián Paz,2013
1874,Bastián Paz,2013
1875,Bastián Paz,2013
1876,Bastián Paz,2013
1877,Bastián Paz,2013
1878,Bastián Paz,2013
1879,Bastián Paz,2013
1880,Bastián Paz,2013
1881,Bastián Paz,2013
1882,Bastián Paz,2013
1883,Bastián Paz,2013
1884,Bastián Paz,2013
1885,Bastián Paz,2013
1886,Bastián Paz,2013
1887,Bastián Paz,2013
1888,Bastián Paz,2013
1889,Bastián Paz,2013
1890,Bastián Paz,2013
1891,Bastián Paz,2013
1892,Bastián Paz,2013
1893,Bastián Paz,2013
1894,Bastián Paz,2013
1895,Bastián Paz,2013
1896,Bastián Paz,2013
1897,Bastián Paz,2013
1898,Bastián Paz,2013
1899,Bastián Paz,2013
1900,Los Locos del Humor,2014
1901,Los Locos del Humor,2014
1902,Los Locos del Humor,2014
1903,Los Locos del Humor,2014
1904,Los Locos del Humor,2014
1905,Los Locos del Humor,2014
1906,Los Locos del Humor,2014
1907,Los Locos del Humor,2014
1908,Los Locos del Humor,2014
1909,Los Locos del Humor,2014
1910,Los Locos del Humor,2014
1911,Los Locos del Humor,2014
1912,Los Locos del Humor,2014
1913,Los Locos del Humor,2014
1914,Los Locos del Humor,2014
1915,Los Locos del Humor,2014
1916,Los Locos del Humor,2014
1917,Los Locos del Humor,2014
1918,Los Locos del Humor,2014
1919,Los Locos del Humor,2014
1920,Los Locos del Humor,2014
1921,Los Locos del Humor,2014
1922,Los Locos del Humor,2014
1923,Los Locos del Humor,2014
1924,Los Locos del Humor,2014
1925,Los Locos del Humor,2014
1926,Los Locos del Humor,2014
1927,Los Locos del Humor,2014
1928,Los Locos del Humor,2014
1929,Los Locos del Humor,2014
1930,Los Locos del Humor,2014
1931,Los Locos del Humor,2014
1932,Los Locos del Humor,2014
1933,Los Locos del Humor,2014
1934,Los Locos del Humor,2014
1935,Los Locos del Humor,2014
1936,Los Locos del Humor,2014
1937,Los Locos del Humor,2014
1938,Los Locos del Humor,2014
1939,Los Locos del Humor,2014
1940,Los Locos del Humor,2014
1941,Los Locos del Humor,2014
1942,Los Locos del Humor,2014
1943,Los Locos del Humor,2014
1944,Los Locos del Humor,2014
1945,Los Locos del Humor,2014
1946,Los Locos del Humor,2014
1947,Los Locos del Humor,2014
1948,Los Locos del Humor,2014
1949,Los Locos del Humor,2014
1950,Los Locos del Humor,2014
1951,Los Locos del Humor,2014
1952,Jorge Alís,2014
1953,Jorge Alís,2014
1954,Jorge Alís,2014
1955,Jorge Alís,2014
1956,Jorge Alís,2014
1957,Jorge Alís,2014
1958,Jorge Alís,2014
1959,Jorge Alís,2014
1960,Jorge Alís,2014
1961,Jorge Alís,2014
1962,Jorge Alís,2014
1963,Jorge Alís,2014
1964,Jorge Alís,2014
1965,Jorge Alís,2014
1966,Jorge Alís,2014
1967,Jorge Alís,2014
1968,Jorge Alís,2014
1969,Jorge Alís,2014
1970,Jorge Alís,2014
1971,Jorge Alís,2014
1972,Jorge Alís,2014
1973,Jorge Alís,2014
1974,Jorge Alís,2014
1975,Jorge Alís,2014
1976,Jorge Alís,2014
1977,Jorge Alís,2014
1978,Jorge Alís,2014
1979,Jorge Alís,2014
1980,Jorge Alís,2014
1981,Jorge Alís,2014
1982,Jorge Alís,2014
1983,Jorge Alís,2014
1984,Jorge Alís,2014
1985,Jorge Alís,2014
1986,Jorge Alís,2014
1987,Jorge Alís,2014
1988,Jorge Alís,2014
1989,Jorge Alís,2014
1990,Jorge Alís,2014
1991,Jorge Alís,2014
1992,Jorge Alís,2014
1993,Jorge Alís,2014
1994,Jorge Alís,2014
1995,Jorge Alís,2014
1996,Jorge Alís,2014
1997,Jorge Alís,2014
1998,Jorge Alís,2014
1999,Jorge Alís,2014
2000,Jorge Alís,2014
2001,Jorge Alís,2014
2002,Jorge Alís,2014
2003,Jorge Alís,2014
2004,Jorge Alís,2014
2005,Jorge Alís,2014
2006,Jorge Alís,2014
2007,Jorge Alís,2014
2008,Rudy Rey,2014
2009,Rudy Rey,2014
2010,Rudy Rey,2014
2011,Rudy Rey,2014
2012,Rudy Rey,2014
2013,Rudy Rey,2014
2014,Rudy Rey,2014
2015,Rudy Rey,2014
2016,Rudy Rey,2014
2017,Rudy Rey,2014
2018,Rudy Rey,2014
2019,Rudy Rey,2014
2020,Rudy Rey,2014
2021,Rudy Rey,2014
2022,Rudy Rey,2014
2023,Rudy Rey,2014
2024,Rudy Rey,2014
2025,Rudy Rey,2014
2026,Gigi Martin,2014
2027,Gigi Martin,2014
2028,Gigi Martin,2014
2029,Gigi Martin,2014
2030,Gigi Martin,2014
2031,Gigi Martin,2014
2032,Gigi Martin,2014
2033,Gigi Martin,2014
2034,Gigi Martin,2014
2035,Gigi Martin,2014
2036,Gigi Martin,2014
2037,Gigi Martin,2014
2038,Gigi Martin,2014
2039,Gigi Martin,2014
2040,Gigi Martin,2014
2041,Gigi Martin,2014
2042,Gigi Martin,2014
2043,Gigi Martin,2014
2044,Gigi Martin,2014
2045,Gigi Martin,2014
2046,Gigi Martin,2014
2047,Payahop,2014
2048,Payahop,2014
2049,Payahop,2014
2050,Payahop,2014
2051,Payahop,2014
2052,Payahop,2014
2053,Payahop,2014
2054,Payahop,2014
2055,Payahop,2014
2056,Payahop,2014
2057,Payahop,2014
2058,Payahop,2014
2059,Payahop,2014
2060,Payahop,2014
2061,Payahop,2014
2062,Payahop,2014
2063,Payahop,2014
2064,Payahop,2014
2065,Payahop,2014
2066,Payahop,2014
2067,Payahop,2014
2068,Payahop,2014
2069,Payahop,2014
2070,Payahop,2014
2071,Payahop,2014
2072,Payahop,2014
2073,Payahop,2014
2074,Payahop,2014
2075,Payahop,2014
2076,Payahop,2014
2077,Payahop,2014
2078,Payahop,2014
2079,Payahop,2014
2080,Payahop,2014
2081,Payahop,2014
2082,Payahop,2014
2083,Dinamita Show,2015
2084,Dinamita Show,2015
2085,Dinamita Show,2015
2086,Dinamita Show,2015
2087,Dinamita Show,2015
2088,Dinamita Show,2015
2089,Dinamita Show,2015
2090,Dinamita Show,2015
2091,Dinamita Show,2015
2092,Dinamita Show,2015
2093,Dinamita Show,2015
2094,Dinamita Show,2015
2095,Dinamita Show,2015
2096,Dinamita Show,2015
2097,Dinamita Show,2015
2098,Dinamita Show,2015
2099,Dinamita Show,2015
2100,Dinamita Show,2015
2101,Dinamita Show,2015
2102,Dinamita Show,2015
2103,Dinamita Show,2015
2104,Dinamita Show,2015
2105,Dinamita Show,2015
2106,Dinamita Show,2015
2107,Dinamita Show,2015
2108,Dinamita Show,2015
2109,Dinamita Show,2015
2110,Dinamita Show,2015
2111,Dinamita Show,2015
2112,Dinamita Show,2015
2113,Dinamita Show,2015
2114,Dinamita Show,2015
2115,Dinamita Show,2015
2116,Dinamita Show,2015
2117,Dinamita Show,2015
2118,Dinamita Show,2015
2119,Centella,2015
2120,Centella,2015
2121,Centella,2015
2122,Centella,2015
2123,Centella,2015
2124,Centella,2015
2125,Centella,2015
2126,Centella,2015
2127,Centella,2015
2128,Centella,2015
2129,Centella,2015
2130,Centella,2015
2131,Centella,2015
2132,Centella,2015
2133,Centella,2015
2134,Centella,2015
2135,Centella,2015
2136,Centella,2015
2137,Centella,2015
2138,Centella,2015
2139,Centella,2015
2140,Centella,2015
2141,Centella,2015
2142,Centella,2015
2143,Huaso Filomeno,2015
2144,Huaso Filomeno,2015
2145,Huaso Filomeno,2015
2146,Huaso Filomeno,2015
2147,Huaso Filomeno,2015
2148,Huaso Filomeno,2015
2149,Huaso Filomeno,2015
2150,Huaso Filomeno,2015
2151,Huaso Filomeno,2015
2152,Huaso Filomeno,2015
2153,Huaso Filomeno,2015
2154,Huaso Filomeno,2015
2155,Huaso Filomeno,2015
2156,Huaso Filomeno,2015
2157,Huaso Filomeno,2015
2158,Huaso Filomeno,2015
2159,Huaso Filomeno,2015
2160,Huaso Filomeno,2015
2161,Huaso Filomeno,2015
2162,Huaso Filomeno,2015
2163,Huaso Filomeno,2015
2164,Huaso Filomeno,2015
2165,Huaso Filomeno,2015
2166,Huaso Filomeno,2015
2167,Huaso Filomeno,2015
2168,León Murillo,2015
2169,León Murillo,2015
2170,León Murillo,2015
2171,León Murillo,2015
2172,León Murillo,2015
2173,León Murillo,2015
2174,León Murillo,2015
2175,León Murillo,2015
2176,León Murillo,2015
2177,León Murillo,2015
2178,León Murillo,2015
2179,León Murillo,2015
2180,León Murillo,2015
2181,León Murillo,2015
2182,León Murillo,2015
2183,León Murillo,2015
2184,León Murillo,2015
2185,León Murillo,2015
2186,León Murillo,2015
2187,León Murillo,2015
2188,León Murillo,2015
2189,León Murillo,2015
2190,León Murillo,2015
2191,León Murillo,2015
2192,León Murillo,2015
2193,León Murillo,2015
2194,León Murillo,2015
2195,León Murillo,2015
2196,León Murillo,2015
2197,León Murillo,2015
2198,León Murillo,2015
2199,León Murillo,2015
2200,León Murillo,2015
2201,León Murillo,2015
2202,León Murillo,2015
2203,León Murillo,2015
2204,León Murillo,2015
2205,León Murillo,2015
2206,León Murillo,2015
2207,León Murillo,2015
2208,León Murillo,2015
2209,León Murillo,2015
2210,León Murillo,2015
2211,Arturo Ruiz-Tagle,2015
2212,Arturo Ruiz-Tagle,2015
2213,Arturo Ruiz-Tagle,2015
2214,Arturo Ruiz-Tagle,2015
2215,Arturo Ruiz-Tagle,2015
2216,Arturo Ruiz-Tagle,2015
2217,Arturo Ruiz-Tagle,2015
2218,Arturo Ruiz-Tagle,2015
2219,Arturo Ruiz-Tagle,2015
2220,Arturo Ruiz-Tagle,2015
2221,Arturo Ruiz-Tagle,2015
2222,Arturo Ruiz-Tagle,2015
2223,Arturo Ruiz-Tagle,2015
2224,Arturo Ruiz-Tagle,2015
2225,Arturo Ruiz-Tagle,2015
2226,Arturo Ruiz-Tagle,2015
2227,Arturo Ruiz-Tagle,2015
2228,Arturo Ruiz-Tagle,2015
2229,Arturo Ruiz-Tagle,2015
2230,Arturo Ruiz-Tagle,2015
2231,Arturo Ruiz-Tagle,2015
2232,Arturo Ruiz-Tagle,2015
2233,Arturo Ruiz-Tagle,2015
2234,Arturo Ruiz-Tagle,2015
2235,Arturo Ruiz-Tagle,2015
2236,Arturo Ruiz-Tagle,2015
2237,Arturo Ruiz-Tagle,2015
2238,Arturo Ruiz-Tagle,2015
2239,Arturo Ruiz-Tagle,2015
2240,Arturo Ruiz-Tagle,2015
2241,Arturo Ruiz-Tagle,2015
2242,Arturo Ruiz-Tagle,2015
2243,Arturo Ruiz-Tagle,2015
2244,Arturo Ruiz-Tagle,2015
2245,Arturo Ruiz-Tagle,2015
2246,Arturo Ruiz-Tagle,2015
2247,Arturo Ruiz-Tagle,2015
2248,Arturo Ruiz-Tagle,2015
2249,Arturo Ruiz-Tagle,2015
2250,Arturo Ruiz-Tagle,2015
2251,Arturo Ruiz-Tagle,2015
2252,Arturo Ruiz-Tagle,2015
2253,Arturo Ruiz-Tagle,2015
2254,Arturo Ruiz-Tagle,2015
2255,Arturo Ruiz-Tagle,2015
2256,Arturo Ruiz-Tagle,2015
2257,Arturo Ruiz-Tagle,2015
2258,Arturo Ruiz-Tagle,2015
2259,Arturo Ruiz-Tagle,2015
2260,Arturo Ruiz-Tagle,2015
2261,Arturo Ruiz-Tagle,2015
2262,Arturo Ruiz-Tagle,2015
2263,Arturo Ruiz-Tagle,2015
2264,Arturo Ruiz-Tagle,2015
2265,Arturo Ruiz-Tagle,2015
2266,Arturo Ruiz-Tagle,2015
2267,Arturo Ruiz-Tagle,2015
2268,Arturo Ruiz-Tagle,2015
2269,Arturo Ruiz-Tagle,2015
2270,Arturo Ruiz-Tagle,2015
2271,Arturo Ruiz-Tagle,2015
2272,Arturo Ruiz-Tagle,2015
2273,Arturo Ruiz-Tagle,2015
2274,Arturo Ruiz-Tagle,2015
2275,Edo Caroe,2016
2276,Edo Caroe,2016
2277,Edo Caroe,2016
2278,Edo Caroe,2016
2279,Edo Caroe,2016
2280,Edo Caroe,2016
2281,Edo Caroe,2016
2282,Edo Caroe,2016
2283,Edo Caroe,2016
2284,Edo Caroe,2016
2285,Edo Caroe,2016
2286,Edo Caroe,2016
2287,Edo Caroe,2016
2288,Edo Caroe,2016
2289,Edo Caroe,2016
2290,Edo Caroe,2016
2291,Edo Caroe,2016
2292,Edo Caroe,2016
2293,Edo Caroe,2016
2294,Edo Caroe,2016
2295,Edo Caroe,2016
2296,Edo Caroe,2016
2297,Edo Caroe,2016
2298,Edo Caroe,2016
2299,Edo Caroe,2016
2300,Edo Caroe,2016
2301,Edo Caroe,2016
2302,Edo Caroe,2016
2303,Edo Caroe,2016
2304,Edo Caroe,2016
2305,Edo Caroe,2016
2306,Edo Caroe,2016
2307,Edo Caroe,2016
2308,Edo Caroe,2016
2309,Edo Caroe,2016
2310,Edo Caroe,2016
2311,Edo Caroe,2016
2312,Edo Caroe,2016
2313,Edo Caroe,2016
2314,Edo Caroe,2016
2315,Edo Caroe,2016
2316,Edo Caroe,2016
2317,Edo Caroe,2016
2318,Edo Caroe,2016
2319,Edo Caroe,2016
2320,Edo Caroe,2016
2321,Edo Caroe,2016
2322,Edo Caroe,2016
2323,Edo Caroe,2016
2324,Edo Caroe,2016
2325,Edo Caroe,2016
2326,Edo Caroe,2016
2327,Edo Caroe,2016
2328,Edo Caroe,2016
2329,Edo Caroe,2016
2330,Edo Caroe,2016
2331,Edo Caroe,2016
2332,Edo Caroe,2016
2333,Edo Caroe,2016
2334,Edo Caroe,2016
2335,Edo Caroe,2016
2336,Edo Caroe,2016
2337,Edo Caroe,2016
2338,Edo Caroe,2016
2339,Edo Caroe,2016
2340,Edo Caroe,2016
2341,Edo Caroe,2016
2342,Edo Caroe,2016
2343,Edo Caroe,2016
2344,Edo Caroe,2016
2345,Edo Caroe,2016
2346,Edo Caroe,2016
2347,Edo Caroe,2016
2348,Edo Caroe,2016
2349,Edo Caroe,2016
2350,Edo Caroe,2016
2351,Edo Caroe,2016
2352,Edo Caroe,2016
2353,Edo Caroe,2016
2354,Edo Caroe,2016
2355,Edo Caroe,2016
2356,Edo Caroe,2016
2357,Edo Caroe,2016
2358,Edo Caroe,2016
2359,Edo Caroe,2016
2360,Edo Caroe,2016
2361,Edo Caroe,2016
2362,Edo Caroe,2016
2363,Edo Caroe,2016
2364,Edo Caroe,2016
2365,Edo Caroe,2016
2366,Edo Caroe,2016
2367,Edo Caroe,2016
2368,Edo Caroe,2016
2369,Edo Caroe,2016
2370,Edo Caroe,2016
2371,Edo Caroe,2016
2372,Edo Caroe,2016
2373,Edo Caroe,2016
2374,Edo Caroe,2016
2375,Edo Caroe,2016
2376,Edo Caroe,2016
2377,Rodrigo González,2016
2378,Rodrigo González,2016
2379,Rodrigo González,2016
2380,Rodrigo González,2016
2381,Rodrigo González,2016
2382,Rodrigo González,2016
2383,Rodrigo González,2016
2384,Rodrigo González,2016
2385,Rodrigo González,2016
2386,Rodrigo González,2016
2387,Rodrigo González,2016
2388,Rodrigo González,2016
2389,Rodrigo González,2016
2390,Rodrigo González,2016
2391,Rodrigo González,2016
2392,Rodrigo González,2016
2393,Rodrigo González,2016
2394,Rodrigo González,2016
2395,Rodrigo González,2016
2396,Rodrigo González,2016
2397,Rodrigo González,2016
2398,Rodrigo González,2016
2399,Rodrigo González,2016
2400,Rodrigo González,2016
2401,Rodrigo González,2016
2402,Rodrigo González,2016
2403,Rodrigo González,2016
2404,Rodrigo González,2016
2405,Rodrigo González,2016
2406,Rodrigo González,2016
2407,Rodrigo González,2016
2408,Rodrigo González,2016
2409,Rodrigo González,2016
2410,Rodrigo González,2016
2411,Rodrigo González,2016
2412,Rodrigo González,2016
2413,Rodrigo González,2016
2414,Rodrigo González,2016
2415,Rodrigo González,2016
2416,Rodrigo González,2016
2417,Rodrigo González,2016
2418,Rodrigo González,2016
2419,Rodrigo González,2016
2420,Rodrigo González,2016
2421,Rodrigo González,2016
2422,Rodrigo González,2016
2423,Rodrigo González,2016
2424,Rodrigo González,2016
2425,Rodrigo González,2016
2426,Rodrigo González,2016
2427,Rodrigo González,2016
2428,Rodrigo González,2016
2429,Rodrigo González,2016
2430,Natalia Valdebenito,2016
2431,Natalia Valdebenito,2016
2432,Natalia Valdebenito,2016
2433,Natalia Valdebenito,2016
2434,Natalia Valdebenito,2016
2435,Natalia Valdebenito,2016
2436,Natalia Valdebenito,2016
2437,Natalia Valdebenito,2016
2438,Natalia Valdebenito,2016
2439,Natalia Valdebenito,2016
2440,Natalia Valdebenito,2016
2441,Natalia Valdebenito,2016
2442,Natalia Valdebenito,2016
2443,Natalia Valdebenito,2016
2444,Natalia Valdebenito,2016
2445,Natalia Valdebenito,2016
2446,Natalia Valdebenito,2016
2447,Natalia Valdebenito,2016
2448,Natalia Valdebenito,2016
2449,Natalia Valdebenito,2016
2450,Natalia Valdebenito,2016
2451,Natalia Valdebenito,2016
2452,Natalia Valdebenito,2016
2453,Natalia Valdebenito,2016
2454,Natalia Valdebenito,2016
2455,Natalia Valdebenito,2016
2456,Natalia Valdebenito,2016
2457,Natalia Valdebenito,2016
2458,Natalia Valdebenito,2016
2459,Natalia Valdebenito,2016
2460,Natalia Valdebenito,2016
2461,Natalia Valdebenito,2016
2462,Natalia Valdebenito,2016
2463,Natalia Valdebenito,2016
2464,Natalia Valdebenito,2016
2465,Natalia Valdebenito,2016
2466,Natalia Valdebenito,2016
2467,Natalia Valdebenito,2016
2468,Natalia Valdebenito,2016
2469,Natalia Valdebenito,2016
2470,Natalia Valdebenito,2016
2471,Natalia Valdebenito,2016
2472,Natalia Valdebenito,2016
2473,Natalia Valdebenito,2016
2474,Natalia Valdebenito,2016
2475,Natalia Valdebenito,2016
2476,Pedro Ruminot,2016
2477,Pedro Ruminot,2016
2478,Pedro Ruminot,2016
2479,Pedro Ruminot,2016
2480,Pedro Ruminot,2016
2481,Pedro Ruminot,2016
2482,Pedro Ruminot,2016
2483,Pedro Ruminot,2016
2484,Pedro Ruminot,2016
2485,Pedro Ruminot,2016
2486,Pedro Ruminot,2016
2487,Pedro Ruminot,2016
2488,Pedro Ruminot,2016
2489,Pedro Ruminot,2016
2490,Pedro Ruminot,2016
2491,Pedro Ruminot,2016
2492,Pedro Ruminot,2016
2493,Pedro Ruminot,2016
2494,Pedro Ruminot,2016
2495,Pedro Ruminot,2016
2496,Pedro Ruminot,2016
2497,Pedro Ruminot,2016
2498,Pedro Ruminot,2016
2499,Pedro Ruminot,2016
2500,Pedro Ruminot,2016
2501,Pedro Ruminot,2016
2502,Pedro Ruminot,2016
2503,Pedro Ruminot,2016
2504,Pedro Ruminot,2016
2505,Pedro Ruminot,2016
2506,Pedro Ruminot,2016
2507,Pedro Ruminot,2016
2508,Pedro Ruminot,2016
2509,Pedro Ruminot,2016
2510,Pedro Ruminot,2016
2511,Pedro Ruminot,2016
2512,Pedro Ruminot,2016
2513,Pedro Ruminot,2016
2514,Pedro Ruminot,2016
2515,Pedro Ruminot,2016
2516,Pedro Ruminot,2016
2517,Pedro Ruminot,2016
2518,Pedro Ruminot,2016
2519,Pedro Ruminot,2016
2520,Pedro Ruminot,2016
2521,Pedro Ruminot,2016
2522,Pedro Ruminot,2016
2523,Pedro Ruminot,2016
2524,Pedro Ruminot,2016
2525,Pedro Ruminot,2016
2526,Pedro Ruminot,2016
2527,Pedro Ruminot,2016
2528,Pedro Ruminot,2016
2529,Pedro Ruminot,2016
2530,Pedro Ruminot,2016
2531,Pedro Ruminot,2016
2532,Pedro Ruminot,2016
2533,Pedro Ruminot,2016
2534,Los Locos del Humor,2016
2535,Los Locos del Humor,2016
2536,Los Locos del Humor,2016
2537,Los Locos del Humor,2016
2538,Los Locos del Humor,2016
2539,Los Locos del Humor,2016
2540,Los Locos del Humor,2016
2541,Los Locos del Humor,2016
2542,Los Locos del Humor,2016
2543,Los Locos del Humor,2016
2544,Los Locos del Humor,2016
2545,Los Locos del Humor,2016
2546,Los Locos del Humor,2016
2547,Los Locos del Humor,2016
2548,Los Locos del Humor,2016
2549,Los Locos del Humor,2016
2550,Los Locos del Humor,2016
2551,Los Locos del Humor,2016
2552,Los Locos del Humor,2016
2553,Los Locos del Humor,2016
2554,Los Locos del Humor,2016
2555,Los Locos del Humor,2016
2556,Los Locos del Humor,2016
2557,Los Locos del Humor,2016
2558,Los Locos del Humor,2016
2559,Los Locos del Humor,2016
2560,Los Locos del Humor,2016
2561,Los Locos del Humor,2016
2562,Los Locos del Humor,2016
2563,Los Locos del Humor,2016
2564,Los Locos del Humor,2016
2565,Los Locos del Humor,2016
2566,Los Locos del Humor,2016
2567,Los Locos del Humor,2016
2568,Los Locos del Humor,2016
2569,Los Locos del Humor,2016
2570,Los Locos del Humor,2016
2571,Los Locos del Humor,2016
2572,Los Locos del Humor,2016
2573,Los Locos del Humor,2016
2574,Los Locos del Humor,2016
2575,Los Locos del Humor,2016
2576,Los Locos del Humor,2016
2577,Los Locos del Humor,2016
2578,Los Locos del Humor,2016
2579,Los Locos del Humor,2016
2580,Los Locos del Humor,2016
2581,Los Locos del Humor,2016
2582,Ricardo Meruane,2016
2583,Ricardo Meruane,2016
2584,Ricardo Meruane,2016
2585,Ricardo Meruane,2016
2586,Ricardo Meruane,2016
2587,Ricardo Meruane,2016
2588,Ricardo Meruane,2016
2589,Ricardo Meruane,2016
2590,Ricardo Meruane,2016
2591,Ricardo Meruane,2016
2592,Ricardo Meruane,2016
2593,Ricardo Meruane,2016
2594,Ricardo Meruane,2016
2595,Ricardo Meruane,2016
2596,Ricardo Meruane,2016
2597,Ricardo Meruane,2016
2598,Ricardo Meruane,2016
2599,Ricardo Meruane,2016
2600,Ricardo Meruane,2016
2601,Ricardo Meruane,2016
2602,Ricardo Meruane,2016
2603,Ricardo Meruane,2016
2604,Ricardo Meruane,2016
2605,Ricardo Meruane,2016
2606,Ricardo Meruane,2016
2607,Ricardo Meruane,2016
2608,Ricardo Meruane,2016
2609,Ricardo Meruane,2016
2610,Ricardo Meruane,2016
2611,Ricardo Meruane,2016
2612,Ricardo Meruane,2016
2613,Ricardo Meruane,2016
2614,Ricardo Meruane,2016
2615,Ricardo Meruane,2016
2616,Ricardo Meruane,2016
2617,Ricardo Meruane,2016
2618,Ricardo Meruane,2016
2619,Juan Pablo López,2017
2620,Juan Pablo López,2017
2621,Juan Pablo López,2017
2622,Juan Pablo López,2017
2623,Juan Pablo López,2017
2624,Juan Pablo López,2017
2625,Juan Pablo López,2017
2626,Juan Pablo López,2017
2627,Juan Pablo López,2017
2628,Juan Pablo López,2017
2629,Juan Pablo López,2017
2630,Juan Pablo López,2017
2631,Juan Pablo López,2017
2632,Juan Pablo López,2017
2633,Juan Pablo López,2017
2634,Juan Pablo López,2017
2635,Juan Pablo López,2017
2636,Juan Pablo López,2017
2637,Juan Pablo López,2017
2638,Juan Pablo López,2017
2639,Juan Pablo López,2017
2640,Juan Pablo López,2017
2641,Juan Pablo López,2017
2642,Juan Pablo López,2017
2643,Juan Pablo López,2017
2644,Juan Pablo López,2017
2645,Juan Pablo López,2017
2646,Juan Pablo López,2017
2647,Juan Pablo López,2017
2648,Juan Pablo López,2017
2649,Juan Pablo López,2017
2650,Juan Pablo López,2017
2651,Juan Pablo López,2017
2652,Juan Pablo López,2017
2653,Juan Pablo López,2017
2654,Juan Pablo López,2017
2655,Juan Pablo López,2017
2656,Juan Pablo López,2017
2657,Juan Pablo López,2017
2658,Juan Pablo López,2017
2659,Juan Pablo López,2017
2660,Juan Pablo López,2017
2661,Juan Pablo López,2017
2662,Juan Pablo López,2017
2663,Juan Pablo López,2017
2664,Juan Pablo López,2017
2665,Juan Pablo López,2017
2666,Juan Pablo López,2017
2667,Juan Pablo López,2017
2668,Juan Pablo López,2017
2669,Juan Pablo López,2017
2670,Juan Pablo López,2017
2671,Juan Pablo López,2017
2672,Juan Pablo López,2017
2673,Juan Pablo López,2017
2674,Juan Pablo López,2017
2675,Juan Pablo López,2017
2676,Juan Pablo López,2017
2677,Juan Pablo López,2017
2678,Juan Pablo López,2017
2679,Juan Pablo López,2017
2680,"Daniela ""Chiqui"" Aguayo",2017
2681,"Daniela ""Chiqui"" Aguayo",2017
2682,"Daniela ""Chiqui"" Aguayo",2017
2683,"Daniela ""Chiqui"" Aguayo",2017
2684,"Daniela ""Chiqui"" Aguayo",2017
2685,"Daniela ""Chiqui"" Aguayo",2017
2686,"Daniela ""Chiqui"" Aguayo",2017
2687,"Daniela ""Chiqui"" Aguayo",2017
2688,"Daniela ""Chiqui"" Aguayo",2017
2689,"Daniela ""Chiqui"" Aguayo",2017
2690,"Daniela ""Chiqui"" Aguayo",2017
2691,"Daniela ""Chiqui"" Aguayo",2017
2692,"Daniela ""Chiqui"" Aguayo",2017
2693,"Daniela ""Chiqui"" Aguayo",2017
2694,"Daniela ""Chiqui"" Aguayo",2017
2695,"Daniela ""Chiqui"" Aguayo",2017
2696,"Daniela ""Chiqui"" Aguayo",2017
2697,"Daniela ""Chiqui"" Aguayo",2017
2698,"Daniela ""Chiqui"" Aguayo",2017
2699,"Daniela ""Chiqui"" Aguayo",2017
2700,"Daniela ""Chiqui"" Aguayo",2017
2701,"Daniela ""Chiqui"" Aguayo",2017
2702,"Daniela ""Chiqui"" Aguayo",2017
2703,"Daniela ""Chiqui"" Aguayo",2017
2704,"Daniela ""Chiqui"" Aguayo",2017
2705,"Daniela ""Chiqui"" Aguayo",2017
2706,"Daniela ""Chiqui"" Aguayo",2017
2707,"Daniela ""Chiqui"" Aguayo",2017
2708,"Daniela ""Chiqui"" Aguayo",2017
2709,"Daniela ""Chiqui"" Aguayo",2017
2710,"Daniela ""Chiqui"" Aguayo",2017
2711,"Daniela ""Chiqui"" Aguayo",2017
2712,"Daniela ""Chiqui"" Aguayo",2017
2713,"Daniela ""Chiqui"" Aguayo",2017
2714,"Daniela ""Chiqui"" Aguayo",2017
2715,"Daniela ""Chiqui"" Aguayo",2017
2716,"Daniela ""Chiqui"" Aguayo",2017
2717,"Daniela ""Chiqui"" Aguayo",2017
2718,"Daniela ""Chiqui"" Aguayo",2017
2719,"Daniela ""Chiqui"" Aguayo",2017
2720,"Daniela ""Chiqui"" Aguayo",2017
2721,"Daniela ""Chiqui"" Aguayo",2017
2722,"Daniela ""Chiqui"" Aguayo",2017
2723,"Daniela ""Chiqui"" Aguayo",2017
2724,"Daniela ""Chiqui"" Aguayo",2017
2725,"Daniela ""Chiqui"" Aguayo",2017
2726,"Daniela ""Chiqui"" Aguayo",2017
2727,"Daniela ""Chiqui"" Aguayo",2017
2728,"Daniela ""Chiqui"" Aguayo",2017
2729,"Daniela ""Chiqui"" Aguayo",2017
2730,"Daniela ""Chiqui"" Aguayo",2017
2731,"Daniela ""Chiqui"" Aguayo",2017
2732,"Daniela ""Chiqui"" Aguayo",2017
2733,"Daniela ""Chiqui"" Aguayo",2017
2734,"Daniela ""Chiqui"" Aguayo",2017
2735,"Daniela ""Chiqui"" Aguayo",2017
2736,"Daniela ""Chiqui"" Aguayo",2017
2737,"Daniela ""Chiqui"" Aguayo",2017
2738,"Daniela ""Chiqui"" Aguayo",2017
2739,"Daniela ""Chiqui"" Aguayo",2017
2740,"Daniela ""Chiqui"" Aguayo",2017
2741,"Daniela ""Chiqui"" Aguayo",2017
2742,"Daniela ""Chiqui"" Aguayo",2017
2743,"Daniela ""Chiqui"" Aguayo",2017
2744,"Daniela ""Chiqui"" Aguayo",2017
2745,"Carlos ""El Mono"" Sánchez",2017
2746,"Carlos ""El Mono"" Sánchez",2017
2747,"Carlos ""El Mono"" Sánchez",2017
2748,"Carlos ""El Mono"" Sánchez",2017
2749,"Carlos ""El Mono"" Sánchez",2017
2750,"Carlos ""El Mono"" Sánchez",2017
2751,"Carlos ""El Mono"" Sánchez",2017
2752,"Carlos ""El Mono"" Sánchez",2017
2753,"Carlos ""El Mono"" Sánchez",2017
2754,"Carlos ""El Mono"" Sánchez",2017
2755,"Carlos ""El Mono"" Sánchez",2017
2756,"Carlos ""El Mono"" Sánchez",2017
2757,"Carlos ""El Mono"" Sánchez",2017
2758,"Carlos ""El Mono"" Sánchez",2017
2759,"Carlos ""El Mono"" Sánchez",2017
2760,"Carlos ""El Mono"" Sánchez",2017
2761,"Carlos ""El Mono"" Sánchez",2017
2762,"Carlos ""El Mono"" Sánchez",2017
2763,"Carlos ""El Mono"" Sánchez",2017
2764,"Carlos ""El Mono"" Sánchez",2017
2765,"Carlos ""El Mono"" Sánchez",2017
2766,"Carlos ""El Mono"" Sánchez",2017
2767,"Carlos ""El Mono"" Sánchez",2017
2768,"Carlos ""El Mono"" Sánchez",2017
2769,"Carlos ""El Mono"" Sánchez",2017
2770,"Carlos ""El Mono"" Sánchez",2017
2771,"Carlos ""El Mono"" Sánchez",2017
2772,"Carlos ""El Mono"" Sánchez",2017
2773,"Carlos ""El Mono"" Sánchez",2017
2774,"Carlos ""El Mono"" Sánchez",2017
2775,"Carlos ""El Mono"" Sánchez",2017
2776,"Carlos ""El Mono"" Sánchez",2017
2777,"Carlos ""El Mono"" Sánchez",2017
2778,"Carlos ""El Mono"" Sánchez",2017
2779,"Carlos ""El Mono"" Sánchez",2017
2780,"Carlos ""El Mono"" Sánchez",2017
2781,"Carlos ""El Mono"" Sánchez",2017
2782,"Carlos ""El Mono"" Sánchez",2017
2783,"Carlos ""El Mono"" Sánchez",2017
2784,"Carlos ""El Mono"" Sánchez",2017
2785,"Carlos ""El Mono"" Sánchez",2017
2786,"Carlos ""El Mono"" Sánchez",2017
2787,"Carlos ""El Mono"" Sánchez",2017
2788,"Carlos ""El Mono"" Sánchez",2017
2789,"Carlos ""El Mono"" Sánchez",2017
2790,"Carlos ""El Mono"" Sánchez",2017
2791,"Carlos ""El Mono"" Sánchez",2017
2792,"Carlos ""El Mono"" Sánchez",2017
2793,"Carlos ""El Mono"" Sánchez",2017
2794,"Carlos ""El Mono"" Sánchez",2017
2795,"Carlos ""El Mono"" Sánchez",2017
2796,"Carlos ""El Mono"" Sánchez",2017
2797,"Carlos ""El Mono"" Sánchez",2017
2798,"Carlos ""El Mono"" Sánchez",2017
2799,"Carlos ""El Mono"" Sánchez",2017
2800,"Juan Luis ""Jajá"" Calderón",2017
2801,"Juan Luis ""Jajá"" Calderón",2017
2802,"Juan Luis ""Jajá"" Calderón",2017
2803,"Juan Luis ""Jajá"" Calderón",2017
2804,"Juan Luis ""Jajá"" Calderón",2017
2805,"Juan Luis ""Jajá"" Calderón",2017
2806,"Juan Luis ""Jajá"" Calderón",2017
2807,"Juan Luis ""Jajá"" Calderón",2017
2808,"Juan Luis ""Jajá"" Calderón",2017
2809,"Juan Luis ""Jajá"" Calderón",2017
2810,"Juan Luis ""Jajá"" Calderón",2017
2811,"Juan Luis ""Jajá"" Calderón",2017
2812,"Juan Luis ""Jajá"" Calderón",2017
2813,"Juan Luis ""Jajá"" Calderón",2017
2814,"Juan Luis ""Jajá"" Calderón",2017
2815,"Juan Luis ""Jajá"" Calderón",2017
2816,"Juan Luis ""Jajá"" Calderón",2017
2817,"Juan Luis ""Jajá"" Calderón",2017
2818,"Juan Luis ""Jajá"" Calderón",2017
2819,"Juan Luis ""Jajá"" Calderón",2017
2820,"Juan Luis ""Jajá"" Calderón",2017
2821,"Juan Luis ""Jajá"" Calderón",2017
2822,"Juan Luis ""Jajá"" Calderón",2017
2823,"Juan Luis ""Jajá"" Calderón",2017
2824,"Juan Luis ""Jajá"" Calderón",2017
2825,"Juan Luis ""Jajá"" Calderón",2017
2826,"Juan Luis ""Jajá"" Calderón",2017
2827,"Juan Luis ""Jajá"" Calderón",2017
2828,"Juan Luis ""Jajá"" Calderón",2017
2829,"Juan Luis ""Jajá"" Calderón",2017
2830,"Juan Luis ""Jajá"" Calderón",2017
2831,"Juan Luis ""Jajá"" Calderón",2017
2832,"Juan Luis ""Jajá"" Calderón",2017
2833,"Juan Luis ""Jajá"" Calderón",2017
2834,"Juan Luis ""Jajá"" Calderón",2017
2835,"Juan Luis ""Jajá"" Calderón",2017
2836,"Juan Luis ""Jajá"" Calderón",2017
2837,"Juan Luis ""Jajá"" Calderón",2017
2838,"Juan Luis ""Jajá"" Calderón",2017
2839,"Juan Luis ""Jajá"" Calderón",2017
2840,"Juan Luis ""Jajá"" Calderón",2017
2841,"Juan Luis ""Jajá"" Calderón",2017
2842,"Juan Luis ""Jajá"" Calderón",2017
2843,"Juan Luis ""Jajá"" Calderón",2017
2844,"Juan Luis ""Jajá"" Calderón",2017
2845,"Juan Luis ""Jajá"" Calderón",2017
2846,"Juan Luis ""Jajá"" Calderón",2017
2847,"Juan Luis ""Jajá"" Calderón",2017
2848,"Juan Luis ""Jajá"" Calderón",2017
2849,"Juan Luis ""Jajá"" Calderón",2017
2850,"Juan Luis ""Jajá"" Calderón",2017
2851,"Juan Luis ""Jajá"" Calderón",2017
2852,"Juan Luis ""Jajá"" Calderón",2017
2853,"Juan Luis ""Jajá"" Calderón",2017
2854,"Juan Luis ""Jajá"" Calderón",2017
2855,"Juan Luis ""Jajá"" Calderón",2017
2856,"Juan Luis ""Jajá"" Calderón",2017
2857,"Juan Luis ""Jajá"" Calderón",2017
2858,"Juan Luis ""Jajá"" Calderón",2017
2859,"Juan Luis ""Jajá"" Calderón",2017
2860,"Juan Luis ""Jajá"" Calderón",2017
2861,"Juan Luis ""Jajá"" Calderón",2017
2862,"Juan Luis ""Jajá"" Calderón",2017
2863,"Juan Luis ""Jajá"" Calderón",2017
2864,"Juan Luis ""Jajá"" Calderón",2017
2865,"Juan Luis ""Jajá"" Calderón",2017
2866,"Juan Luis ""Jajá"" Calderón",2017
2867,"Juan Luis ""Jajá"" Calderón",2017
2868,"Juan Luis ""Jajá"" Calderón",2017
2869,"Juan Luis ""Jajá"" Calderón",2017
2870,"Juan Luis ""Jajá"" Calderón",2017
2871,"Juan Luis ""Jajá"" Calderón",2017
2872,"Juan Luis ""Jajá"" Calderón",2017
2873,"Juan Luis ""Jajá"" Calderón",2017
2874,"Juan Luis ""Jajá"" Calderón",2017
2875,"Juan Luis ""Jajá"" Calderón",2017
2876,"Juan Luis ""Jajá"" Calderón",2017
2877,"Juan Luis ""Jajá"" Calderón",2017
2878,"Juan Luis ""Jajá"" Calderón",2017
2879,"Juan Luis ""Jajá"" Calderón",2017
2880,"Juan Luis ""Jajá"" Calderón",2017
2881,"Juan Luis ""Jajá"" Calderón",2017
2882,"Juan Luis ""Jajá"" Calderón",2017
2883,"Juan Luis ""Jajá"" Calderón",2017
2884,"Juan Luis ""Jajá"" Calderón",2017
2885,"Juan Luis ""Jajá"" Calderón",2017
2886,"Juan Luis ""Jajá"" Calderón",2017
2887,"Juan Luis ""Jajá"" Calderón",2017
2888,"Juan Luis ""Jajá"" Calderón",2017
2889,"Juan Luis ""Jajá"" Calderón",2017
2890,"Juan Luis ""Jajá"" Calderón",2017
2891,"Juan Luis ""Jajá"" Calderón",2017
2892,"Juan Luis ""Jajá"" Calderón",2017
2893,"Juan Luis ""Jajá"" Calderón",2017
2894,"Juan Luis ""Jajá"" Calderón",2017
2895,"Juan Luis ""Jajá"" Calderón",2017
2896,"Juan Luis ""Jajá"" Calderón",2017
2897,"Juan Luis ""Jajá"" Calderón",2017
2898,"Juan Luis ""Jajá"" Calderón",2017
2899,"Juan Luis ""Jajá"" Calderón",2017
2900,"Juan Luis ""Jajá"" Calderón",2017
2901,"Juan Luis ""Jajá"" Calderón",2017
2902,Rodrigo Villegas,2017
2903,Rodrigo Villegas,2017
2904,Rodrigo Villegas,2017
2905,Rodrigo Villegas,2017
2906,Rodrigo Villegas,2017
2907,Rodrigo Villegas,2017
2908,Rodrigo Villegas,2017
2909,Rodrigo Villegas,2017
2910,Rodrigo Villegas,2017
2911,Rodrigo Villegas,2017
2912,Rodrigo Villegas,2017
2913,Rodrigo Villegas,2017
2914,Rodrigo Villegas,2017
2915,Rodrigo Villegas,2017
2916,Rodrigo Villegas,2017
2917,Rodrigo Villegas,2017
2918,Rodrigo Villegas,2017
2919,Rodrigo Villegas,2017
2920,Rodrigo Villegas,2017
2921,Rodrigo Villegas,2017
2922,Rodrigo Villegas,2017
2923,Rodrigo Villegas,2017
2924,Rodrigo Villegas,2017
2925,Rodrigo Villegas,2017
2926,Rodrigo Villegas,2017
2927,Rodrigo Villegas,2017
2928,Rodrigo Villegas,2017
2929,Rodrigo Villegas,2017
2930,Rodrigo Villegas,2017
2931,Rodrigo Villegas,2017
2932,Rodrigo Villegas,2017
2933,Rodrigo Villegas,2017
2934,Rodrigo Villegas,2017
2935,Rodrigo Villegas,2017
2936,Rodrigo Villegas,2017
2937,Rodrigo Villegas,2017
2938,Rodrigo Villegas,2017
2939,Rodrigo Villegas,2017
2940,Rodrigo Villegas,2017
2941,Rodrigo Villegas,2017
2942,Rodrigo Villegas,2017
2943,Fabrizio Copano,2017
2944,Fabrizio Copano,2017
2945,Fabrizio Copano,2017
2946,Fabrizio Copano,2017
2947,Fabrizio Copano,2017
2948,Fabrizio Copano,2017
2949,Fabrizio Copano,2017
2950,Fabrizio Copano,2017
2951,Fabrizio Copano,2017
2952,Fabrizio Copano,2017
2953,Fabrizio Copano,2017
2954,Fabrizio Copano,2017
2955,Fabrizio Copano,2017
2956,Fabrizio Copano,2017
2957,Fabrizio Copano,2017
2958,Fabrizio Copano,2017
2959,Fabrizio Copano,2017
2960,Fabrizio Copano,2017
2961,Fabrizio Copano,2017
2962,Fabrizio Copano,2017
2963,Fabrizio Copano,2017
2964,Fabrizio Copano,2017
2965,Fabrizio Copano,2017
2966,Fabrizio Copano,2017
2967,Fabrizio Copano,2017
2968,Fabrizio Copano,2017
2969,Fabrizio Copano,2017
2970,Fabrizio Copano,2017
2971,Fabrizio Copano,2017
2972,Fabrizio Copano,2017
2973,Fabrizio Copano,2017
2974,Fabrizio Copano,2017
2975,Fabrizio Copano,2017
2976,Fabrizio Copano,2017
2977,Fabrizio Copano,2017
2978,Fabrizio Copano,2017
2979,Fabrizio Copano,2017
2980,Fabrizio Copano,2017
2981,Fabrizio Copano,2017
2982,Fabrizio Copano,2017
2983,Fabrizio Copano,2017
2984,Fabrizio Copano,2017
2985,Fabrizio Copano,2017
2986,Fabrizio Copano,2017
2987,Fabrizio Copano,2017
2988,Fabrizio Copano,2017
2989,Fabrizio Copano,2017
2990,Fabrizio Copano,2017
2991,Fabrizio Copano,2017
2992,Fabrizio Copano,2017
2993,Fabrizio Copano,2017
2994,Fabrizio Copano,2017
2995,Fabrizio Copano,2017
2996,Fabrizio Copano,2017
2997,Fabrizio Copano,2017
2998,Bombo Fica,2018
2999,Bombo Fica,2018
3000,Bombo Fica,2018
3001,Bombo Fica,2018
3002,Bombo Fica,2018
3003,Bombo Fica,2018
3004,Bombo Fica,2018
3005,Bombo Fica,2018
3006,Bombo Fica,2018
3007,Bombo Fica,2018
3008,Bombo Fica,2018
3009,Bombo Fica,2018
3010,Bombo Fica,2018
3011,Bombo Fica,2018
3012,Bombo Fica,2018
3013,Bombo Fica,2018
3014,Bombo Fica,2018
3015,Bombo Fica,2018
3016,Bombo Fica,2018
3017,Bombo Fica,2018
3018,Bombo Fica,2018
3019,Bombo Fica,2018
3020,Bombo Fica,2018
3021,Bombo Fica,2018
3022,Bombo Fica,2018
3023,Bombo Fica,2018
3024,Bombo Fica,2018
3025,Bombo Fica,2018
3026,Bombo Fica,2018
3027,Bombo Fica,2018
3028,Bombo Fica,2018
3029,Bombo Fica,2018
3030,Bombo Fica,2018
3031,Jenny Cavallo,2018
3032,Jenny Cavallo,2018
3033,Jenny Cavallo,2018
3034,Jenny Cavallo,2018
3035,Jenny Cavallo,2018
3036,Jenny Cavallo,2018
3037,Jenny Cavallo,2018
3038,Jenny Cavallo,2018
3039,Jenny Cavallo,2018
3040,Jenny Cavallo,2018
3041,Jenny Cavallo,2018
3042,Jenny Cavallo,2018
3043,Jenny Cavallo,2018
3044,Jenny Cavallo,2018
3045,Jenny Cavallo,2018
3046,Jenny Cavallo,2018
3047,Jenny Cavallo,2018
3048,Jenny Cavallo,2018
3049,Jenny Cavallo,2018
3050,Jenny Cavallo,2018
3051,Jenny Cavallo,2018
3052,Jenny Cavallo,2018
3053,Jenny Cavallo,2018
3054,Jenny Cavallo,2018
3055,Jenny Cavallo,2018
3056,Jenny Cavallo,2018
3057,Jenny Cavallo,2018
3058,Jenny Cavallo,2018
3059,Jenny Cavallo,2018
3060,Jenny Cavallo,2018
3061,Jenny Cavallo,2018
3062,Jenny Cavallo,2018
3063,Jenny Cavallo,2018
3064,Jenny Cavallo,2018
3065,Jenny Cavallo,2018
3066,Jenny Cavallo,2018
3067,Jenny Cavallo,2018
3068,Jenny Cavallo,2018
3069,Jenny Cavallo,2018
3070,Jenny Cavallo,2018
3071,Jenny Cavallo,2018
3072,Jenny Cavallo,2018
3073,Jenny Cavallo,2018
3074,Jenny Cavallo,2018
3075,Stefan Kramer,2018
3076,Stefan Kramer,2018
3077,Stefan Kramer,2018
3078,Stefan Kramer,2018
3079,Stefan Kramer,2018
3080,Stefan Kramer,2018
3081,Stefan Kramer,2018
3082,Stefan Kramer,2018
3083,Stefan Kramer,2018
3084,Stefan Kramer,2018
3085,Stefan Kramer,2018
3086,Stefan Kramer,2018
3087,Stefan Kramer,2018
3088,Stefan Kramer,2018
3089,Stefan Kramer,2018
3090,Stefan Kramer,2018
3091,Stefan Kramer,2018
3092,Stefan Kramer,2018
3093,Stefan Kramer,2018
3094,Stefan Kramer,2018
3095,Stefan Kramer,2018
3096,Stefan Kramer,2018
3097,Stefan Kramer,2018
3098,Stefan Kramer,2018
3099,Stefan Kramer,2018
3100,Stefan Kramer,2018
3101,Stefan Kramer,2018
3102,Stefan Kramer,2018
3103,Stefan Kramer,2018
3104,Stefan Kramer,2018
3105,Stefan Kramer,2018
3106,Stefan Kramer,2018
3107,Stefan Kramer,2018
3108,Stefan Kramer,2018
3109,Stefan Kramer,2018
3110,Stefan Kramer,2018
3111,Stefan Kramer,2018
3112,Stefan Kramer,2018
3113,Alison Mandel,2018
3114,Alison Mandel,2018
3115,Alison Mandel,2018
3116,Alison Mandel,2018
3117,Alison Mandel,2018
3118,Alison Mandel,2018
3119,Alison Mandel,2018
3120,Alison Mandel,2018
3121,Alison Mandel,2018
3122,Alison Mandel,2018
3123,Alison Mandel,2018
3124,Alison Mandel,2018
3125,Alison Mandel,2018
3126,Alison Mandel,2018
3127,Alison Mandel,2018
3128,Alison Mandel,2018
3129,Alison Mandel,2018
3130,Alison Mandel,2018
3131,Alison Mandel,2018
3132,Alison Mandel,2018
3133,Alison Mandel,2018
3134,Alison Mandel,2018
3135,Alison Mandel,2018
3136,Alison Mandel,2018
3137,Alison Mandel,2018
3138,Alison Mandel,2018
3139,Alison Mandel,2018
3140,Alison Mandel,2018
3141,Alison Mandel,2018
3142,Alison Mandel,2018
3143,Alison Mandel,2018
3144,Alison Mandel,2018
3145,Alison Mandel,2018
3146,Alison Mandel,2018
3147,Alison Mandel,2018
3148,Alison Mandel,2018
3149,Alison Mandel,2018
3150,Alison Mandel,2018
3151,Alison Mandel,2018
3152,Alison Mandel,2018
3153,Alejandra Azcárate,2018
3154,Alejandra Azcárate,2018
3155,Alejandra Azcárate,2018
3156,Alejandra Azcárate,2018
3157,Alejandra Azcárate,2018
3158,Alejandra Azcárate,2018
3159,Alejandra Azcárate,2018
3160,Alejandra Azcárate,2018
3161,Alejandra Azcárate,2018
3162,Alejandra Azcárate,2018
3163,Alejandra Azcárate,2018
3164,Alejandra Azcárate,2018
3165,Alejandra Azcárate,2018
3166,Alejandra Azcárate,2018
3167,Alejandra Azcárate,2018
3168,Alejandra Azcárate,2018
3169,Alejandra Azcárate,2018
3170,Alejandra Azcárate,2018
3171,Alejandra Azcárate,2018
3172,Alejandra Azcárate,2018
3173,Alejandra Azcárate,2018
3174,Alejandra Azcárate,2018
3175,Alejandra Azcárate,2018
3176,Alejandra Azcárate,2018
3177,Alejandra Azcárate,2018
3178,Alejandra Azcárate,2018
3179,Alejandra Azcárate,2018
3180,Alejandra Azcárate,2018
3181,Alejandra Azcárate,2018
3182,Alejandra Azcárate,2018
3183,Alejandra Azcárate,2018
3184,Alejandra Azcárate,2018
3185,Alejandra Azcárate,2018
3186,Alejandra Azcárate,2018
3187,Alejandra Azcárate,2018
3188,Alejandra Azcárate,2018
3189,Alejandra Azcárate,2018
3190,Alejandra Azcárate,2018
3191,Alejandra Azcárate,2018
3192,Alejandra Azcárate,2018
3193,Alejandra Azcárate,2018
3194,Alejandra Azcárate,2018
3195,Alejandra Azcárate,2018
3196,Alejandra Azcárate,2018
3197,Alejandra Azcárate,2018
3198,Alejandra Azcárate,2018
3199,Felipe Avello,2019
3200,Felipe Avello,2019
3201,Felipe Avello,2019
3202,Felipe Avello,2019
3203,Felipe Avello,2019
3204,Felipe Avello,2019
3205,Felipe Avello,2019
3206,Felipe Avello,2019
3207,Felipe Avello,2019
3208,Felipe Avello,2019
3209,Felipe Avello,2019
3210,Felipe Avello,2019
3211,Felipe Avello,2019
3212,Felipe Avello,2019
3213,Felipe Avello,2019
3214,Felipe Avello,2019
3215,Felipe Avello,2019
3216,Felipe Avello,2019
3217,Felipe Avello,2019
3218,Felipe Avello,2019
3219,Felipe Avello,2019
3220,Felipe Avello,2019
3221,Felipe Avello,2019
3222,Felipe Avello,2019
3223,Felipe Avello,2019
3224,Felipe Avello,2019
3225,Felipe Avello,2019
3226,Felipe Avello,2019
3227,Felipe Avello,2019
3228,Felipe Avello,2019
3229,Felipe Avello,2019
3230,Felipe Avello,2019
3231,Felipe Avello,2019
3232,Felipe Avello,2019
3233,Felipe Avello,2019
3234,Felipe Avello,2019
3235,Felipe Avello,2019
3236,Jani Dueñas,2019
3237,Jani Dueñas,2019
3238,Jani Dueñas,2019
3239,Jani Dueñas,2019
3240,Jani Dueñas,2019
3241,Jani Dueñas,2019
3242,Jani Dueñas,2019
3243,Jani Dueñas,2019
3244,Jani Dueñas,2019
3245,Jani Dueñas,2019
3246,Jani Dueñas,2019
3247,Jani Dueñas,2019
3248,Jani Dueñas,2019
3249,Jani Dueñas,2019
3250,Jani Dueñas,2019
3251,Jani Dueñas,2019
3252,Jani Dueñas,2019
3253,Jani Dueñas,2019
3254,Jani Dueñas,2019
3255,Jani Dueñas,2019
3256,Jani Dueñas,2019
3257,Jani Dueñas,2019
3258,Jani Dueñas,2019
3259,Jani Dueñas,2019
3260,Jani Dueñas,2019
3261,Jani Dueñas,2019
3262,Jani Dueñas,2019
3263,Jani Dueñas,2019
3264,Jani Dueñas,2019
3265,Jani Dueñas,2019
3266,Jani Dueñas,2019
3267,Jani Dueñas,2019
3268,Jani Dueñas,2019
3269,Jani Dueñas,2019
3270,Jorge Alís,2019
3271,Jorge Alís,2019
3272,Mauricio Palma,2019
3273,Mauricio Palma,2019
3274,Mauricio Palma,2019
3275,Mauricio Palma,2019
3276,Mauricio Palma,2019
3277,Mauricio Palma,2019
3278,Mauricio Palma,2019
3279,Mauricio Palma,2019
3280,Mauricio Palma,2019
3281,Mauricio Palma,2019
3282,Mauricio Palma,2019
3283,Mauricio Palma,2019
3284,Mauricio Palma,2019
3285,Mauricio Palma,2019
3286,Mauricio Palma,2019
3287,Mauricio Palma,2019
3288,Mauricio Palma,2019
3289,Mauricio Palma,2019
3290,Mauricio Palma,2019
3291,Mauricio Palma,2019
3292,Mauricio Palma,2019
3293,Mauricio Palma,2019
3294,Mauricio Palma,2019
3295,Mauricio Palma,2019
3296,Mauricio Palma,2019
3297,Mauricio Palma,2019
3298,Mauricio Palma,2019
3299,Mauricio Palma,2019
3300,Mauricio Palma,2019
3301,Mauricio Palma,2019
3302,Mauricio Palma,2019
3303,Mauricio Palma,2019
3304,Mauricio Palma,2019
3305,Mauricio Palma,2019
3306,Mauricio Palma,2019
3307,Mauricio Palma,2019
3308,Mauricio Palma,2019
3309,Mauricio Palma,2019
3310,Mauricio Palma,2019
3311,Mauricio Palma,2019
3312,Mauricio Palma,2019
3313,Mauricio Palma,2019
3314,Mauricio Palma,2019
3315,Mauricio Palma,2019
3316,Mauricio Palma,2019
3317,Mauricio Palma,2019
3318,Mauricio Palma,2019
3319,Mauricio Palma,2019
3320,Mauricio Palma,2019
3321,Mauricio Palma,2019
3322,Mauricio Palma,2019
3323,Mauricio Palma,2019
3324,Mauricio Palma,2019
3325,Mauricio Palma,2019
3326,Mauricio Palma,2019
3327,Mauricio Palma,2019
3328,Mauricio Palma,2019
3329,Mauricio Palma,2019
3330,Mauricio Palma,2019
3331,Javiera Contador,2020
3332,Javiera Contador,2020
3333,Javiera Contador,2020
3334,Javiera Contador,2020
3335,Javiera Contador,2020
3336,Javiera Contador,2020
3337,Javiera Contador,2020
3338,Javiera Contador,2020
3339,Javiera Contador,2020
3340,Javiera Contador,2020
3341,Javiera Contador,2020
3342,Javiera Contador,2020
3343,Javiera Contador,2020
3344,Javiera Contador,2020
3345,Javiera Contador,2020
3346,Javiera Contador,2020
3347,Javiera Contador,2020
3348,Javiera Contador,2020
3349,Javiera Contador,2020
3350,Javiera Contador,2020
3351,Javiera Contador,2020
3352,Javiera Contador,2020
3353,Javiera Contador,2020
3354,Javiera Contador,2020
3355,Javiera Contador,2020
3356,Javiera Contador,2020
3357,Javiera Contador,2020
3358,Javiera Contador,2020
3359,Javiera Contador,2020
3360,Javiera Contador,2020
3361,Javiera Contador,2020
3362,Javiera Contador,2020
3363,Javiera Contador,2020
3364,Javiera Contador,2020
3365,Javiera Contador,2020
3366,Javiera Contador,2020
3367,Javiera Contador,2020
3368,Javiera Contador,2020
3369,Javiera Contador,2020
3370,Javiera Contador,2020
3371,Javiera Contador,2020
3372,Javiera Contador,2020
3373,Javiera Contador,2020
3374,Javiera Contador,2020
3375,Javiera Contador,2020
3376,Ernesto Belloni,2020
3377,Ernesto Belloni,2020
3378,Ernesto Belloni,2020
3379,Ernesto Belloni,2020
3380,Ernesto Belloni,2020
3381,Ernesto Belloni,2020
3382,Ernesto Belloni,2020
3383,Ernesto Belloni,2020
3384,Ernesto Belloni,2020
3385,Ernesto Belloni,2020
3386,Ernesto Belloni,2020
3387,Ernesto Belloni,2020
3388,Ernesto Belloni,2020
3389,Ernesto Belloni,2020
3390,Ernesto Belloni,2020
3391,Ernesto Belloni,2020
3392,Ernesto Belloni,2020
3393,Ernesto Belloni,2020
3394,Ernesto Belloni,2020
3395,Ernesto Belloni,2020
3396,Ernesto Belloni,2020
3397,Ernesto Belloni,2020
3398,Ernesto Belloni,2020
3399,Ernesto Belloni,2020
3400,Ernesto Belloni,2020
3401,Ernesto Belloni,2020
3402,Ernesto Belloni,2020
3403,Ernesto Belloni,2020
3404,Ernesto Belloni,2020
3405,Ernesto Belloni,2020
3406,Ernesto Belloni,2020
3407,Ernesto Belloni,2020
3408,Ernesto Belloni,2020
3409,Ernesto Belloni,2020
3410,Ernesto Belloni,2020
3411,Ernesto Belloni,2020
3412,Ernesto Belloni,2020
3413,Ernesto Belloni,2020
3414,Ernesto Belloni,2020
3415,Ernesto Belloni,2020
3416,Fusión Humor,2020
3417,Fusión Humor,2020
3418,Fusión Humor,2020
3419,Fusión Humor,2020
3420,Fusión Humor,2020
3421,Fusión Humor,2020
3422,Fusión Humor,2020
3423,Fusión Humor,2020
3424,Fusión Humor,2020
3425,Fusión Humor,2020
3426,Fusión Humor,2020
3427,Fusión Humor,2020
3428,Fusión Humor,2020
3429,Fusión Humor,2020
3430,Fusión Humor,2020
3431,Fusión Humor,2020
3432,Fusión Humor,2020
3433,Fusión Humor,2020
3434,Fusión Humor,2020
3435,Fusión Humor,2020
3436,Fusión Humor,2020
3437,Fusión Humor,2020
3438,Fusión Humor,2020
3439,Fusión Humor,2020
3440,Fusión Humor,2020
3441,Fusión Humor,2020
3442,Fusión Humor,2020
3443,Fusión Humor,2020
3444,Fusión Humor,2020
3445,Fusión Humor,2020
3446,Fusión Humor,2020
3447,Fusión Humor,2020
3448,Fusión Humor,2020
3449,Fusión Humor,2020
3450,Fusión Humor,2020
3451,Fusión Humor,2020
3452,Fusión Humor,2020
3453,Fusión Humor,2020
3454,Fusión Humor,2020
3455,Fusión Humor,2020
3456,Fusión Humor,2020
3457,Fusión Humor,2020
3458,Fusión Humor,2020
3459,Fusión Humor,2020
3460,Fusión Humor,2020
3461,Fusión Humor,2020
3462,Fusión Humor,2020
3463,Fusión Humor,2020
3464,Fusión Humor,2020
3465,Fusión Humor,2020
3466,Fusión Humor,2020
3467,Fusión Humor,2020
3468,Fusión Humor,2020
3469,Fusión Humor,2020
3470,Fusión Humor,2020
3471,Fusión Humor,2020
3472,Fusión Humor,2020
3473,Fusión Humor,2020
3474,Fusión Humor,2020
3475,Fusión Humor,2020
3476,Fusión Humor,2020
3477,Fusión Humor,2020
3478,Fusión Humor,2020
3479,Fusión Humor,2020
3480,Fusión Humor,2020
3481,Fusión Humor,2020
3482,Fusión Humor,2020
3483,Fusión Humor,2020
3484,Fusión Humor,2020
3485,Fusión Humor,2020
3486,"Paul Vásquez ""El Flaco""",2020
3487,"Paul Vásquez ""El Flaco""",2020
3488,"Paul Vásquez ""El Flaco""",2020
3489,"Paul Vásquez ""El Flaco""",2020
3490,"Paul Vásquez ""El Flaco""",2020
3491,"Paul Vásquez ""El Flaco""",2020
3492,"Paul Vásquez ""El Flaco""",2020
3493,"Paul Vásquez ""El Flaco""",2020
3494,"Paul Vásquez ""El Flaco""",2020
3495,"Paul Vásquez ""El Flaco""",2020
3496,"Paul Vásquez ""El Flaco""",2020
3497,"Paul Vásquez ""El Flaco""",2020
3498,"Paul Vásquez ""El Flaco""",2020
3499,"Paul Vásquez ""El Flaco""",2020
3500,"Paul Vásquez ""El Flaco""",2020
3501,"Paul Vásquez ""El Flaco""",2020
3502,"Paul Vásquez ""El Flaco""",2020
3503,"Paul Vásquez ""El Flaco""",2020
3504,"Paul Vásquez ""El Flaco""",2020
3505,"Paul Vásquez ""El Flaco""",2020
3506,"Paul Vásquez ""El Flaco""",2020
3507,"Paul Vásquez ""El Flaco""",2020
3508,"Paul Vásquez ""El Flaco""",2020
3509,"Paul Vásquez ""El Flaco""",2020
3510,"Paul Vásquez ""El Flaco""",2020
3511,"Paul Vásquez ""El Flaco""",2020
3512,"Paul Vásquez ""El Flaco""",2020
3513,"Paul Vásquez ""El Flaco""",2020
3514,"Paul Vásquez ""El Flaco""",2020
3515,"Paul Vásquez ""El Flaco""",2020
3516,"Paul Vásquez ""El Flaco""",2020
3517,"Paul Vásquez ""El Flaco""",2020
3518,"Paul Vásquez ""El Flaco""",2020
3519,"Paul Vásquez ""El Flaco""",2020
3520,"Paul Vásquez ""El Flaco""",2020
3521,"Paul Vásquez ""El Flaco""",2020
3522,"Paul Vásquez ""El Flaco""",2020
3523,Pedro Ruminot,2020
3524,Pedro Ruminot,2020
3525,Pedro Ruminot,2020
3526,Pedro Ruminot,2020
3527,Pedro Ruminot,2020
3528,Pedro Ruminot,2020
3529,Pedro Ruminot,2020
3530,Pedro Ruminot,2020
3531,Pedro Ruminot,2020
3532,Pedro Ruminot,2020
3533,Pedro Ruminot,2020
3534,Pedro Ruminot,2020
3535,Pedro Ruminot,2020
3536,Pedro Ruminot,2020
3537,Pedro Ruminot,2020
3538,Pedro Ruminot,2020
3539,Pedro Ruminot,2020
3540,Pedro Ruminot,2020
3541,Pedro Ruminot,2020
3542,Pedro Ruminot,2020
3543,Pedro Ruminot,2020
3544,Pedro Ruminot,2020
3545,Pedro Ruminot,2020
3546,Pedro Ruminot,2020
3547,Pedro Ruminot,2020
3548,Pedro Ruminot,2020
3549,Pedro Ruminot,2020
3550,Pedro Ruminot,2020
3551,Pedro Ruminot,2020
3552,Pedro Ruminot,2020
3553,Pedro Ruminot,2020
3554,Pedro Ruminot,2020
3555,Pedro Ruminot,2020
3556,Pedro Ruminot,2020
3557,Pedro Ruminot,2020
3558,Pedro Ruminot,2020
3559,Pedro Ruminot,2020
3560,Pedro Ruminot,2020
3561,Pedro Ruminot,2020
3562,Pedro Ruminot,2020
3563,Pedro Ruminot,2020
3564,Pedro Ruminot,2020
3565,Pedro Ruminot,2020
3566,Pedro Ruminot,2020
3567,Pedro Ruminot,2020
3568,Pedro Ruminot,2020
3569,Pedro Ruminot,2020
3570,Pedro Ruminot,2020
3571,Pedro Ruminot,2020
3572,Pedro Ruminot,2020
3573,Pedro Ruminot,2020
3574,Pedro Ruminot,2020
3575,Pedro Ruminot,2020
3576,Pedro Ruminot,2020
3577,Pedro Ruminot,2020
3578,Pedro Ruminot,2020
3579,Pedro Ruminot,2020
3580,Pedro Ruminot,2020
3581,Pedro Ruminot,2020
3582,Pedro Ruminot,2020
3583,Pedro Ruminot,2020
3584,Pedro Ruminot,2020
3585,Pedro Ruminot,2020
3586,Pedro Ruminot,2020
3587,Pedro Ruminot,2020
3588,Pamela Leiva,2023
3589,Pamela Leiva,2023
3590,Pamela Leiva,2023
3591,Pamela Leiva,2023
3592,Pamela Leiva,2023
3593,Pamela Leiva,2023
3594,Pamela Leiva,2023
3595,Pamela Leiva,2023
3596,Pamela Leiva,2023
3597,Pamela Leiva,2023
3598,Pamela Leiva,2023
3599,Pamela Leiva,2023
3600,Pamela Leiva,2023
3601,Pamela Leiva,2023
3602,Pamela Leiva,2023
3603,Pamela Leiva,2023
3604,Pamela Leiva,2023
3605,Pamela Leiva,2023
3606,Pamela Leiva,2023
3607,Pamela Leiva,2023
3608,Pamela Leiva,2023
3609,Pamela Leiva,2023
3610,Pamela Leiva,2023
3611,Pamela Leiva,2023
3612,Pamela Leiva,2023
3613,Pamela Leiva,2023
3614,Pamela Leiva,2023
3615,Pamela Leiva,2023
3616,Pamela Leiva,2023
3617,Pamela Leiva,2023
3618,Pamela Leiva,2023
3619,Pamela Leiva,2023
3620,Pamela Leiva,2023
3621,Pamela Leiva,2023
3622,Pamela Leiva,2023
3623,Pamela Leiva,2023
3624,Pamela Leiva,2023
3625,Pamela Leiva,2023
3626,Pamela Leiva,2023
3627,Pamela Leiva,2023
3628,Pamela Leiva,2023
3629,Pamela Leiva,2023
3630,Pamela Leiva,2023
3631,Pamela Leiva,2023
3632,Pamela Leiva,2023
3633,Pamela Leiva,2023
3634,Pamela Leiva,2023
3635,Pamela Leiva,2023
3636,Pamela Leiva,2023
3637,Pamela Leiva,2023
3638,Pamela Leiva,2023
3639,Diego Urrutia,2023
3640,Diego Urrutia,2023
3641,Diego Urrutia,2023
3642,Diego Urrutia,2023
3643,Diego Urrutia,2023
3644,Diego Urrutia,2023
3645,Diego Urrutia,2023
3646,Diego Urrutia,2023
3647,Diego Urrutia,2023
3648,Diego Urrutia,2023
3649,Diego Urrutia,2023
3650,Diego Urrutia,2023
3651,Diego Urrutia,2023
3652,Diego Urrutia,2023
3653,Diego Urrutia,2023
3654,Diego Urrutia,2023
3655,Diego Urrutia,2023
3656,Diego Urrutia,2023
3657,Diego Urrutia,2023
3658,Diego Urrutia,2023
3659,Diego Urrutia,2023
3660,Diego Urrutia,2023
3661,Diego Urrutia,2023
3662,Diego Urrutia,2023
3663,Diego Urrutia,2023
3664,Diego Urrutia,2023
3665,Diego Urrutia,2023
3666,Diego Urrutia,2023
3667,Diego Urrutia,2023
3668,Belén Mora,2023
3669,Belén Mora,2023
3670,Belén Mora,2023
3671,Belén Mora,2023
3672,Belén Mora,2023
3673,Belén Mora,2023
3674,Belén Mora,2023
3675,Belén Mora,2023
3676,Belén Mora,2023
3677,Belén Mora,2023
3678,Belén Mora,2023
3679,Belén Mora,2023
3680,Belén Mora,2023
3681,Belén Mora,2023
3682,Belén Mora,2023
3683,Belén Mora,2023
3684,Belén Mora,2023
3685,Belén Mora,2023
3686,Belén Mora,2023
3687,Belén Mora,2023
3688,Belén Mora,2023
3689,Belén Mora,2023
3690,Belén Mora,2023
3691,Belén Mora,2023
3692,Belén Mora,2023
3693,Belén Mora,2023
3694,Belén Mora,2023
3695,Belén Mora,2023
3696,Belén Mora,2023
3697,Belén Mora,2023
3698,Belén Mora,2023
3699,Belén Mora,2023
3700,Belén Mora,2023
3701,Belén Mora,2023
3702,Belén Mora,2023
3703,Belén Mora,2023
3704,Belén Mora,2023
3705,Belén Mora,2023
3706,Belén Mora,2023
3707,Belén Mora,2023
3708,Belén Mora,2023
3709,Belén Mora,2023
3710,Rodrigo Villegas,2023
3711,Rodrigo Villegas,2023
3712,Rodrigo Villegas,2023
3713,Rodrigo Villegas,2023
3714,Rodrigo Villegas,2023
3715,Rodrigo Villegas,2023
3716,Rodrigo Villegas,2023
3717,Rodrigo Villegas,2023
3718,Rodrigo Villegas,2023
3719,Rodrigo Villegas,2023
3720,Rodrigo Villegas,2023
3721,Rodrigo Villegas,2023
3722,Rodrigo Villegas,2023
3723,Rodrigo Villegas,2023
3724,Rodrigo Villegas,2023
3725,Rodrigo Villegas,2023
3726,Rodrigo Villegas,2023
3727,Rodrigo Villegas,2023
3728,Rodrigo Villegas,2023
3729,Rodrigo Villegas,2023
3730,Rodrigo Villegas,2023
3731,Rodrigo Villegas,2023
3732,Rodrigo Villegas,2023
3733,Rodrigo Villegas,2023
3734,Rodrigo Villegas,2023
3735,Rodrigo Villegas,2023
3736,Fabrizio Copano,2023
3737,Fabrizio Copano,2023
3738,Fabrizio Copano,2023
3739,Fabrizio Copano,2023
3740,Fabrizio Copano,2023
3741,Fabrizio Copano,2023
3742,Fabrizio Copano,2023
3743,Fabrizio Copano,2023
3744,Fabrizio Copano,2023
3745,Fabrizio Copano,2023
3746,Fabrizio Copano,2023
3747,Fabrizio Copano,2023
3748,Fabrizio Copano,2023
3749,Fabrizio Copano,2023
3750,Fabrizio Copano,2023
3751,Fabrizio Copano,2023
3752,Fabrizio Copano,2023
3753,Fabrizio Copano,2023
3754,Fabrizio Copano,2023
3755,Fabrizio Copano,2023
3756,Fabrizio Copano,2023
3757,Fabrizio Copano,2023
3758,Fabrizio Copano,2023
3759,Fabrizio Copano,2023
3760,Fabrizio Copano,2023
3761,Fabrizio Copano,2023
3762,Fabrizio Copano,2023
3763,Fabrizio Copano,2023
3764,Fabrizio Copano,2023
3765,Fabrizio Copano,2023
3766,Fabrizio Copano,2023
3767,Fabrizio Copano,2023
3768,Fabrizio Copano,2023
3769,Fabrizio Copano,2023
3770,Fabrizio Copano,2023
3771,Fabrizio Copano,2023
3772,Fabrizio Copano,2023
3773,Fabrizio Copano,2023
3774,Fabrizio Copano,2023
3775,Fabrizio Copano,2023
3776,Fabrizio Copano,2023
3777,Fabrizio Copano,2023
3778,Fabrizio Copano,2023
3779,Fabrizio Copano,2023
3780,Fabrizio Copano,2023
3781,Fabrizio Copano,2023
3782,Fabrizio Copano,2023
3783,Fabrizio Copano,2023
3784,Fabrizio Copano,2023
3785,Fabrizio Copano,2023
3786,Fabrizio Copano,2023
3787,Fabrizio Copano,2023
3788,Fabrizio Copano,2023
3789,Alison Mandel,2024
3790,Alison Mandel,2024
3791,Alison Mandel,2024
3792,Alison Mandel,2024
3793,Alison Mandel,2024
3794,Alison Mandel,2024
3795,Alison Mandel,2024
3796,Alison Mandel,2024
3797,Alison Mandel,2024
3798,Alison Mandel,2024
3799,Alison Mandel,2024
3800,Alison Mandel,2024
3801,Alison Mandel,2024
3802,Alison Mandel,2024
3803,Alison Mandel,2024
3804,Alison Mandel,2024
3805,Alison Mandel,2024
3806,Alison Mandel,2024
3807,Alison Mandel,2024
3808,Alison Mandel,2024
3809,Alison Mandel,2024
3810,Alison Mandel,2024
3811,Alison Mandel,2024
3812,Javiera Contador,2024
3813,Javiera Contador,2024
3814,Javiera Contador,2024
3815,Javiera Contador,2024
3816,Javiera Contador,2024
3817,Javiera Contador,2024
3818,Javiera Contador,2024
3819,Javiera Contador,2024
3820,Javiera Contador,2024
3821,Javiera Contador,2024
3822,Javiera Contador,2024
3823,Javiera Contador,2024
3824,Javiera Contador,2024
3825,Javiera Contador,2024
3826,Javiera Contador,2024
3827,Javiera Contador,2024
3828,Javiera Contador,2024
3829,Javiera Contador,2024
3830,Javiera Contador,2024
3831,Javiera Contador,2024
3832,Luis Slimming,2024
3833,Luis Slimming,2024
3834,Luis Slimming,2024
3835,Luis Slimming,2024
3836,Luis Slimming,2024
3837,Luis Slimming,2024
3838,Luis Slimming,2024
3839,Luis Slimming,2024
3840,Luis Slimming,2024
3841,Luis Slimming,2024
3842,Luis Slimming,2024
3843,Luis Slimming,2024
3844,Luis Slimming,2024
3845,Luis Slimming,2024
3846,Luis Slimming,2024
3847,Luis Slimming,2024
3848,Luis Slimming,2024
3849,Luis Slimming,2024
3850,Luis Slimming,2024
3851,Luis Slimming,2024
3852,Luis Slimming,2024
3853,Luis Slimming,2024
3854,Luis Slimming,2024
3855,Luis Slimming,2024
3856,Luis Slimming,2024
3857,Luis Slimming,2024
3858,Luis Slimming,2024
3859,Luis Slimming,2024
3860,Luis Slimming,2024
3861,Luis Slimming,2024
3862,Luis Slimming,2024
3863,Luis Slimming,2024
3864,Luis Slimming,2024
3865,Luis Slimming,2024
3866,Luis Slimming,2024
3867,Luis Slimming,2024
3868,Luis Slimming,2024
3869,Luis Slimming,2024
3870,Luis Slimming,2024
3871,Luis Slimming,2024
3872,Luis Slimming,2024
3873,Luis Slimming,2024
3874,Luis Slimming,2024
3875,Luis Slimming,2024
3876,Luis Slimming,2024
3877,Luis Slimming,2024
3878,Luis Slimming,2024
3879,Luis Slimming,2024
3880,Luis Slimming,2024
3881,Luis Slimming,2024
3882,Luis Slimming,2024
3883,Luis Slimming,2024
3884,Luis Slimming,2024
3885,Luis Slimming,2024
3886,Lucho Miranda,2024
3887,Lucho Miranda,2024
3888,Lucho Miranda,2024
3889,Lucho Miranda,2024
3890,Lucho Miranda,2024
3891,Lucho Miranda,2024
3892,Lucho Miranda,2024
3893,Lucho Miranda,2024
3894,Lucho Miranda,2024
3895,Lucho Miranda,2024
3896,Lucho Miranda,2024
3897,Lucho Miranda,2024
3898,Lucho Miranda,2024
3899,Lucho Miranda,2024
3900,Lucho Miranda,2024
3901,Lucho Miranda,2024
3902,Lucho Miranda,2024
3903,Lucho Miranda,2024
3904,Sergio Freire,2024
3905,Sergio Freire,2024
3906,Sergio Freire,2024
3907,Sergio Freire,2024
3908,Sergio Freire,2024
3909,Sergio Freire,2024
3910,Sergio Freire,2024
3911,Sergio Freire,2024
3912,Sergio Freire,2024
3913,Sergio Freire,2024
3914,Sergio Freire,2024
3915,Sergio Freire,2024
3916,Sergio Freire,2024
3917,Sergio Freire,2024
3918,Sergio Freire,2024
3919,Sergio Freire,2024
3920,Sergio Freire,2024
3921,Sergio Freire,2024
3922,Sergio Freire,2024
3923,Sergio Freire,2024
3924,Sergio Freire,2024
3925,Sergio Freire,2024
3926,Sergio Freire,2024
3927,Sergio Freire,2024
3928,Sergio Freire,2024
3929,Sergio Freire,2024
3930,Sergio Freire,2024
3931,Sergio Freire,2024
3932,Sergio Freire,2024
3933,Sergio Freire,2024
3934,Sergio Freire,2024
3935,Sergio Freire,2024
3936,Sergio Freire,2024
3937,Sergio Freire,2024
3938,Sergio Freire,2024
3939,Sergio Freire,2024
3940,Sergio Freire,2024
3941,Sergio Freire,2024
3942,Sergio Freire,2024
3943,Sergio Freire,2024
3944,Sergio Freire,2024
3945,Sergio Freire,2024
3946,Sergio Freire,2024
3947,Sergio Freire,2024
3948,Sergio Freire,2024
3949,Sergio Freire,2024
3950,Sergio Freire,2024
3951,Sergio Freire,2024
3952,Sergio Freire,2024
3953,Alex Ortiz,2024
3954,Alex Ortiz,2024
3955,Alex Ortiz,2024
3956,Alex Ortiz,2024
3957,Alex Ortiz,2024
3958,Alex Ortiz,2024
3959,Alex Ortiz,2024
3960,Alex Ortiz,2024
3961,Alex Ortiz,2024
3962,Alex Ortiz,2024
3963,Alex Ortiz,2024
3964,Alex Ortiz,2024
3965,Alex Ortiz,2024
3966,Alex Ortiz,2024
3967,Alex Ortiz,2024
3968,Alex Ortiz,2024
3969,Alex Ortiz,2024
3970,Alex Ortiz,2024
3971,Alex Ortiz,2024
3972,Alex Ortiz,2024
3973,Alex Ortiz,2024
3974,Alex Ortiz,2024
3975,Alex Ortiz,2024
3976,Alex Ortiz,2024
3977,Alex Ortiz,2024
3978,Alex Ortiz,2024
3979,Alex Ortiz,2024
3980,Alex Ortiz,2024
3981,Alex Ortiz,2024
3982,Alex Ortiz,2024
3983,George Harris,2025
3984,George Harris,2025
3985,George Harris,2025
3986,George Harris,2025
3987,George Harris,2025
3988,George Harris,2025
3989,George Harris,2025
3990,George Harris,2025
3991,George Harris,2025
3992,George Harris,2025
3993,George Harris,2025
3994,George Harris,2025
3995,George Harris,2025
3996,George Harris,2025
3997,George Harris,2025
3998,George Harris,2025
3999,George Harris,2025
4000,"Daniela ""Chiqui"" Aguayo",2025
4001,"Daniela ""Chiqui"" Aguayo",2025
4002,"Daniela ""Chiqui"" Aguayo",2025
4003,"Daniela ""Chiqui"" Aguayo",2025
4004,"Daniela ""Chiqui"" Aguayo",2025
4005,"Daniela ""Chiqui"" Aguayo",2025
4006,"Daniela ""Chiqui"" Aguayo",2025
4007,"Daniela ""Chiqui"" Aguayo",2025
4008,"Daniela ""Chiqui"" Aguayo",2025
4009,"Daniela ""Chiqui"" Aguayo",2025
4010,"Daniela ""Chiqui"" Aguayo",2025
4011,"Daniela ""Chiqui"" Aguayo",2025
4012,"Daniela ""Chiqui"" Aguayo",2025
4013,"Daniela ""Chiqui"" Aguayo",2025
4014,"Daniela ""Chiqui"" Aguayo",2025
4015,"Daniela ""Chiqui"" Aguayo",2025
4016,"Daniela ""Chiqui"" Aguayo",2025
4017,"Daniela ""Chiqui"" Aguayo",2025
4018,"Daniela ""Chiqui"" Aguayo",2025
4019,"Daniela ""Chiqui"" Aguayo",2025
4020,"Daniela ""Chiqui"" Aguayo",2025
4021,"Daniela ""Chiqui"" Aguayo",2025
4022,"Daniela ""Chiqui"" Aguayo",2025
4023,"Daniela ""Chiqui"" Aguayo",2025
4024,"Daniela ""Chiqui"" Aguayo",2025
4025,"Daniela ""Chiqui"" Aguayo",2025
4026,"Daniela ""Chiqui"" Aguayo",2025
4027,"Daniela ""Chiqui"" Aguayo",2025
4028,"Daniela ""Chiqui"" Aguayo",2025
4029,"Daniela ""Chiqui"" Aguayo",2025
4030,"Daniela ""Chiqui"" Aguayo",2025
4031,"Daniela ""Chiqui"" Aguayo",2025
4032,"Daniela ""Chiqui"" Aguayo",2025
4033,"Daniela ""Chiqui"" Aguayo",2025
4034,"Daniela ""Chiqui"" Aguayo",2025
4035,"Daniela ""Chiqui"" Aguayo",2025
4036,"Daniela ""Chiqui"" Aguayo",2025
4037,Edo Caroe,2025
4038,Edo Caroe,2025
4039,Edo Caroe,2025
4040,Edo Caroe,2025
4041,Edo Caroe,2025
4042,Edo Caroe,2025
4043,Edo Caroe,2025
4044,Edo Caroe,2025
4045,Edo Caroe,2025
4046,Edo Caroe,2025
4047,Edo Caroe,2025
4048,Edo Caroe,2025
4049,Edo Caroe,2025
4050,Edo Caroe,2025
4051,Edo Caroe,2025
4052,Edo Caroe,2025
4053,Edo Caroe,2025
4054,Edo Caroe,2025
4055,Edo Caroe,2025
4056,Edo Caroe,2025
4057,Edo Caroe,2025
4058,Edo Caroe,2025
4059,Edo Caroe,2025
4060,Edo Caroe,2025
4061,Edo Caroe,2025
4062,Edo Caroe,2025
4063,Edo Caroe,2025
4064,Edo Caroe,2025
4065,Edo Caroe,2025
4066,Edo Caroe,2025
4067,Edo Caroe,2025
4068,Edo Caroe,2025
4069,Edo Caroe,2025
4070,Edo Caroe,2025
4071,Edo Caroe,2025
4072,Edo Caroe,2025
4073,Edo Caroe,2025
4074,Edo Caroe,2025
4075,Edo Caroe,2025
4076,Edo Caroe,2025
4077,Edo Caroe,2025
4078,Edo Caroe,2025
4079,Edo Caroe,2025
4080,Edo Caroe,2025
4081,Edo Caroe,2025
4082,Edo Caroe,2025
4083,Edo Caroe,2025
4084,Edo Caroe,2025
4085,Edo Caroe,2025
4086,Juan Pablo López,2025
4087,Juan Pablo López,2025
4088,Juan Pablo López,2025
4089,Juan Pablo López,2025
4090,Juan Pablo López,2025
4091,Juan Pablo López,2025
4092,Juan Pablo López,2025
4093,Juan Pablo López,2025
4094,Juan Pablo López,2025
4095,Juan Pablo López,2025
4096,Juan Pablo López,2025
4097,Juan Pablo López,2025
4098,Juan Pablo López,2025
4099,Juan Pablo López,2025
4100,Juan Pablo López,2025
4101,Juan Pablo López,2025
4102,Juan Pablo López,2025
4103,Juan Pablo López,2025
4104,Juan Pablo López,2025
4105,Juan Pablo López,2025
4106,Juan Pablo López,2025
4107,Juan Pablo López,2025
4108,Juan Pablo López,2025
4109,Juan Pablo López,2025
4110,Juan Pablo López,2025
4111,Juan Pablo López,2025
4112,Juan Pablo López,2025
4113,Juan Pablo López,2025
4114,Juan Pablo López,2025
4115,Juan Pablo López,2025
4116,Juan Pablo López,2025
4117,Juan Pablo López,2025
4118,Juan Pablo López,2025
4119,Juan Pablo López,2025
4120,Juan Pablo López,2025
4121,Juan Pablo López,2025
4122,Juan Pablo López,2025
4123,Juan Pablo López,2025
4124,Juan Pablo López,2025
4125,Juan Pablo López,2025
4126,Juan Pablo López,2025
4127,Juan Pablo López,2025
4128,Juan Pablo López,2025
4129,Juan Pablo López,2025
4130,Juan Pablo López,2025
4131,Juan Pablo López,2025
4132,Juan Pablo López,2025
4133,Juan Pablo López,2025
4134,Juan Pablo López,2025
4135,Juan Pablo López,2025
4136,Juan Pablo López,2025
4137,Juan Pablo López,2025
4138,Juan Pablo López,2025
4139,Juan Pablo López,2025
4140,Juan Pablo López,2025
4141,Juan Pablo López,2025
4142,Juan Pablo López,2025
4143,Juan Pablo López,2025
4144,Juan Pablo López,2025
4145,Juan Pablo López,2025
4146,Juan Pablo López,2025
4147,Juan Pablo López,2025
4148,Juan Pablo López,2025
4149,Juan Pablo López,2025
4150,Pam Pam,2025
4151,Pam Pam,2025
4152,Pam Pam,2025
4153,Pam Pam,2025
4154,Pam Pam,2025
4155,Pam Pam,2025
4156,Pam Pam,2025
4157,Pam Pam,2025
4158,Pam Pam,2025
4159,Pam Pam,2025
4160,Pam Pam,2025
4161,Pam Pam,2025
4162,Pam Pam,2025
4163,Pam Pam,2025
4164,Pam Pam,2025
4165,Pam Pam,2025
4166,Pam Pam,2025
4167,Pam Pam,2025
4168,Pam Pam,2025
4169,Pam Pam,2025
4170,Pam Pam,2025
4171,Pam Pam,2025
4172,Pam Pam,2025
4173,Pam Pam,2025
4174,Pam Pam,2025
4175,Pam Pam,2025
4176,Pam Pam,2025
4177,Pam Pam,2025
4178,Pedro Ruminot,2025
4179,Pedro Ruminot,2025
4180,Pedro Ruminot,2025
4181,Pedro Ruminot,2025
4182,Pedro Ruminot,2025
4183,Pedro Ruminot,2025
4184,Pedro Ruminot,2025
4185,Pedro Ruminot,2025
4186,Pedro Ruminot,2025
4187,Pedro Ruminot,2025
4188,Pedro Ruminot,2025
4189,Pedro Ruminot,2025
4190,Pedro Ruminot,2025
4191,Pedro Ruminot,2025
4192,Pedro Ruminot,2025
4193,Pedro Ruminot,2025
4194,Pedro Ruminot,2025
4195,Pedro Ruminot,2025
4196,Pedro Ruminot,2025
4197,Pedro Ruminot,2025
4198,Pedro Ruminot,2025
4199,Pedro Ruminot,2025
4200,Pedro Ruminot,2025
4201,Pedro Ruminot,2025
4202,Pedro Ruminot,2025
4203,Pedro Ruminot,2025
4204,Pedro Ruminot,2025
4205,Pedro Ruminot,2025
4206,Pedro Ruminot,2025
4207,Pedro Ruminot,2025
4208,Pedro Ruminot,2025
4209,Pedro Ruminot,2025
4210,Pedro Ruminot,2025
4211,Pedro Ruminot,2025
4212,Pedro Ruminot,2025
4213,Pedro Ruminot,2025
4214,Pedro Ruminot,2025
4215,Pedro Ruminot,2025
4216,Pedro Ruminot,2025
4217,Pedro Ruminot,2025
4218,Pedro Ruminot,2025
4219,Pedro Ruminot,2025
4220,Pedro Ruminot,2025
4221,Pedro Ruminot,2025
4222,Pedro Ruminot,2025
4223,Pedro Ruminot,2025
4224,Pedro Ruminot,2025
4225,Pedro Ruminot,2025
4226,Pedro Ruminot,2025
4227,Pedro Ruminot,2025
4228,Pedro Ruminot,2025
4229,Pedro Ruminot,2025
4230,Pedro Ruminot,2025
4231,Pedro Ruminot,2025
4232,Pedro Ruminot,2025
4233,Pedro Ruminot,2025
4234,Pedro Ruminot,2025
4235,Pedro Ruminot,2025
4236,Pedro Ruminot,2025
4237,Pedro Ruminot,2025
4238,Pedro Ruminot,2025
4239,Pedro Ruminot,2025
4240,Pedro Ruminot,2025
4241,Pedro Ruminot,2025
