show,year,topic_id,topic_mass,total_mass,p_topic_show_year
Alejandra Azcárate,2018,1,4.227253018045816,13.359479167805482,0.31642348963969474
Alejandra Azcárate,2018,3,3.422210196136472,13.359479167805482,0.2561634441845256
Alejandra Azcárate,2018,4,0.03033830325902266,13.359479167805482,0.002270919612804504
Alejandra Azcárate,2018,5,1.1257907845801758,13.359479167805482,0.08426906247162522
Alejandra Azcárate,2018,6,0.0031294163163855023,13.359479167805482,0.00023424688021722942
Alejandra Azcárate,2018,7,0.08688652576940835,13.359479167805482,0.006503736012313488
Alejandra Azcárate,2018,11,0.03975687510877613,13.359479167805482,0.0029759300201301834
Alejandra Azcárate,2018,15,0.16966922917543753,13.359479167805482,0.012700287716628742
Alejandra Azcárate,2018,16,0.08807686936504014,13.359479167805482,0.006592837060391796
Alejandra Azcárate,2018,18,1.0,13.359479167805482,0.07485321751239099
Alejandra Azcárate,2018,21,0.07890699559091398,13.359479167805482,0.005906442504215961
Alejandra Azcárate,2018,22,0.08263893321067152,13.359479167805482,0.006185790042610348
Alejandra Azcárate,2018,26,0.004822021247361715,13.359479167805482,0.00036094380527813743
Alejandra Azcárate,2018,27,1.0,13.359479167805482,0.07485321751239099
Alejandra Azcárate,2018,33,2.0,13.359479167805482,0.14970643502478198
Alex Ortiz,2024,1,0.8464673680281997,7.60869699905154,0.11124997724757811
Alex Ortiz,2024,2,0.3227094245941907,7.60869699905154,0.04241323115303684
Alex Ortiz,2024,8,0.20459190050734424,7.60869699905154,0.02688921644965591
Alex Ortiz,2024,12,1.0,7.60869699905154,0.13142854816332608
Alex Ortiz,2024,14,1.0709809158782153,7.60869699905154,0.1407574668845031
Alex Ortiz,2024,15,0.07400949293853613,7.60869699905154,0.009726960207215737
Alex Ortiz,2024,34,1.0,7.60869699905154,0.13142854816332608
Alex Ortiz,2024,37,3.089937897105054,7.60869699905154,0.4061060517313581
Alison Mandel,2018,0,1.0506498269338063,13.762257718644758,0.0763428391193701
Alison Mandel,2018,1,1.0955107963927297,13.762257718644758,0.07960254914486592
Alison Mandel,2018,2,0.019622029096826518,13.762257718644758,0.0014257856158472523
Alison Mandel,2018,3,0.11586602463437648,13.762257718644758,0.008419114581570734
Alison Mandel,2018,4,0.03154506976556236,13.762257718644758,0.002292143513838278
Alison Mandel,2018,5,1.5507744130898957,13.762257718644758,0.11268313999010103
Alison Mandel,2018,11,0.09109090973703533,13.762257718644758,0.006618892888019942
Alison Mandel,2018,14,0.07379279617929314,13.762257718644758,0.005361968776338241
Alison Mandel,2018,15,1.0,13.762257718644758,0.07266249625926023
Alison Mandel,2018,18,0.2714830786821248,13.762257718644758,0.019726638189192344
Alison Mandel,2018,21,0.08013926448626069,13.762257718644758,0.005823119005952783
Alison Mandel,2018,27,1.1384870807595764,13.762257718644758,0.08272531324690882
Alison Mandel,2018,29,1.0,13.762257718644758,0.07266249625926023
Alison Mandel,2018,30,0.04904370581393068,13.762257718644758,0.0035636380902449973
Alison Mandel,2018,31,1.0,13.762257718644758,0.07266249625926023
Alison Mandel,2018,32,0.07628517203557741,13.762257718644758,0.005543071027672168
Alison Mandel,2018,33,0.11796755103776124,13.762257718644758,0.008571816735995417
Alison Mandel,2018,34,2.0,13.762257718644758,0.14532499251852046
Alison Mandel,2018,36,1.0,13.762257718644758,0.07266249625926023
Alison Mandel,2018,37,2.0,13.762257718644758,0.14532499251852046
Alison Mandel,2024,0,0.14848597449631903,4.574521924625588,0.03245934262485193
Alison Mandel,2024,1,0.8858343766954898,4.574521924625588,0.19364523578450066
Alison Mandel,2024,3,1.3825303607074584,4.574521924625588,0.3022240101779848
Alison Mandel,2024,4,0.040362209794393276,4.574521924625588,0.008823262946257888
Alison Mandel,2024,10,0.07985757305579008,4.574521924625588,0.017457031438826518
Alison Mandel,2024,18,1.0,4.574521924625588,0.2186020783104777
Alison Mandel,2024,21,0.03745142987613796,4.574521924625588,0.008186960406622874
Alison Mandel,2024,27,1.0,4.574521924625588,0.2186020783104777
Arturo Ruiz-Tagle,2002,0,0.34196294996227194,10.803834785011869,0.031651997347893195
Arturo Ruiz-Tagle,2002,1,1.1112048015990934,10.803834785011869,0.10285281325670259
Arturo Ruiz-Tagle,2002,5,0.1845279753741292,10.803834785011869,0.017079859054316932
Arturo Ruiz-Tagle,2002,6,1.0,10.803834785011869,0.09255972716162758
Arturo Ruiz-Tagle,2002,10,1.0,10.803834785011869,0.09255972716162758
Arturo Ruiz-Tagle,2002,13,1.1655921722224358,10.803834785011869,0.1078868934426375
Arturo Ruiz-Tagle,2002,15,1.0,10.803834785011869,0.09255972716162758
Arturo Ruiz-Tagle,2002,17,0.06590325791964939,10.803834785011869,0.00609998757210512
Arturo Ruiz-Tagle,2002,19,1.0244432920336295,10.803834785011869,0.09482219160319232
Arturo Ruiz-Tagle,2002,23,0.7176072655299367,10.803834785011869,0.06642153270665258
Arturo Ruiz-Tagle,2002,24,0.0645079744353831,10.803834785011869,0.005970840513488307
Arturo Ruiz-Tagle,2002,26,2.0,10.803834785011869,0.18511945432325516
Arturo Ruiz-Tagle,2002,27,1.0,10.803834785011869,0.09255972716162758
Arturo Ruiz-Tagle,2002,31,0.12808509593533915,10.803834785011869,0.011855521533245886
Arturo Ruiz-Tagle,2015,0,5.709533008479501,15.170900121343065,0.37634767632851845
Arturo Ruiz-Tagle,2015,1,1.1098765942812556,15.170900121343065,0.07315825596398425
Arturo Ruiz-Tagle,2015,2,0.11603781335890627,15.170900121343065,0.007648709861035823
Arturo Ruiz-Tagle,2015,3,1.3663867534510874,15.170900121343065,0.09006629418967677
Arturo Ruiz-Tagle,2015,4,0.08605401834269727,15.170900121343065,0.005672308014317016
Arturo Ruiz-Tagle,2015,7,0.06023056365921306,15.170900121343065,0.003970137775442748
Arturo Ruiz-Tagle,2015,8,1.3548348539714015,15.170900121343065,0.08930484303072844
Arturo Ruiz-Tagle,2015,9,0.4633956611903172,15.170900121343065,0.030545034077338138
Arturo Ruiz-Tagle,2015,10,0.10189954386206487,15.170900121343065,0.006716776397381213
Arturo Ruiz-Tagle,2015,11,0.32796814829931953,15.170900121343065,0.02161823923933953
Arturo Ruiz-Tagle,2015,12,0.07032057187384941,15.170900121343065,0.004635227396620946
Arturo Ruiz-Tagle,2015,14,0.12898497515628154,15.170900121343065,0.00850213066624966
Arturo Ruiz-Tagle,2015,15,0.11472960201927584,15.170900121343065,0.007562478238049263
Arturo Ruiz-Tagle,2015,16,1.2664819965729626,15.170900121343065,0.08348100550680061
Arturo Ruiz-Tagle,2015,17,0.05930098207844938,15.170900121343065,0.00390886378554574
Arturo Ruiz-Tagle,2015,18,1.0,15.170900121343065,0.06591566696778642
Arturo Ruiz-Tagle,2015,21,0.15331500184600114,15.170900121343065,0.01010586060284657
Arturo Ruiz-Tagle,2015,24,0.14055169864740452,15.170900121343065,0.009264558959798993
Arturo Ruiz-Tagle,2015,25,0.1048937034356836,15.170900121343065,0.006914138422684274
Arturo Ruiz-Tagle,2015,26,0.05288847006426753,15.170900121343065,0.003486178779192
Arturo Ruiz-Tagle,2015,27,0.05083263450576275,15.170900121343065,0.0033506670071770657
Arturo Ruiz-Tagle,2015,28,0.06078590239394855,15.170900121343065,0.004006743298535884
Arturo Ruiz-Tagle,2015,30,0.019428541510691018,15.170900121343065,0.0012806452718885232
Arturo Ruiz-Tagle,2015,31,0.1809746859534273,15.170900121343065,0.01192906712890585
Arturo Ruiz-Tagle,2015,34,0.07119439638929627,15.170900121343065,0.004692826122369429
Arturo Ruiz-Tagle,2015,35,1.0,15.170900121343065,0.06591566696778642
Bastián Paz,2013,0,1.1203538224939182,7.5799158154456725,0.14780557591562715
Bastián Paz,2013,1,2.3681922546616527,7.5799158154456725,0.3124298887114238
Bastián Paz,2013,2,0.047700518877116724,7.5799158154456725,0.006293014334000502
Bastián Paz,2013,3,0.0675605103069795,7.5799158154456725,0.008913095072812122
Bastián Paz,2013,6,0.1052708944926646,7.5799158154456725,0.013888135047377835
Bastián Paz,2013,8,0.12548789756792667,7.5799158154456725,0.016555315470947407
Bastián Paz,2013,13,0.10791664755414247,7.5799158154456725,0.014237182863461307
Bastián Paz,2013,16,0.040193946277917905,7.5799158154456725,0.005302690327511855
Bastián Paz,2013,18,1.0363632908474416,7.5799158154456725,0.1367249077800618
Bastián Paz,2013,20,0.08881317953235926,7.5799158154456725,0.011716908432067772
Bastián Paz,2013,26,0.27080010888196193,7.5799158154456725,0.03572600480999403
Bastián Paz,2013,29,1.0,7.5799158154456725,0.13192758657850653
Bastián Paz,2013,30,0.06754937759316232,7.5799158154456725,0.008911626360746152
Bastián Paz,2013,34,1.0,7.5799158154456725,0.13192758657850653
Bastián Paz,2013,37,0.13371336635842926,7.5799158154456725,0.01764048171695524
Belén Mora,2023,1,8.786506995490416,19.83049642152359,0.44308053659986707
Belén Mora,2023,2,0.0146725787366288,19.83049642152359,0.0007398997193385185
Belén Mora,2023,3,0.057149672911329795,19.83049642152359,0.002881908334342088
Belén Mora,2023,8,1.0,19.83049642152359,0.05042738107728971
Belén Mora,2023,10,1.0493851134804353,19.83049642152359,0.05291774301431281
Belén Mora,2023,13,0.054956079366628253,19.83049642152359,0.002771291156734741
Belén Mora,2023,14,0.03689445781775561,19.83049642152359,0.0018604908840159527
Belén Mora,2023,15,1.0562071852181956,19.83049642152359,0.05326176222556946
Belén Mora,2023,17,0.14197223347001794,19.83049642152359,0.007159287919586539
Belén Mora,2023,20,0.11396944074346357,19.83049642152359,0.005747180419536225
Belén Mora,2023,23,0.005621715496189519,19.83049642152359,0.0002834883896344537
Belén Mora,2023,24,5.230769752572063,19.83049642152359,0.2637740196405118
Belén Mora,2023,27,1.0722438393705183,19.83049642152359,0.054070448695713334
Belén Mora,2023,29,1.0,19.83049642152359,0.05042738107728971
Belén Mora,2023,30,0.21014735684995106,19.83049642152359,0.01059718084625767
Bombo Fica,2012,0,4.263616215238864,20.54746814510494,0.20750080667503518
Bombo Fica,2012,2,0.25568605290689206,20.54746814510494,0.01244367681221127
Bombo Fica,2012,3,0.07891668301687868,20.54746814510494,0.0038407010761410594
Bombo Fica,2012,4,1.0706000987372624,20.54746814510494,0.05210374782804145
Bombo Fica,2012,5,0.547474764986364,20.54746814510494,0.0266443904971713
Bombo Fica,2012,8,0.18095998098352706,20.54746814510494,0.008806923544331543
Bombo Fica,2012,10,1.244168398484134,20.54746814510494,0.06055093453353447
Bombo Fica,2012,11,1.9287120259637163,20.54746814510494,0.09386616454851138
Bombo Fica,2012,15,1.0,20.54746814510494,0.048667796583893565
Bombo Fica,2012,16,1.6068950890774363,20.54746814510494,0.07820404332687819
Bombo Fica,2012,17,0.11855284694248133,20.54746814510494,0.005769705839438149
Bombo Fica,2012,18,1.1428083821427648,20.54746814510494,0.05561796587649258
Bombo Fica,2012,24,0.04344193758107747,20.54746814510494,0.0021142233814060796
Bombo Fica,2012,31,1.0,20.54746814510494,0.048667796583893565
Bombo Fica,2012,33,1.0,20.54746814510494,0.048667796583893565
Bombo Fica,2012,34,4.065635669043542,20.54746814510494,0.1978655297252331
Bombo Fica,2012,36,1.0,20.54746814510494,0.048667796583893565
Bombo Fica,2018,0,2.439011194513069,12.180746295266406,0.20023495567434157
Bombo Fica,2018,1,1.2288195645713809,12.180746295266406,0.10088212452540087
Bombo Fica,2018,3,0.30920759933450126,12.180746295266406,0.02538494701713501
Bombo Fica,2018,4,0.07998638209681704,12.180746295266406,0.0065666240932955615
Bombo Fica,2018,6,0.08166789155843221,12.180746295266406,0.006704670598891745
Bombo Fica,2018,9,0.2572711287014134,12.180746295266406,0.021121130221831503
Bombo Fica,2018,10,0.027884931278127037,12.180746295266406,0.0022892629566518006
Bombo Fica,2018,11,0.27965946571050304,12.180746295266406,0.022959140510067293
Bombo Fica,2018,14,0.08653358685067347,12.180746295266406,0.007104128495337066
Bombo Fica,2018,16,0.05308281192255985,12.180746295266406,0.004357927719353986
Bombo Fica,2018,18,1.0,12.180746295266406,0.08209677599053293
Bombo Fica,2018,21,1.0,12.180746295266406,0.08209677599053293
Bombo Fica,2018,22,1.0,12.180746295266406,0.08209677599053293
Bombo Fica,2018,24,1.0,12.180746295266406,0.08209677599053293
Bombo Fica,2018,28,0.2780966016282817,12.180746295266406,0.022830834407605517
Bombo Fica,2018,32,2.0,12.180746295266406,0.16419355198106586
Bombo Fica,2018,33,0.05952513710064648,12.180746295266406,0.004886821846357535
Bombo Fica,2018,34,1.0,12.180746295266406,0.08209677599053293
"Carlos ""El Mono"" Sánchez",2017,0,2.4243598928291727,16.346237664920988,0.1483130211688924
"Carlos ""El Mono"" Sánchez",2017,1,0.07655916832625505,16.346237664920988,0.004683595693127047
"Carlos ""El Mono"" Sánchez",2017,2,2.1968284550569743,16.346237664920988,0.13439352223364318
"Carlos ""El Mono"" Sánchez",2017,3,1.761003081979702,16.346237664920988,0.10773140083230363
"Carlos ""El Mono"" Sánchez",2017,5,2.0214176628326266,16.346237664920988,0.1236625640877954
"Carlos ""El Mono"" Sánchez",2017,10,0.12085834191023473,16.346237664920988,0.007393648886532258
"Carlos ""El Mono"" Sánchez",2017,12,1.0756136871389788,16.346237664920988,0.0658019116807071
"Carlos ""El Mono"" Sánchez",2017,14,0.06935982606725773,16.346237664920988,0.004243167601563989
"Carlos ""El Mono"" Sánchez",2017,17,0.005351858096055659,16.346237664920988,0.00032740611055354606
"Carlos ""El Mono"" Sánchez",2017,18,2.142617745850689,16.346237664920988,0.13107711938195693
"Carlos ""El Mono"" Sánchez",2017,21,0.07059622725530502,16.346237664920988,0.004318805874626702
"Carlos ""El Mono"" Sánchez",2017,22,0.0696760325380248,16.346237664920988,0.004262511898230227
"Carlos ""El Mono"" Sánchez",2017,25,0.06275548247801331,16.346237664920988,0.0038391392419728806
"Carlos ""El Mono"" Sánchez",2017,26,2.0,16.346237664920988,0.12235231378606456
"Carlos ""El Mono"" Sánchez",2017,27,0.15930367749484897,16.346237664920988,0.009745586768061896
"Carlos ""El Mono"" Sánchez",2017,29,1.0,16.346237664920988,0.06117615689303228
"Carlos ""El Mono"" Sánchez",2017,36,1.0,16.346237664920988,0.06117615689303228
"Carlos ""El Mono"" Sánchez",2017,37,0.08993652506684832,16.346237664920988,0.005501970967903644
Carlos García,2006,1,0.037391869407857804,8.444377971013353,0.0044280193918618095
Carlos García,2006,2,1.0376213527748024,8.444377971013353,0.12287718009977762
Carlos García,2006,5,0.4382848212454115,8.444377971013353,0.051902558453670915
Carlos García,2006,8,0.3199094240235037,8.444377971013353,0.03788430895936241
Carlos García,2006,10,0.055278777817463466,8.444377971013353,0.006546222588237584
Carlos García,2006,11,1.0,8.444377971013353,0.11842198483211627
Carlos García,2006,12,0.09302880826868525,8.444377971013353,0.011016656121744097
Carlos García,2006,13,1.0,8.444377971013353,0.11842198483211627
Carlos García,2006,15,0.05332051578398751,8.444377971013353,0.006314321311411985
Carlos García,2006,18,1.0,8.444377971013353,0.11842198483211627
Carlos García,2006,20,0.0984354078677844,8.444377971013353,0.011656916377461943
Carlos García,2006,21,1.0870182030623605,8.444377971013353,0.12872685315528515
Carlos García,2006,25,0.122472299946066,8.444377971013353,0.014503412846567422
Carlos García,2006,30,1.0,8.444377971013353,0.11842198483211627
Carlos García,2006,35,1.101616490815431,8.444377971013353,0.1304556113661541
Carlos Helo,1979,0,1.0,5.650696785852001,0.17696932571285046
Carlos Helo,1979,1,1.0621378861335657,5.650696785852001,0.18796582552312946
Carlos Helo,1979,7,1.0,5.650696785852001,0.17696932571285046
Carlos Helo,1979,10,0.07370693230294435,5.650696785852001,0.013043866110014778
Carlos Helo,1979,13,0.03690259419893623,5.650696785852001,0.006530627212440692
Carlos Helo,1979,15,0.22818147956885534,5.650696785852001,0.040381122579460894
Carlos Helo,1979,16,1.1205537431200683,5.650696785852001,0.19830364034496914
Carlos Helo,1979,26,1.0,5.650696785852001,0.17696932571285046
Carlos Helo,1979,36,0.12921415052763086,5.650696785852001,0.02286694109143359
Centella,2015,0,1.0056575293176513,9.159698608657916,0.10979155235163363
Centella,2015,1,0.1891379206487169,9.159698608657916,0.020648924023541588
Centella,2015,2,0.03999370247489351,9.159698608657916,0.00436626838759637
Centella,2015,3,1.4390525174104445,9.159698608657916,0.1571069724990979
Centella,2015,10,1.2529751651715488,9.159698608657916,0.13679218265841342
Centella,2015,11,0.08171352748147519,9.159698608657916,0.00892098430009892
Centella,2015,12,0.04396356706622914,9.159698608657916,0.004799673978865851
Centella,2015,14,0.0033616757587824767,9.159698608657916,0.0003670072458066425
Centella,2015,17,3.0,9.159698608657916,0.32752169347191673
Centella,2015,18,1.0,9.159698608657916,0.10917389782397224
Centella,2015,21,1.0,9.159698608657916,0.10917389782397224
Centella,2015,22,0.06317977060010949,9.159698608657916,0.006897581820038358
Centella,2015,30,0.04066323272806392,9.159698608657916,0.004439363615046055
Coco Legrand,1980,0,0.05007173105261957,0.09627924474568145,0.5200677589950197
Coco Legrand,1980,14,0.04620751369306187,0.09627924474568145,0.4799322410049803
Coco Legrand,2000,0,0.5116651378460474,13.97665668642117,0.03660855019377764
Coco Legrand,2000,1,0.1641009596826911,13.97665668642117,0.01174107394668434
Coco Legrand,2000,2,0.05318889641804303,13.97665668642117,0.0038055521868629693
Coco Legrand,2000,3,0.11447951487255985,13.97665668642117,0.00819076531970488
Coco Legrand,2000,4,0.48790645828808415,13.97665668642117,0.034908667303969985
Coco Legrand,2000,5,0.3452148740809915,13.97665668642117,0.0246993885466458
Coco Legrand,2000,9,2.0,13.97665668642117,0.14309573776274212
Coco Legrand,2000,12,1.0,13.97665668642117,0.07154786888137106
Coco Legrand,2000,14,1.0,13.97665668642117,0.07154786888137106
Coco Legrand,2000,16,2.158711998122378,13.97665668642117,0.1544512429943024
Coco Legrand,2000,18,2.050738619018487,13.97665668642117,0.14672597782349867
Coco Legrand,2000,21,0.325961273768942,13.97665668642117,0.02332183447602496
Coco Legrand,2000,22,2.0923203918736943,13.97665668642117,0.149701065055598
Coco Legrand,2000,23,1.0355372497506052,13.97665668642117,0.0740904833669319
Coco Legrand,2000,27,0.11844907918491591,13.97665668642117,0.0084747791866415
Coco Legrand,2000,28,0.5183822335137304,13.97665668642117,0.037089144073872655
Coco Legrand,2006,0,2.468796379516488,12.08110373420754,0.2043518898464643
Coco Legrand,2006,2,0.14321535727125262,12.08110373420754,0.011854492803148407
Coco Legrand,2006,3,1.8644758467496432,12.08110373420754,0.1543299261201107
Coco Legrand,2006,4,2.9251891159590238,12.08110373420754,0.24212929383897072
Coco Legrand,2006,9,1.191693459547011,12.08110373420754,0.09864110811106946
Coco Legrand,2006,12,0.044898880412125655,12.08110373420754,0.003716455168329932
Coco Legrand,2006,21,0.14717256719342914,12.08110373420754,0.012182046477815706
Coco Legrand,2006,26,2.0,12.08110373420754,0.16554778801683637
Coco Legrand,2006,27,0.19856227216941008,12.08110373420754,0.016435772470621432
Coco Legrand,2006,29,0.046182068945760386,12.08110373420754,0.003822669680005831
Coco Legrand,2006,30,0.050917786443396014,12.08110373420754,0.004214663458208934
Coco Legrand,2006,35,1.0,12.08110373420754,0.08277389400841818
Coco Legrand,2010,0,0.48719734019387034,10.676990682421476,0.045630585872477036
Coco Legrand,2010,1,0.5403771790217813,10.676990682421476,0.05061137497398537
Coco Legrand,2010,2,0.6301318261503219,10.676990682421476,0.05901773682239572
Coco Legrand,2010,3,0.004076939760323162,10.676990682421476,0.00038184352516439
Coco Legrand,2010,4,4.241649724847349,10.676990682421476,0.3972701532680713
Coco Legrand,2010,5,0.019274914158858177,10.676990682421476,0.0018052759182971157
Coco Legrand,2010,8,0.2513568288699529,10.676990682421476,0.0235419170388324
Coco Legrand,2010,14,1.0,10.676990682421476,0.09365934931894182
Coco Legrand,2010,15,0.19988385801884712,10.676990682421476,0.018720992081404972
Coco Legrand,2010,18,0.062362175288185155,10.676990682421476,0.005840800759605215
Coco Legrand,2010,21,0.1973719392392606,10.676990682421476,0.01848572740296687
Coco Legrand,2010,28,0.04330795687272675,10.676990682421476,0.004056195061032382
Coco Legrand,2010,29,1.0,10.676990682421476,0.09365934931894182
Coco Legrand,2010,30,1.0,10.676990682421476,0.09365934931894182
Coco Legrand,2010,34,1.0,10.676990682421476,0.09365934931894182
"Daniel Muñoz ""El Carmelo""",2001,1,0.08195193580304873,10.895306264673815,0.0075217652273588675
"Daniel Muñoz ""El Carmelo""",2001,6,1.7013759010300826,10.895306264673815,0.15615677611069143
"Daniel Muñoz ""El Carmelo""",2001,9,0.08787338822551559,10.895306264673815,0.008065251778229508
"Daniel Muñoz ""El Carmelo""",2001,10,0.10101125704742588,10.895306264673815,0.009271080095741574
"Daniel Muñoz ""El Carmelo""",2001,13,2.099998567423808,10.895306264673815,0.1927434177993415
"Daniel Muñoz ""El Carmelo""",2001,14,0.081955629760985,10.895306264673815,0.007522104268579604
"Daniel Muñoz ""El Carmelo""",2001,15,0.09258950333792842,10.895306264673815,0.008498109285659477
"Daniel Muñoz ""El Carmelo""",2001,16,0.07153638335380362,10.895306264673815,0.00656579830029636
"Daniel Muñoz ""El Carmelo""",2001,18,0.08651871329985428,10.895306264673815,0.007940916133801263
"Daniel Muñoz ""El Carmelo""",2001,19,3.325327983260516,10.895306264673815,0.3052073895382206
"Daniel Muñoz ""El Carmelo""",2001,20,0.09700042171377349,10.895306264673815,0.008902955030119798
"Daniel Muñoz ""El Carmelo""",2001,23,0.06816658041707326,10.895306264673815,0.006256508882002872
"Daniel Muñoz ""El Carmelo""",2001,25,1.0,10.895306264673815,0.09178264251665239
"Daniel Muñoz ""El Carmelo""",2001,29,2.0,10.895306264673815,0.18356528503330477
"Daniel Muñoz ""El Malo""",2000,11,0.10664516101443842,2.2049636615995514,0.04836594945835734
"Daniel Muñoz ""El Malo""",2000,13,0.07964901102286576,2.2049636615995514,0.036122595764270245
"Daniel Muñoz ""El Malo""",2000,26,0.018669489562247343,2.2049636615995514,0.008467028226988511
"Daniel Muñoz ""El Malo""",2000,28,1.0,2.2049636615995514,0.453522213275192
"Daniel Muñoz ""El Malo""",2000,34,1.0,2.2049636615995514,0.453522213275192
"Daniela ""Chiqui"" Aguayo",2017,0,0.06366897183680452,25.950828133305254,0.0024534466302866017
"Daniela ""Chiqui"" Aguayo",2017,1,1.222397551265931,25.950828133305254,0.047104375435984946
"Daniela ""Chiqui"" Aguayo",2017,3,4.1332522109007,25.950828133305254,0.1592724590394127
"Daniela ""Chiqui"" Aguayo",2017,4,0.11901616986996211,25.950828133305254,0.004586218569156833
"Daniela ""Chiqui"" Aguayo",2017,5,7.169196357296575,25.950828133305254,0.27626079292998124
"Daniela ""Chiqui"" Aguayo",2017,8,1.0309337288583036,25.950828133305254,0.03972642890479494
"Daniela ""Chiqui"" Aguayo",2017,9,1.1422007613457799,25.950828133305254,0.04401403899245439
"Daniela ""Chiqui"" Aguayo",2017,14,0.08122590840031103,25.950828133305254,0.0031299929228873363
"Daniela ""Chiqui"" Aguayo",2017,18,1.072429547685104,25.950828133305254,0.04132544603880096
"Daniela ""Chiqui"" Aguayo",2017,22,0.18793273578377728,25.950828133305254,0.00724187817122432
"Daniela ""Chiqui"" Aguayo",2017,24,0.0484395417996564,25.950828133305254,0.0018665894418024049
"Daniela ""Chiqui"" Aguayo",2017,28,1.2289400621843292,25.950828133305254,0.04735648727167629
"Daniela ""Chiqui"" Aguayo",2017,30,2.4326701594250637,25.950828133305254,0.09374152327350889
"Daniela ""Chiqui"" Aguayo",2017,33,1.0,25.950828133305254,0.03853441573668324
"Daniela ""Chiqui"" Aguayo",2017,34,3.0,25.950828133305254,0.1156032472100497
"Daniela ""Chiqui"" Aguayo",2017,36,0.018524426652956852,25.950828133305254,0.0007138279579287348
"Daniela ""Chiqui"" Aguayo",2017,37,2.0,25.950828133305254,0.07706883147336648
"Daniela ""Chiqui"" Aguayo",2025,0,4.189294186798677,10.749729839394494,0.38971157874555945
"Daniela ""Chiqui"" Aguayo",2025,1,4.004652428274905,10.749729839394494,0.3725351695443611
"Daniela ""Chiqui"" Aguayo",2025,3,0.08924855476772653,10.749729839394494,0.008302399790612197
"Daniela ""Chiqui"" Aguayo",2025,4,0.08151189988995036,10.749729839394494,0.007582692877660424
"Daniela ""Chiqui"" Aguayo",2025,5,0.18049653519923575,10.749729839394494,0.01679079734057788
"Daniela ""Chiqui"" Aguayo",2025,11,0.09109618898432485,10.749729839394494,0.008474277060478767
"Daniela ""Chiqui"" Aguayo",2025,17,0.07203928526197943,10.749729839394494,0.006701497278375996
"Daniela ""Chiqui"" Aguayo",2025,18,0.041390760217693806,10.749729839394494,0.003850400041311666
"Daniela ""Chiqui"" Aguayo",2025,33,2.0,10.749729839394494,0.1860511873210625
Diego Urrutia,2023,0,2.9844540984912076,11.290611570997866,0.2643305971270289
Diego Urrutia,2023,1,0.006624550069076344,11.290611570997866,0.0005867308451291328
Diego Urrutia,2023,2,0.0723043676027805,11.290611570997866,0.006403937213508288
Diego Urrutia,2023,3,0.10161649212018657,11.290611570997866,0.009000087504667003
Diego Urrutia,2023,7,0.08408027808497198,11.290611570997866,0.007446919731163948
Diego Urrutia,2023,8,0.12125434152926545,11.290611570997866,0.010739395361074225
Diego Urrutia,2023,12,3.16822273697554,11.290611570997866,0.28060683135302755
Diego Urrutia,2023,14,0.23714678763636557,11.290611570997866,0.021003892140397714
Diego Urrutia,2023,24,0.06148359884525225,11.290611570997866,0.005445550797548012
Diego Urrutia,2023,25,1.0868109218100332,11.290611570997866,0.09625793208595704
Diego Urrutia,2023,27,2.0,11.290611570997866,0.17713832305925653
Diego Urrutia,2023,29,0.10268783316395574,11.290611570997866,0.009094975282625916
Diego Urrutia,2023,31,1.178296676854286,11.290611570997866,0.10436074870213145
Diego Urrutia,2023,32,0.02048277880241766,11.290611570997866,0.0018141425443269756
Diego Urrutia,2023,35,0.06514610901252803,11.290611570997866,0.005769936252157367
Dinamita Show,1996,0,0.8132668184412776,10.098720667613367,0.08053166784278201
Dinamita Show,1996,1,0.05343150271062103,10.098720667613367,0.005290917975578437
Dinamita Show,1996,2,0.0014294685079647746,10.098720667613367,0.00014154946502769258
Dinamita Show,1996,5,1.0,10.098720667613367,0.0990224438237017
Dinamita Show,1996,6,2.9072823655146447,10.098720667613367,0.2878862047188125
Dinamita Show,1996,8,0.45461285993931455,10.098720667613367,0.045016876384873145
Dinamita Show,1996,10,1.0,10.098720667613367,0.0990224438237017
Dinamita Show,1996,11,0.21304874938206098,10.098720667613367,0.021096607817395037
Dinamita Show,1996,15,0.08715226489455856,10.098720667613367,0.008630030254629795
Dinamita Show,1996,16,0.03361336873385931,10.098720667613367,0.0033284779171739547
Dinamita Show,1996,17,0.04807405762494911,10.098720667613367,0.004760410670543921
Dinamita Show,1996,19,0.045962217323666635,10.098720667613367,0.004551291082945549
Dinamita Show,1996,25,1.0441619202574874,10.098720667613367,0.10339546509154554
Dinamita Show,1996,27,0.294865080448639,10.098720667613367,0.029198260864296638
Dinamita Show,1996,30,1.0,10.098720667613367,0.0990224438237017
Dinamita Show,1996,33,0.10181999383432451,10.098720667613367,0.010082464619589053
Dinamita Show,1996,37,1.0,10.098720667613367,0.0990224438237017
Dinamita Show,2009,0,1.8325418011595382,6.314961752725774,0.2901904830015074
Dinamita Show,2009,2,0.21745690802149364,6.314961752725774,0.03443519003541567
Dinamita Show,2009,3,1.4596955474483444,6.314961752725774,0.23114875506859325
Dinamita Show,2009,4,0.03670997768444191,6.314961752725774,0.005813174983775081
Dinamita Show,2009,5,0.16572791133855236,6.314961752725774,0.026243692017139768
Dinamita Show,2009,6,0.11837811266252682,6.314961752725774,0.018745657899104515
Dinamita Show,2009,7,0.3618165986139977,6.314961752725774,0.05729513697495065
Dinamita Show,2009,8,0.14943899967386076,6.314961752725774,0.023664276289457695
Dinamita Show,2009,9,0.0472663256740685,6.314961752725774,0.00748481582705811
Dinamita Show,2009,10,0.3364085352521099,6.314961752725774,0.05327166631007755
Dinamita Show,2009,12,0.081616179231383,6.314961752725774,0.012924255510519029
Dinamita Show,2009,17,0.12814927507556534,6.314961752725774,0.020292961397628623
Dinamita Show,2009,18,0.04670349001083092,6.314961752725774,0.007395688499723999
Dinamita Show,2009,19,1.1168065754754228,6.314961752725774,0.17685088512109629
Dinamita Show,2009,20,0.1388203489540008,6.314961752725774,0.02198276955423851
Dinamita Show,2009,30,0.03871357663014356,6.314961752725774,0.006130453064649731
Dinamita Show,2009,36,0.038711589819493956,6.314961752725774,0.00613013844506415
Dinamita Show,2012,1,0.07027289877642658,19.739787787695594,0.0035599622210847576
Dinamita Show,2012,2,0.13675503702942096,19.739787787695594,0.00692788790336766
Dinamita Show,2012,5,0.07672525775693721,19.739787787695594,0.003886832957989669
Dinamita Show,2012,6,1.047042817427996,19.739787787695594,0.05304225297095896
Dinamita Show,2012,7,0.3649169738887833,19.739787787695594,0.018486367625301783
Dinamita Show,2012,8,0.1987536506189715,19.739787787695594,0.010068682234915445
Dinamita Show,2012,9,1.0,19.739787787695594,0.05065910590099303
Dinamita Show,2012,10,1.0,19.739787787695594,0.05065910590099303
Dinamita Show,2012,11,0.052047053580081534,19.739787787695594,0.002636657199148009
Dinamita Show,2012,12,0.05025775876100155,19.739787787695594,0.002546013123420138
Dinamita Show,2012,13,1.0686230853415186,19.739787787695594,0.054135490048561906
Dinamita Show,2012,15,0.09146122662347321,19.739787787695594,0.004633343965353253
Dinamita Show,2012,16,0.0862615651017579,19.739787787695594,0.0043699337616753585
Dinamita Show,2012,17,1.1420582828653822,19.739787787695594,0.05785565149678365
Dinamita Show,2012,19,1.0,19.739787787695594,0.05065910590099303
Dinamita Show,2012,20,1.1315338335137164,19.739787787695594,0.05732249230252798
Dinamita Show,2012,22,6.0,19.739787787695594,0.3039546354059582
Dinamita Show,2012,23,1.0,19.739787787695594,0.05065910590099303
Dinamita Show,2012,24,0.05567164706097276,19.739787787695594,0.0028202758641445265
Dinamita Show,2012,26,1.0432161710470151,19.739787787695594,0.0528483984866992
Dinamita Show,2012,30,2.0,19.739787787695594,0.10131821180198607
Dinamita Show,2012,36,1.0,19.739787787695594,0.05065910590099303
Dinamita Show,2012,37,0.12419052830213836,19.739787787695594,0.006291381125158299
Dinamita Show,2015,0,0.046836975961988034,12.07101582259677,0.0038801188442077823
Dinamita Show,2015,2,0.0480707602404444,12.07101582259677,0.003982329320657224
Dinamita Show,2015,3,0.22801337831262503,12.07101582259677,0.018889328094971694
Dinamita Show,2015,4,0.032559908021775524,12.07101582259677,0.0026973627158058924
Dinamita Show,2015,5,0.05732932859298409,12.07101582259677,0.0047493375400655515
Dinamita Show,2015,6,0.017456139116959136,12.07101582259677,0.001446120142124368
Dinamita Show,2015,7,1.5325370524775366,12.07101582259677,0.12696007320350364
Dinamita Show,2015,10,0.15456577052143353,12.07101582259677,0.01280470283470995
Dinamita Show,2015,11,1.0,12.07101582259677,0.08284306927408829
Dinamita Show,2015,13,0.1818854259615369,12.07101582259677,0.015067946942878656
Dinamita Show,2015,18,3.068662596253593,12.07101582259677,0.25421742804024
Dinamita Show,2015,20,0.04905068390321962,12.07101582259677,0.00406350920453583
Dinamita Show,2015,26,1.0,12.07101582259677,0.08284306927408829
Dinamita Show,2015,29,1.3052803309132948,12.07101582259677,0.10813342887595495
Dinamita Show,2015,30,1.0,12.07101582259677,0.08284306927408829
Dinamita Show,2015,31,2.2692510499913783,12.07101582259677,0.18799172193473332
Dinamita Show,2015,34,0.0307411568604867,12.07101582259677,0.002546691787358914
Dinamita Show,2015,36,0.0487752654675144,12.07101582259677,0.004040692695987342
Dino Gordillo,1996,0,0.5380432361205371,4.313530165763092,0.12473385265531199
Dino Gordillo,1996,5,0.20270433005731794,4.313530165763092,0.04699267705746024
Dino Gordillo,1996,7,0.39231012237866103,4.313530165763092,0.09094873741523
Dino Gordillo,1996,9,0.03987888365301237,4.313530165763092,0.009245068915834863
Dino Gordillo,1996,10,2.140593593553563,4.313530165763092,0.4962509849922141
Dino Gordillo,1996,23,1.0,4.313530165763092,0.23182867896394863
Dino Gordillo,1997,0,3.3720282047777954,16.5426704591093,0.20383820212781742
Dino Gordillo,1997,1,2.32546423608962,16.5426704591093,0.14057369043515536
Dino Gordillo,1997,2,0.7236683716165013,16.5426704591093,0.04374555930406085
Dino Gordillo,1997,3,0.05943791881005044,16.5426704591093,0.00359300627773315
Dino Gordillo,1997,8,0.07494302541458357,16.5426704591093,0.004530285820528804
Dino Gordillo,1997,9,1.3161716085257529,16.5426704591093,0.07956222133416173
Dino Gordillo,1997,10,1.053118373764146,16.5426704591093,0.06366072372458109
Dino Gordillo,1997,14,1.0,16.5426704591093,0.06044973225283257
Dino Gordillo,1997,15,0.0374873889277118,16.5426704591093,0.0022661026235379785
Dino Gordillo,1997,16,0.050011358532294686,16.5426704591093,0.0030231732328776274
Dino Gordillo,1997,18,1.0,16.5426704591093,0.06044973225283257
Dino Gordillo,1997,21,0.33392708587459674,16.5426704591093,0.020185802933088002
Dino Gordillo,1997,23,1.0,16.5426704591093,0.06044973225283257
Dino Gordillo,1997,24,1.0,16.5426704591093,0.06044973225283257
Dino Gordillo,1997,30,0.12395840799257873,16.5426704591093,0.0074932525736387656
Dino Gordillo,1997,32,1.0,16.5426704591093,0.06044973225283257
Dino Gordillo,1997,33,1.0,16.5426704591093,0.06044973225283257
Dino Gordillo,1997,34,0.0724544787836662,16.5426704591093,0.00437985384299116
Dino Gordillo,1997,36,1.0,16.5426704591093,0.06044973225283257
Dino Gordillo,1998,1,2.318658873956258,8.625095505184355,0.2688270376325182
Dino Gordillo,1998,2,0.462617922198444,8.625095505184355,0.053636266626888314
Dino Gordillo,1998,4,0.05525407943041481,8.625095505184355,0.006406199142630108
Dino Gordillo,1998,5,0.08715602639123471,8.625095505184355,0.010104934645517507
Dino Gordillo,1998,7,0.2682419861988984,8.625095505184355,0.031100175764739536
Dino Gordillo,1998,10,0.06387676318711215,8.625095505184355,0.0074059195227133695
Dino Gordillo,1998,13,0.12043107288561965,8.625095505184355,0.013962868331513684
Dino Gordillo,1998,15,2.0,8.625095505184355,0.2318814903322339
Dino Gordillo,1998,17,1.1644756288614317,8.625095505184355,0.13501017213797703
Dino Gordillo,1998,19,0.08438315207494042,8.625095505184355,0.009783445531034359
Dino Gordillo,1998,34,2.0,8.625095505184355,0.2318814903322339
Dino Gordillo,2000,0,3.213314021700569,9.927620428347751,0.3236741417434872
Dino Gordillo,2000,1,0.48072338063293446,9.927620428347751,0.048422820362899494
Dino Gordillo,2000,2,0.14555552017364073,9.927620428347751,0.014661672575435629
Dino Gordillo,2000,4,1.0,9.927620428347751,0.10072907271359381
Dino Gordillo,2000,5,0.07283718106182305,9.927620428347751,0.007336821707429572
Dino Gordillo,2000,6,0.08326688574883022,9.927620428347751,0.008387396189228428
Dino Gordillo,2000,9,1.5767581591476754,9.927620428347751,0.15882538726453851
Dino Gordillo,2000,10,1.077348600977431,9.927620428347751,0.1085203255657442
Dino Gordillo,2000,13,0.06189476525455086,9.927620428347751,0.006234602309916473
Dino Gordillo,2000,15,0.0756949285824907,9.927620428347751,0.007624679965235997
Dino Gordillo,2000,18,1.1402269850678064,9.927620428347751,0.11485400688889692
Dino Gordillo,2000,33,1.0,9.927620428347751,0.10072907271359381
Dino Gordillo,2011,0,1.7649012988050936,9.960904170479857,0.17718284089466058
Dino Gordillo,2011,1,3.322495818547986,9.960904170479857,0.33355363746943145
Dino Gordillo,2011,2,0.26221436331000897,9.960904170479857,0.02632435357496036
Dino Gordillo,2011,3,0.06774130298627243,9.960904170479857,0.0068007182708403726
Dino Gordillo,2011,4,0.018358579459439597,9.960904170479857,0.001843063555801199
Dino Gordillo,2011,5,0.3129934295478065,9.960904170479857,0.031422190615526056
Dino Gordillo,2011,6,1.0,9.960904170479857,0.10039249277827617
Dino Gordillo,2011,8,0.20472891587446682,9.960904170479857,0.020553246208431717
Dino Gordillo,2011,11,0.185937509710299,9.960904170479857,0.018666730100801845
Dino Gordillo,2011,16,1.0548953390285907,9.960904170479857,0.10590357270526497
Dino Gordillo,2011,17,1.0,9.960904170479857,0.10039249277827617
Dino Gordillo,2011,18,0.12156246609606258,9.960904170479857,0.012203958999658404
Dino Gordillo,2011,21,0.5199471163022513,9.960904170479857,0.05219878711845928
Dino Gordillo,2011,27,0.012612728667204424,9.960904170479857,0.0012662232716366768
Dino Gordillo,2011,29,0.06570322978256801,9.960904170479857,0.006596111021455879
Dino Gordillo,2011,35,0.046812072361806685,9.960904170479857,0.004699580636518819
Edmundo Arrocet,1978,0,0.26319299303229543,2.8946393323287127,0.09092427857689576
Edmundo Arrocet,1978,2,0.048673662333786526,2.8946393323287127,0.01681510431720313
Edmundo Arrocet,1978,8,0.0462065323314595,2.8946393323287127,0.015962794333443518
Edmundo Arrocet,1978,10,0.047431597405742744,2.8946393323287127,0.01638601288803204
Edmundo Arrocet,1978,11,1.0,2.8946393323287127,0.3454661825504556
Edmundo Arrocet,1978,22,0.10296942988815495,2.8946393323287127,0.03557245586285768
Edmundo Arrocet,1978,25,0.10251573334299814,2.8946393323287127,0.03541571904936602
Edmundo Arrocet,1978,33,0.1581148631676167,2.8946393323287127,0.054623338183004175
Edmundo Arrocet,1978,36,1.1255345208266585,2.8946393323287127,0.388834114238742
Edo Caroe,2016,0,9.436533989205447,29.837619851758273,0.31626296052060504
Edo Caroe,2016,1,0.3903858424779172,29.837619851758273,0.013083679074184347
Edo Caroe,2016,2,0.7253332630282244,29.837619851758273,0.024309353984395706
Edo Caroe,2016,3,0.2794292247737318,29.837619851758273,0.009364997146622792
Edo Caroe,2016,4,1.7212318643997757,29.837619851758273,0.05768663428756523
Edo Caroe,2016,5,0.1922755212636555,29.837619851758273,0.0064440636424398
Edo Caroe,2016,6,0.1303554301176084,29.837619851758273,0.0043688280353879096
Edo Caroe,2016,8,0.5094332531571906,29.837619851758273,0.017073521805298107
Edo Caroe,2016,9,5.505171238941069,29.837619851758273,0.18450436952720478
Edo Caroe,2016,10,0.11263859738642443,29.837619851758273,0.0037750530352636978
Edo Caroe,2016,11,1.2894633998420941,29.837619851758273,0.043216027493094715
Edo Caroe,2016,12,0.057370757258215055,29.837619851758273,0.001922765875537298
Edo Caroe,2016,14,0.03356832830697832,29.837619851758273,0.0011250337149462746
Edo Caroe,2016,15,0.0378778480533269,29.837619851758273,0.0012694661384357985
Edo Caroe,2016,16,1.3859035664176715,29.837619851758273,0.04644819437016867
Edo Caroe,2016,18,0.15559763701361862,29.837619851758273,0.0052148139760031685
Edo Caroe,2016,20,0.09275676855500264,29.837619851758273,0.0031087187589306548
Edo Caroe,2016,21,0.23212907570498542,29.837619851758273,0.007779745062048121
Edo Caroe,2016,22,3.0,29.837619851758273,0.10054421280600959
Edo Caroe,2016,23,1.0,29.837619851758273,0.03351473760200319
Edo Caroe,2016,24,0.07001441249668224,29.837619851758273,0.0023465146631847186
Edo Caroe,2016,25,0.019259590959952683,29.837619851758273,0.000645480137344727
Edo Caroe,2016,28,1.2752717676924554,29.837619851758273,0.04274039866545542
Edo Caroe,2016,29,0.09341686643129563,29.837619851758273,0.0031308417660462534
Edo Caroe,2016,33,1.045576360382763,29.837619851758273,0.035042217361085835
Edo Caroe,2016,35,1.046625247892187,29.837619851758273,0.035077370550738195
Edo Caroe,2025,0,2.635750494731698,16.8680741805779,0.15625675263904948
Edo Caroe,2025,1,2.4335353639255763,16.8680741805779,0.14426871365834862
Edo Caroe,2025,2,1.1994263661243516,16.8680741805779,0.07110630136458526
Edo Caroe,2025,3,0.25095206829039973,16.8680741805779,0.014877339618256416
Edo Caroe,2025,4,0.092121336750501,16.8680741805779,0.005461283591968703
Edo Caroe,2025,5,0.18044522322512366,16.8680741805779,0.010697440697343531
Edo Caroe,2025,8,0.11020055844789874,16.8680741805779,0.006533084765229747
Edo Caroe,2025,10,0.21250703726425185,16.8680741805779,0.012598180147259191
Edo Caroe,2025,12,2.1573865565056227,16.8680741805779,0.12789762087895387
Edo Caroe,2025,14,0.01693747465042245,16.8680741805779,0.0010041143090255354
Edo Caroe,2025,18,1.0,16.8680741805779,0.05928359036690815
Edo Caroe,2025,19,0.12778982350173398,16.8680741805779,0.007575839549536289
Edo Caroe,2025,20,1.0,16.8680741805779,0.05928359036690815
Edo Caroe,2025,22,2.0,16.8680741805779,0.1185671807338163
Edo Caroe,2025,26,1.0,16.8680741805779,0.05928359036690815
Edo Caroe,2025,27,1.386141939450664,16.8680741805779,0.08217547092878476
Edo Caroe,2025,30,0.016070256431689453,16.8680741805779,0.0009527024993874485
Edo Caroe,2025,32,1.0,16.8680741805779,0.05928359036690815
Edo Caroe,2025,37,0.04880968127796486,16.8680741805779,0.0028936131508222147
El Huaso Clavel,1988,1,0.05765989849026755,2.3924888574089334,0.024100383294036843
El Huaso Clavel,1988,2,0.6301295957189831,2.3924888574089334,0.26337827813393194
El Huaso Clavel,1988,5,0.17375301217234626,2.3924888574089334,0.07262437675907124
El Huaso Clavel,1988,10,0.04616041756815613,2.3924888574089334,0.01929389030390214
El Huaso Clavel,1988,17,0.10057162494691783,2.3924888574089334,0.04203640265051723
El Huaso Clavel,1988,18,0.05724771364256992,2.3924888574089334,0.023928100423660583
El Huaso Clavel,1988,21,0.32696659486969243,2.3924888574089334,0.13666379003486662
El Huaso Clavel,1988,22,1.0,2.3924888574089334,0.41797477840001335
El Pampero,1995,0,1.49104667047485,5.193202040006656,0.2871150898787175
El Pampero,1995,5,0.04912497941926728,5.193202040006656,0.009459477802100748
El Pampero,1995,8,0.06488610285081657,5.193202040006656,0.012494430671280681
El Pampero,1995,9,0.0734714662593533,5.193202040006656,0.014147623314739963
El Pampero,1995,10,1.047506130134746,5.193202040006656,0.20170717835838395
El Pampero,1995,12,0.09819964469007915,5.193202040006656,0.018909267140693277
El Pampero,1995,13,0.06765936651930149,5.193202040006656,0.013028448729334391
El Pampero,1995,14,0.05038525076093651,5.193202040006656,0.009702154927304144
El Pampero,1995,15,0.04144853633519095,5.193202040006656,0.007981306333912213
El Pampero,1995,20,1.0,5.193202040006656,0.1925594252440674
El Pampero,1995,21,0.15012054645850148,5.193202040006656,0.028907126143374363
El Pampero,1995,22,1.0471140320537013,5.193202040006656,0.2016316761772587
El Pampero,1995,30,0.012239314049912558,5.193202040006656,0.002356795278832801
Ernesto Belloni,2020,0,0.3163000855388247,15.92829155715574,0.019857753382014644
Ernesto Belloni,2020,1,0.08128851353136635,15.92829155715574,0.0051034044197193085
Ernesto Belloni,2020,2,0.012492386179125382,15.92829155715574,0.0007842891457818157
Ernesto Belloni,2020,3,1.0,15.92829155715574,0.06278137215229168
Ernesto Belloni,2020,5,3.077661146649078,15.92829155715574,0.1932197898064245
Ernesto Belloni,2020,7,0.47266791336374225,15.92829155715574,0.029674740173336264
Ernesto Belloni,2020,8,1.4349573132333697,15.92829155715574,0.09008858910475677
Ernesto Belloni,2020,9,0.31797291050545423,15.92829155715574,0.019962775628790258
Ernesto Belloni,2020,11,1.0,15.92829155715574,0.06278137215229168
Ernesto Belloni,2020,12,0.021282323257315314,15.92829155715574,0.001336133456682885
Ernesto Belloni,2020,13,1.5315815927857066,15.92829155715574,0.0961547939582791
Ernesto Belloni,2020,14,1.0803743434617594,15.92829155715574,0.06782738372066051
Ernesto Belloni,2020,17,2.306317159985042,15.92829155715574,0.14479375592223734
Ernesto Belloni,2020,20,1.1508310019468602,15.92829155715574,0.07225074941762054
Ernesto Belloni,2020,24,0.09809722807292551,15.92829155715574,0.006158678582754571
Ernesto Belloni,2020,26,1.0,15.92829155715574,0.06278137215229168
Ernesto Belloni,2020,30,1.0,15.92829155715574,0.06278137215229168
Ernesto Belloni,2020,31,0.02496205386063552,15.92829155715574,0.0015671519931101077
Ernesto Belloni,2020,33,0.0015055847845347745,15.92829155715574,9.452267866470556e-05
"Esteban ""Ronco"" Retes",1984,0,0.36542652538771025,1.7420390646645019,0.209769420674896
"Esteban ""Ronco"" Retes",1984,12,0.1669862518434062,1.7420390646645019,0.09585677797390037
"Esteban ""Ronco"" Retes",1984,16,0.14835821590117526,1.7420390646645019,0.08516354134099023
"Esteban ""Ronco"" Retes",1984,17,0.06126807153221028,1.7420390646645019,0.035170320100720506
"Esteban ""Ronco"" Retes",1984,29,1.0,1.7420390646645019,0.574039939909493
Fabrizio Copano,2017,0,9.632985703063433,23.760357202225325,0.40542259617886706
Fabrizio Copano,2017,2,0.02460980002878533,23.760357202225325,0.0010357504232503898
Fabrizio Copano,2017,3,1.3498712302479732,23.760357202225325,0.056811908119022224
Fabrizio Copano,2017,4,2.0,23.760357202225325,0.08417381872578439
Fabrizio Copano,2017,8,2.0,23.760357202225325,0.08417381872578439
Fabrizio Copano,2017,9,1.1157529598506581,23.760357202225325,0.04695859369261334
Fabrizio Copano,2017,14,0.09059412155996648,23.760357202225325,0.0038128265829051465
Fabrizio Copano,2017,15,0.16018710142916556,23.760357202225325,0.006741780018953709
Fabrizio Copano,2017,16,1.0,23.760357202225325,0.042086909362892194
Fabrizio Copano,2017,20,1.0966091193463585,23.760357202225325,0.04615288861245122
Fabrizio Copano,2017,24,1.0735184933275108,23.760357202225325,0.04518107552806354
Fabrizio Copano,2017,25,1.0,23.760357202225325,0.042086909362892194
Fabrizio Copano,2017,28,2.148972034064969,23.760357202225325,0.09044359122108243
Fabrizio Copano,2017,33,1.0,23.760357202225325,0.042086909362892194
Fabrizio Copano,2017,37,0.06725663930650434,23.760357202225325,0.0028306240825455805
Fabrizio Copano,2023,0,6.242239201711618,25.776361827580274,0.2421691332340209
Fabrizio Copano,2023,1,0.28249261552189453,25.776361827580274,0.010959367245521523
Fabrizio Copano,2023,2,1.0,25.776361827580274,0.03879523443568428
Fabrizio Copano,2023,3,0.08807226250197925,25.776361827580274,0.0034167840710454104
Fabrizio Copano,2023,4,0.07685037276771096,25.776361827580274,0.0029814282279930736
Fabrizio Copano,2023,5,0.16153441134999563,25.776361827580274,0.00626676535775334
Fabrizio Copano,2023,8,1.1059013537190558,25.776361827580274,0.04290370228027138
Fabrizio Copano,2023,9,3.1224854413208667,25.776361827580274,0.12113755471805411
Fabrizio Copano,2023,12,2.8700209029847232,25.776361827580274,0.11134313376660662
Fabrizio Copano,2023,13,3.0,25.776361827580274,0.11638570330705283
Fabrizio Copano,2023,14,1.0,25.776361827580274,0.03879523443568428
Fabrizio Copano,2023,15,0.25866469803136827,25.776361827580274,0.010034957600362413
Fabrizio Copano,2023,17,0.0743406482104107,25.776361827580274,0.002884062875423616
Fabrizio Copano,2023,18,1.0632478210129916,25.776361827580274,0.04124894847942949
Fabrizio Copano,2023,20,0.10469680546400328,25.776361827580274,0.004061737112643238
Fabrizio Copano,2023,27,3.0672415733664984,25.776361827580274,0.11899435590963041
Fabrizio Copano,2023,28,1.1684782797436952,25.776361827580274,0.04533138879566173
Fabrizio Copano,2023,35,1.0,25.776361827580274,0.03879523443568428
Fabrizio Copano,2023,37,0.0900954398734611,25.776361827580274,0.0034952737114770202
Felipe Avello,2019,0,0.10710210988668076,10.343529684512168,0.010354503071330626
Felipe Avello,2019,1,0.3460099955591979,10.343529684512168,0.033451829898771816
Felipe Avello,2019,2,0.16356802740053517,10.343529684512168,0.01581356001186451
Felipe Avello,2019,5,0.020435053732270968,10.343529684512168,0.001975636398363055
Felipe Avello,2019,8,2.4739994456726775,10.343529684512168,0.23918328859993587
Felipe Avello,2019,9,0.06803535296652741,10.343529684512168,0.006577576034648965
Felipe Avello,2019,10,0.21380814873513035,10.343529684512168,0.020670714471412492
Felipe Avello,2019,11,1.0,10.343529684512168,0.09667879635878504
Felipe Avello,2019,12,0.3518980497363723,10.343529684512168,0.034021079889516345
Felipe Avello,2019,14,0.09856514522711385,10.343529684512168,0.009529159603486213
Felipe Avello,2019,15,0.2713475365941044,10.343529684512168,0.02623355323283939
Felipe Avello,2019,16,0.0472347519288385,10.343529684512168,0.004566598962785906
Felipe Avello,2019,17,2.0,10.343529684512168,0.19335759271757008
Felipe Avello,2019,21,1.0563351627023168,10.343529684512168,0.10212521208152135
Felipe Avello,2019,24,0.014352187465307887,10.343529684512168,0.0013875522092616085
Felipe Avello,2019,30,1.0461187893534016,10.343529684512168,0.10113750540299626
Felipe Avello,2019,33,1.0,10.343529684512168,0.09667879635878504
Felipe Avello,2019,35,0.023615261447976908,10.343529684512168,0.0022830950524884265
Felipe Avello,2019,36,0.04110466610371623,10.343529684512168,0.003973949643637035
Felo,2005,0,0.38420104449089765,4.85275435996923,0.07917174783463256
Felo,2005,3,0.3184733269635576,4.85275435996923,0.06562733312666107
Felo,2005,7,0.07144733730255703,4.85275435996923,0.014723048397407458
Felo,2005,19,1.0,4.85275435996923,0.20606853877646933
Felo,2005,20,1.0,4.85275435996923,0.20606853877646933
Felo,2005,25,1.0,4.85275435996923,0.20606853877646933
Felo,2005,33,0.07863265121221832,4.85275435996923,0.0162037155354216
Felo,2005,35,1.0,4.85275435996923,0.20606853877646933
Fusión Humor,2020,0,1.167477186544038,35.682562373308826,0.03271842347895204
Fusión Humor,2020,1,1.0,35.682562373308826,0.028024893210808685
Fusión Humor,2020,4,0.3389753551327395,35.682562373308826,0.009499748128690975
Fusión Humor,2020,5,0.06492765773421491,35.682562373308826,0.0018195906744293095
Fusión Humor,2020,6,0.842310536599216,35.682562373308826,0.02360566283853199
Fusión Humor,2020,7,0.9842746947204308,35.682562373308826,0.027584193209641394
Fusión Humor,2020,9,2.0,35.682562373308826,0.05604978642161737
Fusión Humor,2020,12,0.3858192913083107,35.682562373308826,0.010812544437585296
Fusión Humor,2020,13,4.016483031967372,35.682562373308826,0.11256150805391069
Fusión Humor,2020,14,0.19475486999317768,35.682562373308826,0.005457984433843733
Fusión Humor,2020,15,2.038893769842698,35.682562373308826,0.05713978016802475
Fusión Humor,2020,16,4.3186572205932485,35.682562373308826,0.12102990742121364
Fusión Humor,2020,19,2.0,35.682562373308826,0.05604978642161737
Fusión Humor,2020,20,0.24075373184847176,35.682562373308826,0.0067470976251570915
Fusión Humor,2020,21,0.1351823804152856,35.682562373308826,0.0037884717751212947
Fusión Humor,2020,22,4.068085542761887,35.682562373308826,0.11400766290833657
Fusión Humor,2020,23,4.247115110515583,35.682562373308826,0.11902494742621116
Fusión Humor,2020,25,0.26333150241268455,35.682562373308826,0.0073798372341572945
Fusión Humor,2020,26,2.1151328290127065,35.682562373308826,0.059276371659756764
Fusión Humor,2020,27,1.0,35.682562373308826,0.028024893210808685
Fusión Humor,2020,28,1.0,35.682562373308826,0.028024893210808685
Fusión Humor,2020,30,0.19831371624336447,35.682562373308826,0.005557720719958905
Fusión Humor,2020,32,2.0,35.682562373308826,0.05604978642161737
Fusión Humor,2020,33,0.0036523188522776615,35.682562373308826,0.00010235584580690481
Fusión Humor,2020,36,0.05842162681112236,35.682562373308826,0.0016372598525834217
Fusión Humor,2020,37,1.0,35.682562373308826,0.028024893210808685
George Harris,2025,0,1.8629557594676165,3.396373837272448,0.5485131639583335
George Harris,2025,1,0.2404356326601029,3.396373837272448,0.0707918633754379
George Harris,2025,12,0.01573651522843189,3.396373837272448,0.004633328362071454
George Harris,2025,21,0.19596057471750433,3.396373837272448,0.05769699806511167
George Harris,2025,25,0.05925802926917783,3.396373837272448,0.017447440154811294
George Harris,2025,35,0.022027325929614427,3.396373837272448,0.00648554222385133
George Harris,2025,36,1.0,3.396373837272448,0.29443166386038283
Gigi Martin,2014,0,0.13263699779471824,7.557093850932641,0.017551323354062773
Gigi Martin,2014,3,0.037317225716431,7.557093850932641,0.004938039205616797
Gigi Martin,2014,4,0.11608248048607508,7.557093850932641,0.015360730298691347
Gigi Martin,2014,5,0.04617523262745525,7.557093850932641,0.006110183827048363
Gigi Martin,2014,7,1.978552123303233,7.557093850932641,0.26181388802774425
Gigi Martin,2014,9,1.0518234160339555,7.557093850932641,0.13918358522226731
Gigi Martin,2014,16,0.036525784480220966,7.557093850932641,0.004833310952690262
Gigi Martin,2014,18,1.055544989147153,7.557093850932641,0.13967604610559195
Gigi Martin,2014,19,1.0,7.557093850932641,0.1323259998784569
Gigi Martin,2014,23,2.0,7.557093850932641,0.2646519997569138
Gigi Martin,2014,29,0.10243560134339885,7.557093850932641,0.013554893370916256
Gilberto Gless,1997,13,1.0,1.0288674313080133,0.971942516178869
Gilberto Gless,1997,33,0.02886743130801322,1.0288674313080133,0.02805748382113103
Gloria Benavides,1977,0,0.4318171660259516,4.735350920435325,0.09119010888136128
Gloria Benavides,1977,13,2.0,4.735350920435325,0.42235518203498595
Gloria Benavides,1977,14,0.04643945964003044,4.735350920435325,0.00980697321493572
Gloria Benavides,1977,19,1.0,4.735350920435325,0.21117759101749298
Gloria Benavides,1977,22,0.08604026906120177,4.735350920435325,0.018169776750841523
Gloria Benavides,1977,25,1.1253385921857224,4.735350920435325,0.23764629297679782
Gloria Benavides,1977,37,0.04571543352241877,4.735350920435325,0.00965407512358474
Gloria Benavides,1995,1,0.2561836774309879,6.769597736827763,0.03784326445828607
Gloria Benavides,1995,2,0.024203123335031475,6.769597736827763,0.0035752675824979032
Gloria Benavides,1995,7,0.043696559774642534,6.769597736827763,0.006454823679836368
Gloria Benavides,1995,10,0.0662412310420419,6.769597736827763,0.009785105942363212
Gloria Benavides,1995,12,0.09025105910085592,6.769597736827763,0.01333182008878826
Gloria Benavides,1995,15,0.012928448423173493,6.769597736827763,0.0019097808947850083
Gloria Benavides,1995,17,0.012110117241436458,6.769597736827763,0.0017888976143376081
Gloria Benavides,1995,19,1.1945587287978139,6.769597736827763,0.17645933705915953
Gloria Benavides,1995,20,0.022349668139874764,6.769597736827763,0.00330147654391468
Gloria Benavides,1995,23,1.0,6.769597736827763,0.14771926470015048
Gloria Benavides,1995,25,2.0,6.769597736827763,0.29543852940030096
Gloria Benavides,1995,29,1.0,6.769597736827763,0.14771926470015048
Gloria Benavides,1995,30,0.04707512354190508,6.769597736827763,0.006953902635278962
Gloria Benavides,1995,36,1.0,6.769597736827763,0.14771926470015048
Gloria Benavides,1998,0,1.073830505552754,7.431143437597822,0.14450407458423095
Gloria Benavides,1998,3,0.01694627487191994,7.431143437597822,0.0022804397485022792
Gloria Benavides,1998,6,0.297430131035169,7.431143437597822,0.04002481361486353
Gloria Benavides,1998,8,0.07158447092901368,7.431143437597822,0.009633035821490474
Gloria Benavides,1998,10,1.0,7.431143437597822,0.1345687925952965
Gloria Benavides,1998,12,0.1134931110491808,7.431143437597822,0.015272630921772166
Gloria Benavides,1998,15,3.0,7.431143437597822,0.4037063777858895
Gloria Benavides,1998,18,0.06512131151428967,7.431143437597822,0.008763296262700141
Gloria Benavides,1998,19,0.7090396288743311,7.431143437597822,0.09541460675983587
Gloria Benavides,1998,33,1.0836980037711632,7.431143437597822,0.14583193190541852
Gloria Benavides,2002,0,0.0680870698174595,7.4168448110604315,0.009180058576380632
Gloria Benavides,2002,1,0.17459115267277509,7.4168448110604315,0.023539814721809275
Gloria Benavides,2002,3,0.05334091659099111,7.4168448110604315,0.007191860952981789
Gloria Benavides,2002,7,2.614236705720163,7.4168448110604315,0.3524728873687179
Gloria Benavides,2002,8,2.0,7.4168448110604315,0.26965644434375696
Gloria Benavides,2002,9,0.38455587106026395,7.4168448110604315,0.051848984420813524
Gloria Benavides,2002,13,0.17447156559237756,7.4168448110604315,0.02352369100836455
Gloria Benavides,2002,15,0.01089614204628945,7.4168448110604315,0.0014691074606334607
Gloria Benavides,2002,19,1.544428767752446,7.4168448110604315,0.20823258502716732
Gloria Benavides,2002,22,0.08131915914264125,7.4168448110604315,0.010964117655714378
Gloria Benavides,2002,25,0.019059058239260854,7.4168448110604315,0.0025696989386698337
Gloria Benavides,2002,29,0.2126488494109506,7.4168448110604315,0.028671066312973982
Gloria Benavides,2002,33,0.0792095530148127,7.4168448110604315,0.010679683212016353
Hermógenes Conache,1991,0,6.841347948911524,14.685660240237716,0.4658522556695608
Hermógenes Conache,1991,1,0.19805983506164684,14.685660240237716,0.01348661427689688
Hermógenes Conache,1991,3,0.042220709648621825,14.685660240237716,0.002874961626372094
Hermógenes Conache,1991,4,0.07866971825983726,14.685660240237716,0.0053569071443099
Hermógenes Conache,1991,5,1.0,14.685660240237716,0.06809363580808356
Hermógenes Conache,1991,6,0.5283320973813193,14.685660240237716,0.03597605342480449
Hermógenes Conache,1991,7,0.26790080184477943,14.685660240237716,0.018242339633511972
Hermógenes Conache,1991,9,0.09318497235013766,14.685660240237716,0.006345303569996611
Hermógenes Conache,1991,10,1.3105854609919736,14.685660240237716,0.08924252907615675
Hermógenes Conache,1991,12,0.08585384905531648,14.685660240237716,0.0058461007302949
Hermógenes Conache,1991,16,0.06586628463182051,14.685660240237716,0.004485074797750757
Hermógenes Conache,1991,17,0.06730456739706639,14.685660240237716,0.004583012700556453
Hermógenes Conache,1991,18,1.0,14.685660240237716,0.06809363580808356
Hermógenes Conache,1991,21,2.0,14.685660240237716,0.13618727161616712
Hermógenes Conache,1991,29,1.0534934282494473,14.685660240237716,0.07173619782942728
Hermógenes Conache,1991,32,0.0528405664542254,14.685660240237716,0.0035981062880268617
Hermógenes Conache,2013,0,1.4121819717832809,11.561145051580098,0.12214897101306359
Hermógenes Conache,2013,1,0.45363150761807736,11.561145051580098,0.039237593300161744
Hermógenes Conache,2013,2,1.1087147079687802,11.561145051580098,0.0959000776326432
Hermógenes Conache,2013,5,0.7979732006340265,11.561145051580098,0.06902198675597146
Hermógenes Conache,2013,6,0.15402782458606357,11.561145051580098,0.013322886608451651
Hermógenes Conache,2013,9,0.5304189531896447,11.561145051580098,0.04587944799785647
Hermógenes Conache,2013,10,1.02426192767368,11.561145051580098,0.08859519737049669
Hermógenes Conache,2013,11,0.3107084034545639,11.561145051580098,0.026875227502841374
Hermógenes Conache,2013,12,0.04759926241813699,11.561145051580098,0.004117175435977377
Hermógenes Conache,2013,14,1.0,11.561145051580098,0.0864966225696932
Hermógenes Conache,2013,16,0.2716218803622408,11.561145051580098,0.023494375267363102
Hermógenes Conache,2013,17,2.0,11.561145051580098,0.1729932451393864
Hermógenes Conache,2013,18,1.047402046452368,11.561145051580098,0.09059673949071473
Hermógenes Conache,2013,23,0.034650772497839925,11.561145051580098,0.0029971747904939654
Hermógenes Conache,2013,27,0.06807835317017931,11.561145051580098,0.005888547619327276
Hermógenes Conache,2013,29,0.04378302110037944,11.561145051580098,0.003787083451080434
Hermógenes Conache,2013,30,0.2078878011056353,11.561145051580098,0.017981592669077586
Hermógenes Conache,2013,36,1.0,11.561145051580098,0.0864966225696932
Hermógenes Conache,2013,37,0.04820341756520088,11.561145051580098,0.0041694328157065
Huaso Filomeno,2015,0,0.720421430408233,9.08170707151118,0.07932665353941615
Huaso Filomeno,2015,1,0.3357606276158371,9.08170707151118,0.036971091995369444
Huaso Filomeno,2015,3,0.20879375937763395,9.08170707151118,0.022990585110657068
Huaso Filomeno,2015,4,0.03634490553155464,9.08170707151118,0.0040019905118462385
Huaso Filomeno,2015,7,0.09339769242805827,9.08170707151118,0.010284156017434402
Huaso Filomeno,2015,11,2.0,9.08170707151118,0.2202229145084288
Huaso Filomeno,2015,13,1.0,9.08170707151118,0.1101114572542144
Huaso Filomeno,2015,14,0.014479863231546703,9.08170707151118,0.0015943988412673255
Huaso Filomeno,2015,15,1.0,9.08170707151118,0.1101114572542144
Huaso Filomeno,2015,19,0.13916493089781073,9.08170707151118,0.015323653339839987
Huaso Filomeno,2015,20,0.11801285362278773,9.08170707151118,0.012994567287133451
Huaso Filomeno,2015,21,1.2342777573049224,9.08170707151118,0.13590812251330858
Huaso Filomeno,2015,31,1.1810532510927958,9.08170707151118,0.13004749457265533
Huaso Filomeno,2015,34,1.0,9.08170707151118,0.1101114572542144
Hugo Goodman,1974,0,1.2004673639975096,4.910456340293027,0.24447165004747257
Hugo Goodman,1974,1,1.3510165651569852,4.910456340293027,0.27513055234218103
Hugo Goodman,1974,2,0.037322028697777634,4.910456340293027,0.007600521440650968
Hugo Goodman,1974,3,0.10678006637805558,4.910456340293027,0.021745446650623022
Hugo Goodman,1974,4,0.04807218344251871,4.910456340293027,0.009789758855619933
Hugo Goodman,1974,5,0.08630305275749409,4.910456340293027,0.01757536301653464
Hugo Goodman,1974,12,0.2865674638147355,4.910456340293027,0.05835862167499384
Hugo Goodman,1974,16,0.32580383868088125,4.910456340293027,0.06634899408584076
Hugo Goodman,1974,18,0.27015324170956967,4.910456340293027,0.05501591359092474
Hugo Goodman,1974,20,0.0905147284257854,4.910456340293027,0.018433058386663922
Hugo Goodman,1974,24,1.0,4.910456340293027,0.2036470606192837
Hugo Goodman,1974,29,0.10745580723171354,4.910456340293027,0.021883059289210832
Hugo Varela,1989,0,0.4085722224558149,4.447172077150725,0.09187236638650254
Hugo Varela,1989,3,0.05373766087232305,4.447172077150725,0.012083557807089045
Hugo Varela,1989,12,0.09623632927326758,4.447172077150725,0.021639893308316865
Hugo Varela,1989,20,1.2197287419469631,4.447172077150725,0.27427064228385684
Hugo Varela,1989,21,0.024692375965547294,4.447172077150725,0.005552377002098723
Hugo Varela,1989,25,0.39415527415405477,4.447172077150725,0.08863054258214977
Hugo Varela,1989,35,2.2500494724827544,4.447172077150725,0.5059506206299863
Hugo Varela,2005,0,0.0199286766405393,5.1948421190992775,0.0038362429855702124
Hugo Varela,2005,12,0.4587287602532819,5.1948421190992775,0.08830465868572343
Hugo Varela,2005,13,1.0613268252953996,5.1948421190992775,0.2043039616917984
Hugo Varela,2005,20,1.169517788094972,5.1948421190992775,0.2251305739966843
Hugo Varela,2005,21,1.2844785918961867,5.1948421190992775,0.24726037143144203
Hugo Varela,2005,30,0.12232654231281764,5.1948421190992775,0.02354769201995066
Hugo Varela,2005,35,1.0,5.1948421190992775,0.19249863173385293
Hugo Varela,2005,36,0.04692785753348475,5.1948421190992775,0.009033548365396998
Hugo Varela,2005,37,0.031607077072595025,5.1948421190992775,0.006084319089580976
Jani Dueñas,2019,0,1.5984769405595354,16.18429730082279,0.09876715132255205
Jani Dueñas,2019,1,2.097591846812768,16.18429730082279,0.12960660619513759
Jani Dueñas,2019,3,4.452073714553568,16.18429730082279,0.27508600662737637
Jani Dueñas,2019,13,1.0,16.18429730082279,0.06178828659735268
Jani Dueñas,2019,14,0.0845480246616213,16.18429730082279,0.005224077579032299
Jani Dueñas,2019,15,0.06970417409365745,16.18429730082279,0.004306901485930673
Jani Dueñas,2019,22,0.06636925135794222,16.18429730082279,0.0041008423241562725
Jani Dueñas,2019,23,1.4997602877481742,16.18429730082279,0.0926676184867123
Jani Dueñas,2019,27,3.0687129915438582,16.18429730082279,0.1896105178065314
Jani Dueñas,2019,28,0.05201845164959107,16.18429730082279,0.0032141309988754662
Jani Dueñas,2019,29,0.057899491035463345,16.18429730082279,0.003577510345940061
Jani Dueñas,2019,30,0.13714212680661306,16.18429730082279,0.00847377703569749
Jani Dueñas,2019,35,1.0,16.18429730082279,0.06178828659735268
Jani Dueñas,2019,37,1.0,16.18429730082279,0.06178828659735268
Jappening con ja,1995,0,0.03699509220481805,0.5026215895103283,0.07360426407639985
Jappening con ja,1995,12,0.14159589426444638,0.5026215895103283,0.2817147078827117
Jappening con ja,1995,13,0.16406295760393264,0.5026215895103283,0.32641446572911553
Jappening con ja,1995,20,0.09451072681001353,0.5026215895103283,0.18803554957137678
Jappening con ja,1995,37,0.06545691862711768,0.5026215895103283,0.13023101274039606
Javiera Contador,2020,0,1.5741135787618243,9.251585267851377,0.17014528139645005
Javiera Contador,2020,1,4.83396655107578,9.251585267851377,0.5225014320381914
Javiera Contador,2020,2,0.04585141785527153,9.251585267851377,0.004956060667202848
Javiera Contador,2020,3,0.49937666204749137,9.251585267851377,0.053977415501188855
Javiera Contador,2020,4,0.12014454242660363,9.251585267851377,0.012986373572548443
Javiera Contador,2020,5,0.1644549442528186,9.251585267851377,0.017775866458723373
Javiera Contador,2020,8,0.5601251334444917,9.251585267851377,0.060543692483804694
Javiera Contador,2020,10,0.06957031223910233,9.251585267851377,0.00751982608654696
Javiera Contador,2020,14,0.03106625857775386,9.251585267851377,0.0033579389562248293
Javiera Contador,2020,24,0.04395061394916371,9.251585267851377,0.004750603564330653
Javiera Contador,2020,25,0.060599632173877094,9.251585267851377,0.00655018901295291
Javiera Contador,2020,27,0.09561990321508942,9.251585267851377,0.010335515530226156
Javiera Contador,2020,30,1.0,9.251585267851377,0.10808958368193733
Javiera Contador,2020,32,0.039556463387288215,9.251585267851377,0.00427564165946178
Javiera Contador,2020,34,0.11318925444482097,9.251585267851377,0.012234579390209574
Javiera Contador,2024,0,1.1604242893557508,5.170705198914213,0.22442282913352443
Javiera Contador,2024,1,0.158381751893781,5.170705198914213,0.03063059018082085
Javiera Contador,2024,2,0.02296676229786743,5.170705198914213,0.004441707932351312
Javiera Contador,2024,3,0.017844688496308995,5.170705198914213,0.003451113109302029
Javiera Contador,2024,8,0.3593931370700141,5.170705198914213,0.0695056328381441
Javiera Contador,2024,10,0.017108979624128388,5.170705198914213,0.00330882906024522
Javiera Contador,2024,13,0.07333792527925805,5.170705198914213,0.014183350714842174
Javiera Contador,2024,27,1.2630733954583477,5.170705198914213,0.24427488067267464
Javiera Contador,2024,28,0.09817426943875589,5.170705198914213,0.018986630577850643
Javiera Contador,2024,33,1.0,5.170705198914213,0.19339721789012226
Javiera Contador,2024,34,1.0,5.170705198914213,0.19339721789012226
Jenny Cavallo,2018,0,0.005172994143561066,9.869783124667569,0.000524124398501948
Jenny Cavallo,2018,1,5.772033423124704,9.869783124667569,0.5848186682743463
Jenny Cavallo,2018,3,1.074781737546388,9.869783124667569,0.10889618586047588
Jenny Cavallo,2018,5,0.663966716863053,9.869783124667569,0.06727267544548164
Jenny Cavallo,2018,14,0.019519709345311335,9.869783124667569,0.0019777242416325934
Jenny Cavallo,2018,15,0.04995587615989936,9.869783124667569,0.005061496846373912
Jenny Cavallo,2018,17,0.08174602670247376,9.869783124667569,0.008282454200859364
Jenny Cavallo,2018,18,0.047233736926604986,9.869783124667569,0.004785691471634631
Jenny Cavallo,2018,20,0.04719230957502682,9.869783124667569,0.0047814940793459776
Jenny Cavallo,2018,22,1.0059533840476105,9.869783124667569,0.10192254189795004
Jenny Cavallo,2018,32,1.0,9.869783124667569,0.10131934890247973
Jenny Cavallo,2018,34,0.02074522778368843,9.869783124667569,0.0021018929718769445
Jenny Cavallo,2018,35,0.0814819824492474,9.869783124667569,0.008255701409041027
"Jorge ""Chino"" Navarrete",1994,0,1.8308920165019045,12.448586319101707,0.14707630003677574
"Jorge ""Chino"" Navarrete",1994,1,0.3066569609401425,12.448586319101707,0.024633878344048864
"Jorge ""Chino"" Navarrete",1994,5,0.15232569560630543,12.448586319101707,0.012236385056234826
"Jorge ""Chino"" Navarrete",1994,7,1.0,12.448586319101707,0.0803304065511079
"Jorge ""Chino"" Navarrete",1994,9,0.44470293482740747,12.448586319101707,0.035723167549156484
"Jorge ""Chino"" Navarrete",1994,10,0.2602467257356812,12.448586319101707,0.020905725281941945
"Jorge ""Chino"" Navarrete",1994,11,1.2103767442027134,12.448586319101707,0.09723005594181029
"Jorge ""Chino"" Navarrete",1994,16,0.3184845451271987,12.448586319101707,0.025583992990312544
"Jorge ""Chino"" Navarrete",1994,17,1.0637298588728015,12.448586319101707,0.08544985202380477
"Jorge ""Chino"" Navarrete",1994,19,0.18849786374767813,12.448586319101707,0.015142110028866328
"Jorge ""Chino"" Navarrete",1994,21,0.06642327522380401,12.448586319101707,0.005335808703184309
"Jorge ""Chino"" Navarrete",1994,22,0.08289302483454691,12.448586319101707,0.006658830385210237
"Jorge ""Chino"" Navarrete",1994,23,1.0,12.448586319101707,0.0803304065511079
"Jorge ""Chino"" Navarrete",1994,25,0.11652422411111679,12.448586319101707,0.009360438295898423
"Jorge ""Chino"" Navarrete",1994,31,1.1852231011065242,12.448586319101707,0.09520945356565196
"Jorge ""Chino"" Navarrete",1994,32,2.071282787963613,12.448586319101707,0.16638698843942926
"Jorge ""Chino"" Navarrete",1994,33,1.0,12.448586319101707,0.0803304065511079
"Jorge ""Chino"" Navarrete",1994,34,0.06797986495580992,12.448586319101707,0.005460850189189624
"Jorge ""Chino"" Navarrete",1994,36,0.01921484982167994,12.448586319101707,0.0015435366979940327
"Jorge ""Chino"" Navarrete",1994,37,0.06313184552278077,12.448586319101707,0.00507140681716672
Jorge Alís,2014,0,6.124272001799609,18.389898568544282,0.3330236966219655
Jorge Alís,2014,1,1.5571387902607334,18.389898568544282,0.08467359319339597
Jorge Alís,2014,2,0.07491548150798182,18.389898568544282,0.0040737300006713426
Jorge Alís,2014,3,1.4228224021988363,18.389898568544282,0.07736977976771216
Jorge Alís,2014,4,0.16102628903901572,18.389898568544282,0.008756235845392285
Jorge Alís,2014,5,1.1060188296431903,18.389898568544282,0.060142736813949764
Jorge Alís,2014,7,0.31438189938583067,18.389898568544282,0.017095357987649665
Jorge Alís,2014,8,0.057124760773874156,18.389898568544282,0.0031063119005770605
Jorge Alís,2014,10,0.44908680735323403,18.389898568544282,0.02442029822401479
Jorge Alís,2014,11,2.762720506509934,18.389898568544282,0.15023032868900846
Jorge Alís,2014,15,0.0638105452089473,18.389898568544282,0.0034698693400133556
Jorge Alís,2014,16,1.0,18.389898568544282,0.054377678934591236
Jorge Alís,2014,18,0.051382976899947634,18.389898568544282,0.0027940870205688706
Jorge Alís,2014,20,0.13582069413161926,18.389898568544282,0.007385614098162512
Jorge Alís,2014,22,0.05780373566701134,18.389898568544282,0.0031432329793207228
Jorge Alís,2014,29,1.0,18.389898568544282,0.054377678934591236
Jorge Alís,2014,31,1.0,18.389898568544282,0.054377678934591236
Jorge Alís,2014,34,1.0,18.389898568544282,0.054377678934591236
Jorge Alís,2014,35,0.05157284816451686,18.389898568544282,0.002804411779232521
Jorge Alís,2019,1,0.06710217809721575,1.0671021780972159,0.06288261749860524
Jorge Alís,2019,22,1.0,1.0671021780972159,0.9371173825013946
Jorge Pérez,1997,11,1.0,2.1796449645106772,0.45879031506605783
Jorge Pérez,1997,17,0.07202983002156724,2.1796449645106772,0.033046588409749424
Jorge Pérez,1997,29,0.10761513448911032,2.1796449645106772,0.04937278145813511
Jorge Pérez,1997,34,1.0,2.1796449645106772,0.45879031506605783
Jorge Romero,1979,11,1.0,2.100704558885496,0.4760307658543561
Jorge Romero,1979,15,0.017104983844847745,2.100704558885496,0.00814249855958926
Jorge Romero,1979,20,0.08359957504064834,2.100704558885496,0.03979596973169854
Jorge Romero,1979,32,1.0,2.100704558885496,0.4760307658543561
"Juan Luis ""Jajá"" Calderón",2017,0,4.396497736645332,40.61761033869263,0.10824117174754609
"Juan Luis ""Jajá"" Calderón",2017,1,1.8282802264861955,40.61761033869263,0.04501200861500615
"Juan Luis ""Jajá"" Calderón",2017,2,2.8414034901139322,40.61761033869263,0.06995496451959388
"Juan Luis ""Jajá"" Calderón",2017,4,7.724131074690614,40.61761033869263,0.19016704848666469
"Juan Luis ""Jajá"" Calderón",2017,6,0.24724622569993004,40.61761033869263,0.006087168192275495
"Juan Luis ""Jajá"" Calderón",2017,9,2.226568954449234,40.61761033869263,0.05481782251301447
"Juan Luis ""Jajá"" Calderón",2017,10,0.15253018428501272,40.61761033869263,0.0037552722332291266
"Juan Luis ""Jajá"" Calderón",2017,11,3.1345157741112586,40.61761033869263,0.07717134878132642
"Juan Luis ""Jajá"" Calderón",2017,12,0.17773473193055617,40.61761033869263,0.004375804742044236
"Juan Luis ""Jajá"" Calderón",2017,14,1.0,40.61761033869263,0.024619862952582238
"Juan Luis ""Jajá"" Calderón",2017,15,0.5960574806439283,40.61761033869263,0.014674853485314955
"Juan Luis ""Jajá"" Calderón",2017,16,1.43363176376659,40.61761033869263,0.035295817548402206
"Juan Luis ""Jajá"" Calderón",2017,17,1.0,40.61761033869263,0.024619862952582238
"Juan Luis ""Jajá"" Calderón",2017,21,2.150103841606641,40.61761033869263,0.05293526191417609
"Juan Luis ""Jajá"" Calderón",2017,22,1.0,40.61761033869263,0.024619862952582238
"Juan Luis ""Jajá"" Calderón",2017,23,1.200192444978854,40.61761033869263,0.029548573512103982
"Juan Luis ""Jajá"" Calderón",2017,26,7.061310294839731,40.61761033869263,0.17384849172461225
"Juan Luis ""Jajá"" Calderón",2017,27,0.08723392563786236,40.61761033869263,0.002147687294019922
"Juan Luis ""Jajá"" Calderón",2017,28,1.2697977911075014,40.61761033869263,0.03126224759455833
"Juan Luis ""Jajá"" Calderón",2017,35,0.09037439769945256,40.61761033869263,0.0022250052857826857
"Juan Luis ""Jajá"" Calderón",2017,36,1.0,40.61761033869263,0.024619862952582238
Juan Pablo López,2017,0,5.042295698378863,20.4080376304853,0.24707401023441558
Juan Pablo López,2017,1,0.18429305538009394,20.4080376304853,0.009030415305820438
Juan Pablo López,2017,3,1.1722928254623237,20.4080376304853,0.057442702071029396
Juan Pablo López,2017,4,2.1404028327868048,20.4080376304853,0.10488038446134061
Juan Pablo López,2017,7,0.09231860905447714,20.4080376304853,0.0045236396916758246
Juan Pablo López,2017,8,1.1065612576459463,20.4080376304853,0.054221835420029674
Juan Pablo López,2017,10,0.2773553744269963,20.4080376304853,0.013590497011466009
Juan Pablo López,2017,11,0.298909731229768,20.4080376304853,0.014646666996696436
Juan Pablo López,2017,13,1.2316232692695168,20.4080376304853,0.06034991171467323
Juan Pablo López,2017,17,0.09016887952634893,20.4080376304853,0.004418302296329347
Juan Pablo López,2017,18,1.0,20.4080376304853,0.04900030165106179
Juan Pablo López,2017,20,1.0,20.4080376304853,0.04900030165106179
Juan Pablo López,2017,21,4.087076694134652,20.4080376304853,0.20026799088362235
Juan Pablo López,2017,22,0.1659915621041988,20.4080376304853,0.008133636614636699
Juan Pablo López,2017,27,0.16658632881685195,20.4080376304853,0.008162780362968714
Juan Pablo López,2017,28,0.18496250110526,20.4080376304853,0.00906321834829259
Juan Pablo López,2017,29,0.12818614821713584,20.4080376304853,0.006281159930127372
Juan Pablo López,2017,31,0.02013354965352489,20.4080376304853,0.0009865500063293503
Juan Pablo López,2017,32,1.0,20.4080376304853,0.04900030165106179
Juan Pablo López,2017,33,1.0,20.4080376304853,0.04900030165106179
Juan Pablo López,2017,36,0.01887931329253776,20.4080376304853,0.0009250920462992508
Juan Pablo López,2025,0,3.4602694125722517,17.935772077180413,0.19292559013808688
Juan Pablo López,2025,1,0.11725831848524855,17.935772077180413,0.006537678890023122
Juan Pablo López,2025,2,0.5061755716957709,17.935772077180413,0.028221565791403835
Juan Pablo López,2025,4,0.5272888413929853,17.935772077180413,0.02939872558170228
Juan Pablo López,2025,6,0.05373594160318879,17.935772077180413,0.002996020543300544
Juan Pablo López,2025,7,0.0014032798122274109,17.935772077180413,7.823916395619212e-05
Juan Pablo López,2025,8,0.0420072653139899,17.935772077180413,0.0023420940639313497
Juan Pablo López,2025,9,1.2326890529582544,17.935772077180413,0.06872796150920082
Juan Pablo López,2025,10,2.30712773324225,17.935772077180413,0.12863275265287277
Juan Pablo López,2025,11,0.34208648062248637,17.935772077180413,0.019072860602288827
Juan Pablo López,2025,12,0.06783453532069954,17.935772077180413,0.0037820805833613962
Juan Pablo López,2025,14,0.12734825305046993,17.935772077180413,0.007100238144333604
Juan Pablo López,2025,15,1.491531567663261,17.935772077180413,0.08315959643359477
Juan Pablo López,2025,16,1.0442246467736438,17.935772077180413,0.05822022281952419
Juan Pablo López,2025,18,0.017031107392490495,17.935772077180413,0.0009495608730531919
Juan Pablo López,2025,21,1.1506361762261523,17.935772077180413,0.06415314441300804
Juan Pablo López,2025,22,2.1702725986692957,17.935772077180413,0.12100246308496092
Juan Pablo López,2025,23,0.05157280386430578,17.935772077180413,0.0028754158807538363
Juan Pablo López,2025,33,0.1215905825600885,17.935772077180413,0.006779222106350668
Juan Pablo López,2025,34,0.04818408690795497,17.935772077180413,0.0026864796620190844
Juan Pablo López,2025,35,2.005009828644274,17.935772077180413,0.11178832001301116
Juan Pablo López,2025,36,1.0,17.935772077180413,0.055754499761529346
Juan Pablo López,2025,37,0.050493992409125533,17.935772077180413,0.002815267287733254
Julio Sabala,1994,0,0.6936208046138703,1.7472838897142018,0.39697086930007913
Julio Sabala,1994,13,0.053663085100331555,1.7472838897142018,0.030712287462977224
Julio Sabala,1994,35,1.0,1.7472838897142018,0.5723168432369437
Julio Sabala,2006,0,1.068123237924151,5.12801365007426,0.2082918086438173
Julio Sabala,2006,1,0.05959098561994977,5.12801365007426,0.011620676091431
Julio Sabala,2006,3,0.07981898818978622,5.12801365007426,0.015565283877243645
Julio Sabala,2006,12,2.5365503852653983,5.12801365007426,0.4946457943279199
Julio Sabala,2006,20,0.11890297503667242,5.12801365007426,0.023186945891797803
Julio Sabala,2006,28,0.26502707803830233,5.12801365007426,0.05168220993999585
Julio Sabala,2006,29,1.0,5.12801365007426,0.19500728122779445
León Murillo,2015,0,2.7781149054054857,11.293306519621735,0.2459965910407732
León Murillo,2015,1,0.09547070682259973,11.293306519621735,0.008453742635668537
León Murillo,2015,2,0.41688481572545244,11.293306519621735,0.036914327526763685
León Murillo,2015,3,0.426788164263383,11.293306519621735,0.037791249491178965
León Murillo,2015,4,2.4814730491833576,11.293306519621735,0.21972954022560912
León Murillo,2015,5,1.3662887765523504,11.293306519621735,0.12098217419127606
León Murillo,2015,6,1.0604612453521882,11.293306519621735,0.09390174998878079
León Murillo,2015,9,0.11363802984521468,11.293306519621735,0.010062423228110604
León Murillo,2015,10,0.04794434363847616,11.293306519621735,0.004245376989916505
León Murillo,2015,11,1.0,11.293306519621735,0.0885480260597314
León Murillo,2015,13,0.12921776376873723,11.293306519621735,0.011441977913574361
León Murillo,2015,14,0.03993414359181171,11.293306519621735,0.003536089587440799
León Murillo,2015,24,0.03974211295968299,11.293306519621735,0.0035190856540227985
León Murillo,2015,26,0.09615939948505683,11.293306519621735,0.008514725011490936
León Murillo,2015,28,1.1464528135949907,11.293306519621735,0.10151613361446163
León Murillo,2015,30,0.05473624943294771,11.293306519621735,0.004846786841200612
Los Acetatos,1973,6,0.14146325751540437,3.381903956697953,0.04182947219279617
Los Acetatos,1973,7,0.07657945501332794,3.381903956697953,0.02264388817478398
Los Acetatos,1973,13,1.0,3.381903956697953,0.295691424949982
Los Acetatos,1973,20,2.0619272302230707,3.381903956697953,0.6096942008478293
Los Acetatos,1973,23,0.10193401394614995,3.381903956697953,0.03014101383460842
Los Atletas de la Risa,2013,0,0.06595303009467807,20.426474683558325,0.003228801401925951
Los Atletas de la Risa,2013,2,0.2816243964175569,20.426474683558325,0.01378722470619181
Los Atletas de la Risa,2013,3,0.03624449805857479,20.426474683558325,0.0017743883181050673
Los Atletas de la Risa,2013,4,0.2907879430046164,20.426474683558325,0.014235835968243576
Los Atletas de la Risa,2013,8,0.14741174817224234,20.426474683558325,0.007216700407481325
Los Atletas de la Risa,2013,11,1.0261374081510828,20.426474683558325,0.05023565857778881
Los Atletas de la Risa,2013,12,0.048939977927543184,20.426474683558325,0.0023959091662026214
Los Atletas de la Risa,2013,13,0.21280489998070978,20.426474683558325,0.0104180923667656
Los Atletas de la Risa,2013,14,4.39830955815117,20.426474683558325,0.21532396687576524
Los Atletas de la Risa,2013,16,1.1359582068762166,20.426474683558325,0.05561205369375715
Los Atletas de la Risa,2013,17,1.1515882917628104,20.426474683558325,0.05637724128137229
Los Atletas de la Risa,2013,18,0.24185051453774634,20.426474683558325,0.011840051613625557
Los Atletas de la Risa,2013,19,0.12528281925501367,20.426474683558325,0.006133354932550172
Los Atletas de la Risa,2013,20,0.08529039960526523,20.426474683558325,0.004175483088813028
Los Atletas de la Risa,2013,21,1.0,20.426474683558325,0.04895607369806792
Los Atletas de la Risa,2013,22,4.085134421561992,20.426474683558325,0.19999214180850292
Los Atletas de la Risa,2013,23,0.0420931027062137,20.426474683558325,0.00206071303826574
Los Atletas de la Risa,2013,24,3.0,20.426474683558325,0.14686822109420378
Los Atletas de la Risa,2013,31,1.0,20.426474683558325,0.04895607369806792
Los Atletas de la Risa,2013,32,0.051063467294893986,20.426474683558325,0.002499866868167711
Los Atletas de la Risa,2013,33,2.0,20.426474683558325,0.09791214739613584
Los Indolatinos,1996,0,0.084291188341378,9.798991170002704,0.008602027175962312
Los Indolatinos,1996,1,1.1820521860222273,9.798991170002704,0.12062998787475192
Los Indolatinos,1996,3,0.02689954355070918,9.798991170002704,0.002745133971857815
Los Indolatinos,1996,6,1.3191509277692524,9.798991170002704,0.13462109567028913
Los Indolatinos,1996,7,0.3516419879399833,9.798991170002704,0.035885529626401964
Los Indolatinos,1996,9,1.1116995635140898,9.798991170002704,0.11345040976435364
Los Indolatinos,1996,10,0.058265470232569415,9.798991170002704,0.0059460682453654394
Los Indolatinos,1996,11,1.237949711157875,9.798991170002704,0.12633440419331793
Los Indolatinos,1996,17,0.09464769957024124,9.798991170002704,0.009658922834830467
Los Indolatinos,1996,19,2.0,9.798991170002704,0.20410264335399417
Los Indolatinos,1996,29,0.1314978754077345,9.798991170002704,0.013419531983076398
Los Indolatinos,1996,30,0.06130887551953986,9.798991170002704,0.006256651777299534
Los Indolatinos,1996,31,1.0,9.798991170002704,0.10205132167699708
Los Indolatinos,1996,32,0.07143763809486751,9.798991170002704,0.007290305385064226
Los Indolatinos,1996,33,1.0,9.798991170002704,0.10205132167699708
Los Indolatinos,1996,34,0.06814850288223756,9.798991170002704,0.0069546447894409886
Los Indolatinos,1999,0,0.9497571957122721,11.19353332042663,0.0848487397611171
Los Indolatinos,1999,1,1.0722343185867607,11.19353332042663,0.09579051474569547
Los Indolatinos,1999,2,0.7155465438211646,11.19353332042663,0.06392499341699304
Los Indolatinos,1999,5,1.0,11.19353332042663,0.0893372960417369
Los Indolatinos,1999,6,0.35279801094048735,11.19353332042663,0.03151802034632625
Los Indolatinos,1999,7,0.3907176145840272,11.19353332042663,0.034905655202814495
Los Indolatinos,1999,8,0.06111728717870754,11.19353332042663,0.005460053177952047
Los Indolatinos,1999,10,1.0,11.19353332042663,0.0893372960417369
Los Indolatinos,1999,11,1.10593676739758,11.19353332042663,0.09880140039243912
Los Indolatinos,1999,16,0.04364816454425364,11.19353332042663,0.003899408997568431
Los Indolatinos,1999,17,1.078888209430717,11.19353332042663,0.0963849553618514
Los Indolatinos,1999,18,0.1498805911197554,11.19353332042663,0.013389926739776112
Los Indolatinos,1999,19,1.0,11.19353332042663,0.0893372960417369
Los Indolatinos,1999,22,0.09575582124226649,11.19353332042663,0.008554566150039999
Los Indolatinos,1999,23,0.08531347546813102,11.19353332042663,0.007621675214245879
Los Indolatinos,1999,29,0.005248686574501139,11.19353332042663,0.00046890346633649823
Los Indolatinos,1999,30,1.0,11.19353332042663,0.0893372960417369
Los Indolatinos,1999,36,0.08669063382600609,11.19353332042663,0.007744706818159716
Los Indolatinos,1999,37,1.0,11.19353332042663,0.0893372960417369
Los Indolatinos,2004,1,1.0437766839031182,6.410545534635405,0.16282181887075264
Los Indolatinos,2004,2,0.1848352125338935,6.410545534635405,0.02883299268919488
Los Indolatinos,2004,3,0.09246771670483114,6.410545534635405,0.014424313220339706
Los Indolatinos,2004,10,0.2022239446710422,6.410545534635405,0.03154551255871292
Los Indolatinos,2004,11,0.05530431449973931,6.410545534635405,0.008627083951114108
Los Indolatinos,2004,12,0.22386137985732943,6.410545534635405,0.0349208002108141
Los Indolatinos,2004,13,1.0881248697282184,6.410545534635405,0.16973982383390163
Los Indolatinos,2004,15,0.046243129398991605,6.410545534635405,0.007213602828206359
Los Indolatinos,2004,16,0.11997913943009528,6.410545534635405,0.018715901600240174
Los Indolatinos,2004,17,1.1376311686542158,6.410545534635405,0.1774624581492685
Los Indolatinos,2004,21,0.17525756536949696,6.410545534635405,0.027338947118088694
Los Indolatinos,2004,22,1.0,6.410545534635405,0.15599296418645192
Los Indolatinos,2004,26,0.0408404098844337,6.410545534635405,0.006370816596462483
Los Indolatinos,2004,29,1.0,6.410545534635405,0.15599296418645192
Los Locos del Humor,2014,0,0.8449534855684985,16.549590534969308,0.05105585445048387
Los Locos del Humor,2014,1,0.4422325325943829,16.549590534969308,0.026721660071283633
Los Locos del Humor,2014,2,2.491048762279774,16.549590534969308,0.1505202655628358
Los Locos del Humor,2014,4,0.05149344906530304,16.549590534969308,0.003111463631471565
Los Locos del Humor,2014,6,2.9018252709622305,16.549590534969308,0.17534121251100862
Los Locos del Humor,2014,7,0.057947711075274376,16.549590534969308,0.0035014589003172485
Los Locos del Humor,2014,9,1.062840963043704,16.549590534969308,0.06422158667901295
Los Locos del Humor,2014,10,1.163953672723448,16.549590534969308,0.07033126712494864
Los Locos del Humor,2014,11,0.19464217001049539,16.549590534969308,0.0117611471775822
Los Locos del Humor,2014,13,0.1859878238740294,16.549590534969308,0.011238213022916601
Los Locos del Humor,2014,14,0.08280169027364738,16.549590534969308,0.005003247065157732
Los Locos del Humor,2014,15,0.037926017694114925,16.549590534969308,0.0022916589757297737
Los Locos del Humor,2014,17,0.05528627317511988,16.549590534969308,0.0033406429638425136
Los Locos del Humor,2014,18,0.11167097692949338,16.549590534969308,0.006747657997551809
Los Locos del Humor,2014,19,1.303325294243975,16.549590534969308,0.07875272149422953
Los Locos del Humor,2014,21,0.07870298229590691,16.549590534969308,0.004755584866562554
Los Locos del Humor,2014,22,0.12723147838282428,16.549590534969308,0.007687892828162968
Los Locos del Humor,2014,24,3.0,16.549590534969308,0.18127336707581954
Los Locos del Humor,2014,26,0.05825792501663772,16.549590534969308,0.00352020340887218
Los Locos del Humor,2014,27,0.021545357081436584,16.549590534969308,0.0013018664743342872
Los Locos del Humor,2014,29,1.0,16.549590534969308,0.06042445569193985
Los Locos del Humor,2014,30,1.0,16.549590534969308,0.06042445569193985
Los Locos del Humor,2014,31,0.1727792141660743,16.549590534969308,0.010440089970866142
Los Locos del Humor,2014,33,0.05485968189071506,16.549590534969308,0.0033148664176794267
Los Locos del Humor,2014,37,0.04827780262222342,16.549590534969308,0.002917159945450756
Los Locos del Humor,2016,0,2.0990766458166896,20.788228054053672,0.10097429373771821
Los Locos del Humor,2016,2,0.14611986748793834,20.788228054053672,0.007028971738620368
Los Locos del Humor,2016,3,0.14681233415772274,20.788228054053672,0.007062282257823055
Los Locos del Humor,2016,4,0.15382921375902545,20.788228054053672,0.007399823273009986
Los Locos del Humor,2016,6,2.8328346638849253,20.788228054053672,0.13627109807141677
Los Locos del Humor,2016,7,0.09860534038674047,20.788228054053672,0.004743325892440004
Los Locos del Humor,2016,9,2.4456504323043786,20.788228054053672,0.11764593047301503
Los Locos del Humor,2016,10,1.0,20.788228054053672,0.04810414804954968
Los Locos del Humor,2016,11,1.2408391817348399,20.788228054053672,0.05968951170385482
Los Locos del Humor,2016,12,4.0,20.788228054053672,0.19241659219819873
Los Locos del Humor,2016,13,0.11744748921468251,20.788228054053672,0.005649711409230977
Los Locos del Humor,2016,15,0.023498796200337464,20.788228054053672,0.001130389571407229
Los Locos del Humor,2016,16,0.06732340896106653,20.788228054053672,0.0032385352318635243
Los Locos del Humor,2016,19,1.0,20.788228054053672,0.04810414804954968
Los Locos del Humor,2016,20,0.16729664426455493,20.788228054053672,0.008047662543894997
Los Locos del Humor,2016,21,1.0661337906554138,20.788228054053672,0.05128545770631564
Los Locos del Humor,2016,24,0.07175541078282636,20.788228054053672,0.0034517329036533335
Los Locos del Humor,2016,26,2.06806276908575,20.788228054053672,0.0994823976198626
Los Locos del Humor,2016,28,1.0,20.788228054053672,0.04810414804954968
Los Locos del Humor,2016,30,0.026038578488855685,20.788228054053672,0.0012525636346277336
Los Locos del Humor,2016,32,0.016903486867924467,20.788228054053672,0.0008131278348482574
Los Locos del Humor,2016,34,1.0,20.788228054053672,0.04810414804954968
Los Muleros,1976,7,0.06544689556252604,0.06544689556252604,1.0
Lucho Miranda,2024,0,0.18935395810948788,3.7805368161642994,0.05008652668051645
Lucho Miranda,2024,1,0.12835680877449782,3.7805368161642994,0.033952006028796604
Lucho Miranda,2024,5,0.08708949997778656,3.7805368161642994,0.023036278764809605
Lucho Miranda,2024,8,0.03505353714980543,3.7805368161642994,0.00927210574961956
Lucho Miranda,2024,14,0.16865994090315836,3.7805368161642994,0.04461269631921726
Lucho Miranda,2024,15,2.0392799402786164,3.7805368161642994,0.5394154426851085
Lucho Miranda,2024,17,0.029737311842561058,3.7805368161642994,0.007865896640766557
Lucho Miranda,2024,22,1.0,3.7805368161642994,0.26451269981668674
Lucho Miranda,2024,24,0.07100017461004993,3.7805368161642994,0.01878044787356048
Lucho Miranda,2024,37,0.0320056445183361,3.7805368161642994,0.008465899440918223
Lucho Navarro,1992,0,0.1490501646112626,2.323143067530148,0.0641588401052396
Lucho Navarro,1992,3,0.340761675538435,2.323143067530148,0.146681313045742
Lucho Navarro,1992,5,0.03224776946995054,2.323143067530148,0.01388109493585119
Lucho Navarro,1992,7,0.48084092954289726,2.323143067530148,0.20697861283855573
Lucho Navarro,1992,10,0.2287899645256771,2.323143067530148,0.09848294223606098
Lucho Navarro,1992,15,0.09145256384192557,2.323143067530148,0.03936587682443228
Lucho Navarro,1992,36,1.0,2.323143067530148,0.43045132001411823
Luis Slimming,2024,0,4.925084237522204,16.92799547323713,0.2909431447632815
Luis Slimming,2024,1,2.4856931298216387,16.92799547323713,0.14683918918524505
Luis Slimming,2024,2,0.042035426342057314,16.92799547323713,0.0024831898383074714
Luis Slimming,2024,4,0.047940088337738655,16.92799547323713,0.002832000304674651
Luis Slimming,2024,8,0.24787114801053672,16.92799547323713,0.014642675702649896
Luis Slimming,2024,9,0.09713931794583869,16.92799547323713,0.005738382793131903
Luis Slimming,2024,11,0.16479128738256463,16.92799547323713,0.009734837632907974
Luis Slimming,2024,12,0.25053621119822533,16.92799547323713,0.014800110951962316
Luis Slimming,2024,14,0.13089398131336186,16.92799547323713,0.007732396994097913
Luis Slimming,2024,15,2.5050059876776247,16.92799547323713,0.14798007192511342
Luis Slimming,2024,18,0.19701040828638042,16.92799547323713,0.011638141597913971
Luis Slimming,2024,24,1.1836689237464417,16.92799547323713,0.0699237500162262
Luis Slimming,2024,27,1.3166268195370905,16.92799547323713,0.07777807015713438
Luis Slimming,2024,28,1.0,16.92799547323713,0.05907373980463209
Luis Slimming,2024,29,0.2895117050334707,16.92799547323713,0.017102539133542642
Luis Slimming,2024,30,1.0,16.92799547323713,0.05907373980463209
Luis Slimming,2024,33,0.0441868010819543,16.92799547323713,0.0026102795899144043
Luis Slimming,2024,37,1.0,16.92799547323713,0.05907373980463209
Manpoval,2009,2,1.0923231308653347,4.74025799031007,0.23043537569014963
Manpoval,2009,5,0.09919263469985995,4.74025799031007,0.020925577237067543
Manpoval,2009,7,0.35620491176648267,4.74025799031007,0.07514462556566094
Manpoval,2009,17,0.040989326370267684,4.74025799031007,0.00864706656347759
Manpoval,2009,19,1.151547986608125,4.74025799031007,0.24292939096608113
Manpoval,2009,32,2.0,4.74025799031007,0.42191796397756315
Mauricio Palma,2019,0,3.3282914517084543,15.274973847827459,0.21789179378410742
Mauricio Palma,2019,1,0.16248156534359603,15.274973847827459,0.010637109232544158
Mauricio Palma,2019,2,0.42643636271119745,15.274973847827459,0.027917321951542912
Mauricio Palma,2019,3,1.076671707784482,15.274973847827459,0.07048599352840239
Mauricio Palma,2019,4,0.24619629362264664,15.274973847827459,0.016117624558660885
Mauricio Palma,2019,7,0.6022921230967679,15.274973847827459,0.03942999373333993
Mauricio Palma,2019,8,0.5571089267631245,15.274973847827459,0.03647200527563335
Mauricio Palma,2019,10,0.044146625600674665,15.274973847827459,0.002890127737073251
Mauricio Palma,2019,11,0.3556555131653988,15.274973847827459,0.023283543180401794
Mauricio Palma,2019,12,1.144994659325295,15.274973847827459,0.07495886217102403
Mauricio Palma,2019,13,0.1871599952061257,15.274973847827459,0.01225272115492003
Mauricio Palma,2019,20,1.0,15.274973847827459,0.065466560529806
Mauricio Palma,2019,21,1.3347394951193563,15.274973847827459,0.08738080394875404
Mauricio Palma,2019,22,0.08943573764200949,15.274973847827459,0.005855050131868463
Mauricio Palma,2019,24,0.06250212232848472,15.274973847827459,0.004091798974659084
Mauricio Palma,2019,25,2.3285822823390725,15.274973847827459,0.1524442729353847
Mauricio Palma,2019,26,1.0,15.274973847827459,0.065466560529806
Mauricio Palma,2019,27,0.011805924936924181,15.274973847827459,0.000772893299493493
Mauricio Palma,2019,28,0.0627416253301336,15.274973847827459,0.0041074784124136
Mauricio Palma,2019,29,0.03448948472360944,15.274973847827459,0.0022579079392999967
Mauricio Palma,2019,31,0.10454110203747405,15.274973847827459,0.00684394638438892
Mauricio Palma,2019,33,0.05653311274849736,15.274973847827459,0.0037010284476878493
Mauricio Palma,2019,35,1.0,15.274973847827459,0.065466560529806
Mauricio Palma,2019,37,0.05816773629413478,15.274973847827459,0.0038080416289817676
Melón y Melame,1998,0,0.2307753930411393,3.355862276934732,0.06876783788991817
Melón y Melame,1998,1,0.0485536668571159,3.355862276934732,0.014468313312745706
Melón y Melame,1998,3,0.022872916204902633,3.355862276934732,0.0068158089687145665
Melón y Melame,1998,8,0.011078878568986096,3.355862276934732,0.0033013507869892743
Melón y Melame,1998,13,1.254252317233114,3.355862276934732,0.3737496398030841
Melón y Melame,1998,15,0.0670447630678982,3.355862276934732,0.0199784012379487
Melón y Melame,1998,16,0.003253153537910826,3.355862276934732,0.0009693942329725995
Melón y Melame,1998,19,0.27154990837504683,3.355862276934732,0.08091807290228918
Melón y Melame,1998,24,0.06680509967029567,3.355862276934732,0.019906984899069193
Melón y Melame,1998,28,0.06642030724761382,3.355862276934732,0.019792322141504146
Melón y Melame,1998,32,1.0697466216683214,3.355862276934732,0.31876952430998906
Melón y Melame,1998,35,0.06719630457685082,3.355862276934732,0.0200235584870987
Melón y Melame,1998,36,0.05434583518843592,3.355862276934732,0.016194298425761318
Melón y Melame,1998,37,0.12196711169710078,3.355862276934732,0.03634449260191523
Melón y Melame,1999,1,0.12799588557653108,15.298276462222939,0.008366686658631115
Melón y Melame,1999,6,0.05087958078590272,15.298276462222939,0.0033258374504829408
Melón y Melame,1999,9,1.0,15.298276462222939,0.06536684066792538
Melón y Melame,1999,10,0.004924028146751042,15.298276462222939,0.0003218681633130553
Melón y Melame,1999,13,1.1151813964687016,15.298276462222939,0.07289588465880414
Melón y Melame,1999,16,1.0,15.298276462222939,0.06536684066792538
Melón y Melame,1999,17,2.092939643303088,15.298276462222939,0.13680885219137753
Melón y Melame,1999,19,1.1798040984138125,15.298276462222939,0.07712006652038103
Melón y Melame,1999,20,2.0,15.298276462222939,0.13073368133585075
Melón y Melame,1999,21,1.0891252467936783,15.298276462222939,0.07119267647457728
Melón y Melame,1999,22,0.048582311812461657,15.298276462222939,0.00317567223552465
Melón y Melame,1999,23,0.07665243614954964,15.298276462222939,0.005010527580595935
Melón y Melame,1999,24,1.0,15.298276462222939,0.06536684066792538
Melón y Melame,1999,25,0.30202054884630275,15.298276462222939,0.019742129094875646
Melón y Melame,1999,26,2.1102065380925867,15.298276462222939,0.13793753455191252
Melón y Melame,1999,31,0.09996474783357318,15.298276462222939,0.006534379744046517
Melón y Melame,1999,32,1.0,15.298276462222939,0.06536684066792538
Melón y Melame,1999,37,1.0,15.298276462222939,0.06536684066792538
Memo Bunke,2000,0,1.4995132784343599,14.365242767150173,0.10438481985583865
Memo Bunke,2000,1,0.47443860051918696,14.365242767150173,0.03302684181600558
Memo Bunke,2000,3,0.335883295848683,14.365242767150173,0.023381665126938657
Memo Bunke,2000,12,0.2335306399970119,14.365242767150173,0.01625664416413761
Memo Bunke,2000,13,1.0,14.365242767150173,0.06961246783011266
Memo Bunke,2000,22,1.0,14.365242767150173,0.06961246783011266
Memo Bunke,2000,29,0.16521414230602913,14.365242767150173,0.011500964166358109
Memo Bunke,2000,31,6.183148261275447,14.365242767150173,0.43042420942685405
Memo Bunke,2000,35,3.473514548769455,14.365242767150173,0.241799919783642
Memo Bunke y Natalia Cuevas,2001,0,1.22294621938198,3.9918800140023682,0.3063584614498021
Memo Bunke y Natalia Cuevas,2001,1,0.005257379291709114,3.9918800140023682,0.0013170183655991006
Memo Bunke y Natalia Cuevas,2001,8,0.05733015545919488,3.9918800140023682,0.01436169305141867
Memo Bunke y Natalia Cuevas,2001,12,1.331199787086578,3.9918800140023682,0.3334769037188271
Memo Bunke y Natalia Cuevas,2001,25,0.09178483571539696,3.9918800140023682,0.022992884403700044
Memo Bunke y Natalia Cuevas,2001,26,1.0766942058862714,3.9918800140023682,0.26972108432857134
Memo Bunke y Natalia Cuevas,2001,29,0.20666743118123782,3.9918800140023682,0.05177195468208159
Millenium Show,2001,0,1.1243987026210993,6.411633262945794,0.17536853037419356
Millenium Show,2001,6,0.1281593816275435,6.411633262945794,0.019988570208499618
Millenium Show,2001,7,2.705938539942819,6.411633262945794,0.42203576358320727
Millenium Show,2001,19,1.0,6.411633262945794,0.15596650010836002
Millenium Show,2001,20,1.0973083959326988,6.411633262945794,0.17114335005314163
Millenium Show,2001,25,0.22601285879424016,6.411633262945794,0.035250434565622615
Millenium Show,2001,29,0.12981538402739368,6.411633262945794,0.020246851106975296
Nancho Parra,2013,17,1.0,1.0,1.0
Natalia Cuevas,2003,7,0.08281023591751423,0.7276199728435998,0.11380973448802524
Natalia Cuevas,2003,8,0.20115276558225192,0.7276199728435998,0.2764530566638105
Natalia Cuevas,2003,13,0.11439472587122873,0.7276199728435998,0.1572176825000619
Natalia Cuevas,2003,20,0.12290144649786551,0.7276199728435998,0.1689088412699233
Natalia Cuevas,2003,27,0.04279333021163717,0.7276199728435998,0.058812748149830535
Natalia Cuevas,2003,29,0.16356746876310224,0.7276199728435998,0.22479793692834857
Natalia Cuevas,2004,3,0.1903781685789755,0.6300143381197859,0.30218069186669605
Natalia Cuevas,2004,8,0.3523476792665473,0.6300143381197859,0.5592693022163485
Natalia Cuevas,2004,24,0.08728849027426314,0.6300143381197859,0.1385500059169555
Natalia Valdebenito,2016,0,0.17766348408238922,11.777544835630499,0.015084933792389862
Natalia Valdebenito,2016,1,0.2754349971168328,11.777544835630499,0.023386452861003916
Natalia Valdebenito,2016,3,1.9445775575303887,11.777544835630499,0.1651089072187164
Natalia Valdebenito,2016,4,0.03286599807801553,11.777544835630499,0.0027905644628570063
Natalia Valdebenito,2016,5,0.2458216418486971,11.777544835630499,0.02087206164607543
Natalia Valdebenito,2016,8,0.1176105340273656,11.777544835630499,0.009985997563054018
Natalia Valdebenito,2016,10,0.23239238427198833,11.777544835630499,0.019731819111308647
Natalia Valdebenito,2016,11,0.12224995844118583,11.777544835630499,0.010379918747695543
Natalia Valdebenito,2016,14,0.11736454459765565,11.777544835630499,0.009965111254987013
Natalia Valdebenito,2016,18,3.1353961720564514,11.777544835630499,0.2662181478240665
Natalia Valdebenito,2016,20,0.13703679853077144,11.777544835630499,0.011635430002031941
Natalia Valdebenito,2016,21,2.0,11.777544835630499,0.16981467936758926
Natalia Valdebenito,2016,23,0.03215839153076517,11.777544835630499,0.0027304834733871425
Natalia Valdebenito,2016,26,0.0516790632958098,11.777544835630499,0.004387931781797646
Natalia Valdebenito,2016,27,3.150230121060436,11.777544835630499,0.26747765897099995
Natalia Valdebenito,2016,30,0.00506318916174532,11.777544835630499,0.00042990192203961735
Palta Meléndez,1991,0,4.378997792197094,18.603086890670646,0.23539092291146255
Palta Meléndez,1991,1,1.040326651541145,18.603086890670646,0.0559222594430209
Palta Meléndez,1991,2,1.0,18.603086890670646,0.05375451965993316
Palta Meléndez,1991,4,0.1330399890192768,18.603086890670646,0.007151500705294006
Palta Meléndez,1991,7,0.042419791197489454,18.603086890670646,0.002280255499895706
Palta Meléndez,1991,9,1.161656106034878,18.603086890670646,0.062444265989933245
Palta Meléndez,1991,10,1.3413994552353228,18.603086890670646,0.07210628338827078
Palta Meléndez,1991,11,0.261608086687625,18.603086890670646,0.014062617039047433
Palta Meléndez,1991,12,1.0,18.603086890670646,0.05375451965993316
Palta Meléndez,1991,15,1.0666804711495044,18.603086890670646,0.057338896357272795
Palta Meléndez,1991,16,0.23932796838444576,18.603086890670646,0.01286495998169355
Palta Meléndez,1991,18,0.18739754026762076,18.603086890670646,0.010073464762538935
Palta Meléndez,1991,19,0.06474456477393628,18.603086890670646,0.0034803129800143736
Palta Meléndez,1991,21,1.0,18.603086890670646,0.05375451965993316
Palta Meléndez,1991,22,0.06536723392138426,18.603086890670646,0.0035137842609424996
Palta Meléndez,1991,23,0.4467329746792703,18.603086890670646,0.024013916470137255
Palta Meléndez,1991,26,3.0,18.603086890670646,0.16126355897979947
Palta Meléndez,1991,28,1.0,18.603086890670646,0.05375451965993316
Palta Meléndez,1991,32,0.11993815339135641,18.603086890670646,0.006447217824451746
Palta Meléndez,1991,33,0.05345011219029806,18.603086890670646,0.00287318510655901
Palta Meléndez,1991,36,1.0,18.603086890670646,0.05375451965993316
Palta Meléndez,1997,0,0.5733572328181522,7.305966915361315,0.07847793994421572
Palta Meléndez,1997,1,0.07875637274605332,7.305966915361315,0.010779733012541084
Palta Meléndez,1997,2,0.11174578888120279,7.305966915361315,0.015295140284066892
Palta Meléndez,1997,6,0.3506869110615299,7.305966915361315,0.04800006831733466
Palta Meléndez,1997,7,1.1182939422228217,7.305966915361315,0.15306583716818223
Palta Meléndez,1997,8,0.15129479939241525,7.305966915361315,0.020708388245545866
Palta Meléndez,1997,9,0.06352318070812236,7.305966915361315,0.008694698654405395
Palta Meléndez,1997,10,0.04883649966891655,7.305966915361315,0.006684467673434756
Palta Meléndez,1997,13,1.0254142641422006,7.305966915361315,0.1403529848987126
Palta Meléndez,1997,15,0.3532265748583001,7.305966915361315,0.048347683332046865
Palta Meléndez,1997,17,1.0,7.305966915361315,0.13687442217914084
Palta Meléndez,1997,18,0.13536293469389488,7.305966915361315,0.01852772347069964
Palta Meléndez,1997,27,0.09892980128452068,7.305966915361315,0.013540959387115994
Palta Meléndez,1997,32,0.14958021827773046,7.305966915361315,0.020473705946194118
Palta Meléndez,1997,33,0.04695839460545403,7.305966915361315,0.006427403128081604
Palta Meléndez,1997,36,2.0,7.305966915361315,0.2737488443582817
Palta Meléndez,2004,0,0.26933749875404933,4.586878484027569,0.058719126676657456
Palta Meléndez,2004,2,0.06311449196470356,4.586878484027569,0.013759791584730419
Palta Meléndez,2004,6,0.8046323695288855,4.586878484027569,0.17542046782594675
Palta Meléndez,2004,7,0.061801563498142566,4.586878484027569,0.013473555864483441
Palta Meléndez,2004,9,0.07605105386303891,4.586878484027569,0.0165801326823599
Palta Meléndez,2004,10,1.0,4.586878484027569,0.21801318772280553
Palta Meléndez,2004,14,0.02641638875435926,4.586878484027569,0.005759121120462735
Palta Meléndez,2004,18,1.0,4.586878484027569,0.21801318772280553
Palta Meléndez,2004,19,0.14993533360231015,4.586878484027569,0.03268788003092191
Palta Meléndez,2004,21,0.08271203701097764,4.586878484027569,0.018032314851809908
Palta Meléndez,2004,34,0.05287774705110165,4.586878484027569,0.01152804619421085
Palta Meléndez,2004,36,1.0,4.586878484027569,0.21801318772280553
Palta Meléndez,2007,0,1.439237543377775,13.604153977604563,0.10579397629187949
Palta Meléndez,2007,1,0.017753072538623373,13.604153977604563,0.0013049743900171112
Palta Meléndez,2007,3,3.0129715325903943,13.604153977604563,0.22147437742548415
Palta Meléndez,2007,4,0.03836283719788626,13.604153977604563,0.0028199355330026364
Palta Meléndez,2007,7,0.15951001462031483,13.604153977604563,0.011725096237730291
Palta Meléndez,2007,9,0.7163978504793388,13.604153977604563,0.0526602280199627
Palta Meléndez,2007,10,1.1862195566072364,13.604153977604563,0.08719539330119429
Palta Meléndez,2007,15,2.0723599564021162,13.604153977604563,0.15233288007572376
Palta Meléndez,2007,25,0.0038149236575262184,13.604153977604563,0.0002804234400615006
Palta Meléndez,2007,28,3.890440682328432,13.604153977604563,0.2859744669703794
Palta Meléndez,2007,29,1.0,13.604153977604563,0.0735069598334612
Palta Meléndez,2007,36,0.06708600780491979,13.604153977604563,0.004931288481103503
Pam Pam,2025,0,0.16258153672849643,12.929735313316609,0.01257423549583805
Pam Pam,2025,1,1.8947400624702495,12.929735313316609,0.14654128770283614
Pam Pam,2025,3,2.132134458565246,12.929735313316609,0.16490163231487928
Pam Pam,2025,10,0.060235658611302215,12.929735313316609,0.004658692320581709
Pam Pam,2025,13,0.06713934853881875,12.929735313316609,0.005192631319348859
Pam Pam,2025,14,2.2360598844613824,12.929735313316609,0.1729393394587449
Pam Pam,2025,16,0.04430316215321711,12.929735313316609,0.003426455459423701
Pam Pam,2025,17,2.084134833014616,12.929735313316609,0.16118928829642176
Pam Pam,2025,19,0.24840636877327954,12.929735313316609,0.019212022733167675
Pam Pam,2025,25,1.0,12.929735313316609,0.07734110372468946
Pam Pam,2025,35,2.0,12.929735313316609,0.1546822074493789
Pam Pam,2025,37,1.0,12.929735313316609,0.07734110372468946
Pamela Leiva,2023,0,1.058309339345073,12.95282892062745,0.08170488051916673
Pamela Leiva,2023,1,0.434191929219499,12.95282892062745,0.03352101165545744
Pamela Leiva,2023,2,2.117753322999676,12.95282892062745,0.16349735922375552
Pamela Leiva,2023,3,1.1403576745297521,12.95282892062745,0.088039275552673
Pamela Leiva,2023,5,0.16652759765728758,12.95282892062745,0.012856465462312366
Pamela Leiva,2023,6,1.0,12.95282892062745,0.07720321221933955
Pamela Leiva,2023,8,1.1224902522775868,12.95282892062745,0.08665985316072654
Pamela Leiva,2023,10,0.20622506519301684,12.95282892062745,0.015921237473043616
Pamela Leiva,2023,12,0.11310312602114331,12.95282892062745,0.008731924640881033
Pamela Leiva,2023,13,0.1045226318253789,12.95282892062745,0.008069482926538621
Pamela Leiva,2023,14,1.1090540875655968,12.95282892062745,0.08562253808505277
Pamela Leiva,2023,15,0.03839301357746365,12.95282892062745,0.0029640639749609113
Pamela Leiva,2023,16,0.22668009748737036,12.95282892062745,0.017500431672218035
Pamela Leiva,2023,20,0.07769326137119661,12.95282892062745,0.005998169345653109
Pamela Leiva,2023,21,0.07501352706407192,12.95282892062745,0.0057912852492487165
Pamela Leiva,2023,23,0.047418854002378594,12.95282892062745,0.0036608878487435137
Pamela Leiva,2023,24,0.22878987396720404,12.95282892062745,0.017663313193526004
Pamela Leiva,2023,25,1.0,12.95282892062745,0.07720321221933955
Pamela Leiva,2023,27,0.30435675621880376,12.95282892062745,0.023497319240750103
Pamela Leiva,2023,28,0.004087911333930471,12.95282892062745,0.00031559988624727756
Pamela Leiva,2023,30,0.2396269136761338,12.95282892062745,0.01849996747000392
Pamela Leiva,2023,34,0.07488969063327608,12.95282892062745,0.005781724679001499
Pamela Leiva,2023,35,1.0,12.95282892062745,0.07720321221933955
Pamela Leiva,2023,37,1.0633439946616101,12.95282892062745,0.08209357208202056
Pancho del Sur,1997,0,1.4995309024773058,10.927076331519228,0.13723075203125457
Pancho del Sur,1997,1,0.24688645871371348,10.927076331519228,0.02259400879277907
Pancho del Sur,1997,5,0.07211924638256191,10.927076331519228,0.006600049655966386
Pancho del Sur,1997,15,0.09720236721869904,10.927076331519228,0.008895551222454457
Pancho del Sur,1997,17,1.0819515487819573,10.927076331519228,0.09901564846408738
Pancho del Sur,1997,18,1.0,10.927076331519228,0.09151578790709945
Pancho del Sur,1997,19,3.6931596575620014,10.927076331519228,0.33798241592850015
Pancho del Sur,1997,21,0.04575713311910591,10.927076331519228,0.0041875000897650125
Pancho del Sur,1997,24,1.0,10.927076331519228,0.09151578790709945
Pancho del Sur,1997,26,1.0,10.927076331519228,0.09151578790709945
Pancho del Sur,1997,32,1.1904690172638834,10.927076331519228,0.10894671009389467
"Paul Vásquez ""El Flaco""",2020,0,1.3633968286564595,16.16580095217312,0.08433834071631212
"Paul Vásquez ""El Flaco""",2020,1,0.12155932616283886,16.16580095217312,0.007519536243361823
"Paul Vásquez ""El Flaco""",2020,2,0.04628585640041155,16.16580095217312,0.0028631959862273
"Paul Vásquez ""El Flaco""",2020,3,1.1101030666574911,16.16580095217312,0.06866984629723918
"Paul Vásquez ""El Flaco""",2020,4,1.0,16.16580095217312,0.06185898261141047
"Paul Vásquez ""El Flaco""",2020,5,0.5322657315005432,16.16580095217312,0.03292541662954178
"Paul Vásquez ""El Flaco""",2020,8,2.037599030170498,16.16580095217312,0.12604380297634366
"Paul Vásquez ""El Flaco""",2020,9,2.1054085138695586,16.16580095217312,0.1302384286493726
"Paul Vásquez ""El Flaco""",2020,12,0.05958955329235062,16.16580095217312,0.003686149140933235
"Paul Vásquez ""El Flaco""",2020,13,0.08996455213908057,16.16580095217312,0.005565115666414716
"Paul Vásquez ""El Flaco""",2020,14,0.06249433633634939,16.16580095217312,0.0038658360647418747
"Paul Vásquez ""El Flaco""",2020,16,1.0,16.16580095217312,0.06185898261141047
"Paul Vásquez ""El Flaco""",2020,17,2.0,16.16580095217312,0.12371796522282094
"Paul Vásquez ""El Flaco""",2020,18,0.14438530044692138,16.16580095217312,0.008931527789689387
"Paul Vásquez ""El Flaco""",2020,20,0.21141159263950515,16.16580095217312,0.013077706032937744
"Paul Vásquez ""El Flaco""",2020,21,0.15174384782927094,16.16580095217312,0.009386720044259389
"Paul Vásquez ""El Flaco""",2020,23,1.0,16.16580095217312,0.06185898261141047
"Paul Vásquez ""El Flaco""",2020,26,0.04185785183539621,16.16580095217312,0.00258928412883677
"Paul Vásquez ""El Flaco""",2020,29,2.0,16.16580095217312,0.12371796522282094
"Paul Vásquez ""El Flaco""",2020,36,0.087735564236447,16.16580095217312,0.005427232742504662
"Paul Vásquez ""El Flaco""",2020,37,1.0,16.16580095217312,0.06185898261141047
Paulo Iglesias,1995,1,0.07601950462690742,11.728175223665874,0.006481784521219492
Paulo Iglesias,1995,2,1.31186123203031,11.728175223665874,0.11185552799238122
Paulo Iglesias,1995,3,0.25101485769579457,11.728175223665874,0.021402720620108104
Paulo Iglesias,1995,6,1.0,11.728175223665874,0.08526475610478049
Paulo Iglesias,1995,7,1.0950518538419534,11.728175223665874,0.09336932923992187
Paulo Iglesias,1995,8,1.197991926419583,11.728175223665874,0.10214648942166188
Paulo Iglesias,1995,9,1.124656227626107,11.728175223665874,0.0958935389502625
Paulo Iglesias,1995,10,0.22176129968033548,11.728175223665874,0.01890842313072294
Paulo Iglesias,1995,11,1.135268261537154,11.728175223665874,0.09679837143346359
Paulo Iglesias,1995,12,0.04110753913597755,11.728175223665874,0.0035050242984968442
Paulo Iglesias,1995,14,1.0,11.728175223665874,0.08526475610478049
Paulo Iglesias,1995,17,0.02261036819281789,11.728175223665874,0.0019278675293999035
Paulo Iglesias,1995,18,1.0,11.728175223665874,0.08526475610478049
Paulo Iglesias,1995,21,0.03441763608570613,11.728175223665874,0.002934611346550825
Paulo Iglesias,1995,22,0.06496592016009793,11.728175223665874,0.005539303337573392
Paulo Iglesias,1995,25,0.15144859663312957,11.728175223665874,0.012913227654335072
Paulo Iglesias,1995,31,1.0,11.728175223665874,0.08526475610478049
Paulo Iglesias,1995,34,1.0,11.728175223665874,0.08526475610478049
Paulo Iglesias,2005,0,1.5197625810354816,23.69027624618998,0.06415132374321297
Paulo Iglesias,2005,1,1.8881203860153735,23.69027624618998,0.07970022664125889
Paulo Iglesias,2005,2,2.4484151316660263,23.69027624618998,0.10335105873068051
Paulo Iglesias,2005,3,1.4849241739926229,23.69027624618998,0.0626807454063115
Paulo Iglesias,2005,4,0.12226937295863674,23.69027624618998,0.005161162820053686
Paulo Iglesias,2005,5,2.5239260026721775,23.69027624618998,0.1065384791820691
Paulo Iglesias,2005,6,0.1236311649391211,23.69027624618998,0.005218645981766643
Paulo Iglesias,2005,10,0.24575983454678282,23.69027624618998,0.010373869514768003
Paulo Iglesias,2005,11,2.0390064420057117,23.69027624618998,0.08606934004552343
Paulo Iglesias,2005,14,7.2251974818378555,23.69027624618998,0.3049857843257466
Paulo Iglesias,2005,18,1.0,23.69027624618998,0.042211411534756854
Paulo Iglesias,2005,26,1.0,23.69027624618998,0.042211411534756854
Paulo Iglesias,2005,31,1.0,23.69027624618998,0.042211411534756854
Paulo Iglesias,2005,33,1.0,23.69027624618998,0.042211411534756854
Paulo Iglesias,2005,36,0.06926367452019297,23.69027624618998,0.0029237174695813176
Payahop,2014,0,0.5071354938013102,9.881534209774673,0.051321533988078386
Payahop,2014,1,1.0494467961673126,9.881534209774673,0.10620281971287564
Payahop,2014,4,0.8769628483738705,9.881534209774673,0.08874764077691412
Payahop,2014,5,1.0,9.881534209774673,0.10119886029548067
Payahop,2014,8,0.03083894549394433,9.881534209774673,0.0031208661367016152
Payahop,2014,9,0.016458773683317343,9.881534209774673,0.0016656091386129655
Payahop,2014,10,0.1261517355131375,9.881534209774673,0.012766411858226428
Payahop,2014,12,0.27939330858833666,9.881534209774673,0.0282742844033232
Payahop,2014,13,2.208896041297059,9.881534209774673,0.22353776189046135
Payahop,2014,17,0.08270674114886845,9.881534209774673,0.008369827943018819
Payahop,2014,18,0.03892280216477863,9.881534209774673,0.003938943218582065
Payahop,2014,20,0.09971717120186567,9.881534209774673,0.010091264077518132
Payahop,2014,21,0.044497433283840766,9.881534209774673,0.004503089534398873
Payahop,2014,22,2.04158425424232,9.881534209774673,0.2066059997265216
Payahop,2014,25,1.0,9.881534209774673,0.10119886029548067
Payahop,2014,26,0.1807253544837732,9.881534209774673,0.01828919990025458
Payahop,2014,31,0.15804405713278075,9.881534209774673,0.015993878458311243
Payahop,2014,35,0.0564548219043674,9.881534209774673,0.005713163634906319
Payahop,2014,36,0.08359763129378975,9.881534209774673,0.008459985010333331
Pedro Ruminot,2016,0,12.135801917038524,20.282597429048867,0.5983356894742461
Pedro Ruminot,2016,2,0.10560617265035672,20.282597429048867,0.005206738092583097
Pedro Ruminot,2016,3,0.5529087168229606,20.282597429048867,0.027260251984841014
Pedro Ruminot,2016,4,0.24069741833833402,20.282597429048867,0.011867189060983167
Pedro Ruminot,2016,5,0.021485241305305384,20.282597429048867,0.001059294371959189
Pedro Ruminot,2016,8,1.0798458226655474,20.282597429048867,0.05324001654339327
Pedro Ruminot,2016,9,2.0337752834398044,20.282597429048867,0.10027193462544488
Pedro Ruminot,2016,11,0.14800995489833482,20.282597429048867,0.00729738661017617
Pedro Ruminot,2016,14,1.0,20.282597429048867,0.04930335000229278
Pedro Ruminot,2016,15,0.3696865930295591,20.282597429048867,0.01822678748729152
Pedro Ruminot,2016,16,1.0,20.282597429048867,0.04930335000229278
Pedro Ruminot,2016,25,0.21694318748190716,20.282597429048867,0.010696025903033491
Pedro Ruminot,2016,26,1.0,20.282597429048867,0.04930335000229278
Pedro Ruminot,2016,27,0.07553408098415412,20.282597429048867,0.003724083231863278
Pedro Ruminot,2016,28,0.28132635343801465,20.282597429048867,0.01387033166842316
Pedro Ruminot,2016,35,0.020976686956064163,20.282597429048867,0.001034220938883361
Pedro Ruminot,2020,0,5.049915832893271,26.354276264919925,0.19161656279725633
Pedro Ruminot,2020,1,2.764132006358973,26.354276264919925,0.1048836241440748
Pedro Ruminot,2020,2,0.19135743419083923,26.354276264919925,0.00726096335438186
Pedro Ruminot,2020,4,0.23658487640730755,26.354276264919925,0.008977096317466505
Pedro Ruminot,2020,5,0.15795123594107838,26.354276264919925,0.0059933816566735566
Pedro Ruminot,2020,7,0.5376193369791012,26.354276264919925,0.02039970028297549
Pedro Ruminot,2020,9,3.3833346929265233,26.354276264919925,0.1283789643440168
Pedro Ruminot,2020,11,0.11466965376187502,26.354276264919925,0.004351083391901426
Pedro Ruminot,2020,12,1.2798846855882196,26.354276264919925,0.0485645924298012
Pedro Ruminot,2020,14,0.00737389871850956,26.354276264919925,0.00027979894588586854
Pedro Ruminot,2020,15,0.05569301422782691,26.354276264919925,0.0021132439255013677
Pedro Ruminot,2020,16,1.0881562350958545,26.354276264919925,0.04128955104505355
Pedro Ruminot,2020,18,2.0,26.354276264919925,0.07588901246596524
Pedro Ruminot,2020,21,1.0,26.354276264919925,0.03794450623298262
Pedro Ruminot,2020,22,2.0,26.354276264919925,0.07588901246596524
Pedro Ruminot,2020,24,1.043057281375069,26.354276264919925,0.03957829351449421
Pedro Ruminot,2020,25,2.0742706637823383,26.354276264919925,0.07870717613078193
Pedro Ruminot,2020,26,0.0515557202028064,26.354276264919925,0.0019562563465812957
Pedro Ruminot,2020,27,2.01269050638003,26.354276264919925,0.076370547464402
Pedro Ruminot,2020,29,0.19638557831772108,26.354276264919925,0.007451753800544664
Pedro Ruminot,2020,36,0.10964361177258067,26.354276264919925,0.004160372710311414
Pedro Ruminot,2020,37,1.0,26.354276264919925,0.03794450623298262
Pedro Ruminot,2025,0,9.408077359536396,22.09104678203858,0.4258773906171689
Pedro Ruminot,2025,1,0.07101526541288608,22.09104678203858,0.0032146627596943934
Pedro Ruminot,2025,2,0.1522334273461131,22.09104678203858,0.00689118215393435
Pedro Ruminot,2025,4,0.3148486606014781,22.09104678203858,0.014252319670857336
Pedro Ruminot,2025,7,0.5698657825206987,22.09104678203858,0.025796232661280488
Pedro Ruminot,2025,8,2.401096294153428,22.09104678203858,0.10869092432983628
Pedro Ruminot,2025,9,1.1158741254735585,22.09104678203858,0.050512505653685674
Pedro Ruminot,2025,10,1.0425087400485862,22.09104678203858,0.04719145952360265
Pedro Ruminot,2025,11,0.18860393321219926,22.09104678203858,0.008537573392200962
Pedro Ruminot,2025,12,0.18570386769700373,22.09104678203858,0.008406295524573908
Pedro Ruminot,2025,14,0.030334442349051152,22.09104678203858,0.0013731554981683792
Pedro Ruminot,2025,16,0.07024002051719362,22.09104678203858,0.00317956958808775
Pedro Ruminot,2025,19,0.05159525097597596,22.09104678203858,0.0023355729352728624
Pedro Ruminot,2025,24,2.0,22.09104678203858,0.09053441512903439
Pedro Ruminot,2025,25,0.09889711210043399,22.09104678203858,0.004476796100981671
Pedro Ruminot,2025,27,0.032016108801855764,22.09104678203858,0.0014492798425417709
Pedro Ruminot,2025,28,2.0193589336288507,22.09104678203858,0.09141073999583929
Pedro Ruminot,2025,29,1.2045377507615247,22.09104678203858,0.05452606038301862
Pedro Ruminot,2025,30,0.09607451583269068,22.09104678203858,0.004349025049858903
Pedro Ruminot,2025,35,1.0,22.09104678203858,0.045267207564517194
Pedro Ruminot,2025,37,0.03816519106865315,22.09104678203858,0.00172763162584418
Piña Colada,1993,0,1.3770268978784999,1.7300184899141116,0.7959607980530102
Piña Colada,1993,2,0.10328806178836666,1.7300184899141116,0.059703443859432104
Piña Colada,1993,10,0.11146603904707858,1.7300184899141116,0.06443054782183999
Piña Colada,1993,12,0.07539894787119403,1.7300184899141116,0.04358274105783533
Piña Colada,1993,23,0.06283854332897236,1.7300184899141116,0.036322469207882305
Profesor Salomón y Tutu-Tutu,2008,0,1.6275742399746287,13.998191268684433,0.11627032441081869
Profesor Salomón y Tutu-Tutu,2008,3,0.059857805130256445,13.998191268684433,0.00427610996173236
Profesor Salomón y Tutu-Tutu,2008,5,0.07962208410529058,13.998191268684433,0.005688026586935868
Profesor Salomón y Tutu-Tutu,2008,6,2.1013213927896777,13.998191268684433,0.1501137791630677
Profesor Salomón y Tutu-Tutu,2008,7,2.1972476051273544,13.998191268684433,0.15696653681557063
Profesor Salomón y Tutu-Tutu,2008,8,0.23979265926023197,13.998191268684433,0.01713026023559742
Profesor Salomón y Tutu-Tutu,2008,9,2.7148105931438944,13.998191268684433,0.1939400984766681
Profesor Salomón y Tutu-Tutu,2008,12,0.09269461891585155,13.998191268684433,0.006621899725232366
Profesor Salomón y Tutu-Tutu,2008,13,0.163126336207225,13.998191268684433,0.011653386718051025
Profesor Salomón y Tutu-Tutu,2008,16,0.018158797805911966,13.998191268684433,0.0012972245811882347
Profesor Salomón y Tutu-Tutu,2008,20,4.2500644938311325,13.998191268684433,0.3036152608758116
Profesor Salomón y Tutu-Tutu,2008,26,0.05355212222018106,13.998191268684433,0.0038256458418298176
Profesor Salomón y Tutu-Tutu,2008,27,0.05856263019726315,13.998191268684433,0.0041835855128136805
Profesor Salomón y Tutu-Tutu,2008,29,0.2353552438394427,13.998191268684433,0.016813261036514017
Profesor Salomón y Tutu-Tutu,2008,30,0.016823917093805943,13.998191268684433,0.0012018636387290252
Profesor Salomón y Tutu-Tutu,2008,35,0.08962672904228437,13.998191268684433,0.0064027364194393956
Pujillay,1990,0,0.5392154126839837,14.723481829072782,0.036622819177136244
Pujillay,1990,2,1.0812293612077373,14.723481829072782,0.07343571131882384
Pujillay,1990,3,0.12788375996568344,14.723481829072782,0.008685700940192418
Pujillay,1990,5,1.1044552190665804,14.723481829072782,0.07501318179275629
Pujillay,1990,6,0.6201878053729717,14.723481829072782,0.042122360225171566
Pujillay,1990,7,3.108407990768566,14.723481829072782,0.21111908357374728
Pujillay,1990,8,0.11947112655933453,14.723481829072782,0.008114325670129773
Pujillay,1990,10,0.09168666367973045,14.723481829072782,0.006227240590516249
Pujillay,1990,12,0.38965570962876245,14.723481829072782,0.026464915986064774
Pujillay,1990,15,0.170815343585143,14.723481829072782,0.011601559031224081
Pujillay,1990,16,0.04019977331846575,14.723481829072782,0.002730317039485038
Pujillay,1990,17,1.0,14.723481829072782,0.06791871729860895
Pujillay,1990,19,0.17672079346587505,14.723481829072782,0.012002649612194626
Pujillay,1990,21,0.10309345728950266,14.723481829072782,0.007001975380981946
Pujillay,1990,32,5.0,14.723481829072782,0.3395935864930447
Pujillay,1990,33,0.050459412480445026,14.723481829072782,0.0034271385713132456
Pujillay,1990,36,1.0,14.723481829072782,0.06791871729860895
Ricardo Meruane,2011,1,0.27883636511604354,3.601371638205718,0.0774250461013143
Ricardo Meruane,2011,2,0.5483082628940936,3.601371638205718,0.15224984199833172
Ricardo Meruane,2011,4,0.4871820479192981,3.601371638205718,0.1352768047459892
Ricardo Meruane,2011,9,0.001989344340460842,3.601371638205718,0.0005523851855100344
Ricardo Meruane,2011,10,0.06280948844209655,3.601371638205718,0.017440435131929236
Ricardo Meruane,2011,15,0.026685509029184373,3.601371638205718,0.007409818177631808
Ricardo Meruane,2011,17,0.13846611506872505,3.601371638205718,0.03844816058409121
Ricardo Meruane,2011,24,1.0,3.601371638205718,0.27767198180586045
Ricardo Meruane,2011,31,0.05709450539581556,3.601371638205718,0.0158535444634815
Ricardo Meruane,2011,32,1.0,3.601371638205718,0.27767198180586045
Ricardo Meruane,2016,0,1.4056364172985483,12.953223280964098,0.10851634275186585
Ricardo Meruane,2016,2,0.041157573731844935,12.953223280964098,0.0031774001604936136
Ricardo Meruane,2016,3,0.08733892311251586,12.953223280964098,0.0067426401304197464
Ricardo Meruane,2016,4,4.5579572108546635,12.953223280964098,0.35187822459240575
Ricardo Meruane,2016,8,0.12360086372624561,12.953223280964098,0.009542093195281206
Ricardo Meruane,2016,9,3.062070777292444,12.953223280964098,0.2363945028101559
Ricardo Meruane,2016,10,1.0,12.953223280964098,0.07720086177079863
Ricardo Meruane,2016,11,1.0720907857674742,12.953223280964098,0.08276633255778167
Ricardo Meruane,2016,16,0.08428913643152702,12.953223280964098,0.006507193970430304
Ricardo Meruane,2016,21,0.1229367712026926,12.953223280964098,0.009490824680167369
Ricardo Meruane,2016,23,0.043663778970856576,12.953223280964098,0.0033708813647198026
Ricardo Meruane,2016,28,1.3524810425752858,12.953223280964098,0.10441270201548025
Rodrigo González,2016,0,4.2221565631344395,17.070288575383636,0.24733949543319605
Rodrigo González,2016,1,0.27094285015433905,17.070288575383636,0.01587218921096944
Rodrigo González,2016,3,0.2099896712217248,17.070288575383636,0.012301471664898641
Rodrigo González,2016,4,1.502136224253033,17.070288575383636,0.0879971195343002
Rodrigo González,2016,5,0.12605496335917224,17.070288575383636,0.007384465869015884
Rodrigo González,2016,8,0.2139161535035638,17.070288575383636,0.012531490171293503
Rodrigo González,2016,9,1.3065004614689097,17.070288575383636,0.07653651874128013
Rodrigo González,2016,10,1.0,17.070288575383636,0.05858131780162516
Rodrigo González,2016,12,1.0907331038174874,17.070288575383636,0.06389658259148524
Rodrigo González,2016,13,0.09456253512929906,17.070288575383636,0.005539597922536812
Rodrigo González,2016,14,0.024398758762404157,17.070288575383636,0.0014293114410255845
Rodrigo González,2016,15,0.06315542593266889,17.070288575383636,0.0036997280774586755
Rodrigo González,2016,16,0.2980166266977497,17.070288575383636,0.017458206718749165
Rodrigo González,2016,26,1.0,17.070288575383636,0.05858131780162516
Rodrigo González,2016,27,0.14901113208404204,17.070288575383636,0.008729268484595211
Rodrigo González,2016,29,1.0,17.070288575383636,0.05858131780162516
Rodrigo González,2016,30,0.3594018234146781,17.070288575383636,0.021054232435938822
Rodrigo González,2016,31,1.0,17.070288575383636,0.05858131780162516
Rodrigo González,2016,33,2.0,17.070288575383636,0.11716263560325033
Rodrigo González,2016,36,0.13931228245012595,17.070288575383636,0.008161097091880596
Rodrigo González,2016,37,1.0,17.070288575383636,0.05858131780162516
Rodrigo Villegas,2017,0,0.37374188184705665,26.411413428688,0.014150771705428658
Rodrigo Villegas,2017,2,0.8892447229573066,26.411413428688,0.033668956239631294
Rodrigo Villegas,2017,4,0.0844470924888549,26.411413428688,0.0031973711939675565
Rodrigo Villegas,2017,5,0.048561953494032556,26.411413428688,0.0018386730276723738
Rodrigo Villegas,2017,8,0.13169987872343442,26.411413428688,0.004986475982401699
Rodrigo Villegas,2017,10,1.0,26.411413428688,0.03786241893869273
Rodrigo Villegas,2017,11,0.05229582541610758,26.411413428688,0.0019800464506494002
Rodrigo Villegas,2017,12,0.2558906176459048,26.411413428688,0.009688637767790087
Rodrigo Villegas,2017,14,1.0,26.411413428688,0.03786241893869273
Rodrigo Villegas,2017,17,0.06049122080806977,26.411413428688,0.0022903439443481043
Rodrigo Villegas,2017,18,1.2359190640876656,26.411413428688,0.046794885378804225
Rodrigo Villegas,2017,20,0.0754904642380553,26.411413428688,0.0028582515828576515
Rodrigo Villegas,2017,23,1.0,26.411413428688,0.03786241893869273
Rodrigo Villegas,2017,24,1.0,26.411413428688,0.03786241893869273
Rodrigo Villegas,2017,25,1.0,26.411413428688,0.03786241893869273
Rodrigo Villegas,2017,30,8.125903011354037,26.411413428688,0.30766634407107135
Rodrigo Villegas,2017,31,2.0,26.411413428688,0.07572483787738546
Rodrigo Villegas,2017,33,1.0,26.411413428688,0.03786241893869273
Rodrigo Villegas,2017,34,2.0777276956274737,26.411413428688,0.07866779645237207
Rodrigo Villegas,2017,36,1.0,26.411413428688,0.03786241893869273
Rodrigo Villegas,2017,37,4.0,26.411413428688,0.15144967575477092
Rodrigo Villegas,2023,0,0.23384251502468537,6.148561324673943,0.03803207005292185
Rodrigo Villegas,2023,1,0.1188856639701742,6.148561324673943,0.019335525449358463
Rodrigo Villegas,2023,2,1.0454591888431508,6.148561324673943,0.17003314005306622
Rodrigo Villegas,2023,3,0.03403571355845988,6.148561324673943,0.005535557305393678
Rodrigo Villegas,2023,4,0.49574745132986775,6.148561324673943,0.08062820311158841
Rodrigo Villegas,2023,5,0.12077394472792674,6.148561324673943,0.019642634813328688
Rodrigo Villegas,2023,12,1.0,6.148561324673943,0.16263967246891367
Rodrigo Villegas,2023,14,0.04085283003556831,6.148561324673943,0.006644290896413029
Rodrigo Villegas,2023,15,0.3195833773901723,6.148561324673943,0.05197693582524685
Rodrigo Villegas,2023,18,1.143038451451506,6.148561324673943,0.1859033993634472
Rodrigo Villegas,2023,20,0.22475323100184233,6.148561324673943,0.03655379187646973
Rodrigo Villegas,2023,24,1.0,6.148561324673943,0.16263967246891367
Rodrigo Villegas,2023,31,0.3715889573405889,6.148561324673943,0.06043510631493851
Rudy Rey,2014,0,0.07177053833160525,7.371011133786202,0.009736864729810755
Rudy Rey,2014,6,0.2540880770336255,7.371011133786202,0.0344712648538777
Rudy Rey,2014,8,1.2111830448488894,7.371011133786202,0.16431708253664673
Rudy Rey,2014,10,0.18829869563042542,7.371011133786202,0.02554584333312541
Rudy Rey,2014,12,0.09924614741628685,7.371011133786202,0.01346438712612661
Rudy Rey,2014,13,1.0,7.371011133786202,0.1356665974110853
Rudy Rey,2014,18,0.08814080637573582,7.371011133786202,0.01195776329406537
Rudy Rey,2014,20,0.1424753591826773,7.371011133786202,0.019329147195236058
Rudy Rey,2014,25,1.1586518688109646,7.371011133786202,0.15719035662557876
Rudy Rey,2014,29,2.020193865471988,7.371011133786202,0.2740728278393324
Rudy Rey,2014,31,0.09823722027567482,7.371011133786202,0.01332750941392408
Rudy Rey,2014,35,1.0,7.371011133786202,0.1356665974110853
Rudy Rey,2014,37,0.03872551040832873,7.371011133786202,0.005253758230105527
Ruperto,2006,2,0.04041496525430366,12.306818244714329,0.0032839491451546817
Ruperto,2006,6,8.322639056878046,12.306818244714329,0.6762624499189746
Ruperto,2006,7,1.8258518510125532,12.306818244714329,0.14836099913937875
Ruperto,2006,8,0.21292949742475087,12.306818244714329,0.0173017503948433
Ruperto,2006,19,0.1325689956093088,12.306818244714329,0.010771995894734696
Ruperto,2006,23,0.7724138785353667,12.306818244714329,0.06276308491572237
Ruperto,2006,26,1.0,12.306818244714329,0.0812557705911917
Sandy,1993,0,1.0,16.595922397674858,0.06025576500286017
Sandy,1993,1,6.090811046113144,16.595922397674858,0.36700647907141853
Sandy,1993,2,3.4796710575447842,16.595922397674858,0.20967024153067246
Sandy,1993,4,0.061810616675786266,16.595922397674858,0.0037244459930980476
Sandy,1993,5,0.026777022656384816,16.595922397674858,0.0016134699846593861
Sandy,1993,6,0.21863468218471976,16.595922397674858,0.013174000031197494
Sandy,1993,7,2.7776450101533774,16.595922397674858,0.16736912499316906
Sandy,1993,8,1.1109359265993433,16.595922397674858,0.06694029412640475
Sandy,1993,9,1.0,16.595922397674858,0.06025576500286017
Sandy,1993,10,0.04576645934957975,16.595922397674858,0.00275769301958123
Sandy,1993,14,0.04270967510176171,16.595922397674858,0.0025735041462802617
Sandy,1993,16,0.0754002027616122,16.595922397674858,0.004543296898771714
Sandy,1993,18,0.07125615407865306,16.595922397674858,0.004293594075170915
Sandy,1993,22,0.04389264607239918,16.595922397674858,0.0026447849670921983
Sandy,1993,25,0.46058222949284866,16.595922397674858,0.027752734584814504
Sandy,1993,32,0.09002966889046404,16.595922397674858,0.005424806571949112
Sandy,1999,2,1.3292115673731895,13.968714714890883,0.0951563257252457
Sandy,1999,5,0.12575588654386013,13.968714714890883,0.009002681285329871
Sandy,1999,7,7.081194232207302,13.968714714890883,0.5069324112302638
Sandy,1999,10,1.0,13.968714714890883,0.07158854772329078
Sandy,1999,16,0.2963154315591661,13.968714714890883,0.021212791413320865
Sandy,1999,29,0.03883924215719758,13.968714714890883,0.0027804449407069854
Sandy,1999,32,3.0472590300176754,13.968714714890883,0.2181488484956491
Sandy,1999,35,0.05013932503249171,13.968714714890883,0.00358940146290212
Sandy,1999,37,1.0,13.968714714890883,0.07158854772329078
Sandy,2004,0,2.12181666595206,9.13369105921832,0.23230659458429828
Sandy,2004,2,0.07509122472023215,9.13369105921832,0.008221344934197787
Sandy,2004,3,0.0780706931693331,9.13369105921832,0.008547551330908992
Sandy,2004,6,0.07139440288588725,9.13369105921832,0.007816599272189235
Sandy,2004,7,2.102232268764093,9.13369105921832,0.23016240150167794
Sandy,2004,9,0.03501351465214011,9.13369105921832,0.003833446349907158
Sandy,2004,10,1.160688214352121,9.13369105921832,0.1270776739465781
Sandy,2004,13,0.04146310648477565,9.13369105921832,0.0045395783824906544
Sandy,2004,15,0.05479705798008637,9.13369105921832,0.005999442900445115
Sandy,2004,16,0.2799025163142006,9.13369105921832,0.03064506063314947
Sandy,2004,20,0.06620894399821281,9.13369105921832,0.007248870535356065
Sandy,2004,32,2.0,9.13369105921832,0.2189695257955401
Sandy,2004,33,0.04701244994517711,9.13369105921832,0.005147146935490999
Sandy,2004,36,1.0,9.13369105921832,0.10948476289777005
Sarah Sanders,1998,0,3.0,10.801951771254515,0.2777275869702931
Sarah Sanders,1998,1,4.031008813733708,10.801951771254515,0.3731741169647488
Sarah Sanders,1998,2,3.1314544510164066,10.801951771254515,0.2898970961293902
Sarah Sanders,1998,4,0.07112837985089451,10.801951771254515,0.006584771100365116
Sarah Sanders,1998,5,0.20037593093923434,10.801951771254515,0.018549974595559883
Sarah Sanders,1998,7,0.10351258253124863,10.801951771254515,0.009582766589155666
Sarah Sanders,1998,11,0.09926563260345758,10.801951771254515,0.009189601537345975
Sarah Sanders,1998,20,0.16381363797190282,10.801951771254515,0.01516518879558725
Sarah Sanders,1998,22,0.0013923426076625602,10.801951771254515,0.00012889731755401612
Sergio Freire,2024,0,5.044923332496656,16.694426763521225,0.3021920670867389
Sergio Freire,2024,1,1.5972515728127117,16.694426763521225,0.09567573630637294
Sergio Freire,2024,4,0.0915438188174939,16.694426763521225,0.0054834957866013775
Sergio Freire,2024,5,0.14892712268220246,16.694426763521225,0.008920768876450503
Sergio Freire,2024,7,0.16596920018184766,16.694426763521225,0.009941593235444586
Sergio Freire,2024,8,1.0,16.694426763521225,0.05990022982910003
Sergio Freire,2024,9,1.7575265944058514,16.694426763521225,0.10527624693566598
Sergio Freire,2024,11,0.041155293229502184,16.694426763521225,0.002465211523131185
Sergio Freire,2024,12,0.2694849972831599,16.694426763521225,0.016142213272755675
Sergio Freire,2024,14,0.3937472650097159,16.694426763521225,0.02358555166866154
Sergio Freire,2024,16,1.190568767056606,16.694426763521225,0.07131534277403896
Sergio Freire,2024,17,0.06135868449923867,16.694426763521225,0.003675399303515634
Sergio Freire,2024,22,0.10458925990656295,16.694426763521225,0.006264920706058598
Sergio Freire,2024,24,1.1645198071276144,16.694426763521225,0.06975500408748335
Sergio Freire,2024,27,1.267452873412417,16.694426763521225,0.07592071841495701
Sergio Freire,2024,28,1.2418069361917072,16.694426763521225,0.07438452088125383
Sergio Freire,2024,33,0.11580799234470364,16.694426763521225,0.006936925357494405
Sergio Freire,2024,34,1.0,16.694426763521225,0.05990022982910003
Sergio Freire,2024,35,0.03779324606323254,16.694426763521225,0.002263824125175359
Stefan Kramer,2008,0,1.2956606660798236,12.351882060966467,0.10489580937420682
Stefan Kramer,2008,2,0.35511917820871675,12.351882060966467,0.028750207980931013
Stefan Kramer,2008,3,0.05064020524989704,12.351882060966467,0.004099796694944699
Stefan Kramer,2008,4,0.06494700908061757,12.351882060966467,0.005258065836449204
Stefan Kramer,2008,6,0.08864127403017845,12.351882060966467,0.007176337467655739
Stefan Kramer,2008,7,0.06721538728640847,12.351882060966467,0.005441712198565894
Stefan Kramer,2008,8,0.548990414776019,12.351882060966467,0.04444589189455582
Stefan Kramer,2008,9,0.17441890337115218,12.351882060966467,0.01412083620214755
Stefan Kramer,2008,11,1.1029387524755114,12.351882060966467,0.08929317386869645
Stefan Kramer,2008,12,0.22127197272848037,12.351882060966467,0.017914028942012668
Stefan Kramer,2008,14,0.04212954032712965,12.351882060966467,0.003410779031016205
Stefan Kramer,2008,19,0.20871731608944785,12.351882060966467,0.016897612449605665
Stefan Kramer,2008,20,2.2359918041533144,12.351882060966467,0.1810243809904351
Stefan Kramer,2008,23,1.7394825098800677,12.351882060966467,0.14082732504199144
Stefan Kramer,2008,25,2.0,12.351882060966467,0.16191864447283355
Stefan Kramer,2008,26,0.08495309783091809,12.351882060966467,0.006877745222275137
Stefan Kramer,2008,28,1.0707640293987843,12.351882060966467,0.08668833009526022
Stefan Kramer,2008,31,1.0,12.351882060966467,0.08095932223641678
Stefan Kramer,2018,0,1.276618602177678,16.44654711979533,0.07762228709034732
Stefan Kramer,2018,2,0.45871798239316247,16.44654711979533,0.02789144609211268
Stefan Kramer,2018,3,0.3031759099628124,16.44654711979533,0.018434015830466017
Stefan Kramer,2018,6,0.09837830502140095,16.44654711979533,0.005981699642169342
Stefan Kramer,2018,7,1.086554999282615,16.44654711979533,0.06606584296194426
Stefan Kramer,2018,8,0.4809642114984885,16.44654711979533,0.029244084365866205
Stefan Kramer,2018,9,0.06005783416298586,16.44654711979533,0.0036516986651076006
Stefan Kramer,2018,11,1.0,16.44654711979533,0.060803036206693126
Stefan Kramer,2018,12,0.26340426677846324,16.44654711979533,0.016015779169928357
Stefan Kramer,2018,13,0.13716263354632166,16.44654711979533,0.008339904573722377
Stefan Kramer,2018,19,1.0,16.44654711979533,0.060803036206693126
Stefan Kramer,2018,20,2.0984337184798254,16.44654711979533,0.12759114136207453
Stefan Kramer,2018,23,4.0,16.44654711979533,0.2432121448267725
Stefan Kramer,2018,25,2.056368871710007,16.44654711979533,0.12503347096090023
Stefan Kramer,2018,26,0.059265072504972656,16.44654711979533,0.003603496349312146
Stefan Kramer,2018,28,1.0,16.44654711979533,0.060803036206693126
Stefan Kramer,2018,31,0.06744471227659649,16.44654711979533,0.004100843282503897
Stefan Kramer,2018,33,1.0,16.44654711979533,0.060803036206693126
Tato Cifuentes,1973,1,0.013464615182869752,2.1142350600828594,0.006368551651178302
Tato Cifuentes,1973,5,0.10077044489998961,2.1142350600828594,0.04766283882173456
Tato Cifuentes,1973,35,2.0,2.1142350600828594,0.9459686095270871
Tato Cifuentes,1974,1,0.1905579593188472,0.1905579593188472,1.0
Vanessa Miller,2003,0,0.4105118030352528,2.9897543146637076,0.13730619971742655
Vanessa Miller,2003,4,0.07889167772740487,2.9897543146637076,0.026387344719420107
Vanessa Miller,2003,8,0.21840879610583003,2.9897543146637076,0.07305242274745141
Vanessa Miller,2003,13,1.111688095732104,2.9897543146637076,0.37183259182189643
Vanessa Miller,2003,29,1.1702539420631157,2.9897543146637076,0.3914214409938055
Zip-Zup,2012,0,0.4236642398305274,11.027085165121525,0.038420328988713164
Zip-Zup,2012,1,2.086458972610517,11.027085165121525,0.1892121935550067
Zip-Zup,2012,2,0.5611151003214602,11.027085165121525,0.05088516973608377
Zip-Zup,2012,5,2.0752666664292048,11.027085165121525,0.18819721035557396
Zip-Zup,2012,7,0.05641496825590704,11.027085165121525,0.005116036324299606
Zip-Zup,2012,8,0.08545884092659871,11.027085165121525,0.007749903047534584
Zip-Zup,2012,9,0.0014029505139508886,11.027085165121525,0.0001272276846458388
Zip-Zup,2012,10,0.18132128877310733,11.027085165121525,0.01644326547387367
Zip-Zup,2012,13,0.06124858795414401,11.027085165121525,0.005554376976054579
Zip-Zup,2012,14,0.016265542023683074,11.027085165121525,0.0014750536320450934
Zip-Zup,2012,15,2.0374751040049435,11.027085165121525,0.184770052420511
Zip-Zup,2012,16,0.18939543886494253,11.027085165121525,0.017175476205080645
Zip-Zup,2012,19,0.050167315551738326,11.027085165121525,0.004549462963287583
Zip-Zup,2012,21,1.032529041129099,11.027085165121525,0.09363571838503344
Zip-Zup,2012,23,0.07535522964902727,11.027085165121525,0.006833649012467458
Zip-Zup,2012,31,0.09354587828267429,11.027085165121525,0.008483282470562415
Zip-Zup,2012,33,2.0,11.027085165121525,0.18137159276922651
Álvaro Salas,2000,0,1.7098853755596297,10.735926220429928,0.15926761608195517
Álvaro Salas,2000,1,0.0032654592913939633,10.735926220429928,0.0003041618603134547
Álvaro Salas,2000,2,0.21561327938865965,10.735926220429928,0.020083342131986565
Álvaro Salas,2000,3,0.09300362859183776,10.735926220429928,0.008662841629337628
Álvaro Salas,2000,4,0.4974803619503202,10.735926220429928,0.04633790804221811
Álvaro Salas,2000,10,0.08747964640550786,10.735926220429928,0.00814830920121624
Álvaro Salas,2000,11,1.2227888090273769,10.735926220429928,0.11389690874556042
Álvaro Salas,2000,12,0.20706257667090983,10.735926220429928,0.019286885213208725
Álvaro Salas,2000,15,0.42068657024456635,10.735926220429928,0.03918493491917083
Álvaro Salas,2000,16,0.24140172284154907,10.735926220429928,0.02248541186713576
Álvaro Salas,2000,17,2.1486824313138255,10.735926220429928,0.20013945580447368
Álvaro Salas,2000,18,1.1237277610344607,10.735926220429928,0.10466984757179713
Álvaro Salas,2000,20,0.07242740669166683,10.735926220429928,0.006746265315594394
Álvaro Salas,2000,21,1.428012088166806,10.735926220429928,0.13301247222148105
Álvaro Salas,2000,26,0.17612507619009607,10.735926220429928,0.01640520552897792
Álvaro Salas,2000,30,0.059352829874629254,10.735926220429928,0.005528431236951294
Álvaro Salas,2000,36,1.0289311971866926,10.735926220429928,0.09584000262862166
Álvaro Salas,2007,0,4.5851231935605306,28.942865859398108,0.15841980596650848
Álvaro Salas,2007,1,2.8607249171980262,28.942865859398108,0.09884041653287466
Álvaro Salas,2007,2,0.5786024677020549,28.942865859398108,0.019991194739071617
Álvaro Salas,2007,3,1.1009070684158966,28.942865859398108,0.038037251520426696
Álvaro Salas,2007,4,0.060003191406202444,28.942865859398108,0.0020731599869098197
Álvaro Salas,2007,5,1.0840130798004806,28.942865859398108,0.03745355021394635
Álvaro Salas,2007,6,0.795832204665347,28.942865859398108,0.02749666216647065
Álvaro Salas,2007,7,0.44882194377176665,28.942865859398108,0.015507170089931802
Álvaro Salas,2007,8,0.2374490919544122,28.942865859398108,0.008204062897845671
Álvaro Salas,2007,9,1.0,28.942865859398108,0.034550828686347505
Álvaro Salas,2007,10,1.0,28.942865859398108,0.034550828686347505
Álvaro Salas,2007,11,0.13084683088809776,28.942865859398108,0.004520866438166149
Álvaro Salas,2007,12,0.3901425518124695,28.942865859398108,0.013479748470927089
Álvaro Salas,2007,13,0.37093361795118507,28.942865859398108,0.012816063887838472
Álvaro Salas,2007,14,0.022968077093998212,28.942865859398108,0.0007935660969295544
Álvaro Salas,2007,15,1.0,28.942865859398108,0.034550828686347505
Álvaro Salas,2007,16,0.10145680466944287,28.942865859398108,0.0035054166771981425
Álvaro Salas,2007,17,0.19374215402973896,28.942865859398108,0.006693951973205462
Álvaro Salas,2007,19,1.0446066606008377,28.942865859398108,0.0360920257750371
Álvaro Salas,2007,23,0.140439509861643,28.942865859398108,0.004852301446024238
Álvaro Salas,2007,24,2.0628978243932763,28.942865859398108,0.07127482932805107
Álvaro Salas,2007,25,1.0,28.942865859398108,0.034550828686347505
Álvaro Salas,2007,26,3.0,28.942865859398108,0.10365248605904252
Álvaro Salas,2007,27,0.11665313602246372,28.942865859398108,0.004030462518437337
Álvaro Salas,2007,28,2.0741461132903027,28.942865859398108,0.07166346703074677
Álvaro Salas,2007,30,1.1072472536276599,28.942865859398108,0.03825631017351804
Álvaro Salas,2007,31,0.14490620359178324,28.942865859398108,0.005006629415888696
Álvaro Salas,2007,32,2.0505238866851476,28.942865859398108,0.07084729952612198
Álvaro Salas,2007,34,0.016804284290314858,28.942865859398108,0.0005806019477113493
Álvaro Salas,2007,35,0.04108781781843679,28.942865859398108,0.001419618154540666
Álvaro Salas,2007,36,0.18198597429659114,28.942865859398108,0.006287766221239561
Óscar Gangas,1998,0,2.373488949375753,8.78114385097769,0.27029382386344686
Óscar Gangas,1998,1,1.0,8.78114385097769,0.1138803801612543
Óscar Gangas,1998,2,0.05149472229634736,8.78114385097769,0.005864238551406256
Óscar Gangas,1998,6,0.04019479359745398,8.78114385097769,0.00457739837538121
Óscar Gangas,1998,10,0.21677128840152524,8.78114385097769,0.02468599673121059
Óscar Gangas,1998,11,1.0,8.78114385097769,0.1138803801612543
Óscar Gangas,1998,12,0.09585771175304282,8.78114385097769,0.010916312655824451
Óscar Gangas,1998,17,1.0,8.78114385097769,0.1138803801612543
Óscar Gangas,1998,30,0.0033363855535680415,8.78114385097769,0.0003799488552048455
Óscar Gangas,1998,32,1.0,8.78114385097769,0.1138803801612543
Óscar Gangas,1998,36,2.0,8.78114385097769,0.2277607603225086
Óscar Gangas,2011,0,1.0441636697126337,6.0336698781139,0.17305614838162722
Óscar Gangas,2011,2,0.03465529419657301,6.0336698781139,0.005743651027756611
Óscar Gangas,2011,5,0.06257805425671593,6.0336698781139,0.010371474661500303
Óscar Gangas,2011,6,0.06871295211590939,6.0336698781139,0.011388251844064886
Óscar Gangas,2011,7,0.09072604825619988,6.0336698781139,0.0150366278051262
Óscar Gangas,2011,10,0.15796424342965737,6.0336698781139,0.026180458430887225
Óscar Gangas,2011,11,1.0,6.0336698781139,0.16573661141577004
Óscar Gangas,2011,15,0.21280870634411314,6.0336698781139,0.03527019386924699
Óscar Gangas,2011,16,1.0,6.0336698781139,0.16573661141577004
Óscar Gangas,2011,17,0.11515618338399122,6.0336698781139,0.019085595617635707
Óscar Gangas,2011,18,1.1046685182574023,6.0336698781139,0.18308401695366155
Óscar Gangas,2011,19,1.0,6.0336698781139,0.16573661141577004
Óscar Gangas,2011,27,0.14223620816070484,6.0336698781139,0.023573747161183316
