show_a,show_b,cosine_similarity
Felo,Rudy Rey,0.9103657401833507
El Pampero,Profesor Salomón y Tutu-Tutu,0.8582806310174129
Bombo Fica,Carlos Helo,0.8494992113530876
Bastián Paz,Ruperto,0.8358666173500717
Julio Sabala,Rudy Rey,0.8355494985791361
Alejandra Azcárate,Jenny Cavallo,0.8341140900792201
Memo Bunke y Natalia Cuevas,Payahop,0.8165840199203639
Los Atletas de la Risa,Paulo Iglesias,0.7700843858954768
Julio Sabala,Mauricio Palma,0.76337070559182
Payahop,Rodrigo Villegas,0.7508928036109014
Felo,Julio Sabala,0.7482860921119606
Belén Mora,Jenny Cavallo,0.738477346030144
Dino Gordillo,Álvaro Salas,0.7334013183928
"Daniel Muñoz ""El Carmelo""",Payahop,0.7236837339797633
Dinamita Show,"Jorge ""Chino"" Navarrete",0.7176794736906899
Hermógenes Conache,Los Indolatinos,0.714831055936095
Alex Ortiz,Luis Slimming,0.7107143263969601
Julio Sabala,Memo Bunke y Natalia Cuevas,0.7078539069181875
Edmundo Arrocet,George Harris,0.7046215327777515
Dinamita Show,Álvaro Salas,0.7011446450155452
Coco Legrand,Jani Dueñas,0.6948188549710143
Huaso Filomeno,Hugo Varela,0.6930027919597079
Bastián Paz,Fusión Humor,0.6908393471058227
Fusión Humor,Ruperto,0.6896836152454661
Mauricio Palma,Payahop,0.6894094308852826
Edmundo Arrocet,Ricardo Meruane,0.6858483115706834
Lucho Miranda,Pamela Leiva,0.6783477549362612
"Daniel Muñoz ""El Carmelo""",Gloria Benavides,0.677385740974679
Gloria Benavides,Millenium Show,0.6771855434930174
Alejandra Azcárate,"Daniela ""Chiqui"" Aguayo",0.6767354098778553
Fabrizio Copano,Huaso Filomeno,0.6742426927372018
"Daniela ""Chiqui"" Aguayo",Zip-Zup,0.6718309964070712
Diego Urrutia,Rudy Rey,0.6693566531993167
Felipe Avello,Pamela Leiva,0.6642044912217345
Gloria Benavides,Stefan Kramer,0.6634538809164973
"Daniel Muñoz ""El Carmelo""",Millenium Show,0.662888261453236
Julio Sabala,Payahop,0.6609956299528015
Dinamita Show,Pancho del Sur,0.6609633251894109
Pedro Ruminot,Rodrigo González,0.6565404688569911
Edo Caroe,Fabrizio Copano,0.6545517448650802
Mauricio Palma,Rudy Rey,0.6524559468331957
Jorge Alís,Pedro Ruminot,0.6515566202000659
Alison Mandel,Pam Pam,0.6504658462274929
Dino Gordillo,Óscar Gangas,0.6501560459964142
Bastián Paz,Jani Dueñas,0.6473294911543592
Ruperto,Stefan Kramer,0.6437216953022143
Felo,Natalia Cuevas,0.6426791840657051
Edo Caroe,Rodrigo González,0.6399797772518077
Palta Meléndez,Álvaro Salas,0.6390480106655154
Gloria Benavides,Payahop,0.6383823446516087
"Daniel Muñoz ""El Carmelo""",Hugo Goodman,0.6357610234728478
Palta Meléndez,Óscar Gangas,0.6354773121823148
Diego Urrutia,Rodrigo González,0.6351749251259192
Bombo Fica,Jorge Alís,0.6344218284139806
Centella,"Paul Vásquez ""El Flaco""",0.6335167496624337
Natalia Cuevas,Pamela Leiva,0.6248555911860971
Natalia Valdebenito,Pam Pam,0.6223833156799027
"Daniela ""Chiqui"" Aguayo",Javiera Contador,0.6212589888582659
Diego Urrutia,Felo,0.6154475408464355
Arturo Ruiz-Tagle,Jorge Alís,0.6125558656152545
Fabrizio Copano,Pedro Ruminot,0.6091860220783469
Mauricio Palma,Memo Bunke y Natalia Cuevas,0.6085807243249045
Melón y Melame,Rodrigo Villegas,0.607490961095682
Alison Mandel,Natalia Valdebenito,0.6065507313533495
Arturo Ruiz-Tagle,Gloria Benavides,0.6064958606782138
Gloria Benavides,Melón y Melame,0.6059677000303347
Alex Ortiz,Juan Pablo López,0.6054881877592064
Hugo Varela,Stefan Kramer,0.6048283547009018
Edo Caroe,Pedro Ruminot,0.6047968835628936
"Carlos ""El Mono"" Sánchez",Coco Legrand,0.6047020188396616
Pancho del Sur,Álvaro Salas,0.6045369605433921
Bastián Paz,Stefan Kramer,0.6044036713981364
Fusión Humor,Stefan Kramer,0.6041164563074968
Alejandra Azcárate,Alison Mandel,0.6035771487305891
Edo Caroe,Luis Slimming,0.6033023906899815
Fabrizio Copano,Luis Slimming,0.6027179960138719
Fabrizio Copano,Sergio Freire,0.6025212836275144
Edo Caroe,Sergio Freire,0.6021484301640527
Carlos García,Mauricio Palma,0.6019998272054976
Felo,Pancho del Sur,0.6011828039260212
León Murillo,"Paul Vásquez ""El Flaco""",0.6009414351248547
Los Indolatinos,Los Locos del Humor,0.5989530787857273
Coco Legrand,León Murillo,0.5986469113866282
Felipe Avello,Millenium Show,0.5971646217290877
Carlos García,Rudy Rey,0.5966032470342981
Coco Legrand,Natalia Valdebenito,0.5965906258714913
Huaso Filomeno,Natalia Valdebenito,0.5958127331724238
Diego Urrutia,Pedro Ruminot,0.5945296015619864
Juan Pablo López,Palta Meléndez,0.5932167413340081
Alison Mandel,"Daniela ""Chiqui"" Aguayo",0.5926364556488809
Centella,Palta Meléndez,0.5910866283207694
Ernesto Belloni,Hugo Goodman,0.5880154424281607
"Daniel Muñoz ""El Carmelo""",Memo Bunke y Natalia Cuevas,0.5860778963636813
Los Locos del Humor,Rodrigo Villegas,0.5857433139130066
Diego Urrutia,Los Locos del Humor,0.5850761892180257
Fabrizio Copano,Rodrigo González,0.5849276384785169
Profesor Salomón y Tutu-Tutu,Sandy,0.5841596920998062
Edo Caroe,Mauricio Palma,0.5834761924224523
Luis Slimming,Rodrigo González,0.5803977172312124
Coco Legrand,"Paul Vásquez ""El Flaco""",0.580372358011098
Fabrizio Copano,Los Locos del Humor,0.5803340963976695
Jani Dueñas,Stefan Kramer,0.57950418830408
Alejandra Azcárate,Jani Dueñas,0.5788934940688758
Alison Mandel,Zip-Zup,0.5784719344032797
Natalia Cuevas,Pancho del Sur,0.5775501534132756
Los Locos del Humor,Sergio Freire,0.5774336882947096
Fabrizio Copano,Palta Meléndez,0.5771979924778621
Diego Urrutia,Julio Sabala,0.5753132073730156
Gloria Benavides,Ruperto,0.5751267384267105
Arturo Ruiz-Tagle,Stefan Kramer,0.5747981216243085
Gloria Benavides,Hugo Goodman,0.5722395672141682
"Daniel Muñoz ""El Carmelo""",Rodrigo Villegas,0.5712041858807593
Diego Urrutia,Fabrizio Copano,0.5706592124996015
"Carlos ""El Mono"" Sánchez",Zip-Zup,0.5705534418803245
Bombo Fica,Juan Pablo López,0.5699524748567173
El Pampero,Sandy,0.5688333127278542
Dino Gordillo,El Huaso Clavel,0.5682902216043504
León Murillo,Álvaro Salas,0.5680203180899813
Alex Ortiz,Huaso Filomeno,0.5680189566022754
Alejandra Azcárate,Belén Mora,0.5677864443720911
Dino Gordillo,Zip-Zup,0.567453244579738
Hugo Goodman,Lucho Navarro,0.5644623604546454
Mauricio Palma,Rodrigo Villegas,0.564239362466555
Memo Bunke y Natalia Cuevas,Stefan Kramer,0.5639092839939484
Dino Gordillo,Los Indolatinos,0.5629159256902702
Dinamita Show,Ruperto,0.5618271250889829
Hugo Varela,Melón y Melame,0.5615978886041973
Arturo Ruiz-Tagle,Pedro Ruminot,0.5611415052204768
Gloria Benavides,Rodrigo Villegas,0.5610246605153714
Belén Mora,Lucho Miranda,0.5595322078184187
Álvaro Salas,Óscar Gangas,0.5584930301174333
Sandy,Álvaro Salas,0.5582629242165171
"Carlos ""El Mono"" Sánchez",Natalia Valdebenito,0.5575862359393355
Melón y Melame,Álvaro Salas,0.5556787600635931
Melón y Melame,Payahop,0.5552760118752513
Arturo Ruiz-Tagle,Álvaro Salas,0.5546782993442805
Ernesto Belloni,Julio Sabala,0.5545445380146138
"Daniel Muñoz ""El Carmelo""",Felipe Avello,0.5542903789390982
Alejandra Azcárate,Coco Legrand,0.5528378317867871
Diego Urrutia,Mauricio Palma,0.5510789013942118
Rodrigo González,Rodrigo Villegas,0.5508377070862113
Dinamita Show,León Murillo,0.5508105001536846
Los Locos del Humor,Álvaro Salas,0.5504570937598768
Fabrizio Copano,Juan Pablo López,0.5480732772557315
"Daniel Muñoz ""El Carmelo""","Paul Vásquez ""El Flaco""",0.5474200000042915
Centella,Paulo Iglesias,0.5473149438208746
Centella,Coco Legrand,0.5468269666496764
Jorge Alís,Rodrigo González,0.5466828336486933
Carlos García,Felo,0.5452559726888914
Payahop,Stefan Kramer,0.5446650405632756
Los Locos del Humor,Luis Slimming,0.5432393305872975
Natalia Cuevas,Rudy Rey,0.5430925467255161
Jani Dueñas,"Paul Vásquez ""El Flaco""",0.542885745741463
Felo,Mauricio Palma,0.5406457567945437
Dino Gordillo,Hermógenes Conache,0.5397611046546736
Arturo Ruiz-Tagle,Palta Meléndez,0.5392816445424385
Arturo Ruiz-Tagle,Juan Pablo López,0.5391583726303318
Hugo Varela,Los Locos del Humor,0.5389182159378182
Hugo Varela,Natalia Valdebenito,0.5382625142431787
Carlos García,Sandy,0.5380143753309989
Edmundo Arrocet,El Huaso Clavel,0.5378975041873452
Ernesto Belloni,Memo Bunke y Natalia Cuevas,0.5376717598365252
Coco Legrand,Hugo Varela,0.5365582443418432
Diego Urrutia,Jorge Alís,0.5360345472819118
Los Indolatinos,Pujillay,0.5355714408328697
"Daniela ""Chiqui"" Aguayo",Sarah Sanders,0.5353464033019841
Rodrigo Villegas,Sergio Freire,0.5353001933643743
Dino Gordillo,Sarah Sanders,0.5350316108458765
León Murillo,Palta Meléndez,0.534519807991388
Coco Legrand,Álvaro Salas,0.5343397351000312
Huaso Filomeno,Los Locos del Humor,0.5336978076304564
Carlos García,Julio Sabala,0.5323836761544991
Coco Legrand,Fabrizio Copano,0.5316776398022778
Hermógenes Conache,Los Locos del Humor,0.5284744588711437
Rodrigo González,Sergio Freire,0.5280419213096523
Dinamita Show,Melón y Melame,0.52759529334217
Dinamita Show,Gloria Benavides,0.5249039069165707
Coco Legrand,Los Locos del Humor,0.5247925079297712
Hermógenes Conache,Óscar Gangas,0.5242738082621832
Los Locos del Humor,Rodrigo González,0.5240260313071483
Gloria Benavides,Pedro Ruminot,0.5230226810457153
Arturo Ruiz-Tagle,Rodrigo González,0.5224121749452171
Pedro Ruminot,Ricardo Meruane,0.5221808570523443
Jorge Alís,Palta Meléndez,0.5217229627219112
Arturo Ruiz-Tagle,Fabrizio Copano,0.5214931286437601
Coco Legrand,Luis Slimming,0.5209452152644807
Arturo Ruiz-Tagle,"Jorge ""Chino"" Navarrete",0.520853463565844
Jenny Cavallo,Sarah Sanders,0.520198063508669
Edo Caroe,Los Locos del Humor,0.5193359910118982
"Carlos ""El Mono"" Sánchez",Hugo Varela,0.5190575338575205
Coco Legrand,Huaso Filomeno,0.51900366030452
Mauricio Palma,Memo Bunke,0.5178218845020492
Arturo Ruiz-Tagle,Bombo Fica,0.5166291180439258
Dino Gordillo,Sandy,0.515856473280388
Fusión Humor,Los Locos del Humor,0.5135470652321861
Julio Sabala,Rodrigo González,0.5132765816822673
Fusión Humor,Sergio Freire,0.513114840603545
Coco Legrand,"Juan Luis ""Jajá"" Calderón",0.5121251717827955
Arturo Ruiz-Tagle,Dinamita Show,0.5120285022665026
Carlos Helo,Juan Pablo López,0.511211340240435
Alejandra Azcárate,Sarah Sanders,0.5109552431048374
Natalia Valdebenito,Zip-Zup,0.5102115534010193
Jani Dueñas,León Murillo,0.5096158327671126
Jani Dueñas,Natalia Valdebenito,0.5090874222182444
Arturo Ruiz-Tagle,Coco Legrand,0.5090073052199277
Bombo Fica,Pujillay,0.5087893271598718
Dino Gordillo,Palta Meléndez,0.5084541401676969
Los Locos del Humor,Memo Bunke,0.5081433857040316
Edo Caroe,Julio Sabala,0.5073561172609545
Hermógenes Conache,Álvaro Salas,0.5061598336104534
Hugo Varela,Álvaro Salas,0.5060333525647374
Arturo Ruiz-Tagle,Los Locos del Humor,0.5058686465741395
Juan Pablo López,Ricardo Meruane,0.504519866163206
Lucho Miranda,Luis Slimming,0.5030623263031629
Hugo Goodman,Memo Bunke y Natalia Cuevas,0.502392373500137
Pancho del Sur,Rudy Rey,0.5023836472452171
Los Locos del Humor,Melón y Melame,0.5023474159035191
Belén Mora,Sarah Sanders,0.5023047838509577
Payahop,Álvaro Salas,0.4983008067019553
Alison Mandel,Jenny Cavallo,0.4967986542320905
Lucho Miranda,Natalia Cuevas,0.4966725717226676
Pam Pam,Paulo Iglesias,0.4962222650552496
Palta Meléndez,"Paul Vásquez ""El Flaco""",0.49616729970164786
El Pampero,Stefan Kramer,0.49598807144000034
Pedro Ruminot,Stefan Kramer,0.495774082799631
Diego Urrutia,Stefan Kramer,0.4953981126784849
Alex Ortiz,Melón y Melame,0.4947157935553589
Arturo Ruiz-Tagle,Diego Urrutia,0.4943252076169747
Mauricio Palma,Rodrigo González,0.4940064469565672
Memo Bunke,Rudy Rey,0.4934375919890544
Felipe Avello,Lucho Miranda,0.49182692333851574
Ernesto Belloni,Mauricio Palma,0.4908923980179413
Payahop,Ruperto,0.49044297125130476
"Carlos ""El Mono"" Sánchez",Huaso Filomeno,0.48904817927875094
"Carlos ""El Mono"" Sánchez","Juan Luis ""Jajá"" Calderón",0.4889691299048066
Los Locos del Humor,Payahop,0.4886515047592181
Arturo Ruiz-Tagle,"Carlos ""El Mono"" Sánchez",0.4870634821866406
Julio Sabala,Rodrigo Villegas,0.4861705182470058
Hugo Goodman,Payahop,0.48578657975643486
Hermógenes Conache,Palta Meléndez,0.48564140371873643
Fusión Humor,Gloria Benavides,0.4855563213382194
"Juan Luis ""Jajá"" Calderón",Los Locos del Humor,0.48436551972215464
Carlos García,Hermógenes Conache,0.48430095874701257
Gloria Benavides,"Jorge ""Chino"" Navarrete",0.4842055191617117
George Harris,Ricardo Meruane,0.48419658351325373
Los Indolatinos,"Paul Vásquez ""El Flaco""",0.48384382465809034
Dinamita Show,Hugo Varela,0.4832811670337745
Los Indolatinos,Óscar Gangas,0.4829553981015252
Los Locos del Humor,Pedro Ruminot,0.482621966087772
"Daniela ""Chiqui"" Aguayo","Jorge ""Chino"" Navarrete",0.48114325313337003
Bastián Paz,Dinamita Show,0.4806639820985195
Diego Urrutia,Edo Caroe,0.48044370006305953
Fusión Humor,Melón y Melame,0.48010857181901156
Diego Urrutia,Memo Bunke,0.4799690625452926
Edo Caroe,Ernesto Belloni,0.47823997870733226
Millenium Show,"Paul Vásquez ""El Flaco""",0.47816462289511313
Fabrizio Copano,Hugo Varela,0.4776398527771126
Millenium Show,Pedro Ruminot,0.477375610836622
"Jorge ""Chino"" Navarrete",Álvaro Salas,0.47710448202576167
Gigi Martin,Ruperto,0.47675674470805013
Memo Bunke,Rodrigo Villegas,0.47589329115824025
Alex Ortiz,Rodrigo González,0.47460437234288166
Edo Caroe,Memo Bunke y Natalia Cuevas,0.4745128223998302
Fabrizio Copano,Natalia Valdebenito,0.47443904893260547
"Daniel Muñoz ""El Carmelo""",Stefan Kramer,0.47435037293493704
Sandy,Óscar Gangas,0.4740832689338725
Millenium Show,Rodrigo Villegas,0.473425843782778
Huaso Filomeno,Luis Slimming,0.4729771182341451
Jorge Alís,Juan Pablo López,0.47288429192519477
Arturo Ruiz-Tagle,Hugo Varela,0.4726233820587416
Huaso Filomeno,Memo Bunke y Natalia Cuevas,0.4725770581858404
Fabrizio Copano,Álvaro Salas,0.47236981565223674
Centella,Los Locos del Humor,0.4720729778260848
Memo Bunke y Natalia Cuevas,Rodrigo Villegas,0.47190508193556807
Diego Urrutia,Rodrigo Villegas,0.4708898040675657
Los Indolatinos,Álvaro Salas,0.47008743509452855
Huaso Filomeno,Juan Pablo López,0.46992379178128624
Sergio Freire,Stefan Kramer,0.4696261653535535
Edo Caroe,Payahop,0.46954344293746647
Los Atletas de la Risa,Los Indolatinos,0.46932368628616017
Centella,Sergio Freire,0.4683112614551305
Luis Slimming,Pedro Ruminot,0.46667002498433285
Fabrizio Copano,Stefan Kramer,0.46629850016551555
Los Locos del Humor,Mauricio Palma,0.4656471031184189
Hermógenes Conache,Sandy,0.4653027050259224
Edo Caroe,"Juan Luis ""Jajá"" Calderón",0.46474262156387436
"Jorge ""Chino"" Navarrete",Pancho del Sur,0.46335386055951383
Palta Meléndez,Sandy,0.4626925307159434
Memo Bunke y Natalia Cuevas,Ruperto,0.4616351021376239
Fusión Humor,Rodrigo Villegas,0.4615061933893796
Luis Slimming,Melón y Melame,0.46102155434541575
Dino Gordillo,Ricardo Meruane,0.4607039380064386
Jani Dueñas,Palta Meléndez,0.4604589213582206
El Pampero,Hermógenes Conache,0.46038655886846747
Diego Urrutia,Gloria Benavides,0.46017317762831034
León Murillo,Lucho Miranda,0.4600170054186586
Julio Sabala,Natalia Cuevas,0.45981413033256485
Juan Pablo López,Luis Slimming,0.459242737885822
Hugo Varela,Payahop,0.45897026220047626
Dino Gordillo,Hugo Varela,0.458811445813112
Julio Sabala,Memo Bunke,0.45849227728422154
Felipe Avello,Hugo Goodman,0.458154660235333
Fusión Humor,Jani Dueñas,0.4575991941725246
Gloria Benavides,Álvaro Salas,0.456712175217581
Memo Bunke,Payahop,0.45663800212574723
Arturo Ruiz-Tagle,Jani Dueñas,0.456081377422919
Felipe Avello,Gloria Benavides,0.45507008214464734
Alison Mandel,Belén Mora,0.454667110103772
Diego Urrutia,Huaso Filomeno,0.45385862240003
Alejandra Azcárate,"Carlos ""El Mono"" Sánchez",0.45368675645844614
Ricardo Meruane,Álvaro Salas,0.4534681344409962
Coco Legrand,El Huaso Clavel,0.4533204889640801
Los Locos del Humor,Stefan Kramer,0.4531158429012136
Alejandra Azcárate,Natalia Valdebenito,0.4527103428205103
Coco Legrand,Stefan Kramer,0.4525110617611439
Juan Pablo López,Los Locos del Humor,0.45131149233396983
Los Atletas de la Risa,Pujillay,0.4505629530588116
Bastián Paz,Gloria Benavides,0.44993814575445884
Felipe Avello,"Paul Vásquez ""El Flaco""",0.44990353547732254
Luis Slimming,Ricardo Meruane,0.449394503258278
Centella,Jani Dueñas,0.44936974910515903
Diego Urrutia,Payahop,0.44904206708180433
Edo Caroe,León Murillo,0.4490185629213593
Rodrigo Villegas,Álvaro Salas,0.44891512908189546
Edo Caroe,Rudy Rey,0.4487827681741196
Lucho Navarro,Memo Bunke,0.4470900168151782
Edo Caroe,Ricardo Meruane,0.4470804735206584
"Juan Luis ""Jajá"" Calderón",Luis Slimming,0.4457753701196345
Ernesto Belloni,Payahop,0.44553800514906394
El Huaso Clavel,Lucho Navarro,0.4446161951781784
Hugo Varela,Memo Bunke y Natalia Cuevas,0.4439795959109318
Arturo Ruiz-Tagle,Melón y Melame,0.4438543360473145
Javiera Contador,Sarah Sanders,0.4437480781140664
Gloria Benavides,Mauricio Palma,0.44342464706331536
Gloria Benavides,Jorge Alís,0.4433967803788318
Coco Legrand,"Daniela ""Chiqui"" Aguayo",0.44326445554109717
Centella,León Murillo,0.4425594967830619
Felipe Avello,Hermógenes Conache,0.441941441043117
Arturo Ruiz-Tagle,Óscar Gangas,0.44152307292043785
Jorge Alís,Óscar Gangas,0.44110703800642564
Los Locos del Humor,Palta Meléndez,0.440997359942702
Centella,Luis Slimming,0.44081147101067636
Juan Pablo López,Álvaro Salas,0.44069128184209405
Belén Mora,"Daniela ""Chiqui"" Aguayo",0.4404610129066722
"Daniel Muñoz ""El Carmelo""",Julio Sabala,0.4399799437935354
Hugo Varela,Zip-Zup,0.4384777731234488
Edo Caroe,Jenny Cavallo,0.43826965857824135
"Jorge ""Chino"" Navarrete",Pamela Leiva,0.43794851587267225
Fabrizio Copano,Mauricio Palma,0.4377071132654737
"Daniel Muñoz ""El Carmelo""",Ruperto,0.43768479698448837
Carlos García,Álvaro Salas,0.43700838003826376
Arturo Ruiz-Tagle,Payahop,0.43686816115564714
Dinamita Show,Los Locos del Humor,0.4355552542942393
"Daniel Muñoz ""El Carmelo""",Ernesto Belloni,0.4352019197137763
Carlos García,Pujillay,0.4347159789127478
Gloria Benavides,Hugo Varela,0.4343543675498148
Belén Mora,Javiera Contador,0.4339866792361149
Alejandra Azcárate,Zip-Zup,0.4336657890713653
Los Locos del Humor,"Paul Vásquez ""El Flaco""",0.43356437697121974
Alex Ortiz,Fabrizio Copano,0.4329117317477894
Los Locos del Humor,Óscar Gangas,0.43253899415947106
"Daniela ""Chiqui"" Aguayo",Paulo Iglesias,0.43232146807356275
Los Indolatinos,Palta Meléndez,0.43135645958290547
Carlos García,Edo Caroe,0.4308994117971599
"Jorge ""Chino"" Navarrete",Ruperto,0.4300183090455996
Bastián Paz,Belén Mora,0.4290367659313267
"Paul Vásquez ""El Flaco""",Rodrigo Villegas,0.4284851480962708
Profesor Salomón y Tutu-Tutu,Stefan Kramer,0.428427555029997
"Jorge ""Chino"" Navarrete",Mauricio Palma,0.4282349872803619
Diego Urrutia,Gigi Martin,0.4277936151533804
Rodrigo Villegas,Rudy Rey,0.4277230781497219
Felipe Avello,Natalia Cuevas,0.42766085825608097
Jorge Alís,"Paul Vásquez ""El Flaco""",0.4273519400551577
Jani Dueñas,Ruperto,0.4272513068131461
Palta Meléndez,Sergio Freire,0.4270926039426589
León Murillo,Lucho Navarro,0.42658191001747114
Diego Urrutia,Hugo Varela,0.42617254672999005
El Pampero,Hugo Varela,0.4259763673851426
Alejandra Azcárate,Edo Caroe,0.4257947396774833
Hermógenes Conache,Profesor Salomón y Tutu-Tutu,0.42556284727874427
Hermógenes Conache,Pujillay,0.42541729629546676
Carlos García,Profesor Salomón y Tutu-Tutu,0.425410023598318
Pedro Ruminot,Sergio Freire,0.4253209831231947
Dino Gordillo,Jorge Alís,0.4250434218102634
Dino Gordillo,Pedro Ruminot,0.4246904887484739
Huaso Filomeno,Payahop,0.42453070743285226
Carlos García,Los Locos del Humor,0.42433171544937953
Jani Dueñas,Jenny Cavallo,0.4239870714184088
Arturo Ruiz-Tagle,Dino Gordillo,0.42340326566010883
Jorge Alís,Stefan Kramer,0.4228826945443816
Dino Gordillo,Los Locos del Humor,0.4225565657539553
Coco Legrand,Paulo Iglesias,0.4222936661592316
Fabrizio Copano,Ricardo Meruane,0.42186516593695134
Alejandra Azcárate,"Paul Vásquez ""El Flaco""",0.42154510493165565
Alison Mandel,Los Locos del Humor,0.4202821525769543
"Jorge ""Chino"" Navarrete",Lucho Miranda,0.4202759651494033
Carlos García,Diego Urrutia,0.4199200499810192
Coco Legrand,Zip-Zup,0.41970050243487333
Palta Meléndez,Pedro Ruminot,0.419425530951204
Edo Caroe,Natalia Cuevas,0.419278459467282
Felo,Rodrigo González,0.4191591088084079
Belén Mora,Jani Dueñas,0.4185557228506407
Gloria Benavides,Memo Bunke,0.4181916060346913
Gigi Martin,Rodrigo González,0.41784806509591377
Coco Legrand,Dino Gordillo,0.4175397418063726
El Huaso Clavel,Zip-Zup,0.4171290854836008
"Daniela ""Chiqui"" Aguayo",Jenny Cavallo,0.41666552162169496
Juan Pablo López,Rodrigo González,0.41645392437373024
"Juan Luis ""Jajá"" Calderón",Sergio Freire,0.41610310555114505
Memo Bunke,Memo Bunke y Natalia Cuevas,0.41573960466489956
Coco Legrand,Palta Meléndez,0.4151011222353718
Dino Gordillo,Melón y Melame,0.41505943169268006
Fusión Humor,Mauricio Palma,0.4145217548620955
Hugo Goodman,Memo Bunke,0.414442844248087
Payahop,Rodrigo González,0.41438214372498366
"Paul Vásquez ""El Flaco""",Álvaro Salas,0.41398415620603735
Gloria Benavides,Rodrigo González,0.41390369732857824
Edo Caroe,Felo,0.4138700792152107
Felipe Avello,Rodrigo Villegas,0.41321425154954566
Hermógenes Conache,Jorge Alís,0.41306626806016755
Sarah Sanders,Zip-Zup,0.4128711957590413
Payahop,Rudy Rey,0.4125798740221762
Melón y Melame,Stefan Kramer,0.4125469129762346
Hugo Varela,Memo Bunke,0.4116468245441072
Hermógenes Conache,Stefan Kramer,0.4115001910018272
Alex Ortiz,Los Locos del Humor,0.41129757622152835
Coco Legrand,Sergio Freire,0.41045261998226895
León Murillo,Luis Slimming,0.4095064767801129
Belén Mora,Edo Caroe,0.4093868422097878
Los Locos del Humor,Natalia Valdebenito,0.40902900716863927
Huaso Filomeno,Álvaro Salas,0.4089733609063137
"Carlos ""El Mono"" Sánchez",Gigi Martin,0.4087831272085065
Fusión Humor,Luis Slimming,0.40854263900040666
Javiera Contador,Pamela Leiva,0.4080356385327151
Edo Caroe,Lucho Miranda,0.4077390400377871
Paulo Iglesias,Rodrigo Villegas,0.4073260214962495
Paulo Iglesias,Sergio Freire,0.4073060355048917
Huaso Filomeno,Zip-Zup,0.4066715600657549
Fusión Humor,Memo Bunke,0.40636907995409594
Gloria Benavides,"Paul Vásquez ""El Flaco""",0.40618211875252463
Dino Gordillo,Huaso Filomeno,0.40607296610964616
León Murillo,Ricardo Meruane,0.4054619062175603
Alison Mandel,Dino Gordillo,0.40499211520768824
Arturo Ruiz-Tagle,Pamela Leiva,0.40477332106468994
Rodrigo González,Stefan Kramer,0.4046005064188299
Huaso Filomeno,"Juan Luis ""Jajá"" Calderón",0.40443046649508496
"Carlos ""El Mono"" Sánchez","Paul Vásquez ""El Flaco""",0.40432313147322424
"Carlos ""El Mono"" Sánchez",Jani Dueñas,0.4042023600521734
Edo Caroe,Stefan Kramer,0.4039717089321705
Dinamita Show,Palta Meléndez,0.40386569944066547
Jani Dueñas,Jorge Alís,0.40368648180163746
Alison Mandel,Javiera Contador,0.40334958665180826
Melón y Melame,Memo Bunke,0.4030614338812933
Juan Pablo López,Óscar Gangas,0.4027574109841301
Rodrigo González,Rudy Rey,0.40256203014618513
Huaso Filomeno,Stefan Kramer,0.4022204425915629
Arturo Ruiz-Tagle,Ruperto,0.401906214700763
"Juan Luis ""Jajá"" Calderón",Sandy,0.40137517831826525
El Pampero,Melón y Melame,0.40071318287917784
Centella,Óscar Gangas,0.4000988712468731
Ernesto Belloni,Rodrigo González,0.3998845443151236
Carlos García,El Pampero,0.39968513212686857
Alison Mandel,Jani Dueñas,0.39959974874556137
Melón y Melame,Ruperto,0.3995113554579197
Juan Pablo López,Los Indolatinos,0.39948503539963504
Los Atletas de la Risa,Sergio Freire,0.3993206621566173
Hugo Varela,Ruperto,0.39901479093759706
León Murillo,Pedro Ruminot,0.39893542442264746
Mauricio Palma,Stefan Kramer,0.398746792447433
Centella,Sandy,0.39871378368973337
Hugo Varela,Sergio Freire,0.39858710412991
Fabrizio Copano,León Murillo,0.3985727145241859
Bombo Fica,"Jorge ""Chino"" Navarrete",0.398246065301236
Diego Urrutia,Hermógenes Conache,0.3981768277600112
"Juan Luis ""Jajá"" Calderón",Juan Pablo López,0.39779283226698514
Coco Legrand,Javiera Contador,0.39756878464378337
"Carlos ""El Mono"" Sánchez",Sandy,0.3972690303680273
"Juan Luis ""Jajá"" Calderón",Álvaro Salas,0.3967792653663551
Gloria Benavides,Memo Bunke y Natalia Cuevas,0.39668032386558694
Mauricio Palma,Melón y Melame,0.3966774864553607
Hermógenes Conache,Pedro Ruminot,0.39648635156578993
Coco Legrand,Edo Caroe,0.3964483124058102
"Juan Luis ""Jajá"" Calderón",Pedro Ruminot,0.39628321003736966
Luis Slimming,Sergio Freire,0.39612728907460043
Fusión Humor,Payahop,0.3960954632693891
Hermógenes Conache,Pancho del Sur,0.3960794025831348
Centella,Juan Pablo López,0.3959283556820105
Ernesto Belloni,Zip-Zup,0.39546356027993596
Centella,Rodrigo Villegas,0.39546350704367794
Los Locos del Humor,Sandy,0.3953934690732841
Jorge Alís,Álvaro Salas,0.39529029359940454
"Jorge ""Chino"" Navarrete",Melón y Melame,0.3952317855040957
Melón y Melame,Rodrigo González,0.3950268745431186
Arturo Ruiz-Tagle,Huaso Filomeno,0.3949764570967204
Julio Sabala,Pancho del Sur,0.3948854749562006
Pedro Ruminot,Óscar Gangas,0.39433271602607933
Lucho Navarro,Zip-Zup,0.39322419735581776
Alison Mandel,Sarah Sanders,0.3931591044695909
"Jorge ""Chino"" Navarrete",Payahop,0.39253028630315934
Felipe Avello,Javiera Contador,0.3917586851711616
El Huaso Clavel,Ricardo Meruane,0.39148918505396657
Coco Legrand,Los Indolatinos,0.3912646592716613
Arturo Ruiz-Tagle,Pujillay,0.39104920163775353
"Juan Luis ""Jajá"" Calderón",Zip-Zup,0.39074207343274187
Dino Gordillo,Juan Pablo López,0.39065991320676213
Rodrigo Villegas,Ruperto,0.39062261698417633
Millenium Show,Payahop,0.3899643550875761
"Daniela ""Chiqui"" Aguayo",Ernesto Belloni,0.3899130688980268
Hugo Varela,Jani Dueñas,0.3896716089171135
Diego Urrutia,Memo Bunke y Natalia Cuevas,0.38948495744765216
Arturo Ruiz-Tagle,Bastián Paz,0.38861474013805325
Centella,Pam Pam,0.38857344516928627
Edo Caroe,Álvaro Salas,0.3880007356818105
Dino Gordillo,Natalia Valdebenito,0.38777600165605675
Arturo Ruiz-Tagle,"Paul Vásquez ""El Flaco""",0.3872336376400755
León Murillo,Los Indolatinos,0.3865871326090835
Fabrizio Copano,Jani Dueñas,0.3864334400603822
Bombo Fica,Edo Caroe,0.38626916446926046
Alison Mandel,Los Indolatinos,0.38617479256641146
Arturo Ruiz-Tagle,Gigi Martin,0.38613633072317416
"Jorge ""Chino"" Navarrete",Sandy,0.3859151314603398
Ricardo Meruane,Rodrigo González,0.3856945658590958
Sarah Sanders,Álvaro Salas,0.3855302958625192
Paulo Iglesias,Rodrigo González,0.38505850306530326
Palta Meléndez,Ricardo Meruane,0.38502599011714317
Fusión Humor,Rodrigo González,0.3846078492797852
"Daniel Muñoz ""El Carmelo""",Mauricio Palma,0.3844166696932632
Ruperto,Sergio Freire,0.38439061760594107
Mauricio Palma,Sergio Freire,0.3842337689408258
Arturo Ruiz-Tagle,Edo Caroe,0.38409529075217697
Memo Bunke y Natalia Cuevas,Rodrigo González,0.38355862358531395
El Huaso Clavel,Óscar Gangas,0.38348062198466376
León Murillo,Sandy,0.3833512518471078
Huaso Filomeno,Los Indolatinos,0.38294662831568255
"Carlos ""El Mono"" Sánchez",Fabrizio Copano,0.3827598037799608
Luis Slimming,Natalia Valdebenito,0.3826911421766814
Hugo Goodman,Julio Sabala,0.38254249460624956
Melón y Melame,Pancho del Sur,0.3817686745558531
Fabrizio Copano,Memo Bunke,0.3815533351307505
Dino Gordillo,Edmundo Arrocet,0.381381838014495
Melón y Melame,Profesor Salomón y Tutu-Tutu,0.3811755646177184
Carlos García,Natalia Cuevas,0.38097221831264616
Alison Mandel,Paulo Iglesias,0.3800948697482958
Jorge Alís,León Murillo,0.3799976157373314
Edo Caroe,"Jorge ""Chino"" Navarrete",0.379330983194033
Arturo Ruiz-Tagle,Zip-Zup,0.3793069937982076
Profesor Salomón y Tutu-Tutu,Óscar Gangas,0.3792096313788038
Arturo Ruiz-Tagle,Fusión Humor,0.37914731351060377
Centella,El Pampero,0.3790617495447459
Palta Meléndez,Stefan Kramer,0.3789287703090447
Felo,Álvaro Salas,0.3785717575046982
Carlos García,Memo Bunke,0.37851168370144944
Dino Gordillo,Stefan Kramer,0.37832397090089237
Ernesto Belloni,Lucho Navarro,0.37769470783350273
Bombo Fica,Pedro Ruminot,0.377395453388015
Dinamita Show,Sandy,0.37688613849443886
Dinamita Show,Payahop,0.37602855819416786
Luis Slimming,"Paul Vásquez ""El Flaco""",0.37583101170430816
Bombo Fica,Diego Urrutia,0.37538523981826044
Melón y Melame,Sandy,0.3753391288784287
"Jorge ""Chino"" Navarrete",León Murillo,0.37526187255850907
Pancho del Sur,Ruperto,0.3751168049194964
El Huaso Clavel,Pujillay,0.37483854902412833
Los Indolatinos,Paulo Iglesias,0.37476789316587894
Ruperto,Álvaro Salas,0.37438326533816396
Millenium Show,Stefan Kramer,0.37424609037829354
Centella,Profesor Salomón y Tutu-Tutu,0.3742123928828957
Bombo Fica,Hermógenes Conache,0.37419668404907913
Dinamita Show,Rodrigo Villegas,0.3741411177567227
"Daniela ""Chiqui"" Aguayo","Juan Luis ""Jajá"" Calderón",0.37367318744454153
Dinamita Show,Los Indolatinos,0.37321895721890097
Edo Caroe,Rodrigo Villegas,0.37287494489282597
"Juan Luis ""Jajá"" Calderón",Natalia Valdebenito,0.3727799032938272
Coco Legrand,Pedro Ruminot,0.3725486088118305
Dinamita Show,Hermógenes Conache,0.37174338811913316
"Jorge ""Chino"" Navarrete",Rodrigo Villegas,0.3710081132453325
Pedro Ruminot,Álvaro Salas,0.370959008152008
Stefan Kramer,Álvaro Salas,0.3709380119340944
El Huaso Clavel,Los Indolatinos,0.3708972892900519
Centella,Rodrigo González,0.37065154503875913
Arturo Ruiz-Tagle,Felipe Avello,0.37044448153905973
Bombo Fica,Óscar Gangas,0.37025760678111186
Coco Legrand,Lucho Navarro,0.3701150300779225
Alejandra Azcárate,Huaso Filomeno,0.3695566071600877
Javiera Contador,Pam Pam,0.36931900593019107
El Pampero,Óscar Gangas,0.36922572491039424
Jorge Alís,Paulo Iglesias,0.3690845580414029
Dino Gordillo,Lucho Navarro,0.36839441342196777
Diego Urrutia,Álvaro Salas,0.36812525387713646
Natalia Valdebenito,Paulo Iglesias,0.3679872524948749
Ernesto Belloni,Paulo Iglesias,0.3679123379398922
El Huaso Clavel,Ernesto Belloni,0.3678184963166824
Hermógenes Conache,Paulo Iglesias,0.36765796365846043
"Daniel Muñoz ""El Carmelo""",Melón y Melame,0.36748063354456506
Centella,Jorge Alís,0.3670490438535834
Arturo Ruiz-Tagle,Luis Slimming,0.36679348746289736
Fabrizio Copano,Felo,0.36664412292802806
Jani Dueñas,Álvaro Salas,0.36648478264403567
Juan Pablo López,Pedro Ruminot,0.3664847656503597
Coco Legrand,Jorge Alís,0.36608752039363296
Fabrizio Copano,"Juan Luis ""Jajá"" Calderón",0.3658055248619066
"Juan Luis ""Jajá"" Calderón",Los Indolatinos,0.36570532846647996
Felipe Avello,Los Indolatinos,0.36549081645902687
"Daniela ""Chiqui"" Aguayo",Lucho Navarro,0.36536634159503123
"Juan Luis ""Jajá"" Calderón",Sarah Sanders,0.3652918561099316
Rodrigo Villegas,Stefan Kramer,0.3652814120398677
Los Locos del Humor,Memo Bunke y Natalia Cuevas,0.36526714438008595
Palta Meléndez,Rodrigo González,0.36523354783107426
Juan Pablo López,Los Atletas de la Risa,0.36518939090577884
"Carlos ""El Mono"" Sánchez",Los Locos del Humor,0.36476627452713345
Los Locos del Humor,Zip-Zup,0.3644239591526192
Edo Caroe,Natalia Valdebenito,0.3641604706364128
Hugo Varela,"Juan Luis ""Jajá"" Calderón",0.3637283432682413
Natalia Valdebenito,Sergio Freire,0.36361384246103545
Hermógenes Conache,Los Atletas de la Risa,0.3634154181390483
Paulo Iglesias,Zip-Zup,0.3631365678163825
Alison Mandel,Edo Caroe,0.36306679569815664
El Huaso Clavel,Álvaro Salas,0.36260121501157144
Fabrizio Copano,Payahop,0.3624839423803751
Centella,Los Atletas de la Risa,0.36224039175115
Jorge Alís,Sarah Sanders,0.36202803565184455
"Juan Luis ""Jajá"" Calderón",Ricardo Meruane,0.3618647000606785
Fabrizio Copano,Rudy Rey,0.3617838848377436
Carlos García,Payahop,0.36177780909372137
Fabrizio Copano,"Paul Vásquez ""El Flaco""",0.3617236195572121
Juan Pablo López,Sergio Freire,0.3615266484554093
Alex Ortiz,Centella,0.36126357563159284
Ernesto Belloni,Pujillay,0.36112870652638435
Dino Gordillo,"Juan Luis ""Jajá"" Calderón",0.36104414738142
Dinamita Show,Dino Gordillo,0.36085798239150696
Luis Slimming,Pamela Leiva,0.3604266099878475
Ricardo Meruane,Sergio Freire,0.3601204259983631
Jorge Alís,Los Indolatinos,0.35996453144147417
Javiera Contador,"Juan Luis ""Jajá"" Calderón",0.3598533277093086
Dino Gordillo,Fabrizio Copano,0.3598494999675448
Los Atletas de la Risa,Rodrigo González,0.35959984672618045
"Carlos ""El Mono"" Sánchez",Álvaro Salas,0.35959304657799274
Dino Gordillo,Profesor Salomón y Tutu-Tutu,0.3594272581529222
Alison Mandel,"Carlos ""El Mono"" Sánchez",0.3594129808975763
Carlos García,Pancho del Sur,0.35853908443802734
Bombo Fica,Ricardo Meruane,0.35789758514840647
Javiera Contador,Lucho Miranda,0.3576329810499931
Los Atletas de la Risa,Rodrigo Villegas,0.35754496513593337
"Daniela ""Chiqui"" Aguayo",Pam Pam,0.3568246665971532
Juan Pablo López,"Paul Vásquez ""El Flaco""",0.35631591980883326
Los Locos del Humor,Pujillay,0.35623074155504036
Diego Urrutia,Natalia Cuevas,0.3560654653051782
"Paul Vásquez ""El Flaco""",Paulo Iglesias,0.3559074138217216
El Pampero,Gigi Martin,0.3558052191173365
Dino Gordillo,El Pampero,0.35577621864513137
Edmundo Arrocet,Mauricio Palma,0.35553838391343634
Belén Mora,Pamela Leiva,0.35551121851815287
Felipe Avello,Pedro Ruminot,0.35455566640425756
Arturo Ruiz-Tagle,Sandy,0.35440612112651815
Arturo Ruiz-Tagle,Rodrigo Villegas,0.3540509049525075
Fabrizio Copano,Memo Bunke y Natalia Cuevas,0.3540202130077581
George Harris,Zip-Zup,0.3539307633302349
El Pampero,Sergio Freire,0.35320347877765046
Javiera Contador,Memo Bunke,0.3526829584418132
Hugo Varela,Profesor Salomón y Tutu-Tutu,0.35267666776658185
Hugo Varela,Los Indolatinos,0.3524718624188378
"Jorge ""Chino"" Navarrete",Los Locos del Humor,0.35223140240589873
Jorge Alís,Pam Pam,0.35212590767427626
"Daniel Muñoz ""El Carmelo""",Edo Caroe,0.35207257648790663
Centella,Hermógenes Conache,0.35202031059039834
Los Indolatinos,Pedro Ruminot,0.35185047227363625
Ernesto Belloni,Hermógenes Conache,0.3508730622313016
Mauricio Palma,Ruperto,0.35071256417160274
Memo Bunke y Natalia Cuevas,Rudy Rey,0.35051481491873104
Arturo Ruiz-Tagle,Javiera Contador,0.349199899339643
Los Indolatinos,Zip-Zup,0.3489848020905935
Carlos Helo,Pujillay,0.3488477831433864
"Juan Luis ""Jajá"" Calderón",Los Atletas de la Risa,0.3487933727993461
Alison Mandel,Coco Legrand,0.34846638521544837
"Paul Vásquez ""El Flaco""",Payahop,0.34825028298978716
Jani Dueñas,Lucho Navarro,0.3479114644259004
Edo Caroe,Fusión Humor,0.3473146008146707
Sandy,Stefan Kramer,0.3472195474863543
Carlos García,Rodrigo Villegas,0.34679337617190853
Dinamita Show,Fusión Humor,0.34617786873341466
Centella,Los Indolatinos,0.34603353037169227
Carlos Helo,Jorge Alís,0.34569464067640826
Gloria Benavides,Julio Sabala,0.34565873110017126
Centella,Álvaro Salas,0.34547366220254944
Alison Mandel,Pamela Leiva,0.34542128170604347
Bastián Paz,Hugo Varela,0.34481022215266405
Arturo Ruiz-Tagle,Sergio Freire,0.34441834693735623
Felipe Avello,"Jorge ""Chino"" Navarrete",0.3441569272902844
Alejandra Azcárate,Ernesto Belloni,0.3437730770334844
"Juan Luis ""Jajá"" Calderón",Paulo Iglesias,0.34370932630670603
"Carlos ""El Mono"" Sánchez",León Murillo,0.3436761246668961
Fusión Humor,Memo Bunke y Natalia Cuevas,0.3435191611793432
Fabrizio Copano,Rodrigo Villegas,0.34321322637088714
Arturo Ruiz-Tagle,Memo Bunke y Natalia Cuevas,0.3432119876315618
Sandy,Sarah Sanders,0.34310152665199534
Bastián Paz,Álvaro Salas,0.34301516582871444
Alejandra Azcárate,Centella,0.34294647684261415
El Pampero,Palta Meléndez,0.3428822990082939
Centella,Melón y Melame,0.34272230483880795
Alejandra Azcárate,Paulo Iglesias,0.34267714888326806
Bombo Fica,Rodrigo González,0.3425416234191679
Bombo Fica,Ernesto Belloni,0.3422644247205819
Bombo Fica,Gloria Benavides,0.3420474932387185
Pancho del Sur,Rodrigo González,0.3418770715350583
Melón y Melame,Zip-Zup,0.34183621857124413
Diego Urrutia,Pancho del Sur,0.3413628539409517
Jorge Alís,Millenium Show,0.34109159138743633
"Daniela ""Chiqui"" Aguayo",Jani Dueñas,0.3410768438231127
Pujillay,Ricardo Meruane,0.34065186957676313
León Murillo,Paulo Iglesias,0.3404993019966033
Bastián Paz,"Jorge ""Chino"" Navarrete",0.3403521891553666
Felipe Avello,Palta Meléndez,0.3398250168730745
Pancho del Sur,Óscar Gangas,0.339620882390927
Carlos García,"Juan Luis ""Jajá"" Calderón",0.3395167610648951
Carlos García,Óscar Gangas,0.3391138263348893
"Paul Vásquez ""El Flaco""",Stefan Kramer,0.3388085015808227
Zip-Zup,Álvaro Salas,0.3386292699959066
Alison Mandel,Memo Bunke,0.33853351392973297
Mauricio Palma,Álvaro Salas,0.3378708338605917
Dinamita Show,Óscar Gangas,0.3375797824223391
Mauricio Palma,Pedro Ruminot,0.3374548583884306
Diego Urrutia,Dino Gordillo,0.3373051464007987
Carlos Helo,Ricardo Meruane,0.33713446975264916
Gigi Martin,Pancho del Sur,0.336630104542459
"Jorge ""Chino"" Navarrete",Ricardo Meruane,0.3365601444918594
"Daniela ""Chiqui"" Aguayo",Dino Gordillo,0.33647837922168705
"Daniel Muñoz ""El Carmelo""",Fusión Humor,0.33637808413826653
Mauricio Palma,Pujillay,0.336144307138002
Belén Mora,Fusión Humor,0.33523394746300034
Huaso Filomeno,Memo Bunke,0.33522234015200175
Fusión Humor,Rudy Rey,0.3351820723461828
Diego Urrutia,Sergio Freire,0.334996263976784
Carlos García,Paulo Iglesias,0.33492864097738356
Dino Gordillo,Gloria Benavides,0.33474882749292634
Diego Urrutia,Óscar Gangas,0.33465489925479114
George Harris,Mauricio Palma,0.33414868456946384
"Daniela ""Chiqui"" Aguayo",Sandy,0.3340238313527826
Memo Bunke,Álvaro Salas,0.3338857762298118
"Jorge ""Chino"" Navarrete",Zip-Zup,0.33379895538488064
Natalia Cuevas,Rodrigo González,0.33379572283746833
Rodrigo González,Álvaro Salas,0.33374118839250616
Coco Legrand,Rodrigo González,0.33366535339486403
Ernesto Belloni,Gloria Benavides,0.3330240030913042
Carlos García,Ernesto Belloni,0.3329507710180831
Edo Caroe,Pamela Leiva,0.33286610045638065
Gigi Martin,"Paul Vásquez ""El Flaco""",0.33193372300074997
Hermógenes Conache,"Paul Vásquez ""El Flaco""",0.3318794984174837
Gloria Benavides,Los Locos del Humor,0.3318598262432547
Carlos Helo,"Jorge ""Chino"" Navarrete",0.3315444764312591
Arturo Ruiz-Tagle,Mauricio Palma,0.33137903900575627
Hermógenes Conache,Rodrigo González,0.3312736390159926
Gloria Benavides,Los Indolatinos,0.3309989931812505
"Carlos ""El Mono"" Sánchez",Los Indolatinos,0.3308861017957044
Lucho Miranda,"Paul Vásquez ""El Flaco""",0.3307670507634323
Felipe Avello,Payahop,0.3304655919116646
Mauricio Palma,Ricardo Meruane,0.3304101276241988
Felo,Memo Bunke,0.3298616045273874
Belén Mora,Ruperto,0.3291908295587326
Edo Caroe,Huaso Filomeno,0.3291196159136555
Gloria Benavides,Lucho Navarro,0.3290967591295318
Dino Gordillo,Payahop,0.32865461945684876
Gloria Benavides,Hermógenes Conache,0.3285574054440149
"Daniel Muñoz ""El Carmelo""",Rodrigo González,0.3285033894058839
Lucho Navarro,Palta Meléndez,0.3284074338557682
Coco Legrand,Pujillay,0.3283345359537233
Hugo Varela,"Jorge ""Chino"" Navarrete",0.3283071312256193
Huaso Filomeno,Jani Dueñas,0.32815457975573015
"Carlos ""El Mono"" Sánchez","Daniela ""Chiqui"" Aguayo",0.32790055703281634
Los Indolatinos,Natalia Valdebenito,0.3278858258690094
Carlos García,Los Indolatinos,0.3277722436385614
Alejandra Azcárate,Lucho Navarro,0.3275725420090289
Fabrizio Copano,Jorge Alís,0.3274701582246548
Carlos García,Pam Pam,0.3271288168291065
"Carlos ""El Mono"" Sánchez",Hermógenes Conache,0.32711394830954915
"Daniela ""Chiqui"" Aguayo",León Murillo,0.3270059107274706
Alejandra Azcárate,León Murillo,0.32688151940361704
Diego Urrutia,Los Indolatinos,0.32674853421665345
Edo Caroe,Memo Bunke,0.3267062191800472
Alejandra Azcárate,Fabrizio Copano,0.3265905540436219
Fabrizio Copano,Fusión Humor,0.32628384208597294
Diego Urrutia,Millenium Show,0.3261378529220597
Edo Caroe,Gloria Benavides,0.3260158823442922
Hermógenes Conache,Mauricio Palma,0.3256721955917035
Ernesto Belloni,"Jorge ""Chino"" Navarrete",0.32550092583257734
"Jorge ""Chino"" Navarrete",Sergio Freire,0.32522910645008846
Diego Urrutia,"Jorge ""Chino"" Navarrete",0.3250592517718266
Dinamita Show,Memo Bunke,0.3249571683413529
Juan Pablo López,Pujillay,0.32440317216007236
Natalia Valdebenito,Stefan Kramer,0.3236660819732641
"Juan Luis ""Jajá"" Calderón",Stefan Kramer,0.3231742966452675
Carlos García,Dino Gordillo,0.32313041056149483
Sandy,Zip-Zup,0.3229543656052425
Arturo Ruiz-Tagle,Ricardo Meruane,0.32278623028075126
Hermógenes Conache,Millenium Show,0.32278573170076164
Gigi Martin,Zip-Zup,0.32276798765949616
Hugo Goodman,Rodrigo Villegas,0.32264478743734987
Alison Mandel,Carlos García,0.3222779334914328
Bombo Fica,Sergio Freire,0.3221200795774634
Coco Legrand,Memo Bunke,0.3220735449406087
Centella,Natalia Valdebenito,0.3220588097246743
Javiera Contador,Zip-Zup,0.32193794907441914
El Huaso Clavel,León Murillo,0.32161090406451454
Ernesto Belloni,Sandy,0.32157635024658626
Ricardo Meruane,Óscar Gangas,0.32155903385319057
Bastián Paz,Melón y Melame,0.32143787650467764
Hugo Goodman,Melón y Melame,0.32067734167813355
Hugo Varela,Luis Slimming,0.320453638439222
El Huaso Clavel,Sandy,0.3203800113126737
Dinamita Show,Ricardo Meruane,0.32021032562278784
Los Atletas de la Risa,Los Locos del Humor,0.31963000238190314
"Juan Luis ""Jajá"" Calderón",León Murillo,0.319528641172587
Julio Sabala,Stefan Kramer,0.318989132378889
Edo Caroe,Juan Pablo López,0.31891874619336313
"Carlos ""El Mono"" Sánchez",Dino Gordillo,0.3187520418061756
Dinamita Show,Felipe Avello,0.31874566525762305
Coco Legrand,Fusión Humor,0.3184735062370837
Los Locos del Humor,Ruperto,0.3183246968063374
Edo Caroe,Hugo Varela,0.3181446279336816
Bombo Fica,Los Indolatinos,0.31765137203721067
Hermógenes Conache,Zip-Zup,0.3173441373337962
Gloria Benavides,Óscar Gangas,0.3166755818194623
Javiera Contador,"Jorge ""Chino"" Navarrete",0.31658095715318674
Fusión Humor,Julio Sabala,0.3165460476250656
Dinamita Show,Gigi Martin,0.3164208681620849
Felipe Avello,Luis Slimming,0.3162712765992902
El Pampero,Fabrizio Copano,0.3161111764406319
Alejandra Azcárate,Los Locos del Humor,0.31599608834549114
Dino Gordillo,León Murillo,0.31589042571202997
Natalia Valdebenito,"Paul Vásquez ""El Flaco""",0.3158331441504037
Bastián Paz,Gigi Martin,0.3155939483977177
Palta Meléndez,Rodrigo Villegas,0.3155138465386954
Alison Mandel,Hermógenes Conache,0.31545495145107527
"Carlos ""El Mono"" Sánchez",Diego Urrutia,0.3154456890764095
Bastián Paz,Pancho del Sur,0.31464403372343974
Edo Caroe,Sandy,0.31434201475519713
Sarah Sanders,Óscar Gangas,0.314306654759176
Fusión Humor,"Jorge ""Chino"" Navarrete",0.31390509241867953
Dino Gordillo,Rodrigo González,0.31346936313317836
Hermógenes Conache,Sergio Freire,0.3133908622679805
Julio Sabala,Ruperto,0.3128571306914145
Alex Ortiz,Ricardo Meruane,0.3127790609187729
"Paul Vásquez ""El Flaco""",Rodrigo González,0.3126308159911509
Dinamita Show,Mauricio Palma,0.31261558463777817
Los Atletas de la Risa,Mauricio Palma,0.3125800186186082
Dino Gordillo,Sergio Freire,0.31257210321934265
Carlos García,Edmundo Arrocet,0.3125161627310976
León Murillo,Pamela Leiva,0.31234965672596704
Bombo Fica,Mauricio Palma,0.3112338882609288
Arturo Ruiz-Tagle,Centella,0.3109914903614012
Alejandra Azcárate,Jorge Alís,0.3109197414621802
"Jorge ""Chino"" Navarrete",Pedro Ruminot,0.31090531613651395
"Jorge ""Chino"" Navarrete",Luis Slimming,0.3108255709667884
Los Atletas de la Risa,Pedro Ruminot,0.31078900174300417
Rodrigo González,Ruperto,0.31043826100463123
Edo Caroe,Hugo Goodman,0.3102426298050566
Natalia Valdebenito,Álvaro Salas,0.3101838255689604
Hugo Varela,Pancho del Sur,0.31006746643983
Palta Meléndez,Profesor Salomón y Tutu-Tutu,0.3100015822994732
Felipe Avello,Los Locos del Humor,0.309583866399965
Carlos García,El Huaso Clavel,0.3095364389123862
Alejandra Azcárate,Hugo Varela,0.3093546095690676
"Jorge ""Chino"" Navarrete",Natalia Cuevas,0.3091594011953021
Alison Mandel,Lucho Miranda,0.3090399843340578
León Murillo,Los Locos del Humor,0.30893132886968766
Alejandra Azcárate,Javiera Contador,0.3087948576320374
Alison Mandel,Gigi Martin,0.30879223842398856
Edo Caroe,Jorge Alís,0.3086432789703187
Arturo Ruiz-Tagle,Hermógenes Conache,0.3085979612635532
Jorge Alís,Los Locos del Humor,0.30831533279007484
Profesor Salomón y Tutu-Tutu,Sergio Freire,0.3082689095278073
Coco Legrand,Ricardo Meruane,0.3079637506867939
Mauricio Palma,Pancho del Sur,0.30784217064555536
Melón y Melame,"Paul Vásquez ""El Flaco""",0.3075698806750037
Alex Ortiz,Rodrigo Villegas,0.3072754470392406
"Daniela ""Chiqui"" Aguayo",Luis Slimming,0.30693811722754644
Felipe Avello,Álvaro Salas,0.30673345276995956
Dino Gordillo,"Jorge ""Chino"" Navarrete",0.3067081576943185
Jani Dueñas,Luis Slimming,0.3061859286567325
Arturo Ruiz-Tagle,Carlos Helo,0.3058406544790997
Arturo Ruiz-Tagle,León Murillo,0.305803491318981
Arturo Ruiz-Tagle,El Pampero,0.3054639129752735
Jani Dueñas,Lucho Miranda,0.30541637474004957
Fabrizio Copano,Julio Sabala,0.30480348277836716
Alex Ortiz,Fusión Humor,0.3047463517407765
Luis Slimming,Álvaro Salas,0.3045233719662527
Alex Ortiz,"Juan Luis ""Jajá"" Calderón",0.30450672073190516
Sergio Freire,Álvaro Salas,0.30405328073827936
Hugo Goodman,Mauricio Palma,0.30390666425460205
Centella,Fusión Humor,0.3036901695953513
Ernesto Belloni,Jorge Alís,0.30259084067099123
Arturo Ruiz-Tagle,Sarah Sanders,0.301899605586938
Hugo Varela,Rodrigo Villegas,0.3014783832031315
Melón y Melame,Palta Meléndez,0.3007981240385761
Gigi Martin,Gloria Benavides,0.3006068388318945
Fusión Humor,Hugo Varela,0.3005359942211926
Dino Gordillo,Memo Bunke,0.3005068654692975
Memo Bunke y Natalia Cuevas,Natalia Valdebenito,0.30010131198540246
Paulo Iglesias,Sandy,0.2999841163064069
Edo Caroe,Hermógenes Conache,0.29963915012241266
"Carlos ""El Mono"" Sánchez",Paulo Iglesias,0.299617531548126
Los Indolatinos,Rodrigo Villegas,0.29943815207842595
Hermógenes Conache,Juan Pablo López,0.2993873167201472
León Murillo,Rodrigo González,0.29929985052577357
Felo,Rodrigo Villegas,0.29912055949827515
Gigi Martin,Hugo Varela,0.29895523160635035
Diego Urrutia,"Paul Vásquez ""El Flaco""",0.2989288411460754
Pamela Leiva,Pedro Ruminot,0.2988557978397118
Melón y Melame,Millenium Show,0.29882908423793936
Coco Legrand,Sandy,0.2984454003018954
Payahop,Sergio Freire,0.2981820925778485
Alison Mandel,Dinamita Show,0.29815214278941804
Rudy Rey,Álvaro Salas,0.29794456110570877
Carlos García,Fabrizio Copano,0.29789306635999974
Edo Caroe,Jani Dueñas,0.29772715553288215
Felo,Gigi Martin,0.2975781951907654
"Daniela ""Chiqui"" Aguayo",Rodrigo González,0.29750593377487466
Los Indolatinos,Sergio Freire,0.2968512017739279
Hugo Goodman,Lucho Miranda,0.2968233569115406
Jani Dueñas,Pam Pam,0.2966281817771838
Dinamita Show,Lucho Navarro,0.2963249452036286
Dino Gordillo,Edo Caroe,0.29626895817703075
Alejandra Azcárate,Dino Gordillo,0.29625583496105357
Edo Caroe,Palta Meléndez,0.29612832512959486
Stefan Kramer,Óscar Gangas,0.29593067340515716
Felo,Hermógenes Conache,0.2958081965487337
Paulo Iglesias,Pujillay,0.2957970344973176
Alison Mandel,Ernesto Belloni,0.2956894931261639
Gigi Martin,Sergio Freire,0.2956643705945813
Pam Pam,Rodrigo González,0.2955117851153574
Diego Urrutia,Zip-Zup,0.29518966136388625
Alison Mandel,Álvaro Salas,0.2951569580157987
"Daniela ""Chiqui"" Aguayo",Natalia Valdebenito,0.2949436805748556
Coco Legrand,Dinamita Show,0.294868235686933
Hugo Goodman,Pamela Leiva,0.29485097912215974
Payahop,Pedro Ruminot,0.2947409414398554
Dinamita Show,Pamela Leiva,0.2946106984599246
Lucho Navarro,Álvaro Salas,0.29438126080368293
Jenny Cavallo,Lucho Miranda,0.2943644017391512
Jorge Alís,Mauricio Palma,0.2941164355135086
Dinamita Show,Jani Dueñas,0.293945167199616
Centella,Stefan Kramer,0.293804718532125
Gloria Benavides,Palta Meléndez,0.29377052760975
Memo Bunke,Sergio Freire,0.2932827773491554
Edmundo Arrocet,Pujillay,0.2929915634547576
Gigi Martin,Hermógenes Conache,0.29299022926980606
Belén Mora,Luis Slimming,0.29263153178577345
Huaso Filomeno,Sergio Freire,0.29234672285489005
Dino Gordillo,Ernesto Belloni,0.2922888185663667
Alex Ortiz,Coco Legrand,0.2922013279352383
Payahop,Sandy,0.29192757701984146
Paulo Iglesias,Pedro Ruminot,0.2918636891941201
Mauricio Palma,Profesor Salomón y Tutu-Tutu,0.2916623854299461
Dino Gordillo,Paulo Iglesias,0.2915773000720257
Carlos Helo,Sergio Freire,0.2915150750551076
Natalia Valdebenito,Pedro Ruminot,0.29135751346481964
Diego Urrutia,Fusión Humor,0.2913254521927798
Javiera Contador,Pujillay,0.2912618346109648
Alejandra Azcárate,"Juan Luis ""Jajá"" Calderón",0.29074752703833456
Alejandra Azcárate,Diego Urrutia,0.2906512167387293
Hermógenes Conache,Hugo Varela,0.29027242296126143
Luis Slimming,Payahop,0.2901644750311651
Coco Legrand,Juan Pablo López,0.2899191931619229
"Daniela ""Chiqui"" Aguayo",Jorge Alís,0.28982631785871055
Fusión Humor,Gigi Martin,0.2896456855509921
Dino Gordillo,Hugo Goodman,0.2895923545287114
Huaso Filomeno,Los Atletas de la Risa,0.2895795033117886
Coco Legrand,Diego Urrutia,0.28929765410561514
Diego Urrutia,Natalia Valdebenito,0.28918959444482445
Centella,Fabrizio Copano,0.28911968855042547
Sergio Freire,Óscar Gangas,0.2882392971219327
Carlos García,Rodrigo González,0.28817524749883966
Alejandra Azcárate,Palta Meléndez,0.2876945582052647
Pedro Ruminot,Rodrigo Villegas,0.2875603180530362
Jorge Alís,Ricardo Meruane,0.2875057748349706
Luis Slimming,Rodrigo Villegas,0.2873969360761598
Hugo Goodman,Millenium Show,0.2868473661154832
Dinamita Show,Hugo Goodman,0.2864691247827334
Jorge Alís,Natalia Valdebenito,0.28633225999420164
Arturo Ruiz-Tagle,"Daniela ""Chiqui"" Aguayo",0.2861648617183152
Los Locos del Humor,Rudy Rey,0.285532250304414
Melón y Melame,Óscar Gangas,0.2854211360249901
Coco Legrand,Jenny Cavallo,0.28524573455604296
Dinamita Show,"Paul Vásquez ""El Flaco""",0.2850775974771644
Ernesto Belloni,Rudy Rey,0.2848977052551118
Ernesto Belloni,Felo,0.2843849173460266
Edo Caroe,Pancho del Sur,0.28427731042541743
Arturo Ruiz-Tagle,"Juan Luis ""Jajá"" Calderón",0.2841702291056748
Arturo Ruiz-Tagle,Los Indolatinos,0.2839995912502752
Gloria Benavides,Pancho del Sur,0.28387496235043264
Belén Mora,"Jorge ""Chino"" Navarrete",0.2836934168372908
Arturo Ruiz-Tagle,Ernesto Belloni,0.28360021937653296
Los Atletas de la Risa,Álvaro Salas,0.28330598356213166
Felo,Jani Dueñas,0.28315607571293716
Arturo Ruiz-Tagle,Belén Mora,0.2827393323071463
Bombo Fica,Natalia Cuevas,0.2825359723418502
El Huaso Clavel,Hugo Varela,0.2824829737983683
León Murillo,Sergio Freire,0.2824793912477831
Arturo Ruiz-Tagle,Memo Bunke,0.2820745916113263
Edo Caroe,Felipe Avello,0.28191166742084545
Alison Mandel,León Murillo,0.2815810579196497
Memo Bunke y Natalia Cuevas,Sergio Freire,0.2814663355269095
Gigi Martin,Los Locos del Humor,0.2813765620125337
Hermógenes Conache,"Juan Luis ""Jajá"" Calderón",0.2813714480215294
Los Indolatinos,Stefan Kramer,0.2813593429350147
Los Indolatinos,Lucho Navarro,0.2813419923264562
Felo,Jorge Alís,0.28127972426604253
"Daniela ""Chiqui"" Aguayo",Edo Caroe,0.28113614386764474
Bastián Paz,Coco Legrand,0.2810224091727072
Lucho Navarro,Melón y Melame,0.2803785133833348
Pancho del Sur,Sandy,0.2797422085594629
Huaso Filomeno,Mauricio Palma,0.2795901153128751
Hermógenes Conache,Natalia Cuevas,0.2794832507392584
Jorge Alís,Luis Slimming,0.2789187637236096
Alison Mandel,Lucho Navarro,0.27882069243562324
Hugo Varela,Lucho Navarro,0.2786711432817305
Alejandra Azcárate,Arturo Ruiz-Tagle,0.2785774997788217
"Jorge ""Chino"" Navarrete",Sarah Sanders,0.27849137466478946
Diego Urrutia,Luis Slimming,0.27770938472882645
"Daniela ""Chiqui"" Aguayo",Palta Meléndez,0.277448114047803
Alison Mandel,Rodrigo González,0.27742185959999766
"Carlos ""El Mono"" Sánchez",Stefan Kramer,0.2774150992869276
Carlos García,Stefan Kramer,0.27730683499987524
"Jorge ""Chino"" Navarrete",Rodrigo González,0.2769561488865911
Jenny Cavallo,Pam Pam,0.2768793049127276
Ernesto Belloni,Los Indolatinos,0.27676959165931103
Jani Dueñas,Sergio Freire,0.2767390488286391
Gigi Martin,Pujillay,0.2767102607655006
Los Locos del Humor,Ricardo Meruane,0.276578259768848
"Carlos ""El Mono"" Sánchez",Dinamita Show,0.27647482157347875
Alejandra Azcárate,Luis Slimming,0.27635853955083234
Memo Bunke,Pam Pam,0.2763496911189387
Fusión Humor,Palta Meléndez,0.27616028421269984
"Carlos ""El Mono"" Sánchez",Jorge Alís,0.2760834331053528
Fabrizio Copano,Los Indolatinos,0.27607858349016645
Coco Legrand,Pam Pam,0.2757179555676038
Carlos García,Dinamita Show,0.2756111671602709
Rodrigo Villegas,Sandy,0.2755621659307181
Los Indolatinos,Ricardo Meruane,0.27544617451160897
Hugo Varela,Mauricio Palma,0.27534725345197547
Alejandra Azcárate,Álvaro Salas,0.27532237844638396
Juan Pablo López,Lucho Miranda,0.2751526854955408
Memo Bunke,Zip-Zup,0.2747754367014923
Edmundo Arrocet,Óscar Gangas,0.2742375280820492
Melón y Melame,Ricardo Meruane,0.2740085316650982
Carlos Helo,Ernesto Belloni,0.2736796361172782
Dino Gordillo,Rodrigo Villegas,0.27355590814405617
Pujillay,Álvaro Salas,0.273469612188945
"Carlos ""El Mono"" Sánchez",El Pampero,0.27332778007323316
Felo,Payahop,0.2733156516426732
Hermógenes Conache,Rodrigo Villegas,0.27328595341650475
Arturo Ruiz-Tagle,Hugo Goodman,0.27323139740547225
Huaso Filomeno,"Paul Vásquez ""El Flaco""",0.27316702615173794
Alison Mandel,"Jorge ""Chino"" Navarrete",0.2731667673339045
Carlos García,Fusión Humor,0.2731585153354833
Alejandra Azcárate,Los Indolatinos,0.2731430236788227
El Pampero,Álvaro Salas,0.27282439598649083
"Jorge ""Chino"" Navarrete",Jorge Alís,0.2725272092793131
Ernesto Belloni,Jenny Cavallo,0.2723941817739723
Dinamita Show,Edo Caroe,0.27217735494725515
Edo Caroe,"Paul Vásquez ""El Flaco""",0.2718915517935611
Centella,Dino Gordillo,0.27182694760717024
Lucho Navarro,Óscar Gangas,0.2717723076958341
"Daniela ""Chiqui"" Aguayo",Álvaro Salas,0.2717570448251719
Hugo Goodman,Los Indolatinos,0.2707362020901473
Arturo Ruiz-Tagle,Lucho Miranda,0.2707273293203819
Dinamita Show,Lucho Miranda,0.27048982387675796
Gigi Martin,Stefan Kramer,0.270435524333604
Fusión Humor,Álvaro Salas,0.2702737845396774
"Carlos ""El Mono"" Sánchez",Pujillay,0.2702032120096393
Felipe Avello,Melón y Melame,0.27006617326714155
Juan Pablo López,León Murillo,0.26982406723854235
Huaso Filomeno,Rodrigo Villegas,0.2698108997594959
Bombo Fica,"Juan Luis ""Jajá"" Calderón",0.2694229721968642
Memo Bunke,Rodrigo González,0.2694059662487836
"Carlos ""El Mono"" Sánchez",Carlos García,0.26930611140108235
Coco Legrand,Melón y Melame,0.26927237175033863
"Jorge ""Chino"" Navarrete",Paulo Iglesias,0.26914783031332973
Melón y Melame,Sergio Freire,0.2690549406260733
Luis Slimming,Zip-Zup,0.269047828999499
Carlos García,Memo Bunke y Natalia Cuevas,0.2683072422240249
"Juan Luis ""Jajá"" Calderón",Rodrigo González,0.26808993519119606
Arturo Ruiz-Tagle,Natalia Valdebenito,0.26798956585833994
"Daniel Muñoz ""El Carmelo""",Álvaro Salas,0.26758064753680944
Alex Ortiz,Arturo Ruiz-Tagle,0.2671426668219739
Dinamita Show,Rodrigo González,0.26703222146332506
Fabrizio Copano,Gloria Benavides,0.26677407849390694
Jani Dueñas,Paulo Iglesias,0.2667319300608228
Alejandra Azcárate,Rodrigo González,0.2666156248726398
Alex Ortiz,Hugo Varela,0.2663937614425792
Fabrizio Copano,Melón y Melame,0.26624316105763735
Belén Mora,"Juan Luis ""Jajá"" Calderón",0.2659048262169137
"Jorge ""Chino"" Navarrete",Juan Pablo López,0.2658518800718683
Coco Legrand,Hermógenes Conache,0.2658448322979971
"Jorge ""Chino"" Navarrete","Juan Luis ""Jajá"" Calderón",0.265683726865159
Bastián Paz,Palta Meléndez,0.2655393198757279
Dinamita Show,Natalia Cuevas,0.2654751457425452
Gigi Martin,Los Indolatinos,0.2654421827774629
Carlos García,Los Atletas de la Risa,0.26534725783442775
Dinamita Show,Los Atletas de la Risa,0.26511088620188106
Fabrizio Copano,Hermógenes Conache,0.2648046527534669
Gloria Benavides,Jani Dueñas,0.2644964256702107
Carlos García,Melón y Melame,0.26439658910943803
Gigi Martin,Melón y Melame,0.26437931403433834
Edo Caroe,Ruperto,0.2643017042264615
Coco Legrand,Memo Bunke y Natalia Cuevas,0.2642922086146655
Diego Urrutia,Melón y Melame,0.26424962496663473
Alison Mandel,"Paul Vásquez ""El Flaco""",0.26358676598125474
Arturo Ruiz-Tagle,Pancho del Sur,0.2635680471339449
Centella,Lucho Miranda,0.2635076257657067
Jani Dueñas,"Juan Luis ""Jajá"" Calderón",0.2634897629529275
"Daniela ""Chiqui"" Aguayo",El Huaso Clavel,0.2634214231147218
Coco Legrand,Pamela Leiva,0.26326715396929157
Hugo Goodman,Stefan Kramer,0.26312192544290736
Hugo Varela,"Paul Vásquez ""El Flaco""",0.2629342946631001
"Juan Luis ""Jajá"" Calderón",Rodrigo Villegas,0.2629033366672495
Belén Mora,Stefan Kramer,0.26278572318569493
Bastián Paz,Sergio Freire,0.26222712441101537
Luis Slimming,Stefan Kramer,0.2621519560506483
"Daniela ""Chiqui"" Aguayo","Paul Vásquez ""El Flaco""",0.2619401161328403
Bombo Fica,Palta Meléndez,0.26182797884712916
Carlos García,León Murillo,0.26136777036564796
Dino Gordillo,Luis Slimming,0.26108370495479205
"Juan Luis ""Jajá"" Calderón",Melón y Melame,0.2610715153933439
Alison Mandel,Arturo Ruiz-Tagle,0.26096633750098613
Hugo Goodman,Natalia Cuevas,0.2608958374665216
Felo,Óscar Gangas,0.26086969313174935
Arturo Ruiz-Tagle,Natalia Cuevas,0.2608667099745679
Bombo Fica,Dino Gordillo,0.2608666212141401
Los Indolatinos,Memo Bunke,0.2605477386875623
Mauricio Palma,Natalia Cuevas,0.26042474439464436
Hermógenes Conache,Natalia Valdebenito,0.26033967340570097
"Daniela ""Chiqui"" Aguayo",Dinamita Show,0.2602827572540292
Felipe Avello,León Murillo,0.25992679729448054
Alison Mandel,Jorge Alís,0.25975911392411033
Edmundo Arrocet,Zip-Zup,0.25967803477892726
Carlos García,Natalia Valdebenito,0.2594240395548773
Sandy,Sergio Freire,0.25899063577971754
Bombo Fica,Los Locos del Humor,0.2588645438789964
Hugo Goodman,Óscar Gangas,0.2586989378507567
Pedro Ruminot,Sandy,0.25811450841530387
Arturo Ruiz-Tagle,"Daniel Muñoz ""El Carmelo""",0.25779474659950286
Luis Slimming,Mauricio Palma,0.2577769328008787
Jani Dueñas,Los Locos del Humor,0.2577045655800854
"Paul Vásquez ""El Flaco""",Zip-Zup,0.25759287733238806
El Huaso Clavel,Hugo Goodman,0.25743866905987395
Carlos Helo,Edo Caroe,0.2571565489184181
Jani Dueñas,Pamela Leiva,0.25705593714279806
Hermógenes Conache,Rudy Rey,0.2570291109801333
Fabrizio Copano,Zip-Zup,0.25699660060413176
Alison Mandel,Diego Urrutia,0.25672800918078825
Luis Slimming,Palta Meléndez,0.25655730438096186
Memo Bunke,Stefan Kramer,0.25632393483323135
Alison Mandel,"Juan Luis ""Jajá"" Calderón",0.256276178769322
Hermógenes Conache,Melón y Melame,0.25626534931380923
Felo,Fusión Humor,0.2560102890518834
Gloria Benavides,Sergio Freire,0.25591046674809137
"Jorge ""Chino"" Navarrete",Óscar Gangas,0.2558472137983803
Pam Pam,Zip-Zup,0.2558022278131066
Edo Caroe,Sarah Sanders,0.2557751960174579
Centella,"Daniela ""Chiqui"" Aguayo",0.2555678297836097
Centella,Dinamita Show,0.25499319920839403
Javiera Contador,Luis Slimming,0.2549505550638226
Jorge Alís,Los Atletas de la Risa,0.25491528201566827
Gloria Benavides,"Juan Luis ""Jajá"" Calderón",0.2546501981663111
Felipe Avello,Óscar Gangas,0.2546100651643637
Dinamita Show,Stefan Kramer,0.25381205895693004
"Carlos ""El Mono"" Sánchez",Palta Meléndez,0.2537811769904882
"Daniela ""Chiqui"" Aguayo",Los Locos del Humor,0.25374217923788184
Pedro Ruminot,Sarah Sanders,0.25373903755863886
"Daniela ""Chiqui"" Aguayo",Lucho Miranda,0.2536294974971742
Los Indolatinos,Rodrigo González,0.2535565072187957
Palta Meléndez,Sarah Sanders,0.25322275977206965
Los Indolatinos,Mauricio Palma,0.2531062203469465
Alison Mandel,Luis Slimming,0.2529198636680491
"Jorge ""Chino"" Navarrete",Memo Bunke,0.2527457253373267
Hermógenes Conache,Pam Pam,0.25260186490249165
Fusión Humor,"Paul Vásquez ""El Flaco""",0.2523915637645933
Jorge Alís,Sandy,0.2523892121807204
Memo Bunke,Pedro Ruminot,0.2519572771499218
Coco Legrand,Los Atletas de la Risa,0.25179708071247786
Jenny Cavallo,Natalia Valdebenito,0.25173225249600384
"Carlos ""El Mono"" Sánchez",Pam Pam,0.251717504962123
Jorge Alís,Payahop,0.25157815273696255
Centella,Jenny Cavallo,0.25152363581611464
Arturo Ruiz-Tagle,Los Atletas de la Risa,0.25144749331637345
Carlos García,Pedro Ruminot,0.2514451721968251
Alison Mandel,Huaso Filomeno,0.25077351044220547
Rodrigo González,Óscar Gangas,0.2505066922004236
Paulo Iglesias,Álvaro Salas,0.250127305686535
Ernesto Belloni,Memo Bunke,0.24938645669292503
Carlos García,Sergio Freire,0.24912275986699878
Hermógenes Conache,"Jorge ""Chino"" Navarrete",0.2487270355901394
Juan Pablo López,Sandy,0.24869956820050185
El Huaso Clavel,Paulo Iglesias,0.2484821899980209
Bombo Fica,Felo,0.2481485368576758
"Carlos ""El Mono"" Sánchez",Lucho Navarro,0.24797181657639247
León Murillo,Pancho del Sur,0.24791531674494205
Huaso Filomeno,Melón y Melame,0.24777071608742468
Edo Caroe,Los Indolatinos,0.24772620111090857
"Carlos ""El Mono"" Sánchez",Centella,0.24737918660055194
Javiera Contador,"Paul Vásquez ""El Flaco""",0.24736807147535375
Dino Gordillo,Pancho del Sur,0.24729015998676507
"Paul Vásquez ""El Flaco""",Pedro Ruminot,0.2471235119116836
"Daniel Muñoz ""El Carmelo""",Pedro Ruminot,0.24690072140239933
"Daniela ""Chiqui"" Aguayo",Ricardo Meruane,0.24666724778996554
"Juan Luis ""Jajá"" Calderón",Mauricio Palma,0.24664177329612
Alex Ortiz,Natalia Valdebenito,0.24642936619938735
Hugo Goodman,Rodrigo González,0.2463997892797934
Ernesto Belloni,Ruperto,0.24627227598724438
Alejandra Azcárate,Stefan Kramer,0.24621540236783768
Lucho Miranda,Paulo Iglesias,0.24610106074218058
"Jorge ""Chino"" Navarrete",Stefan Kramer,0.24609693588532294
"Juan Luis ""Jajá"" Calderón",Pujillay,0.24556225665521283
Jorge Alís,Zip-Zup,0.2451767169405148
Ricardo Meruane,Sandy,0.24466553479732805
Los Atletas de la Risa,Ricardo Meruane,0.24457655222998131
Gigi Martin,Natalia Cuevas,0.24449085963097109
Alejandra Azcárate,Lucho Miranda,0.24448105463440903
"Carlos ""El Mono"" Sánchez",El Huaso Clavel,0.24429085883211774
Felo,Palta Meléndez,0.2442544064190566
"Carlos ""El Mono"" Sánchez",Edo Caroe,0.24417504145060442
El Pampero,Pancho del Sur,0.24409485512370804
Natalia Valdebenito,Rodrigo González,0.24392874241268755
Memo Bunke,Pamela Leiva,0.2439065719582021
Edo Caroe,Melón y Melame,0.24390574413646646
"Daniel Muñoz ""El Carmelo""",Lucho Miranda,0.24360486534952153
Alejandra Azcárate,Sandy,0.24358042612621397
"Daniela ""Chiqui"" Aguayo",Hermógenes Conache,0.24334531046374075
El Pampero,Pedro Ruminot,0.24297943391516855
Dino Gordillo,Pam Pam,0.2429431985691774
Pancho del Sur,Payahop,0.2421395749771838
Javiera Contador,Los Locos del Humor,0.24205478217362617
Hugo Varela,Sandy,0.2420494115510383
Hugo Goodman,Ruperto,0.2419315897488164
Juan Pablo López,Rodrigo Villegas,0.24182277248267428
Dinamita Show,Pedro Ruminot,0.24177021304397278
Alison Mandel,Felipe Avello,0.24127299179014816
Dino Gordillo,Pujillay,0.24104342512139845
Natalia Cuevas,Óscar Gangas,0.24098424141100366
Bombo Fica,Stefan Kramer,0.2407665346324135
Bombo Fica,Pamela Leiva,0.2405986045279568
Mauricio Palma,Sandy,0.24034189123657757
Fabrizio Copano,Óscar Gangas,0.24034129827711095
Julio Sabala,Los Locos del Humor,0.24031009140088969
Edmundo Arrocet,Álvaro Salas,0.24014424950411978
Dinamita Show,Sergio Freire,0.24007893819202925
Los Atletas de la Risa,Natalia Valdebenito,0.23980663436752972
Felo,Memo Bunke y Natalia Cuevas,0.23953156597896744
Fusión Humor,Los Indolatinos,0.23952449536882564
Ernesto Belloni,Natalia Cuevas,0.23950283667703934
Huaso Filomeno,Pujillay,0.2387765235133562
Fusión Humor,Pedro Ruminot,0.23877025663428433
Los Indolatinos,Payahop,0.23866496739594892
Alison Mandel,Hugo Varela,0.23864525028134714
Palta Meléndez,Pancho del Sur,0.23853309300026018
Julio Sabala,Álvaro Salas,0.2382526724078157
Lucho Miranda,Pedro Ruminot,0.23821961452089913
Bombo Fica,Álvaro Salas,0.238190491313436
Gloria Benavides,Zip-Zup,0.23818177199866022
Lucho Miranda,Sarah Sanders,0.23811510202618216
Diego Urrutia,Dinamita Show,0.23803582478183463
Los Indolatinos,Luis Slimming,0.23784901556574511
"Daniel Muñoz ""El Carmelo""",Hermógenes Conache,0.2377822425255047
Fusión Humor,"Juan Luis ""Jajá"" Calderón",0.23754152724960667
Javiera Contador,Jenny Cavallo,0.23734653939660386
Jenny Cavallo,Lucho Navarro,0.23727027427480518
Alison Mandel,Sandy,0.23712874565496697
Natalia Cuevas,Álvaro Salas,0.23691738806363138
"Paul Vásquez ""El Flaco""",Sergio Freire,0.23686208495965883
"Jorge ""Chino"" Navarrete",Los Atletas de la Risa,0.23663914933900682
Felipe Avello,Stefan Kramer,0.23643992231737146
Los Locos del Humor,Profesor Salomón y Tutu-Tutu,0.23616119642465658
Centella,Hugo Varela,0.236000769569755
El Pampero,Los Locos del Humor,0.23547719978222503
Huaso Filomeno,Rudy Rey,0.23540863413032392
"Daniel Muñoz ""El Carmelo""",Los Indolatinos,0.23537058181789589
El Huaso Clavel,"Jorge ""Chino"" Navarrete",0.23532686640795136
Hermógenes Conache,Payahop,0.23525792391591668
Hugo Goodman,"Paul Vásquez ""El Flaco""",0.23523490263110552
Edmundo Arrocet,Los Indolatinos,0.23513225665666843
Memo Bunke,Profesor Salomón y Tutu-Tutu,0.23512066567502288
Diego Urrutia,Juan Pablo López,0.2350665726201634
Centella,Felipe Avello,0.23503758624959795
Hermógenes Conache,Huaso Filomeno,0.23498249754996564
Belén Mora,Felipe Avello,0.2348848954656064
Dino Gordillo,Los Atletas de la Risa,0.23479121064768668
Jorge Alís,Pujillay,0.23476796693596025
Luis Slimming,Memo Bunke y Natalia Cuevas,0.2347165381335273
Alex Ortiz,Álvaro Salas,0.23461986192457499
Pujillay,Óscar Gangas,0.23407771879534342
Hugo Goodman,León Murillo,0.2340552279979351
Luis Slimming,Natalia Cuevas,0.23399820258103143
"Daniela ""Chiqui"" Aguayo",Mauricio Palma,0.2333589039368528
Edmundo Arrocet,Pedro Ruminot,0.23318033055970855
Dinamita Show,Pam Pam,0.23215928060217936
Jani Dueñas,Memo Bunke y Natalia Cuevas,0.23148598742100956
Huaso Filomeno,Rodrigo González,0.23148425334951864
Fusión Humor,Juan Pablo López,0.23120491984598282
El Huaso Clavel,Memo Bunke,0.2306965388883513
Rodrigo Villegas,Óscar Gangas,0.23056939204643156
"Carlos ""El Mono"" Sánchez",Javiera Contador,0.23005772731045698
Paulo Iglesias,Sarah Sanders,0.2300136008586422
Los Locos del Humor,Paulo Iglesias,0.2299238111360126
Memo Bunke,Natalia Valdebenito,0.2298027380844897
Mauricio Palma,Zip-Zup,0.22956308349423046
Alejandra Azcárate,Pam Pam,0.22914055274461853
Carlos García,"Jorge ""Chino"" Navarrete",0.2290550261293018
El Pampero,Mauricio Palma,0.22847811728151074
Juan Pablo López,Paulo Iglesias,0.22836042399745823
Coco Legrand,Payahop,0.2282126078190003
Bombo Fica,Fabrizio Copano,0.22797202936347108
Melón y Melame,Memo Bunke y Natalia Cuevas,0.22786808630946234
Ernesto Belloni,Rodrigo Villegas,0.22782736441691367
Millenium Show,Rodrigo González,0.2277291533124698
Belén Mora,Juan Pablo López,0.22760637762557445
Profesor Salomón y Tutu-Tutu,Álvaro Salas,0.22741128208833986
"Jorge ""Chino"" Navarrete",Palta Meléndez,0.22734871289737052
Los Indolatinos,Melón y Melame,0.22702524808725705
Rudy Rey,Sergio Freire,0.2270170690455136
León Murillo,Natalia Cuevas,0.22686760654015495
Gloria Benavides,León Murillo,0.22666145930024775
Los Locos del Humor,Pam Pam,0.2266294193029935
Rodrigo González,Zip-Zup,0.22653009366694363
El Pampero,Gloria Benavides,0.22557498749446256
Carlos García,Coco Legrand,0.22538254546582434
Dinamita Show,Jorge Alís,0.22508797159282354
Melón y Melame,Sarah Sanders,0.22498464660712222
"Daniela ""Chiqui"" Aguayo",Juan Pablo López,0.22494841777624547
Millenium Show,Palta Meléndez,0.22475297466697683
El Pampero,Pujillay,0.22442858041537112
Dinamita Show,Javiera Contador,0.2242636214890577
Edo Caroe,Zip-Zup,0.223344404360333
Juan Pablo López,Mauricio Palma,0.2233320178378433
Mauricio Palma,Palta Meléndez,0.2232237280462671
Diego Urrutia,Ruperto,0.22276373225144624
Ernesto Belloni,Óscar Gangas,0.22273604467217356
Ricardo Meruane,Zip-Zup,0.22273068802629678
"Jorge ""Chino"" Navarrete",Rudy Rey,0.2226165606911179
Arturo Ruiz-Tagle,Millenium Show,0.2225915047729582
Alejandra Azcárate,"Jorge ""Chino"" Navarrete",0.22231949288597802
Melón y Melame,Rudy Rey,0.22222935859547083
"Daniela ""Chiqui"" Aguayo",Fabrizio Copano,0.22205932155965483
Carlos García,Huaso Filomeno,0.22200534527233468
Payahop,Zip-Zup,0.22197436707884335
Alison Mandel,Pedro Ruminot,0.22123785110518374
Ernesto Belloni,Stefan Kramer,0.22119955104367325
Coco Legrand,Rodrigo Villegas,0.22115748081289024
Pujillay,Zip-Zup,0.22085383892622013
Los Indolatinos,Millenium Show,0.2208102889149864
Dinamita Show,"Juan Luis ""Jajá"" Calderón",0.22076433223279895
Bombo Fica,Pancho del Sur,0.2206861628843977
Jani Dueñas,Los Indolatinos,0.22054563585105152
Hugo Varela,Óscar Gangas,0.21965836847883735
Javiera Contador,Paulo Iglesias,0.21936743316540705
Jenny Cavallo,Paulo Iglesias,0.21930116878180783
Alejandra Azcárate,El Huaso Clavel,0.21925928918209497
Alison Mandel,Sergio Freire,0.21901238687164398
Lucho Navarro,"Paul Vásquez ""El Flaco""",0.21862208749155654
Memo Bunke,Pujillay,0.21861627513589715
Millenium Show,Álvaro Salas,0.21854656504102732
Gloria Benavides,Ricardo Meruane,0.21848949439510879
Bombo Fica,Luis Slimming,0.21845662597676982
Dinamita Show,Zip-Zup,0.21829994156325414
Natalia Valdebenito,Payahop,0.21826031765823206
Jorge Alís,Julio Sabala,0.2181826742668444
Fabrizio Copano,"Jorge ""Chino"" Navarrete",0.21817338407057796
Natalia Valdebenito,Palta Meléndez,0.21815002935388986
Palta Meléndez,Paulo Iglesias,0.21807611295515913
Juan Pablo López,Zip-Zup,0.21768067417337875
Alex Ortiz,Dino Gordillo,0.21765718712497015
Los Atletas de la Risa,Pam Pam,0.217185873991756
"Carlos ""El Mono"" Sánchez",Melón y Melame,0.2171808716793993
Hugo Goodman,Pedro Ruminot,0.21712874532873
Fabrizio Copano,Gigi Martin,0.21679334303859626
Los Locos del Humor,Pancho del Sur,0.21656512770263556
Gloria Benavides,Juan Pablo López,0.21642135030321824
Gigi Martin,Álvaro Salas,0.2164111155463347
Ernesto Belloni,Los Atletas de la Risa,0.2163234000603821
Fusión Humor,Ricardo Meruane,0.21561184626848323
"Juan Luis ""Jajá"" Calderón",Payahop,0.21541786706914273
Zip-Zup,Óscar Gangas,0.21518776644427515
Bombo Fica,Los Atletas de la Risa,0.21503137291156854
Rudy Rey,Óscar Gangas,0.21501150965632254
Luis Slimming,Pam Pam,0.2150021431743708
Edo Caroe,El Pampero,0.2149467370439932
Coco Legrand,Gloria Benavides,0.21464130759650482
Gloria Benavides,Javiera Contador,0.21454083811695218
"Carlos ""El Mono"" Sánchez",Luis Slimming,0.2143814948697796
Alison Mandel,Fabrizio Copano,0.21407895325966184
Edo Caroe,Gigi Martin,0.2140127698616372
León Murillo,Natalia Valdebenito,0.21394149006119823
Pedro Ruminot,Zip-Zup,0.21380377737640713
Belén Mora,Ernesto Belloni,0.21372817978123146
Jenny Cavallo,"Paul Vásquez ""El Flaco""",0.21341869789743304
Felipe Avello,Memo Bunke,0.21337006802580813
Payahop,Sarah Sanders,0.213349406652801
Huaso Filomeno,Pedro Ruminot,0.21292966977188735
"Carlos ""El Mono"" Sánchez",Pedro Ruminot,0.21256866730539675
Jani Dueñas,Juan Pablo López,0.2125185794984793
Hermógenes Conache,Ricardo Meruane,0.2124246584236372
Felo,Los Locos del Humor,0.21224182393912872
Felo,Stefan Kramer,0.2121997055141554
El Huaso Clavel,Huaso Filomeno,0.21191974323339904
Luis Slimming,Paulo Iglesias,0.21187583791474954
Alejandra Azcárate,Hermógenes Conache,0.21185883882590775
Belén Mora,Natalia Cuevas,0.21170103765662893
Jani Dueñas,Zip-Zup,0.21157503359674465
"Carlos ""El Mono"" Sánchez",Memo Bunke y Natalia Cuevas,0.2114926281745961
Stefan Kramer,Zip-Zup,0.2114326685028096
Gloria Benavides,Los Atletas de la Risa,0.21143255163915453
Belén Mora,Pam Pam,0.21101904262030183
Alex Ortiz,Belén Mora,0.21094343392664272
Centella,Edo Caroe,0.2108676214207393
Felipe Avello,Fusión Humor,0.2106010448815868
Edo Caroe,Óscar Gangas,0.21057133092602606
Ruperto,Sandy,0.21048971959882015
Pam Pam,Pedro Ruminot,0.21036735848685936
Hermógenes Conache,Julio Sabala,0.21025816265362657
Los Locos del Humor,Pamela Leiva,0.20991295648723182
Hugo Goodman,Álvaro Salas,0.20988301284057106
Diego Urrutia,Palta Meléndez,0.20981520183201396
Felo,"Paul Vásquez ""El Flaco""",0.2097492115710487
Carlos García,Jorge Alís,0.2095699667236816
Carlos García,Hugo Varela,0.20949743594411577
"Carlos ""El Mono"" Sánchez",Juan Pablo López,0.20941613660658978
Jenny Cavallo,Palta Meléndez,0.20933150512614218
"Juan Luis ""Jajá"" Calderón","Paul Vásquez ""El Flaco""",0.20928007768475324
Dino Gordillo,Mauricio Palma,0.209188266791868
Alex Ortiz,Pam Pam,0.20912352662004627
Palta Meléndez,Pam Pam,0.20883000925166068
Ernesto Belloni,Álvaro Salas,0.208763307064757
Alex Ortiz,Payahop,0.20862013810318009
Natalia Cuevas,Pedro Ruminot,0.20850477537625967
León Murillo,Óscar Gangas,0.2084567342699424
Jani Dueñas,Javiera Contador,0.20840541909805504
Palta Meléndez,Payahop,0.20838329558319532
Arturo Ruiz-Tagle,Julio Sabala,0.20825852912933343
Hugo Goodman,Hugo Varela,0.2081797338701514
"Juan Luis ""Jajá"" Calderón",Palta Meléndez,0.20814095348472214
Pam Pam,Rodrigo Villegas,0.20806399060450187
Jenny Cavallo,León Murillo,0.20778018351392843
Gloria Benavides,Rudy Rey,0.20747506492496598
Bastián Paz,"Daniel Muñoz ""El Carmelo""",0.20738227289018146
Fabrizio Copano,Profesor Salomón y Tutu-Tutu,0.20735499002867339
Javiera Contador,Álvaro Salas,0.2069730413353418
Ernesto Belloni,Sarah Sanders,0.20685675387742
Luis Slimming,Sarah Sanders,0.20667046341398113
Dinamita Show,Felo,0.2060546274651974
Los Atletas de la Risa,Zip-Zup,0.20597569959826592
Alison Mandel,Pujillay,0.20592645441320367
Rodrigo González,Sandy,0.20558492412658488
Gigi Martin,Rudy Rey,0.20555720787770998
"Paul Vásquez ""El Flaco""",Óscar Gangas,0.20549132035197248
"Daniel Muñoz ""El Carmelo""",Luis Slimming,0.20526880501113157
Natalia Valdebenito,Ricardo Meruane,0.20498442304505396
Hugo Goodman,Profesor Salomón y Tutu-Tutu,0.20491719514489679
"Daniela ""Chiqui"" Aguayo",Memo Bunke,0.20484109974006304
Jorge Alís,Natalia Cuevas,0.20366597706440998
"Daniel Muñoz ""El Carmelo""",León Murillo,0.20362524993472725
Gigi Martin,Rodrigo Villegas,0.2032006401845351
Carlos García,Centella,0.20290214895868885
Hugo Goodman,Zip-Zup,0.2028640782234578
Bombo Fica,"Carlos ""El Mono"" Sánchez",0.2028636289873048
Carlos García,Ricardo Meruane,0.20251264559740834
Hermógenes Conache,León Murillo,0.20204666675915756
Juan Pablo López,Natalia Valdebenito,0.20192944418595526
Coco Legrand,Felipe Avello,0.20186104713296896
"Carlos ""El Mono"" Sánchez",Jenny Cavallo,0.2016399038326773
Bastián Paz,León Murillo,0.2016316225369891
Pancho del Sur,Ricardo Meruane,0.20154088225774286
Alejandra Azcárate,Sergio Freire,0.20110945453040066
Diego Urrutia,Jani Dueñas,0.2010536669733226
Alejandra Azcárate,Felo,0.20069736473480032
Los Atletas de la Risa,Payahop,0.2006950013045886
Hugo Goodman,"Jorge ""Chino"" Navarrete",0.20051810514806837
Huaso Filomeno,Palta Meléndez,0.20045574628879415
Centella,"Juan Luis ""Jajá"" Calderón",0.20026705405340936
Javiera Contador,Melón y Melame,0.20024909256599613
Carlos Helo,Gloria Benavides,0.20015804088446407
Lucho Navarro,Profesor Salomón y Tutu-Tutu,0.20012899365149509
Ernesto Belloni,Pancho del Sur,0.20005260627904825
Belén Mora,Rodrigo González,0.19982959982908635
"Daniel Muñoz ""El Carmelo""",Palta Meléndez,0.19967014805262132
Coco Legrand,Felo,0.19952511360217634
"Daniela ""Chiqui"" Aguayo",Pedro Ruminot,0.1993018239747868
"Carlos ""El Mono"" Sánchez",Rodrigo González,0.19890016705764918
Julio Sabala,Melón y Melame,0.1988728868851733
Dino Gordillo,Ruperto,0.19886657423039358
"Daniela ""Chiqui"" Aguayo",George Harris,0.1986867880746388
Coco Legrand,"Jorge ""Chino"" Navarrete",0.19860619792356596
"Daniel Muñoz ""El Carmelo""",Jani Dueñas,0.1982702863522277
George Harris,Los Atletas de la Risa,0.19808167337743604
Los Locos del Humor,Sarah Sanders,0.1979841269370824
Memo Bunke,Ruperto,0.197939681404544
Pamela Leiva,Sandy,0.19780390467476427
Edmundo Arrocet,Edo Caroe,0.19766415551676633
Juan Pablo López,Stefan Kramer,0.19761241458924797
Gloria Benavides,Pujillay,0.19735389168786405
Alison Mandel,Hugo Goodman,0.19727720009846095
Memo Bunke y Natalia Cuevas,Pedro Ruminot,0.19699349990682283
Felipe Avello,Juan Pablo López,0.1968991545498896
Dinamita Show,Fabrizio Copano,0.196849897693286
Fabrizio Copano,Sandy,0.19684218293083233
Alison Mandel,El Huaso Clavel,0.19681382007303302
Pedro Ruminot,Pujillay,0.19666151082997907
Bombo Fica,Felipe Avello,0.1966284861171689
Edo Caroe,Pujillay,0.1966280372763487
Alex Ortiz,Memo Bunke y Natalia Cuevas,0.1965287088345456
Luis Slimming,Memo Bunke,0.19614852200249022
Jorge Alís,Lucho Navarro,0.19614635668247463
Gigi Martin,Javiera Contador,0.196095593063806
Lucho Navarro,Sandy,0.1960034423421803
"Jorge ""Chino"" Navarrete",Julio Sabala,0.195889879641548
Los Atletas de la Risa,"Paul Vásquez ""El Flaco""",0.1957458827877146
Pancho del Sur,Rodrigo Villegas,0.19572506708149356
Jani Dueñas,"Jorge ""Chino"" Navarrete",0.19560917043797957
Jorge Alís,Pancho del Sur,0.1955688368725644
Arturo Ruiz-Tagle,Paulo Iglesias,0.19554626915783707
Dinamita Show,Juan Pablo López,0.19550337858243924
Hugo Varela,Pedro Ruminot,0.1951662247662502
Edo Caroe,Paulo Iglesias,0.1951459524143282
Los Indolatinos,Sandy,0.1947939190429458
Dinamita Show,Ernesto Belloni,0.19471220233268524
Palta Meléndez,Ruperto,0.19459839095855683
Jenny Cavallo,Jorge Alís,0.1944443672954512
Dinamita Show,Paulo Iglesias,0.19402120076627496
Jenny Cavallo,Álvaro Salas,0.1940012129152718
Carlos Helo,Palta Meléndez,0.19391347193858258
Juan Pablo López,Melón y Melame,0.1934661691501688
Jenny Cavallo,Rodrigo González,0.19343011491247206
Julio Sabala,Pedro Ruminot,0.1933921389709101
Pamela Leiva,Pujillay,0.19337998923370295
Diego Urrutia,El Pampero,0.1933381507982621
Alex Ortiz,"Paul Vásquez ""El Flaco""",0.19330559841272088
Jorge Alís,"Juan Luis ""Jajá"" Calderón",0.19284823507706708
Fabrizio Copano,Los Atletas de la Risa,0.192684920155627
Carlos Helo,"Juan Luis ""Jajá"" Calderón",0.192295041257185
El Pampero,Rodrigo González,0.1920533613242857
Rudy Rey,Stefan Kramer,0.19192979322663994
Fabrizio Copano,Millenium Show,0.19177102912153238
Belén Mora,Coco Legrand,0.1915530945246406
"Jorge ""Chino"" Navarrete",Los Indolatinos,0.1911000071722336
Julio Sabala,Sergio Freire,0.19107473772688358
Fusión Humor,Óscar Gangas,0.19077108867650136
Belén Mora,Dinamita Show,0.1904540300638998
Pancho del Sur,Profesor Salomón y Tutu-Tutu,0.19006289954678088
Bastián Paz,Lucho Navarro,0.19005648405723147
Melón y Melame,Pam Pam,0.1897818675638102
Dino Gordillo,Felipe Avello,0.1897627398804654
Alex Ortiz,Palta Meléndez,0.18965940557456085
Juan Pablo López,Sarah Sanders,0.18947923999495137
Alex Ortiz,Edo Caroe,0.18915351745005268
"Carlos ""El Mono"" Sánchez",Ernesto Belloni,0.18903804013049424
Lucho Navarro,Paulo Iglesias,0.18895332946460772
Felo,Huaso Filomeno,0.1888670138177997
Los Indolatinos,Ruperto,0.18877135064807107
Mauricio Palma,Óscar Gangas,0.1887537707316364
Dinamita Show,Luis Slimming,0.18867271876378933
Diego Urrutia,Ernesto Belloni,0.18851215119755396
Dino Gordillo,Memo Bunke y Natalia Cuevas,0.18826074076651472
Rodrigo González,Sarah Sanders,0.18805876195582621
"Daniel Muñoz ""El Carmelo""",Jorge Alís,0.18780596958598544
Bombo Fica,Dinamita Show,0.18763760851922828
Lucho Miranda,Álvaro Salas,0.18740803023112004
Edo Caroe,Javiera Contador,0.18722456167119167
Carlos Helo,Mauricio Palma,0.1870446597678299
Coco Legrand,Edmundo Arrocet,0.1869752982580065
Edo Caroe,Profesor Salomón y Tutu-Tutu,0.1869358499877426
Hugo Varela,Rudy Rey,0.18686687268343458
Bombo Fica,Carlos García,0.18679972109417872
León Murillo,Los Atletas de la Risa,0.18678514456809628
Hermógenes Conache,Memo Bunke,0.1867607576181504
León Murillo,Ruperto,0.18661097512314273
Arturo Ruiz-Tagle,Lucho Navarro,0.18650482504332347
Mauricio Palma,Paulo Iglesias,0.18648676564180236
Bombo Fica,Coco Legrand,0.18638548816581024
Alex Ortiz,Los Atletas de la Risa,0.18560375962311906
Melón y Melame,Pujillay,0.18528472903266294
Javiera Contador,Pedro Ruminot,0.18527233760194384
"Jorge ""Chino"" Navarrete",Pujillay,0.1851876451737943
Sergio Freire,Zip-Zup,0.1850597754165026
Dino Gordillo,Jani Dueñas,0.18502216851859712
Alejandra Azcárate,Gigi Martin,0.18500225449322735
Alison Mandel,Rodrigo Villegas,0.18493595629544113
Bombo Fica,"Paul Vásquez ""El Flaco""",0.18483128676242855
Jorge Alís,Rodrigo Villegas,0.18477882139724175
Arturo Ruiz-Tagle,Felo,0.18474790667379304
Coco Legrand,Lucho Miranda,0.18469173501697414
Diego Urrutia,"Juan Luis ""Jajá"" Calderón",0.1845184278933255
Pujillay,Rodrigo González,0.18445086590279977
"Daniel Muñoz ""El Carmelo""",Dinamita Show,0.1844094567791467
"Daniel Muñoz ""El Carmelo""",Los Locos del Humor,0.18439380501951458
Fabrizio Copano,Natalia Cuevas,0.1843923949243788
Carlos García,Gloria Benavides,0.18422986613378856
Gloria Benavides,Profesor Salomón y Tutu-Tutu,0.18393608139957976
Alison Mandel,Natalia Cuevas,0.18380272535951717
Fabrizio Copano,Lucho Miranda,0.18376532116946234
Fusión Humor,León Murillo,0.18373664018469116
"Paul Vásquez ""El Flaco""",Sandy,0.18356689747423252
Carlos García,Zip-Zup,0.1835240201968808
Memo Bunke y Natalia Cuevas,Álvaro Salas,0.18320914327106613
"Juan Luis ""Jajá"" Calderón",Memo Bunke y Natalia Cuevas,0.18318479348063213
Gloria Benavides,Sandy,0.18313017137598303
Carlos Helo,Jani Dueñas,0.1829262654892996
Julio Sabala,Óscar Gangas,0.18278007974197433
Bombo Fica,Paulo Iglesias,0.18277710951916074
Felipe Avello,Sandy,0.1826916360118671
"Carlos ""El Mono"" Sánchez",Sergio Freire,0.1826021803279283
Coco Legrand,Óscar Gangas,0.18256661684301864
Hugo Varela,Palta Meléndez,0.18228741182655503
Jani Dueñas,Payahop,0.18207092234859068
Arturo Ruiz-Tagle,Pam Pam,0.1820086240385167
Bastián Paz,"Juan Luis ""Jajá"" Calderón",0.18199784422015394
Alison Mandel,Ruperto,0.18188152480726086
Los Atletas de la Risa,Pancho del Sur,0.1817945311045067
"Juan Luis ""Jajá"" Calderón",Lucho Navarro,0.18176383311434763
Felipe Avello,Jorge Alís,0.18163947335574465
Alex Ortiz,Diego Urrutia,0.18144671761932132
Alison Mandel,Los Atletas de la Risa,0.18135348570461948
Rodrigo Villegas,Zip-Zup,0.181305766233762
Hugo Goodman,Palta Meléndez,0.1807719194904081
Dino Gordillo,"Paul Vásquez ""El Flaco""",0.1806691863370333
Centella,Javiera Contador,0.18057113697010724
Javiera Contador,Mauricio Palma,0.18047307083726985
Hugo Varela,Rodrigo González,0.18039547206113915
Diego Urrutia,Los Atletas de la Risa,0.1803868753978783
Felipe Avello,"Juan Luis ""Jajá"" Calderón",0.18032232133093146
Bombo Fica,Rudy Rey,0.1801391832760733
Pam Pam,Sergio Freire,0.1800201972993821
Jani Dueñas,Pedro Ruminot,0.1799828901064071
Belén Mora,Álvaro Salas,0.17997898406914892
"Daniela ""Chiqui"" Aguayo",Melón y Melame,0.17992430178027713
Natalia Cuevas,Sandy,0.1799102106506397
Pam Pam,Álvaro Salas,0.17987366011301778
Gigi Martin,Jani Dueñas,0.17980474092569879
Jani Dueñas,Rodrigo González,0.17972675136155597
Jani Dueñas,Natalia Cuevas,0.1796459583555858
Bombo Fica,Centella,0.17938735883629708
Memo Bunke y Natalia Cuevas,"Paul Vásquez ""El Flaco""",0.17917434362270432
Centella,Huaso Filomeno,0.17912617015411283
Edmundo Arrocet,Sandy,0.17861366629539696
Edmundo Arrocet,León Murillo,0.17855989472900316
Hugo Goodman,Sandy,0.17845406981359213
Jenny Cavallo,Sandy,0.1783577311047784
Bombo Fica,Gigi Martin,0.17827505970306656
Fusión Humor,Hermógenes Conache,0.17806302472731173
Alejandra Azcárate,Juan Pablo López,0.17799239025156283
Alex Ortiz,Zip-Zup,0.17777744442618765
Belén Mora,Gloria Benavides,0.17767003544315785
Jenny Cavallo,"Juan Luis ""Jajá"" Calderón",0.17752684977171862
Hermógenes Conache,Javiera Contador,0.17732097048645068
Ernesto Belloni,Lucho Miranda,0.17693225158698497
Gloria Benavides,Paulo Iglesias,0.17689648230312446
Belén Mora,Fabrizio Copano,0.1767783093373123
Felipe Avello,Pam Pam,0.17663771238206616
Melón y Melame,Pedro Ruminot,0.17660048158298977
Lucho Miranda,Rodrigo González,0.17652603097181963
Hugo Varela,Los Atletas de la Risa,0.17624110067370183
Dinamita Show,El Pampero,0.176193081782491
Dinamita Show,Pujillay,0.17579967814195452
Jenny Cavallo,Luis Slimming,0.17569365089010824
Felo,León Murillo,0.17567564672879354
León Murillo,Rodrigo Villegas,0.17566077283621082
Carlos García,Palta Meléndez,0.17552076561160357
"Daniel Muñoz ""El Carmelo""","Juan Luis ""Jajá"" Calderón",0.17514173415715423
Los Atletas de la Risa,Stefan Kramer,0.17489781373497867
Coco Legrand,Sarah Sanders,0.17472356839584266
Ernesto Belloni,Juan Pablo López,0.17436701490370762
Coco Legrand,El Pampero,0.17434307465147197
Millenium Show,Paulo Iglesias,0.17421410722326533
Centella,Lucho Navarro,0.1741386011794684
Bastián Paz,Payahop,0.17373856371413804
León Murillo,Melón y Melame,0.17364820618295207
"Daniel Muñoz ""El Carmelo""",Memo Bunke,0.17364330444121084
Hermógenes Conache,Ruperto,0.17353359917841507
George Harris,Natalia Valdebenito,0.17341549121981653
Gloria Benavides,Luis Slimming,0.17339635741955617
El Huaso Clavel,Natalia Valdebenito,0.17335584079749833
Dinamita Show,Julio Sabala,0.1731688678911684
Alex Ortiz,"Carlos ""El Mono"" Sánchez",0.17315394615787608
Coco Legrand,Ernesto Belloni,0.17309010667088634
Coco Legrand,Ruperto,0.1728970300715396
Gigi Martin,León Murillo,0.17283282407508604
Jenny Cavallo,Los Locos del Humor,0.17260901891999816
Natalia Valdebenito,Rodrigo Villegas,0.1725764075725407
Felipe Avello,Jani Dueñas,0.17237397760632894
Javiera Contador,León Murillo,0.17196593903219204
Lucho Miranda,Sandy,0.17187342211578643
Felo,Sergio Freire,0.17185506749882679
Fabrizio Copano,Jenny Cavallo,0.17183156028916047
Dinamita Show,Rudy Rey,0.17182297408450498
Alejandra Azcárate,Memo Bunke y Natalia Cuevas,0.17168011339492387
Memo Bunke,Óscar Gangas,0.1714103200089972
"Daniel Muñoz ""El Carmelo""",Paulo Iglesias,0.17127864766536827
Los Atletas de la Risa,Lucho Miranda,0.17127547864646886
Pancho del Sur,Stefan Kramer,0.17124450860787402
Centella,Pedro Ruminot,0.17120293502300055
Alison Mandel,Centella,0.17071913832060423
Diego Urrutia,Sarah Sanders,0.17057070377093683
Jani Dueñas,Sandy,0.17045604133769351
Dino Gordillo,Gigi Martin,0.17044569522448844
Edmundo Arrocet,Los Atletas de la Risa,0.1703753850349194
Huaso Filomeno,Julio Sabala,0.1698651734821712
El Huaso Clavel,Hermógenes Conache,0.16942173108601175
Fusión Humor,Pujillay,0.16937944971130794
Belén Mora,Dino Gordillo,0.169315844838668
Coco Legrand,"Daniel Muñoz ""El Carmelo""",0.1690371954259269
Diego Urrutia,Pujillay,0.16872141727269607
"Paul Vásquez ""El Flaco""",Ruperto,0.16854989432131462
Alison Mandel,Palta Meléndez,0.16787208559736175
Jani Dueñas,Melón y Melame,0.1675763337460439
Javiera Contador,Natalia Valdebenito,0.16756932792457913
Alex Ortiz,Stefan Kramer,0.16753655947884658
El Pampero,Ricardo Meruane,0.16732640278639355
Ernesto Belloni,"Juan Luis ""Jajá"" Calderón",0.1672714353482488
Belén Mora,Sergio Freire,0.16715884217920715
Alex Ortiz,Lucho Miranda,0.16715203980013038
"Daniela ""Chiqui"" Aguayo",Sergio Freire,0.16691798861391727
Dinamita Show,Natalia Valdebenito,0.16685671286342763
Felo,Gloria Benavides,0.16665025749983572
Hugo Varela,Pujillay,0.16660969050805968
"Daniel Muñoz ""El Carmelo""",Fabrizio Copano,0.16633651521276901
"Carlos ""El Mono"" Sánchez",Rodrigo Villegas,0.16628223153483343
Carlos Helo,Pamela Leiva,0.16624447965045394
Bombo Fica,Millenium Show,0.16606379571530738
Felo,Melón y Melame,0.1659016312063845
"Daniela ""Chiqui"" Aguayo",Pamela Leiva,0.16571235589288988
"Carlos ""El Mono"" Sánchez",Memo Bunke,0.16565956528848444
Pujillay,Sergio Freire,0.16563776141713202
Fusión Humor,Javiera Contador,0.16553448702501855
Payahop,Óscar Gangas,0.16546904030468956
El Huaso Clavel,"Juan Luis ""Jajá"" Calderón",0.165258240365097
Alex Ortiz,Mauricio Palma,0.1651595502351169
Felipe Avello,Rodrigo González,0.16507280597355492
Alex Ortiz,"Daniela ""Chiqui"" Aguayo",0.16500467752191225
Memo Bunke y Natalia Cuevas,Zip-Zup,0.16477590088901484
Alison Mandel,Juan Pablo López,0.164470621887488
Mauricio Palma,"Paul Vásquez ""El Flaco""",0.16444754130270928
Carlos García,Luis Slimming,0.16444047343788204
Alex Ortiz,Memo Bunke,0.1640850525337007
"Daniel Muñoz ""El Carmelo""",Sergio Freire,0.16408068608401727
Los Atletas de la Risa,Palta Meléndez,0.16386238224118072
Bombo Fica,Natalia Valdebenito,0.16385367918652313
Los Atletas de la Risa,Luis Slimming,0.1638107283406438
Millenium Show,Óscar Gangas,0.16364025631747006
Payahop,Profesor Salomón y Tutu-Tutu,0.16319909029087742
Jorge Alís,Melón y Melame,0.1630656452111771
Los Locos del Humor,Millenium Show,0.16304721351262141
"Daniela ""Chiqui"" Aguayo",Diego Urrutia,0.16277931361725942
Coco Legrand,Gigi Martin,0.16259424014099155
Los Indolatinos,Memo Bunke y Natalia Cuevas,0.1622509913992081
Dinamita Show,El Huaso Clavel,0.1621892067551372
Carlos García,"Daniel Muñoz ""El Carmelo""",0.1619615458289964
Jorge Alís,Lucho Miranda,0.1618797916408964
Dino Gordillo,Jenny Cavallo,0.1618758929168656
Felipe Avello,Sergio Freire,0.16161303732541465
Edmundo Arrocet,Natalia Valdebenito,0.16134593399430505
"Juan Luis ""Jajá"" Calderón",Millenium Show,0.16128892278198648
Paulo Iglesias,Payahop,0.16117659203319007
Fabrizio Copano,Felipe Avello,0.16113406797312976
Bombo Fica,Jani Dueñas,0.16104113953100904
"Daniel Muñoz ""El Carmelo""",Javiera Contador,0.16071384048313941
Felo,Hugo Varela,0.16023832652785758
"Carlos ""El Mono"" Sánchez",Payahop,0.16022727039864423
Gigi Martin,Julio Sabala,0.15959761149552376
Mauricio Palma,Millenium Show,0.15921487167724385
"Jorge ""Chino"" Navarrete",Memo Bunke y Natalia Cuevas,0.1588179810475267
León Murillo,Memo Bunke,0.15841147696225177
"Carlos ""El Mono"" Sánchez",Gloria Benavides,0.1582625740580684
Alejandra Azcárate,Pedro Ruminot,0.1579307850682879
Luis Slimming,Sandy,0.1578467522108173
Gloria Benavides,Lucho Miranda,0.15724323882529934
Edo Caroe,Millenium Show,0.15702445149973168
Pam Pam,"Paul Vásquez ""El Flaco""",0.15692697251317697
Centella,Payahop,0.15669493530186263
Los Indolatinos,Pam Pam,0.15668388289112772
El Huaso Clavel,Melón y Melame,0.15648250836134264
"Daniela ""Chiqui"" Aguayo",Los Indolatinos,0.15602452882073167
León Murillo,Mauricio Palma,0.15599410580371542
El Huaso Clavel,Pedro Ruminot,0.15505780836237548
Bombo Fica,Huaso Filomeno,0.15496969368048996
Belén Mora,Gigi Martin,0.15480253560626528
Ricardo Meruane,Ruperto,0.15451647767807902
"Juan Luis ""Jajá"" Calderón",Lucho Miranda,0.1545077912580269
Fabrizio Copano,Pancho del Sur,0.15431522007726212
Belén Mora,Pedro Ruminot,0.1543082867394372
Palta Meléndez,Zip-Zup,0.15359425129828774
Arturo Ruiz-Tagle,Jenny Cavallo,0.15358936947213658
Ernesto Belloni,Sergio Freire,0.15356106763162725
Centella,Ricardo Meruane,0.1534793746333914
El Pampero,Ruperto,0.15310960109497204
Alex Ortiz,Sergio Freire,0.15294940969392276
"Paul Vásquez ""El Flaco""",Pujillay,0.15265417589911795
Pamela Leiva,Álvaro Salas,0.15261750236202382
Fusión Humor,Los Atletas de la Risa,0.15259658588122127
Pujillay,Sandy,0.15241801371657737
Bombo Fica,Julio Sabala,0.15215182134910293
Alex Ortiz,Los Indolatinos,0.15207811192801637
Los Atletas de la Risa,Ruperto,0.15205018311864169
León Murillo,Zip-Zup,0.15199238349110758
Edo Caroe,Los Atletas de la Risa,0.1517329086512867
Fusión Humor,Huaso Filomeno,0.15165454495894337
Hermógenes Conache,Hugo Goodman,0.15164669013377882
Javiera Contador,Millenium Show,0.15142360868462193
Alison Mandel,Melón y Melame,0.15136700448975723
Rodrigo Villegas,Sarah Sanders,0.15136402345620192
Lucho Miranda,Payahop,0.15132873064247793
Carlos García,Jani Dueñas,0.15112408820051304
Edmundo Arrocet,Memo Bunke y Natalia Cuevas,0.1510066467875632
León Murillo,Pam Pam,0.15094681922151298
Jani Dueñas,Sarah Sanders,0.15093078666749185
Pam Pam,Pamela Leiva,0.15091754963653406
"Daniela ""Chiqui"" Aguayo",Gigi Martin,0.1508925042580463
Felo,Jenny Cavallo,0.15070054539544483
Hugo Varela,León Murillo,0.15059889561118683
Centella,Mauricio Palma,0.1500800926354935
Carlos García,Javiera Contador,0.14979745169438233
Felipe Avello,Paulo Iglesias,0.14954415128284887
El Huaso Clavel,Gloria Benavides,0.14928642278460028
Ernesto Belloni,Pedro Ruminot,0.1487946680730358
Jorge Alís,Memo Bunke y Natalia Cuevas,0.14852083325539314
Paulo Iglesias,Stefan Kramer,0.14816225676896333
"Juan Luis ""Jajá"" Calderón",Ruperto,0.1481236598727348
"Daniel Muñoz ""El Carmelo""","Jorge ""Chino"" Navarrete",0.1477652359675675
Javiera Contador,Natalia Cuevas,0.14749005989030556
Huaso Filomeno,Jenny Cavallo,0.1473097483404006
Centella,Felo,0.14726835118019405
Pam Pam,Sarah Sanders,0.14702607554361233
El Huaso Clavel,Luis Slimming,0.1468654152567377
Edo Caroe,George Harris,0.14675129927755448
Edmundo Arrocet,Julio Sabala,0.14654344805837197
"Carlos ""El Mono"" Sánchez",Felo,0.14635023537639957
El Pampero,Javiera Contador,0.14585222770382816
Alex Ortiz,Jorge Alís,0.14556112055545464
El Pampero,Zip-Zup,0.1454974893940616
Ricardo Meruane,Rodrigo Villegas,0.14537055644411415
Belén Mora,Palta Meléndez,0.14512465734418328
"Daniel Muñoz ""El Carmelo""",Sandy,0.14478362162570788
Lucho Miranda,Pancho del Sur,0.14472167673874495
Bombo Fica,León Murillo,0.14449418348967596
Fusión Humor,Pam Pam,0.144083588665656
Felo,"Jorge ""Chino"" Navarrete",0.14406112009078387
Los Atletas de la Risa,Sandy,0.1439241266042847
"Daniela ""Chiqui"" Aguayo",Edmundo Arrocet,0.14389138553594022
Carlos García,Ruperto,0.14387049481656955
Alejandra Azcárate,Alex Ortiz,0.14382226111218305
Belén Mora,Huaso Filomeno,0.14371842746610627
Carlos Helo,León Murillo,0.14350854072654906
Rudy Rey,Ruperto,0.14345852912824375
Diego Urrutia,Paulo Iglesias,0.14328674718518963
Carlos Helo,Dino Gordillo,0.1428138068863269
Coco Legrand,Mauricio Palma,0.14271085590140503
Alison Mandel,Stefan Kramer,0.14268294961124023
Carlos Helo,Óscar Gangas,0.14260698952855133
Bombo Fica,Zip-Zup,0.1425639092352728
Paulo Iglesias,Ricardo Meruane,0.14247119460771482
Pedro Ruminot,Profesor Salomón y Tutu-Tutu,0.142350242890842
Bastián Paz,Sandy,0.14224252171697185
Juan Pablo López,Payahop,0.14221838382124677
Ernesto Belloni,León Murillo,0.14221638346733528
Felo,Natalia Valdebenito,0.1421430966932047
"Jorge ""Chino"" Navarrete","Paul Vásquez ""El Flaco""",0.14213366694586885
Centella,"Daniel Muñoz ""El Carmelo""",0.14208538501751655
George Harris,Pedro Ruminot,0.14187910145609087
Centella,Pancho del Sur,0.14174675044264143
León Murillo,Payahop,0.1416547039031434
Edmundo Arrocet,Rodrigo Villegas,0.14143799134519128
Belén Mora,Paulo Iglesias,0.14127706358001874
Dino Gordillo,Javiera Contador,0.1412595276795379
"Jorge ""Chino"" Navarrete",Lucho Navarro,0.14114244244566357
Edmundo Arrocet,Payahop,0.1409079726610149
Carlos García,"Daniela ""Chiqui"" Aguayo",0.1408659794851407
Hugo Goodman,"Juan Luis ""Jajá"" Calderón",0.14084957639101356
Gloria Benavides,Huaso Filomeno,0.14069679313834935
Juan Pablo López,Pam Pam,0.14029102322455805
Felo,Ruperto,0.1402415917763759
Bombo Fica,El Pampero,0.13950338106994184
Hugo Goodman,Javiera Contador,0.13939438806752263
Ernesto Belloni,Los Locos del Humor,0.1393595516267357
Fusión Humor,Paulo Iglesias,0.13898934384696207
Edmundo Arrocet,Ernesto Belloni,0.13883773087865786
Fusión Humor,Pancho del Sur,0.1388027876893821
Hermógenes Conache,Pamela Leiva,0.13867336866155977
"Carlos ""El Mono"" Sánchez","Jorge ""Chino"" Navarrete",0.13860440124144113
"Juan Luis ""Jajá"" Calderón",Memo Bunke,0.13848386163355744
Fabrizio Copano,Pujillay,0.13834396735091697
Belén Mora,Lucho Navarro,0.1382222434948618
Bastián Paz,Los Locos del Humor,0.13786436349540898
Bombo Fica,Hugo Varela,0.13778553605247174
Carlos García,Gigi Martin,0.13774026659039074
Luis Slimming,Pujillay,0.1376946419588911
Fabrizio Copano,Ruperto,0.13754366236448892
Felipe Avello,Pujillay,0.13753818689313005
Fusión Humor,Lucho Miranda,0.13748326398686372
Lucho Navarro,Stefan Kramer,0.13721956328165794
Bombo Fica,Melón y Melame,0.13710797741384428
Pam Pam,Pujillay,0.13696066522257958
El Pampero,Fusión Humor,0.13686119098797025
Gloria Benavides,Sarah Sanders,0.13670025032754052
Jani Dueñas,Mauricio Palma,0.13665081182458838
Gloria Benavides,Pamela Leiva,0.13651826660242242
Bastián Paz,"Paul Vásquez ""El Flaco""",0.13603876247417557
Javiera Contador,Rodrigo González,0.13599741228708367
Ernesto Belloni,Melón y Melame,0.1357463353355257
Alejandra Azcárate,Rodrigo Villegas,0.13572506604711795
Bombo Fica,Pam Pam,0.13572111001406112
Memo Bunke,Palta Meléndez,0.13560519070612095
Pedro Ruminot,Rudy Rey,0.1354191045423032
Alex Ortiz,Jani Dueñas,0.13521058127586186
Diego Urrutia,León Murillo,0.13517288251570445
Edo Caroe,El Huaso Clavel,0.13478547207113453
Luis Slimming,Rudy Rey,0.134407072460894
Jenny Cavallo,Los Indolatinos,0.13437304848798726
Alison Mandel,Payahop,0.13407308581998892
El Pampero,"Paul Vásquez ""El Flaco""",0.13404166581002297
Dinamita Show,Memo Bunke y Natalia Cuevas,0.1340038749553888
Ricardo Meruane,Sarah Sanders,0.13369520128513812
Pam Pam,Ricardo Meruane,0.1336285654799497
Huaso Filomeno,Jorge Alís,0.1334798193547203
Alex Ortiz,Bombo Fica,0.1329644858526284
Hermógenes Conache,Sarah Sanders,0.13250556950096343
Edmundo Arrocet,Paulo Iglesias,0.13233790307436646
Ricardo Meruane,Stefan Kramer,0.1320993413765553
Carlos Helo,Álvaro Salas,0.1320232657617017
Alison Mandel,Bombo Fica,0.13141021415663995
Memo Bunke y Natalia Cuevas,Sandy,0.13140961247338898
El Pampero,Natalia Cuevas,0.1314022501615504
Alejandra Azcárate,Bastián Paz,0.13138604927889885
Jorge Alís,Pamela Leiva,0.13121117982798153
Alejandra Azcárate,Dinamita Show,0.13111458396989994
Hugo Goodman,Jorge Alís,0.13085101255848378
Hugo Varela,Julio Sabala,0.130638020648445
Fabrizio Copano,Pamela Leiva,0.1303695699142808
Pancho del Sur,"Paul Vásquez ""El Flaco""",0.1303262869343572
Paulo Iglesias,Óscar Gangas,0.13010617053656118
Dinamita Show,Profesor Salomón y Tutu-Tutu,0.13006117137845274
Bastián Paz,Los Atletas de la Risa,0.12984571674675555
"Jorge ""Chino"" Navarrete",Millenium Show,0.1296852021480523
Pamela Leiva,Rodrigo González,0.12966905625239772
El Pampero,Jorge Alís,0.12964975601984965
Jani Dueñas,Memo Bunke,0.12930982687298212
Bastián Paz,Rodrigo Villegas,0.12920234587622745
Bastián Paz,Carlos Helo,0.1290660437702407
George Harris,"Juan Luis ""Jajá"" Calderón",0.12885071163389278
Gigi Martin,Mauricio Palma,0.1288174886622388
Javiera Contador,Rodrigo Villegas,0.1282409293365078
Bastián Paz,Memo Bunke y Natalia Cuevas,0.12807403103852918
Felo,Lucho Navarro,0.12805191653983716
Huaso Filomeno,Lucho Miranda,0.1280337554838187
Bastián Paz,Ricardo Meruane,0.1279441523344154
"Juan Luis ""Jajá"" Calderón",Óscar Gangas,0.1278982764939891
Ernesto Belloni,"Paul Vásquez ""El Flaco""",0.12756637271822474
Mauricio Palma,Natalia Valdebenito,0.127552783735712
"Daniela ""Chiqui"" Aguayo",Rodrigo Villegas,0.12730984614500104
Natalia Cuevas,Palta Meléndez,0.1270734647208809
"Daniel Muñoz ""El Carmelo""",Diego Urrutia,0.1270635514553592
León Murillo,Stefan Kramer,0.12660084954618342
Jorge Alís,Rudy Rey,0.12659018946368242
Gigi Martin,Pedro Ruminot,0.12658477564111936
"Carlos ""El Mono"" Sánchez",Felipe Avello,0.12643743662713816
Bombo Fica,Sarah Sanders,0.1263819711207725
Huaso Filomeno,Paulo Iglesias,0.12590161443125952
Alex Ortiz,Pujillay,0.12584366704378708
Carlos García,Juan Pablo López,0.12583837134522033
Diego Urrutia,Javiera Contador,0.12570525217333325
Jenny Cavallo,Stefan Kramer,0.1255764691852328
Fabrizio Copano,Javiera Contador,0.12513638405889665
Diego Urrutia,Felipe Avello,0.12513437546707895
Lucho Miranda,Palta Meléndez,0.12510754695617715
Javiera Contador,Jorge Alís,0.12506574516632338
El Pampero,Pam Pam,0.12505749448369458
"Daniela ""Chiqui"" Aguayo",Felipe Avello,0.12499499811340925
Centella,Zip-Zup,0.1249655659590583
Payahop,Pujillay,0.12496491648885485
Gigi Martin,"Jorge ""Chino"" Navarrete",0.12476431182209388
Edo Caroe,Pam Pam,0.1247133979760286
"Daniela ""Chiqui"" Aguayo",Los Atletas de la Risa,0.12436964030011949
El Huaso Clavel,Los Locos del Humor,0.12424549222762879
Alejandra Azcárate,Payahop,0.12423162733126998
Fusión Humor,Jorge Alís,0.12409123025182253
"Daniel Muñoz ""El Carmelo""",Rudy Rey,0.12381323402952443
León Murillo,Pujillay,0.12376859875148183
Alejandra Azcárate,Bombo Fica,0.12371621913687095
Felipe Avello,Memo Bunke y Natalia Cuevas,0.12330742388782631
Sarah Sanders,Stefan Kramer,0.12325783525052728
Arturo Ruiz-Tagle,El Huaso Clavel,0.12325131863391801
Juan Pablo López,Millenium Show,0.12299067554040134
"Carlos ""El Mono"" Sánchez",Los Atletas de la Risa,0.12259343244898158
Carlos García,"Paul Vásquez ""El Flaco""",0.12236066591207426
Alison Mandel,Gloria Benavides,0.12203690832004073
Profesor Salomón y Tutu-Tutu,Rodrigo Villegas,0.1218651451480438
Profesor Salomón y Tutu-Tutu,Rudy Rey,0.12142264010851812
Jani Dueñas,Rodrigo Villegas,0.12130460297784158
Fabrizio Copano,Paulo Iglesias,0.12121079429380208
Jani Dueñas,Los Atletas de la Risa,0.12113985278936043
"Daniel Muñoz ""El Carmelo""",Hugo Varela,0.12106466891704208
Hugo Varela,Juan Pablo López,0.12092053273648232
Diego Urrutia,Profesor Salomón y Tutu-Tutu,0.12073005460979885
Felipe Avello,Mauricio Palma,0.12062988534980015
Arturo Ruiz-Tagle,Carlos García,0.12060345340638051
Fabrizio Copano,Lucho Navarro,0.12055651756369169
"Daniel Muñoz ""El Carmelo""",Edmundo Arrocet,0.12049402840244999
Jorge Alís,Sergio Freire,0.12038117112714442
Bastián Paz,Dino Gordillo,0.12023076519574004
Felipe Avello,Natalia Valdebenito,0.12014405597779854
Carlos García,Pamela Leiva,0.12000167815071375
Gigi Martin,Palta Meléndez,0.1198278891524958
Jenny Cavallo,Pedro Ruminot,0.11967134336542451
Huaso Filomeno,Ricardo Meruane,0.11945806360143643
Centella,Diego Urrutia,0.11938198317156339
Belén Mora,Sandy,0.11935670469778097
Felipe Avello,Ricardo Meruane,0.1193041176195369
Los Indolatinos,Sarah Sanders,0.11925157018028083
Centella,"Jorge ""Chino"" Navarrete",0.1190635103074233
"Daniel Muñoz ""El Carmelo""",Juan Pablo López,0.11871768398234775
Fusión Humor,Pamela Leiva,0.11870420635195089
Hugo Goodman,Luis Slimming,0.11843576719900928
Pedro Ruminot,Ruperto,0.11828974521139804
Bombo Fica,Sandy,0.11822480045375414
El Pampero,Payahop,0.11803458273121595
Alex Ortiz,Pedro Ruminot,0.11774226937998057
Hugo Varela,Jenny Cavallo,0.11755623284939644
Fusión Humor,Millenium Show,0.1174284762410325
Pamela Leiva,"Paul Vásquez ""El Flaco""",0.11715797381877707
Julio Sabala,Profesor Salomón y Tutu-Tutu,0.11684342899496422
Alejandra Azcárate,Memo Bunke,0.11635289335050679
Ernesto Belloni,Huaso Filomeno,0.11625169665972329
Melón y Melame,Natalia Valdebenito,0.11622072101666582
Gigi Martin,Juan Pablo López,0.11610791679443462
Hermógenes Conache,Luis Slimming,0.11603808645827812
Jenny Cavallo,Juan Pablo López,0.1160147671873335
Diego Urrutia,Pamela Leiva,0.11587202843853056
Felo,Pedro Ruminot,0.11586158708862498
Huaso Filomeno,"Jorge ""Chino"" Navarrete",0.1158502612415955
Juan Pablo López,Pancho del Sur,0.11557325983849728
"Daniel Muñoz ""El Carmelo""",Dino Gordillo,0.11551625301126123
Bastián Paz,"Daniela ""Chiqui"" Aguayo",0.1151593275434086
Carlos Helo,Coco Legrand,0.11507730074508125
Dino Gordillo,Felo,0.11482728490032776
Pam Pam,Sandy,0.11482121480596484
Edmundo Arrocet,Juan Pablo López,0.11478194075982492
Ernesto Belloni,Hugo Varela,0.11473330022319296
Carlos Helo,Los Indolatinos,0.11470745368782277
El Pampero,Huaso Filomeno,0.11469024564838137
Belén Mora,Los Locos del Humor,0.11448917271936805
Diego Urrutia,Sandy,0.1144350195196309
"Daniela ""Chiqui"" Aguayo",Gloria Benavides,0.11442377832428384
Lucho Navarro,Sarah Sanders,0.11430998268153258
Bombo Fica,Fusión Humor,0.1142875048243717
Belén Mora,Ricardo Meruane,0.11411739073648511
Bombo Fica,Rodrigo Villegas,0.11409992953347768
Pancho del Sur,Sergio Freire,0.11406329808550651
Carlos Helo,Lucho Navarro,0.11395531981059406
Luis Slimming,Pancho del Sur,0.11388065405404113
George Harris,Juan Pablo López,0.11370704666926074
Alison Mandel,Óscar Gangas,0.11359419730444616
"Juan Luis ""Jajá"" Calderón",Pamela Leiva,0.11356667808509535
Belén Mora,Memo Bunke,0.1132510602010768
Los Atletas de la Risa,Melón y Melame,0.11317075897740986
Belén Mora,Hugo Varela,0.11279515459160694
Ernesto Belloni,Gigi Martin,0.11279023925329272
Carlos Helo,Dinamita Show,0.11278351096448083
Alejandra Azcárate,Mauricio Palma,0.11277349362474906
Gigi Martin,Óscar Gangas,0.11274284351488227
"Daniela ""Chiqui"" Aguayo",Felo,0.11253412651369055
"Juan Luis ""Jajá"" Calderón",Pam Pam,0.11235511017666208
Millenium Show,Sarah Sanders,0.1123127291465673
"Daniela ""Chiqui"" Aguayo",Huaso Filomeno,0.11205753712480232
Belén Mora,Melón y Melame,0.11198838942061164
El Pampero,Los Indolatinos,0.11142518814920695
Alex Ortiz,"Daniel Muñoz ""El Carmelo""",0.11119612221949202
Centella,Pamela Leiva,0.11111599338599877
"Carlos ""El Mono"" Sánchez",Pamela Leiva,0.1109428516958233
Mauricio Palma,Sarah Sanders,0.11093893630094705
Alison Mandel,Mauricio Palma,0.11078303169970675
Edmundo Arrocet,Memo Bunke,0.11056238015528759
"Daniel Muñoz ""El Carmelo""",Gigi Martin,0.1104437708612165
Bastián Paz,Jenny Cavallo,0.1103543544354075
Payahop,Ricardo Meruane,0.11028877862522071
Hugo Varela,Ricardo Meruane,0.11021229371987966
Los Indolatinos,Lucho Miranda,0.11019907200166475
Gigi Martin,Memo Bunke,0.10994095525247034
Bastián Paz,Felo,0.10969155738497563
Alex Ortiz,Rudy Rey,0.10969149794048708
"Carlos ""El Mono"" Sánchez",Sarah Sanders,0.10964955941031747
Belén Mora,Hugo Goodman,0.10961940704557614
Alex Ortiz,Carlos García,0.10961920401936003
Jenny Cavallo,Zip-Zup,0.10956001406958074
Diego Urrutia,Jenny Cavallo,0.10944966264136673
Julio Sabala,Millenium Show,0.10916575912526871
Lucho Miranda,Pam Pam,0.10875701689956795
Pamela Leiva,Stefan Kramer,0.10866109853131546
Edmundo Arrocet,"Juan Luis ""Jajá"" Calderón",0.10846119670911081
Pancho del Sur,Pedro Ruminot,0.10793771814326852
Javiera Contador,Payahop,0.1078988055462952
Javiera Contador,Sergio Freire,0.10767764463090251
Gloria Benavides,Natalia Cuevas,0.10740766316298518
Fusión Humor,Sandy,0.10699622208575711
Juan Pablo López,Pamela Leiva,0.10698835258274013
Huaso Filomeno,Sarah Sanders,0.10696891509777591
Carlos Helo,Hermógenes Conache,0.10691051626772938
Memo Bunke,"Paul Vásquez ""El Flaco""",0.1067946094616288
Dino Gordillo,Millenium Show,0.10672619657042468
Bastián Paz,Jorge Alís,0.10669789187267961
El Huaso Clavel,"Paul Vásquez ""El Flaco""",0.10618472535995867
Carlos García,Hugo Goodman,0.10591080687771014
Edmundo Arrocet,Hermógenes Conache,0.10563602235072321
Carlos García,Lucho Miranda,0.10558292865823556
Bastián Paz,El Pampero,0.10553283413203078
Belén Mora,"Daniel Muñoz ""El Carmelo""",0.1052424631511798
Hermógenes Conache,Memo Bunke y Natalia Cuevas,0.10456054548762257
Ernesto Belloni,Fusión Humor,0.10451431903097234
Profesor Salomón y Tutu-Tutu,Ruperto,0.10449854589452294
Coco Legrand,Hugo Goodman,0.10447450429974849
Ernesto Belloni,Ricardo Meruane,0.10444788163220284
Julio Sabala,Sandy,0.10441247752258336
"Daniel Muñoz ""El Carmelo""",Felo,0.10420189957276701
Dinamita Show,Edmundo Arrocet,0.10406113009065679
Pujillay,Stefan Kramer,0.10404878239947973
El Huaso Clavel,Fabrizio Copano,0.10381055518132236
Hermógenes Conache,Jani Dueñas,0.10376990812105857
Hugo Goodman,Los Locos del Humor,0.10345058654627742
Alex Ortiz,Paulo Iglesias,0.10339152564040376
Dino Gordillo,Lucho Miranda,0.10333116353147744
Luis Slimming,Millenium Show,0.10318972164614117
Alison Mandel,Memo Bunke y Natalia Cuevas,0.10295472240099728
Fusión Humor,Profesor Salomón y Tutu-Tutu,0.10286857918134183
"Daniel Muñoz ""El Carmelo""",Huaso Filomeno,0.10286527398123185
Los Atletas de la Risa,Óscar Gangas,0.1028070835053417
"Daniela ""Chiqui"" Aguayo",Ruperto,0.10279261163238987
El Pampero,Felo,0.10246079301474369
Pamela Leiva,Sergio Freire,0.10241672920450949
El Huaso Clavel,Sarah Sanders,0.10238680265105868
Dino Gordillo,Rudy Rey,0.10237465710537809
El Huaso Clavel,Stefan Kramer,0.102208344447039
Alison Mandel,Bastián Paz,0.10194080789573816
Julio Sabala,Luis Slimming,0.10184465796695408
Felo,Luis Slimming,0.10182526598099817
Gigi Martin,Jorge Alís,0.10170451317187498
Millenium Show,Rudy Rey,0.1016848976222966
"Daniela ""Chiqui"" Aguayo",Pancho del Sur,0.10160847323480153
Alejandra Azcárate,Ruperto,0.10148993715643002
Bastián Paz,Centella,0.1014728307521978
Natalia Cuevas,Stefan Kramer,0.10124811387466738
Dino Gordillo,Fusión Humor,0.10118416266471214
Memo Bunke,Millenium Show,0.1010564614665862
Dino Gordillo,George Harris,0.10104296597850587
Ernesto Belloni,Palta Meléndez,0.10091873382664332
"Daniela ""Chiqui"" Aguayo",Fusión Humor,0.1008638922259836
Belén Mora,León Murillo,0.10075011497158247
Belén Mora,Pancho del Sur,0.10054252356029685
Javiera Contador,Stefan Kramer,0.1004188914700215
Carlos Helo,Ruperto,0.10035511387999946
Dino Gordillo,Julio Sabala,0.10027952889310092
Edmundo Arrocet,"Jorge ""Chino"" Navarrete",0.1002320572383979
Huaso Filomeno,Sandy,0.10022350127646301
Hugo Varela,Javiera Contador,0.1001804847695231
Los Atletas de la Risa,Millenium Show,0.09987168068081766
Jani Dueñas,Pancho del Sur,0.09968726320636878
Pamela Leiva,Pancho del Sur,0.09968244055876134
Carlos García,Felipe Avello,0.0995499276643541
Javiera Contador,Sandy,0.09942024873877198
El Huaso Clavel,Memo Bunke y Natalia Cuevas,0.0993634349218581
El Huaso Clavel,Jani Dueñas,0.0992599366288741
Belén Mora,Zip-Zup,0.09924469123403765
Javiera Contador,Palta Meléndez,0.09898124384888211
Bombo Fica,Lucho Miranda,0.09892063703246268
El Pampero,Jani Dueñas,0.09859973561769599
Gigi Martin,Los Atletas de la Risa,0.09820024862228806
Belén Mora,Carlos Helo,0.09794743719055823
Carlos Helo,Felipe Avello,0.09766153088062868
Alex Ortiz,Alison Mandel,0.09746741831743745
El Huaso Clavel,El Pampero,0.09719269686312641
Edmundo Arrocet,Ruperto,0.09715030971499043
Natalia Valdebenito,Pujillay,0.09714163691578598
Los Indolatinos,Profesor Salomón y Tutu-Tutu,0.09700122893283993
Melón y Melame,Paulo Iglesias,0.09681379095144436
Arturo Ruiz-Tagle,Rudy Rey,0.0965639331910698
Belén Mora,Natalia Valdebenito,0.09635997966250076
"Daniel Muñoz ""El Carmelo""",Los Atletas de la Risa,0.09598041060047
Fabrizio Copano,Pam Pam,0.09587046060380328
Alex Ortiz,Sandy,0.09581850722007762
Dino Gordillo,Natalia Cuevas,0.09581102607522406
"Carlos ""El Mono"" Sánchez",Carlos Helo,0.09578672686768169
Ernesto Belloni,Profesor Salomón y Tutu-Tutu,0.09571383858273896
Bombo Fica,Payahop,0.09569784279754182
Ruperto,Óscar Gangas,0.09559177328025563
"Daniela ""Chiqui"" Aguayo",Stefan Kramer,0.0955721312881048
Ernesto Belloni,Luis Slimming,0.09527325820797136
Pujillay,Rodrigo Villegas,0.09523273507672689
Los Indolatinos,Pancho del Sur,0.09489535676543955
"Daniela ""Chiqui"" Aguayo",Pujillay,0.09488172377280817
Lucho Navarro,Ruperto,0.09485539355699303
El Huaso Clavel,Profesor Salomón y Tutu-Tutu,0.09474438548045823
Bombo Fica,"Daniela ""Chiqui"" Aguayo",0.09443874423894316
"Daniela ""Chiqui"" Aguayo",Hugo Goodman,0.09421126184535443
Alex Ortiz,Jenny Cavallo,0.0941382150060138
Edmundo Arrocet,Gloria Benavides,0.09394447380237192
Ernesto Belloni,Javiera Contador,0.09363376989696903
"Daniel Muñoz ""El Carmelo""",Ricardo Meruane,0.0935303729847285
Jenny Cavallo,Memo Bunke,0.09340167780795604
Natalia Valdebenito,Pamela Leiva,0.09332304240674613
Pam Pam,Stefan Kramer,0.09314530411075274
Ruperto,Zip-Zup,0.09297595197180701
Belén Mora,Los Atletas de la Risa,0.09291411593297233
Carlos Helo,Centella,0.09284447688630804
Diego Urrutia,El Huaso Clavel,0.09284187428174524
Fabrizio Copano,Sarah Sanders,0.09236061980118565
El Pampero,Luis Slimming,0.09233199821645824
Edmundo Arrocet,Rudy Rey,0.09202940713637106
Alison Mandel,Fusión Humor,0.09188713356636805
"Daniela ""Chiqui"" Aguayo",Hugo Varela,0.09169522853605747
Diego Urrutia,Ricardo Meruane,0.09142325442171559
El Pampero,León Murillo,0.09132986677440673
Centella,Sarah Sanders,0.09128344755898579
Felipe Avello,Pancho del Sur,0.09114633835290784
Felo,Javiera Contador,0.0909807332082802
Natalia Valdebenito,Sarah Sanders,0.09090254747124893
Gigi Martin,Sandy,0.0908713329631328
Carlos Helo,Stefan Kramer,0.09079112801338518
"Daniel Muñoz ""El Carmelo""",Pancho del Sur,0.09077029659327783
El Pampero,Natalia Valdebenito,0.09067676689737653
Jenny Cavallo,Sergio Freire,0.0906451655329772
Bastián Paz,Juan Pablo López,0.09044093243429323
Lucho Navarro,Natalia Valdebenito,0.09037598670784545
Alejandra Azcárate,Carlos Helo,0.09022192140993034
Memo Bunke y Natalia Cuevas,Profesor Salomón y Tutu-Tutu,0.0901274546474816
El Pampero,Los Atletas de la Risa,0.08990234663387445
Pam Pam,Profesor Salomón y Tutu-Tutu,0.0898265710374009
Edmundo Arrocet,Fusión Humor,0.0897966724335745
Carlos Helo,"Paul Vásquez ""El Flaco""",0.08970273871948467
Bastián Paz,Los Indolatinos,0.08957910619270727
Felipe Avello,Julio Sabala,0.08953895035992876
Bastián Paz,Rodrigo González,0.08952084447772282
Ernesto Belloni,Fabrizio Copano,0.08931764677144129
Felipe Avello,Huaso Filomeno,0.08906893764682279
Felo,Pujillay,0.08888675712779698
Felipe Avello,Zip-Zup,0.08867493059814865
Hermógenes Conache,Jenny Cavallo,0.08846350541803315
Edmundo Arrocet,Rodrigo González,0.08845919638238624
León Murillo,Sarah Sanders,0.08844820723847079
Ernesto Belloni,Felipe Avello,0.08829731840983686
Carlos Helo,Fabrizio Copano,0.0882425071192179
Centella,Pujillay,0.08821600416384913
Millenium Show,Ricardo Meruane,0.08821584853527988
Bombo Fica,Hugo Goodman,0.08807885594208718
Natalia Cuevas,"Paul Vásquez ""El Flaco""",0.08790155234537769
Fusión Humor,Lucho Navarro,0.08755602165189706
Gloria Benavides,Pam Pam,0.08749345544420878
El Pampero,Juan Pablo López,0.08739038935836856
Centella,Gloria Benavides,0.08727669557351869
El Pampero,"Juan Luis ""Jajá"" Calderón",0.08713936797536094
El Pampero,Paulo Iglesias,0.08695527397516715
Edmundo Arrocet,Hugo Goodman,0.08674480892625731
Fusión Humor,Hugo Goodman,0.0866943638599559
Lucho Miranda,Mauricio Palma,0.08662943724237658
Juan Pablo López,Ruperto,0.08660067406130247
Lucho Miranda,Memo Bunke y Natalia Cuevas,0.08650796071307756
Alejandra Azcárate,Los Atletas de la Risa,0.08639565295173823
Jorge Alís,Ruperto,0.08616846145208507
Bombo Fica,Javiera Contador,0.08587971474977119
Juan Pablo López,Memo Bunke,0.08538594266975343
Bombo Fica,Memo Bunke,0.08535826535764114
Ernesto Belloni,Pam Pam,0.08501064275006082
Edmundo Arrocet,Sergio Freire,0.08500407768477428
Pam Pam,Óscar Gangas,0.08485330801386282
Carlos García,Jenny Cavallo,0.08475796759035656
Carlos Helo,Hugo Goodman,0.08465926242572598
Belén Mora,Centella,0.084523888158931
Fusión Humor,Zip-Zup,0.08447389837001516
Hermógenes Conache,Lucho Navarro,0.08422063747253655
"Daniel Muñoz ""El Carmelo""",Pujillay,0.08413609713689799
Julio Sabala,Palta Meléndez,0.08407691892577687
Alejandra Azcárate,Pamela Leiva,0.08397116688409317
Dinamita Show,Jenny Cavallo,0.08380241926527529
Carlos Helo,"Daniela ""Chiqui"" Aguayo",0.08368398923742441
Ernesto Belloni,Natalia Valdebenito,0.08358877170467792
Lucho Miranda,Ricardo Meruane,0.08349864718971566
Edmundo Arrocet,Los Locos del Humor,0.08344017623917377
Alison Mandel,Pancho del Sur,0.08299924572748421
Edo Caroe,Lucho Navarro,0.08287854435786675
Pamela Leiva,Paulo Iglesias,0.08269009144758938
Felipe Avello,Sarah Sanders,0.08266647943614895
Lucho Navarro,Pedro Ruminot,0.08261417189947469
Edmundo Arrocet,El Pampero,0.08246858960195116
Alex Ortiz,Julio Sabala,0.08165203588199366
Profesor Salomón y Tutu-Tutu,Zip-Zup,0.08128149839621973
Jenny Cavallo,Rodrigo Villegas,0.08123015415357901
Natalia Cuevas,Payahop,0.08107706877361565
Huaso Filomeno,Óscar Gangas,0.08082672032396647
Jorge Alís,Memo Bunke,0.08077376313994673
Luis Slimming,Óscar Gangas,0.08076989757543884
Alex Ortiz,Pancho del Sur,0.0806646077512124
Felipe Avello,Ruperto,0.08064185496695667
Felo,Millenium Show,0.08055485155557635
Natalia Cuevas,Profesor Salomón y Tutu-Tutu,0.08051523155178454
Memo Bunke y Natalia Cuevas,Pujillay,0.08044484113544402
Felo,Profesor Salomón y Tutu-Tutu,0.08022012826935661
Bastián Paz,Fabrizio Copano,0.08019505273671337
"Carlos ""El Mono"" Sánchez",Ricardo Meruane,0.08007018382675057
Bastián Paz,Hermógenes Conache,0.07990939987852162
Centella,Memo Bunke,0.07944478383402052
Centella,Ernesto Belloni,0.07941803251292025
Lucho Navarro,Pam Pam,0.07936388386112625
Carlos Helo,Pam Pam,0.0793535926981889
Huaso Filomeno,Pamela Leiva,0.07923225029977601
Bombo Fica,El Huaso Clavel,0.0792114570908896
"Daniel Muñoz ""El Carmelo""",Pamela Leiva,0.07878413242392525
"Paul Vásquez ""El Flaco""",Ricardo Meruane,0.07873361495365526
Diego Urrutia,Edmundo Arrocet,0.07873335146592328
"Carlos ""El Mono"" Sánchez",Natalia Cuevas,0.07871533611632998
El Pampero,Rodrigo Villegas,0.0786986003171309
Alex Ortiz,Felo,0.07838457613849102
Carlos Helo,Natalia Valdebenito,0.07831662077986375
Alex Ortiz,Gloria Benavides,0.07816092175746567
"Daniel Muñoz ""El Carmelo""",Natalia Cuevas,0.07791714974653725
Arturo Ruiz-Tagle,Edmundo Arrocet,0.07758198456414536
Fabrizio Copano,Hugo Goodman,0.07754882374976604
Hugo Goodman,Sergio Freire,0.07752132647365993
Edmundo Arrocet,Palta Meléndez,0.07751918840483595
Alejandra Azcárate,Melón y Melame,0.07739502248633418
Bastián Paz,Mauricio Palma,0.07727216207183317
Natalia Cuevas,Pujillay,0.07721471300166598
El Pampero,"Jorge ""Chino"" Navarrete",0.07720729177766922
El Huaso Clavel,Sergio Freire,0.07718192822012368
Felipe Avello,Hugo Varela,0.07716038702289392
Bastián Paz,Pamela Leiva,0.07714270352015437
Natalia Valdebenito,Rudy Rey,0.07678937595297654
Javiera Contador,Los Indolatinos,0.07678180849633148
Dinamita Show,Huaso Filomeno,0.07645739842874852
Juan Pablo López,Lucho Navarro,0.0764209780484337
Ernesto Belloni,Pamela Leiva,0.07622821100096135
Alison Mandel,Felo,0.07622650824351222
Bastián Paz,Edo Caroe,0.07602784970364071
Bastián Paz,Óscar Gangas,0.07601604969433196
Felo,Paulo Iglesias,0.07595370801823441
"Jorge ""Chino"" Navarrete",Profesor Salomón y Tutu-Tutu,0.07587393545834961
El Pampero,Memo Bunke,0.07581492789686638
Bastián Paz,Lucho Miranda,0.07524067812536021
Gigi Martin,Jenny Cavallo,0.07514180619487998
Julio Sabala,Pujillay,0.07511975366701254
Memo Bunke,Paulo Iglesias,0.07500476403796398
Alex Ortiz,Felipe Avello,0.07489570967614718
Carlos Helo,Memo Bunke,0.07483759713218341
Lucho Navarro,Rodrigo González,0.07474615449316066
El Pampero,Rudy Rey,0.07467511422394309
El Huaso Clavel,Payahop,0.07455905239872439
Lucho Miranda,Stefan Kramer,0.07412432364892066
Ernesto Belloni,Jani Dueñas,0.07404253191218112
Centella,Memo Bunke y Natalia Cuevas,0.07401439356545245
Carlos Helo,El Huaso Clavel,0.07360187311189738
León Murillo,Millenium Show,0.07350956924565218
"Carlos ""El Mono"" Sánchez",Mauricio Palma,0.07343299600578676
Javiera Contador,Lucho Navarro,0.07340197180731416
Carlos Helo,Fusión Humor,0.07314645815273689
Alex Ortiz,El Huaso Clavel,0.07308593331201957
Carlos Helo,George Harris,0.07292612051287607
Carlos Helo,Lucho Miranda,0.07278773004481137
Carlos Helo,Jenny Cavallo,0.0726838871517985
"Daniel Muñoz ""El Carmelo""",Zip-Zup,0.072610409816256
"Daniela ""Chiqui"" Aguayo",Óscar Gangas,0.07253925867887748
Gigi Martin,"Juan Luis ""Jajá"" Calderón",0.07249162763885199
Jenny Cavallo,Mauricio Palma,0.07241629411512598
Coco Legrand,Millenium Show,0.07236010377447835
Julio Sabala,"Paul Vásquez ""El Flaco""",0.072326377844736
Pujillay,Ruperto,0.07213699428881296
Carlos García,Millenium Show,0.07212740718259475
Felo,Los Indolatinos,0.0720589543237556
Felo,Juan Pablo López,0.0718962339211642
Bastián Paz,"Carlos ""El Mono"" Sánchez",0.07181027164641324
Palta Meléndez,Rudy Rey,0.07174237424035024
Fusión Humor,Natalia Valdebenito,0.07143843265724098
Carlos Helo,Edmundo Arrocet,0.07139971622767165
Hugo Varela,Pamela Leiva,0.07125905532805357
Pamela Leiva,Payahop,0.07069972559635457
Gigi Martin,Lucho Navarro,0.07053782714176383
Alejandra Azcárate,Carlos García,0.07044898263254747
Edmundo Arrocet,Felipe Avello,0.07039405763652584
Profesor Salomón y Tutu-Tutu,Rodrigo González,0.0700710110861062
Mauricio Palma,Pamela Leiva,0.06992372168441777
Jani Dueñas,Ricardo Meruane,0.06978240006512063
Jenny Cavallo,Melón y Melame,0.06964254487200243
Memo Bunke y Natalia Cuevas,Natalia Cuevas,0.06954280574311461
Millenium Show,Sergio Freire,0.06945884238596271
Edmundo Arrocet,Fabrizio Copano,0.06933494618854322
Gigi Martin,Natalia Valdebenito,0.06931712536605802
Alison Mandel,"Daniel Muñoz ""El Carmelo""",0.06919319325839376
Felo,Sandy,0.06905473260570993
Diego Urrutia,Pam Pam,0.0688900163677513
El Huaso Clavel,Jorge Alís,0.0687921408289748
El Huaso Clavel,Juan Pablo López,0.06845104003167939
Los Atletas de la Risa,Sarah Sanders,0.06841097686758385
Belén Mora,Felo,0.06810030412775538
Jenny Cavallo,Pamela Leiva,0.06807138086113146
Julio Sabala,Lucho Miranda,0.06771950557265555
Javiera Contador,Juan Pablo López,0.06747370897382544
Pujillay,Rudy Rey,0.06741937696405273
Pancho del Sur,Pujillay,0.06739184544707903
Natalia Valdebenito,Óscar Gangas,0.06738823853018693
Centella,Natalia Cuevas,0.06713646610754795
Alex Ortiz,Hermógenes Conache,0.06702194495398084
Memo Bunke y Natalia Cuevas,Millenium Show,0.06697629709725803
Palta Meléndez,Pamela Leiva,0.06696545042484757
Edmundo Arrocet,Stefan Kramer,0.06689303591585305
Edmundo Arrocet,Pam Pam,0.06653280066662559
Centella,Gigi Martin,0.06626943344742445
Hugo Goodman,Pujillay,0.06619802092417872
Palta Meléndez,Pujillay,0.06608574722601195
Juan Pablo López,Memo Bunke y Natalia Cuevas,0.06603257805403229
Belén Mora,Hermógenes Conache,0.06596104836262824
Sarah Sanders,Sergio Freire,0.06584219855218522
Bastián Paz,Sarah Sanders,0.06581603431698116
Los Indolatinos,Pamela Leiva,0.06578652238254386
Jenny Cavallo,Memo Bunke y Natalia Cuevas,0.06573704086086368
Carlos García,Sarah Sanders,0.0656584702626781
Los Locos del Humor,Lucho Miranda,0.06525581742273415
Coco Legrand,Pancho del Sur,0.06524356947881803
Belén Mora,Los Indolatinos,0.06506929229725952
Carlos Helo,Pedro Ruminot,0.06496072986880246
Belén Mora,Memo Bunke y Natalia Cuevas,0.0647147160849918
Carlos Helo,Paulo Iglesias,0.06466865417755661
El Pampero,Julio Sabala,0.06463716723330341
Bombo Fica,Ruperto,0.06432360981444295
Edmundo Arrocet,Jorge Alís,0.06423881678667138
Jani Dueñas,Óscar Gangas,0.06416037668391049
Bombo Fica,Jenny Cavallo,0.06381403635355537
Jenny Cavallo,Payahop,0.06380683063174997
Javiera Contador,Ricardo Meruane,0.06350447671818384
"Carlos ""El Mono"" Sánchez",Óscar Gangas,0.06348115139918041
Los Locos del Humor,Lucho Navarro,0.06318823261839393
Belén Mora,Pujillay,0.06310757551873157
Bastián Paz,Bombo Fica,0.06296790193615014
Bastián Paz,Felipe Avello,0.06280039406278477
León Murillo,Profesor Salomón y Tutu-Tutu,0.06272858970111066
Natalia Valdebenito,Sandy,0.0624384067062674
"Daniel Muñoz ""El Carmelo""",El Huaso Clavel,0.06200940291683637
Belén Mora,Mauricio Palma,0.061923034823704134
Melón y Melame,Natalia Cuevas,0.06162928636221095
Natalia Cuevas,Sergio Freire,0.06161427594400856
Lucho Miranda,Zip-Zup,0.061443452356866615
Centella,El Huaso Clavel,0.06138303628250107
Diego Urrutia,Hugo Goodman,0.06114666890386843
El Pampero,Millenium Show,0.06110395459852348
Hugo Varela,Jorge Alís,0.06084545641381578
Gigi Martin,Huaso Filomeno,0.06056282715480331
Gloria Benavides,Natalia Valdebenito,0.060404375054777165
"Daniel Muñoz ""El Carmelo""",Lucho Navarro,0.06022358750301652
Hugo Goodman,Jani Dueñas,0.06000949225870223
Jani Dueñas,Millenium Show,0.05998882402793552
Huaso Filomeno,Millenium Show,0.05976736311140888
Natalia Cuevas,Rodrigo Villegas,0.05972436710235546
Gigi Martin,Profesor Salomón y Tutu-Tutu,0.05955013379829487
Millenium Show,Profesor Salomón y Tutu-Tutu,0.05953636275195273
Bastián Paz,Natalia Valdebenito,0.05937125430917579
Huaso Filomeno,Ruperto,0.059338817428457195
Alejandra Azcárate,Rudy Rey,0.05921593499111577
Edmundo Arrocet,Felo,0.059128996158097934
El Huaso Clavel,Palta Meléndez,0.05907797560680969
"Daniela ""Chiqui"" Aguayo",Payahop,0.05890429012068612
Belén Mora,Bombo Fica,0.058757626905575754
"Daniel Muñoz ""El Carmelo""",Profesor Salomón y Tutu-Tutu,0.05861497840881344
Carlos García,Lucho Navarro,0.05852579819616034
Huaso Filomeno,Profesor Salomón y Tutu-Tutu,0.058451426163849254
Coco Legrand,Natalia Cuevas,0.05844597838928073
Lucho Miranda,Millenium Show,0.05819840358391295
Hugo Goodman,Juan Pablo López,0.0580590073720722
Alejandra Azcárate,Óscar Gangas,0.05795826871057405
Millenium Show,Ruperto,0.057855938737562236
Jenny Cavallo,Óscar Gangas,0.05782084595783071
El Pampero,Jenny Cavallo,0.05771284239587013
Jenny Cavallo,Ruperto,0.05769530564989412
Profesor Salomón y Tutu-Tutu,Ricardo Meruane,0.057673796552851875
Centella,Hugo Goodman,0.05737815055358992
"Daniela ""Chiqui"" Aguayo",Natalia Cuevas,0.057282948416495345
Pamela Leiva,Zip-Zup,0.0569736464213629
El Pampero,Memo Bunke y Natalia Cuevas,0.05695580152131959
Carlos Helo,Felo,0.05688701872890474
Pancho del Sur,Sarah Sanders,0.05688083856278208
Los Atletas de la Risa,Pamela Leiva,0.056852602475477874
Lucho Miranda,Ruperto,0.056718941211340336
Dinamita Show,Sarah Sanders,0.05665511329033853
Alison Mandel,Carlos Helo,0.056639456506951305
Carlos Helo,Luis Slimming,0.05662109190216457
Javiera Contador,Rudy Rey,0.05648380195546196
Lucho Miranda,Natalia Valdebenito,0.05627805681284763
Huaso Filomeno,Lucho Navarro,0.05625218939985398
Hugo Goodman,Rudy Rey,0.05621840895556509
Lucho Navarro,Mauricio Palma,0.05616558431835188
Felo,Pam Pam,0.055647399237449324
"Daniel Muñoz ""El Carmelo""",Natalia Valdebenito,0.05553693908586113
Felipe Avello,Rudy Rey,0.05553051059019283
Memo Bunke,Natalia Cuevas,0.05548162728094159
Hugo Goodman,Paulo Iglesias,0.05504879659353827
Pancho del Sur,Paulo Iglesias,0.05472870676595694
Hugo Goodman,Pancho del Sur,0.05468873653094666
Felipe Avello,Los Atletas de la Risa,0.0544399033137261
Bombo Fica,Memo Bunke y Natalia Cuevas,0.0544039926087279
"Juan Luis ""Jajá"" Calderón",Pancho del Sur,0.054375504968549045
Mauricio Palma,Pam Pam,0.054277395706033814
Lucho Miranda,Sergio Freire,0.054260665449117965
"Daniel Muñoz ""El Carmelo""","Daniela ""Chiqui"" Aguayo",0.05384598643367148
Pancho del Sur,Zip-Zup,0.05377136390538906
"Juan Luis ""Jajá"" Calderón",Profesor Salomón y Tutu-Tutu,0.05369732502216478
Los Locos del Humor,Natalia Cuevas,0.053684025266542694
Arturo Ruiz-Tagle,Profesor Salomón y Tutu-Tutu,0.053537381017343864
Alex Ortiz,"Jorge ""Chino"" Navarrete",0.053428866720242586
Los Atletas de la Risa,Memo Bunke y Natalia Cuevas,0.05330327940697713
Bastián Paz,Paulo Iglesias,0.0530116897250245
Dino Gordillo,Pamela Leiva,0.052744171898552045
"Paul Vásquez ""El Flaco""",Sarah Sanders,0.05271453583591166
Bombo Fica,Lucho Navarro,0.05258946270188085
Jani Dueñas,Rudy Rey,0.052503784576930945
El Pampero,Ernesto Belloni,0.052431223507649255
Bastián Paz,Javiera Contador,0.052396096126705836
Belén Mora,El Pampero,0.0519975713521393
Alejandra Azcárate,Pujillay,0.051897460879611085
Jenny Cavallo,Profesor Salomón y Tutu-Tutu,0.05179137359971151
Pujillay,Sarah Sanders,0.05175454236784331
Memo Bunke y Natalia Cuevas,Pamela Leiva,0.05169536786837841
Carlos Helo,Natalia Cuevas,0.051481849683199174
Hugo Varela,Paulo Iglesias,0.05146542673637341
Pam Pam,Payahop,0.05123818931556087
Rudy Rey,Zip-Zup,0.05117931358910984
Carlos Helo,Sandy,0.05091573185090995
Alejandra Azcárate,Felipe Avello,0.050845164390001765
Alex Ortiz,Dinamita Show,0.050728695780763194
Natalia Cuevas,Natalia Valdebenito,0.0505026363463296
Gigi Martin,Payahop,0.05047053622547916
Jenny Cavallo,"Jorge ""Chino"" Navarrete",0.050457744654505365
Centella,Ruperto,0.05029106563587153
Alejandra Azcárate,"Daniel Muñoz ""El Carmelo""",0.05012661733583847
Alex Ortiz,Sarah Sanders,0.04969190906735966
El Huaso Clavel,Los Atletas de la Risa,0.04932614002653159
Edmundo Arrocet,Melón y Melame,0.049254852201510595
Edmundo Arrocet,Profesor Salomón y Tutu-Tutu,0.049169325887839684
Memo Bunke y Natalia Cuevas,Palta Meléndez,0.04916492149089509
Coco Legrand,Profesor Salomón y Tutu-Tutu,0.04911646619379695
Hugo Varela,Natalia Cuevas,0.04897198059241222
Alison Mandel,Profesor Salomón y Tutu-Tutu,0.04896643619087235
Lucho Miranda,Lucho Navarro,0.04891852514250966
Gigi Martin,Memo Bunke y Natalia Cuevas,0.04886349503615026
Centella,Edmundo Arrocet,0.048806007843460446
Diego Urrutia,Lucho Navarro,0.04879034391406756
Bastián Paz,Pam Pam,0.04858827220819889
Alex Ortiz,El Pampero,0.048327469342129795
Alejandra Azcárate,Gloria Benavides,0.04815690298528888
Felo,Zip-Zup,0.047793289202368604
Millenium Show,Zip-Zup,0.047791818938474076
Lucho Navarro,Rodrigo Villegas,0.047695176053404696
Dinamita Show,Millenium Show,0.04768199742043434
Javiera Contador,Julio Sabala,0.04759051778289481
Jenny Cavallo,Los Atletas de la Risa,0.047284431239449455
Gigi Martin,Pam Pam,0.04727506158701863
Huaso Filomeno,Javiera Contador,0.04711338913701556
Carlos Helo,Los Atletas de la Risa,0.046986526008290994
Alex Ortiz,Carlos Helo,0.0469309353891788
El Huaso Clavel,Jenny Cavallo,0.046901860206679996
El Huaso Clavel,Rodrigo González,0.046898821984029816
Jenny Cavallo,Rudy Rey,0.04670573132681807
Gigi Martin,Ricardo Meruane,0.04648035811732492
Bastián Paz,Natalia Cuevas,0.0464726805313851
Bastián Paz,Zip-Zup,0.04639177385707439
Pamela Leiva,Ricardo Meruane,0.04620298170426406
Millenium Show,Pancho del Sur,0.046127765529904656
Millenium Show,Sandy,0.04599263687588704
Fusión Humor,Natalia Cuevas,0.04594381487975156
El Huaso Clavel,Ruperto,0.04585706326444301
Pamela Leiva,Rodrigo Villegas,0.045744972343947754
Carlos Helo,Huaso Filomeno,0.04573591259634856
Luis Slimming,Ruperto,0.045483217799804444
Millenium Show,Pamela Leiva,0.04522276846392215
"Paul Vásquez ""El Flaco""",Profesor Salomón y Tutu-Tutu,0.045067093836315665
Felipe Avello,Felo,0.04505528209100372
Javiera Contador,Pancho del Sur,0.044940493542834754
El Pampero,Hugo Goodman,0.04474380328196813
Lucho Miranda,Rodrigo Villegas,0.04466221576061341
Centella,Millenium Show,0.04460677966698048
Memo Bunke,Sandy,0.04453691459311025
Edmundo Arrocet,Luis Slimming,0.04443873932256445
Huaso Filomeno,León Murillo,0.04441808402887569
Los Indolatinos,Rudy Rey,0.044393451247489266
"Daniel Muñoz ""El Carmelo""",Óscar Gangas,0.04432615043429656
"Jorge ""Chino"" Navarrete",Pam Pam,0.04421430146084762
Pamela Leiva,Óscar Gangas,0.04388666463788524
Gigi Martin,Paulo Iglesias,0.0438117557695357
Memo Bunke,Ricardo Meruane,0.04367933968400039
Bastián Paz,Luis Slimming,0.043567195414174816
"Daniel Muñoz ""El Carmelo""",El Pampero,0.043291315428225195
Hugo Varela,Pam Pam,0.04321167331339828
Edmundo Arrocet,Sarah Sanders,0.04284508623670931
"Carlos ""El Mono"" Sánchez",Rudy Rey,0.042736768333653447
Felo,Pamela Leiva,0.042714887192213384
Felo,Sarah Sanders,0.04270222774659821
"Paul Vásquez ""El Flaco""",Rudy Rey,0.042485729863272884
Bombo Fica,Edmundo Arrocet,0.04240544244736443
Belén Mora,Jorge Alís,0.04239519098624132
Belén Mora,Payahop,0.04216709076773244
Bastián Paz,Pedro Ruminot,0.04196490248876467
Natalia Valdebenito,Pancho del Sur,0.04194221186477252
Carlos Helo,Rodrigo González,0.04183563894084859
Jani Dueñas,Pujillay,0.04179893003612911
Felo,Hugo Goodman,0.04167467764207056
Hugo Varela,Millenium Show,0.041372284161065594
"Daniela ""Chiqui"" Aguayo",Profesor Salomón y Tutu-Tutu,0.040879889307102735
Melón y Melame,Pamela Leiva,0.04079242759414788
Carlos Helo,Javiera Contador,0.04073159148067264
"Daniel Muñoz ""El Carmelo""",Pam Pam,0.040619860048984886
Alejandra Azcárate,El Pampero,0.04007502039736841
Jenny Cavallo,Pujillay,0.04005009382641739
Bombo Fica,"Daniel Muñoz ""El Carmelo""",0.0397550433583362
El Huaso Clavel,Rodrigo Villegas,0.039593994256335606
Rudy Rey,Sandy,0.039575806375336746
Pamela Leiva,Sarah Sanders,0.03956282039333866
Paulo Iglesias,Profesor Salomón y Tutu-Tutu,0.03947073153340727
Pam Pam,Pancho del Sur,0.03946463797338146
Alejandra Azcárate,Natalia Cuevas,0.039165749481303164
"Jorge ""Chino"" Navarrete",Natalia Valdebenito,0.03915472091224853
Alejandra Azcárate,Millenium Show,0.039145652145225474
Carlos Helo,Zip-Zup,0.038993182900518536
El Pampero,Sarah Sanders,0.03896584155972558
Luis Slimming,Profesor Salomón y Tutu-Tutu,0.03895620722520644
"Carlos ""El Mono"" Sánchez",Edmundo Arrocet,0.03872972861391701
George Harris,Jenny Cavallo,0.03867307766562925
Jorge Alís,Profesor Salomón y Tutu-Tutu,0.03864775240364628
Coco Legrand,Rudy Rey,0.038623056156718086
Alex Ortiz,Ruperto,0.038585225967856296
Huaso Filomeno,Pancho del Sur,0.03848972693727412
El Huaso Clavel,Fusión Humor,0.03843545666129071
Alex Ortiz,Bastián Paz,0.03841808619236238
Javiera Contador,Los Atletas de la Risa,0.03831651648106688
El Huaso Clavel,Pamela Leiva,0.03807952852883813
Diego Urrutia,Lucho Miranda,0.03807830657110652
Fusión Humor,Jenny Cavallo,0.0380741185889215
Lucho Navarro,Pamela Leiva,0.03800102924703092
Bombo Fica,Profesor Salomón y Tutu-Tutu,0.03795755691934911
Los Atletas de la Risa,Memo Bunke,0.037571271237754215
Lucho Navarro,Sergio Freire,0.03722476089893511
Millenium Show,Natalia Cuevas,0.037214486544985576
Javiera Contador,Profesor Salomón y Tutu-Tutu,0.037162989716594715
Alex Ortiz,Javiera Contador,0.0370661645438754
George Harris,Paulo Iglesias,0.036791928358944986
El Pampero,Lucho Navarro,0.036725459749331925
Alejandra Azcárate,Pancho del Sur,0.03652679709912218
Carlos Helo,Hugo Varela,0.036418336504526125
"Carlos ""El Mono"" Sánchez",Ruperto,0.03639561042715569
"Carlos ""El Mono"" Sánchez","Daniel Muñoz ""El Carmelo""",0.036284163139510064
"Daniela ""Chiqui"" Aguayo",Millenium Show,0.03619909087986227
George Harris,Gloria Benavides,0.036137816621043234
Huaso Filomeno,Hugo Goodman,0.03613744124041459
Juan Pablo López,Natalia Cuevas,0.03606386898843767
George Harris,Jani Dueñas,0.036053024677768865
Natalia Cuevas,Ruperto,0.035855538211771766
Julio Sabala,Los Indolatinos,0.03568790220094753
Javiera Contador,Ruperto,0.03565364240972621
Belén Mora,Carlos García,0.03547898054256648
"Daniela ""Chiqui"" Aguayo",El Pampero,0.03530148167199672
Pamela Leiva,Ruperto,0.035160747568085605
"Daniela ""Chiqui"" Aguayo",Rudy Rey,0.034851026296188914
Gigi Martin,Hugo Goodman,0.03477400044089002
Edmundo Arrocet,Huaso Filomeno,0.034685060927231434
Felipe Avello,Profesor Salomón y Tutu-Tutu,0.0344130747240041
Ruperto,Sarah Sanders,0.03425080991251319
Carlos Helo,Gigi Martin,0.03421590928190431
El Pampero,Felipe Avello,0.03421448055965457
Felo,"Juan Luis ""Jajá"" Calderón",0.034083193733574234
Jani Dueñas,Julio Sabala,0.03400347215835433
Alex Ortiz,Ernesto Belloni,0.033808999873298176
Lucho Navarro,Natalia Cuevas,0.033620349330573146
Natalia Cuevas,Paulo Iglesias,0.03335094308450152
"Daniel Muñoz ""El Carmelo""",Jenny Cavallo,0.033286371208103516
Paulo Iglesias,Rudy Rey,0.03318301585770123
Felo,Lucho Miranda,0.03301776915250226
Alison Mandel,Edmundo Arrocet,0.032971424512072724
El Huaso Clavel,Lucho Miranda,0.032729510227313484
Belén Mora,Rudy Rey,0.03252155971928342
Carlos Helo,"Daniel Muñoz ""El Carmelo""",0.03251884952010141
Lucho Miranda,Memo Bunke,0.032376499775805666
Belén Mora,Rodrigo Villegas,0.032313251911312235
Los Indolatinos,Natalia Cuevas,0.0322367040739466
Alex Ortiz,Pamela Leiva,0.032042042444540605
Pamela Leiva,Rudy Rey,0.03200007914235863
Edmundo Arrocet,"Paul Vásquez ""El Flaco""",0.03195677925711163
Alison Mandel,Rudy Rey,0.031883227743412894
Belén Mora,George Harris,0.03168269532465318
Carlos Helo,Sarah Sanders,0.03162271290770968
"Daniel Muñoz ""El Carmelo""",Sarah Sanders,0.03132381102033632
George Harris,Profesor Salomón y Tutu-Tutu,0.03118419102985242
Belén Mora,Diego Urrutia,0.031172037240126765
"Carlos ""El Mono"" Sánchez",Fusión Humor,0.031044111205821488
Carlos Helo,Melón y Melame,0.030955624117890147
Javiera Contador,Memo Bunke y Natalia Cuevas,0.030918591799713523
Alejandra Azcárate,Fusión Humor,0.030710078969645026
Huaso Filomeno,Natalia Cuevas,0.0301635489519394
Felipe Avello,Gigi Martin,0.029540809214902434
Alison Mandel,El Pampero,0.029228385744103053
Hermógenes Conache,Lucho Miranda,0.028979713674955
Lucho Miranda,Melón y Melame,0.028894981473410245
"Carlos ""El Mono"" Sánchez",Lucho Miranda,0.02869619870343103
Felipe Avello,Jenny Cavallo,0.028598751359565952
Gloria Benavides,Jenny Cavallo,0.02845286283656613
Bastián Paz,Millenium Show,0.028417287579148486
Julio Sabala,Natalia Valdebenito,0.02832600019508977
Edmundo Arrocet,Jani Dueñas,0.028109561075610953
Bastián Paz,Diego Urrutia,0.027845177067852243
Edmundo Arrocet,Hugo Varela,0.027707866562301665
Lucho Navarro,Luis Slimming,0.02767873146558646
El Huaso Clavel,Gigi Martin,0.027533783254596024
Jenny Cavallo,Natalia Cuevas,0.02737437980709438
Julio Sabala,Pamela Leiva,0.02736641991994129
Millenium Show,Pam Pam,0.027257412220318418
Alex Ortiz,Profesor Salomón y Tutu-Tutu,0.027251059527650594
Hugo Varela,Sarah Sanders,0.026903461630024852
Bastián Paz,Huaso Filomeno,0.02671621221728802
El Huaso Clavel,Rudy Rey,0.026567220401159494
"Carlos ""El Mono"" Sánchez",Hugo Goodman,0.026354133871282284
Alison Mandel,Ricardo Meruane,0.02625936713404504
Natalia Cuevas,Zip-Zup,0.026241931510630916
Juan Pablo López,Profesor Salomón y Tutu-Tutu,0.02622490084200255
Paulo Iglesias,Ruperto,0.026145077219676575
Natalia Valdebenito,Ruperto,0.026034868130366085
Fabrizio Copano,George Harris,0.025437304104645002
Ernesto Belloni,Millenium Show,0.025315386926831936
Arturo Ruiz-Tagle,George Harris,0.0252389779213765
Edmundo Arrocet,Gigi Martin,0.025155753686866896
Carlos Helo,El Pampero,0.02498435013826422
Jenny Cavallo,Pancho del Sur,0.024949643147210848
Belén Mora,Óscar Gangas,0.02486566771481881
Lucho Miranda,Óscar Gangas,0.024831531613361504
Jenny Cavallo,Ricardo Meruane,0.0241452346999254
Los Atletas de la Risa,Profesor Salomón y Tutu-Tutu,0.024091523594672475
Belén Mora,"Paul Vásquez ""El Flaco""",0.024034542172590177
Hugo Goodman,Sarah Sanders,0.024002787993560832
Hugo Goodman,Jenny Cavallo,0.023945727115622876
George Harris,Gigi Martin,0.023927298321191
George Harris,Jorge Alís,0.023861936990168836
Memo Bunke y Natalia Cuevas,Paulo Iglesias,0.0238481849464025
Jenny Cavallo,Julio Sabala,0.023802437900532547
"Juan Luis ""Jajá"" Calderón",Rudy Rey,0.023758885385871172
Millenium Show,Pujillay,0.02363915514243482
Memo Bunke,Sarah Sanders,0.023584301619285146
Memo Bunke y Natalia Cuevas,Óscar Gangas,0.023347145067948355
Natalia Cuevas,Pam Pam,0.02329436950049327
Carlos Helo,Rodrigo Villegas,0.02319117723107021
El Huaso Clavel,Felipe Avello,0.022961643598719713
George Harris,Álvaro Salas,0.02295197021351647
Fusión Humor,Sarah Sanders,0.02290248094360554
Alejandra Azcárate,Ricardo Meruane,0.022891070534378388
Jani Dueñas,Profesor Salomón y Tutu-Tutu,0.022268558910925093
"Juan Luis ""Jajá"" Calderón",Natalia Cuevas,0.022127658507811506
Carlos Helo,Pancho del Sur,0.022110073597964644
El Huaso Clavel,Mauricio Palma,0.021976803581070643
Gigi Martin,Luis Slimming,0.021827309088352863
Julio Sabala,Paulo Iglesias,0.0216711938902776
Belén Mora,"Carlos ""El Mono"" Sánchez",0.021668542907664044
Javiera Contador,Óscar Gangas,0.021475154474330665
Rudy Rey,Sarah Sanders,0.021403572365496726
Millenium Show,Natalia Valdebenito,0.021381552688834127
Bombo Fica,George Harris,0.021303785133945704
Bastián Paz,Memo Bunke,0.02038662780841598
Bastián Paz,El Huaso Clavel,0.02033814915202218
El Pampero,Pamela Leiva,0.02025535206186489
Dinamita Show,George Harris,0.020120013394873425
Alex Ortiz,Gigi Martin,0.020071597711382234
Bastián Paz,Hugo Goodman,0.020048806231568763
Juan Pablo López,Julio Sabala,0.019718916845924958
Huaso Filomeno,Pam Pam,0.019659694996800224
Lucho Navarro,Millenium Show,0.019655402099125835
Gigi Martin,Pamela Leiva,0.01926014203857705
"Carlos ""El Mono"" Sánchez",George Harris,0.019171847517284228
Alejandra Azcárate,George Harris,0.018965010797903494
Carlos Helo,Los Locos del Humor,0.018947460621742716
Edmundo Arrocet,Millenium Show,0.018896667556001886
Bastián Paz,Pujillay,0.01884374468243836
Gigi Martin,Millenium Show,0.018708270490399758
Lucho Miranda,Rudy Rey,0.01869028336605358
Alex Ortiz,Millenium Show,0.018616952693238535
Pamela Leiva,Profesor Salomón y Tutu-Tutu,0.018476780419483457
Bastián Paz,Carlos García,0.01837119344771845
Edmundo Arrocet,Javiera Contador,0.01826655456533824
Alex Ortiz,Edmundo Arrocet,0.018181344227004164
Coco Legrand,George Harris,0.01816123574962285
George Harris,Los Indolatinos,0.0181105341434993
Hugo Goodman,Ricardo Meruane,0.018084495069884233
Lucho Navarro,Pujillay,0.017952241326397004
Profesor Salomón y Tutu-Tutu,Pujillay,0.01777041124436517
George Harris,Memo Bunke,0.017689470030174643
El Pampero,Lucho Miranda,0.017418883990002673
Julio Sabala,León Murillo,0.01708542025605772
Alejandra Azcárate,Julio Sabala,0.017062979918272422
Memo Bunke y Natalia Cuevas,Pancho del Sur,0.01703218465087644
Juan Pablo López,Rudy Rey,0.016923336211124244
Belén Mora,El Huaso Clavel,0.016891710527149727
George Harris,Rodrigo Villegas,0.01682336539193565
Natalia Cuevas,Sarah Sanders,0.01682214291727665
Hugo Goodman,Pam Pam,0.0166833012299443
Los Atletas de la Risa,Lucho Navarro,0.016588211387823935
Jenny Cavallo,Millenium Show,0.01650901367997027
George Harris,Melón y Melame,0.01604561014185987
"Carlos ""El Mono"" Sánchez",Millenium Show,0.01603142544555458
Lucho Navarro,Memo Bunke y Natalia Cuevas,0.01595048534402664
Julio Sabala,Sarah Sanders,0.015679121099670203
George Harris,Rudy Rey,0.015560527820952214
Edmundo Arrocet,Jenny Cavallo,0.015552892644274837
"Daniela ""Chiqui"" Aguayo",Memo Bunke y Natalia Cuevas,0.015543331726774641
Belén Mora,Julio Sabala,0.015319988562986343
George Harris,Rodrigo González,0.015311361945973727
George Harris,Pam Pam,0.015154992492326906
George Harris,Sergio Freire,0.014976702426598223
Profesor Salomón y Tutu-Tutu,Sarah Sanders,0.014957710510089692
Edmundo Arrocet,Natalia Cuevas,0.014814422829501989
Carlos Helo,Diego Urrutia,0.014635157884829907
Pam Pam,Ruperto,0.014617068100333506
Alejandra Azcárate,Hugo Goodman,0.014519626418456576
Carlos Helo,Profesor Salomón y Tutu-Tutu,0.014456762769453298
Alex Ortiz,Óscar Gangas,0.014433059714060352
El Huaso Clavel,Felo,0.014293095666257636
Lucho Navarro,Pancho del Sur,0.01426022188353746
León Murillo,Rudy Rey,0.014247730755111633
Ernesto Belloni,George Harris,0.014231971453952058
Los Atletas de la Risa,Natalia Cuevas,0.014221879867975738
Diego Urrutia,George Harris,0.014163809234554322
Fusión Humor,George Harris,0.014128340288576544
Memo Bunke,Pancho del Sur,0.014120524916822893
Felo,George Harris,0.013914554030866751
Edmundo Arrocet,Lucho Miranda,0.013698967714507572
George Harris,Julio Sabala,0.013676954924898671
Belén Mora,Edmundo Arrocet,0.013575929283618579
Bastián Paz,Ernesto Belloni,0.013430213542877056
Bastián Paz,Profesor Salomón y Tutu-Tutu,0.013426569517020152
Felo,Los Atletas de la Risa,0.01342637231336924
Carlos Helo,Memo Bunke y Natalia Cuevas,0.013413983879699706
Belén Mora,Profesor Salomón y Tutu-Tutu,0.013398685283524793
Natalia Valdebenito,Profesor Salomón y Tutu-Tutu,0.013357196695090286
Lucho Miranda,Pujillay,0.013113060550089024
George Harris,Sarah Sanders,0.013053578221039962
El Huaso Clavel,Javiera Contador,0.013031468157824543
Lucho Miranda,Profesor Salomón y Tutu-Tutu,0.01292703176358595
George Harris,Palta Meléndez,0.01287428706425095
George Harris,Payahop,0.012692627098424072
George Harris,Luis Slimming,0.012590473200017546
Centella,Rudy Rey,0.012505700896442543
Carlos García,Carlos Helo,0.012502589455153236
George Harris,Los Locos del Humor,0.012165963236146299
Lucho Navarro,Rudy Rey,0.012140779730079225
Centella,George Harris,0.01201413042430762
"Daniela ""Chiqui"" Aguayo",Julio Sabala,0.011766520858209837
Alex Ortiz,George Harris,0.011644904623890779
Lucho Navarro,Payahop,0.011629058397829064
Memo Bunke y Natalia Cuevas,Sarah Sanders,0.011460733967383833
Julio Sabala,Zip-Zup,0.011073549800910572
Lucho Navarro,Ricardo Meruane,0.010839237898549113
Felipe Avello,Lucho Navarro,0.010695708914621972
George Harris,Javiera Contador,0.01049638602323613
Carlos García,George Harris,0.010390531641827613
Gigi Martin,Lucho Miranda,0.010254483828412186
George Harris,Hermógenes Conache,0.010221454207302538
Alison Mandel,George Harris,0.010217534071907735
Natalia Cuevas,Ricardo Meruane,0.010074498160437798
"Carlos ""El Mono"" Sánchez",Pancho del Sur,0.010049758524462174
"Carlos ""El Mono"" Sánchez",Profesor Salomón y Tutu-Tutu,0.009915650402131321
George Harris,Memo Bunke y Natalia Cuevas,0.009801536150126066
Gigi Martin,Sarah Sanders,0.009569533515044018
Alex Ortiz,León Murillo,0.009255309848011114
Alex Ortiz,Hugo Goodman,0.009070421263734503
Hugo Goodman,Los Atletas de la Risa,0.008911785066684911
Hugo Varela,Lucho Miranda,0.008910640128269464
Alex Ortiz,Natalia Cuevas,0.008902816191947384
Carlos Helo,Millenium Show,0.008704171212486055
George Harris,"Paul Vásquez ""El Flaco""",0.00857133795570151
George Harris,León Murillo,0.008518604537060055
El Huaso Clavel,Pancho del Sur,0.008503373941486965
Alejandra Azcárate,Profesor Salomón y Tutu-Tutu,0.008342904859057683
Felipe Avello,George Harris,0.008320625992310473
Julio Sabala,Los Atletas de la Risa,0.008217873934301893
George Harris,Stefan Kramer,0.00789175968685688
George Harris,"Jorge ""Chino"" Navarrete",0.007736585835650738
Carlos Helo,Payahop,0.007663074340824655
Alejandra Azcárate,Edmundo Arrocet,0.007333000439580722
George Harris,Hugo Varela,0.007303490009867511
George Harris,Huaso Filomeno,0.0072076255987476795
George Harris,Lucho Miranda,0.007200556896522087
Alex Ortiz,Lucho Navarro,0.007120207127737504
Coco Legrand,Julio Sabala,0.006863138310672129
Pam Pam,Rudy Rey,0.006709674131809175
El Pampero,George Harris,0.006616584345726449
León Murillo,Memo Bunke y Natalia Cuevas,0.0066039223594657045
George Harris,Lucho Navarro,0.006361256160267405
Memo Bunke y Natalia Cuevas,Ricardo Meruane,0.006314959849260223
"Carlos ""El Mono"" Sánchez",Julio Sabala,0.006047954608222821
Los Atletas de la Risa,Rudy Rey,0.00596119563440867
Julio Sabala,Ricardo Meruane,0.005868265044726833
Edmundo Arrocet,Pamela Leiva,0.0057565046069236155
George Harris,Pujillay,0.0057129041895502735
Alison Mandel,Millenium Show,0.00539737505054532
Centella,Julio Sabala,0.005113842934339168
Julio Sabala,Pam Pam,0.005102784944836066
Julio Sabala,Lucho Navarro,0.004909337159650264
"Daniel Muñoz ""El Carmelo""",George Harris,0.004897583897339103
Alison Mandel,Julio Sabala,0.004890776151778303
George Harris,Ruperto,0.004729349433721926
"Juan Luis ""Jajá"" Calderón",Julio Sabala,0.00444654453952524
Hugo Goodman,Natalia Valdebenito,0.004375329842342873
George Harris,Sandy,0.004167950932821067
Felo,Ricardo Meruane,0.00414206595849162
George Harris,Óscar Gangas,0.004030907306040657
El Huaso Clavel,Pam Pam,0.0038503450269283756
George Harris,Millenium Show,0.00352526753305673
El Huaso Clavel,Millenium Show,0.0031467733890276966
Bastián Paz,George Harris,0.003048773339855425
George Harris,Natalia Cuevas,0.0029125861144536948
Bastián Paz,Julio Sabala,0.0027848950689544037
Edmundo Arrocet,Pancho del Sur,0.0020709621478788
George Harris,Hugo Goodman,0.0019169691143714777
George Harris,Pamela Leiva,0.0019158359862577474
Belén Mora,Millenium Show,0.0019004530878009033
Carlos Helo,Julio Sabala,0.0018927355212593807
Bastián Paz,Rudy Rey,0.0014496160936603411
Memo Bunke y Natalia Cuevas,Pam Pam,0.0010452896185796992
El Huaso Clavel,Natalia Cuevas,0.0009551817848398747
Bastián Paz,Edmundo Arrocet,0.0007681417877488836
Carlos Helo,Rudy Rey,0.0007001593112001077
George Harris,Pancho del Sur,0.0006193261211654155
Ricardo Meruane,Rudy Rey,0.0
El Huaso Clavel,George Harris,0.0
Edmundo Arrocet,Lucho Navarro,0.0
El Huaso Clavel,Julio Sabala,0.0
