show,Alejandra Azcárate,Alex Ortiz,Alison Mandel,Arturo Ruiz-Tagle,Bastián Paz,Belén Mora,Bombo Fica,"Carlos ""El Mono"" Sánchez",Carlos García,Carlos Helo,Centella,Coco Legrand,"Daniel Muñoz ""El Carmelo""","Daniela ""Chiqui"" Aguayo",Diego Urrutia,Dinamita Show,Dino Gordillo,Edmundo Arrocet,Edo Caroe,El Huaso Clavel,El Pampero,Ernesto Belloni,Fabrizio Copano,Felipe Avello,Felo,Fusión Humor,George Harris,Gigi Martin,Gloria Benavides,Hermógenes Conache,Huaso Filomeno,Hugo Goodman,Hugo Varela,Jani Dueñas,Javiera Contador,Jenny Cavallo,"Jorge ""Chino"" Navarrete",Jorge Alís,"Juan Luis ""Jajá"" Calderón",Juan Pablo López,Julio Sabala,León Murillo,Los Atletas de la Risa,Los Indolatinos,Los Locos del Humor,Lucho Miranda,Lucho Navarro,Luis Slimming,Mauricio Palma,Melón y Melame,Memo Bunke,Memo Bunke y Natalia Cuevas,Millenium Show,Natalia Cuevas,Natalia Valdebenito,Palta Meléndez,Pam Pam,Pamela Leiva,Pancho del Sur,"Paul Vásquez ""El Flaco""",Paulo Iglesias,Payahop,Pedro Ruminot,Profesor Salomón y Tutu-Tutu,Pujillay,Ricardo Meruane,Rodrigo González,Rodrigo Villegas,Rudy Rey,Ruperto,Sandy,Sarah Sanders,Sergio Freire,Stefan Kramer,Zip-Zup,Álvaro Salas,Óscar Gangas
Alejandra Azcárate,1.0,0.14382226111218305,0.6035771487305891,0.2785774997788217,0.13138604927889885,0.5677864443720911,0.12371621913687095,0.45368675645844614,0.07044898263254747,0.09022192140993034,0.34294647684261415,0.5528378317867871,0.05012661733583847,0.6767354098778553,0.2906512167387293,0.13111458396989994,0.29625583496105357,0.007333000439580722,0.4257947396774833,0.21925928918209497,0.04007502039736841,0.3437730770334844,0.3265905540436219,0.050845164390001765,0.20069736473480032,0.030710078969645026,0.018965010797903494,0.18500225449322735,0.04815690298528888,0.21185883882590775,0.3695566071600877,0.014519626418456576,0.3093546095690676,0.5788934940688758,0.3087948576320374,0.8341140900792201,0.22231949288597802,0.3109197414621802,0.29074752703833456,0.17799239025156283,0.017062979918272422,0.32688151940361704,0.08639565295173823,0.2731430236788227,0.31599608834549114,0.24448105463440903,0.3275725420090289,0.27635853955083234,0.11277349362474906,0.07739502248633418,0.11635289335050679,0.17168011339492387,0.039145652145225474,0.039165749481303164,0.4527103428205103,0.2876945582052647,0.22914055274461853,0.08397116688409317,0.03652679709912218,0.42154510493165565,0.34267714888326806,0.12423162733126998,0.1579307850682879,0.008342904859057683,0.051897460879611085,0.022891070534378388,0.2666156248726398,0.13572506604711795,0.05921593499111577,0.10148993715643002,0.24358042612621397,0.5109552431048374,0.20110945453040066,0.24621540236783768,0.4336657890713653,0.27532237844638396,0.05795826871057405
Alex Ortiz,0.14382226111218305,1.0,0.09746741831743745,0.2671426668219739,0.03841808619236238,0.21094343392664272,0.1329644858526284,0.17315394615787608,0.10961920401936003,0.0469309353891788,0.36126357563159284,0.2922013279352383,0.11119612221949202,0.16500467752191225,0.18144671761932132,0.050728695780763194,0.21765718712497015,0.018181344227004164,0.18915351745005268,0.07308593331201957,0.048327469342129795,0.033808999873298176,0.4329117317477894,0.07489570967614718,0.07838457613849102,0.3047463517407765,0.011644904623890779,0.020071597711382234,0.07816092175746567,0.06702194495398084,0.5680189566022754,0.009070421263734503,0.2663937614425792,0.13521058127586186,0.0370661645438754,0.0941382150060138,0.053428866720242586,0.14556112055545464,0.30450672073190516,0.6054881877592064,0.08165203588199366,0.009255309848011114,0.18560375962311906,0.15207811192801637,0.41129757622152835,0.16715203980013038,0.007120207127737504,0.7107143263969601,0.1651595502351169,0.4947157935553589,0.1640850525337007,0.1965287088345456,0.018616952693238535,0.008902816191947384,0.24642936619938735,0.18965940557456085,0.20912352662004627,0.032042042444540605,0.0806646077512124,0.19330559841272088,0.10339152564040376,0.20862013810318009,0.11774226937998057,0.027251059527650594,0.12584366704378708,0.3127790609187729,0.47460437234288166,0.3072754470392406,0.10969149794048708,0.038585225967856296,0.09581850722007762,0.04969190906735966,0.15294940969392276,0.16753655947884658,0.17777744442618765,0.23461986192457499,0.014433059714060352
Alison Mandel,0.6035771487305891,0.09746741831743745,0.9999999999999999,0.26096633750098613,0.10194080789573816,0.454667110103772,0.13141021415663995,0.3594129808975763,0.3222779334914328,0.056639456506951305,0.17071913832060423,0.34846638521544837,0.06919319325839376,0.5926364556488809,0.25672800918078825,0.29815214278941804,0.40499211520768824,0.032971424512072724,0.36306679569815664,0.19681382007303302,0.029228385744103053,0.2956894931261639,0.21407895325966184,0.24127299179014816,0.07622650824351222,0.09188713356636805,0.010217534071907735,0.30879223842398856,0.12203690832004073,0.31545495145107527,0.25077351044220547,0.19727720009846095,0.23864525028134714,0.39959974874556137,0.40334958665180826,0.4967986542320905,0.2731667673339045,0.25975911392411033,0.256276178769322,0.164470621887488,0.004890776151778303,0.2815810579196497,0.18135348570461948,0.38617479256641146,0.4202821525769543,0.3090399843340578,0.27882069243562324,0.2529198636680491,0.11078303169970675,0.15136700448975723,0.33853351392973297,0.10295472240099728,0.00539737505054532,0.18380272535951717,0.6065507313533495,0.16787208559736175,0.6504658462274929,0.34542128170604347,0.08299924572748421,0.26358676598125474,0.3800948697482958,0.13407308581998892,0.22123785110518374,0.04896643619087235,0.20592645441320367,0.02625936713404504,0.27742185959999766,0.18493595629544113,0.031883227743412894,0.18188152480726086,0.23712874565496697,0.3931591044695909,0.21901238687164398,0.14268294961124023,0.5784719344032797,0.2951569580157987,0.11359419730444616
Arturo Ruiz-Tagle,0.2785774997788217,0.2671426668219739,0.26096633750098613,1.0000000000000002,0.38861474013805325,0.2827393323071463,0.5166291180439258,0.4870634821866406,0.12060345340638051,0.3058406544790997,0.3109914903614012,0.5090073052199277,0.25779474659950286,0.2861648617183152,0.4943252076169747,0.5120285022665026,0.42340326566010883,0.07758198456414536,0.38409529075217697,0.12325131863391801,0.3054639129752735,0.28360021937653296,0.5214931286437601,0.37044448153905973,0.18474790667379304,0.37914731351060377,0.0252389779213765,0.38613633072317416,0.6064958606782138,0.3085979612635532,0.3949764570967204,0.27323139740547225,0.4726233820587416,0.456081377422919,0.349199899339643,0.15358936947213658,0.520853463565844,0.6125558656152545,0.2841702291056748,0.5391583726303318,0.20825852912933343,0.305803491318981,0.25144749331637345,0.2839995912502752,0.5058686465741395,0.2707273293203819,0.18650482504332347,0.36679348746289736,0.33137903900575627,0.4438543360473145,0.2820745916113263,0.3432119876315618,0.2225915047729582,0.2608667099745679,0.26798956585833994,0.5392816445424385,0.1820086240385167,0.40477332106468994,0.2635680471339449,0.3872336376400755,0.19554626915783707,0.43686816115564714,0.5611415052204768,0.053537381017343864,0.39104920163775353,0.32278623028075126,0.5224121749452171,0.3540509049525075,0.0965639331910698,0.401906214700763,0.35440612112651815,0.301899605586938,0.34441834693735623,0.5747981216243085,0.3793069937982076,0.5546782993442805,0.44152307292043785
Bastián Paz,0.13138604927889885,0.03841808619236238,0.10194080789573816,0.38861474013805325,0.9999999999999999,0.4290367659313267,0.06296790193615014,0.07181027164641324,0.01837119344771845,0.1290660437702407,0.1014728307521978,0.2810224091727072,0.20738227289018146,0.1151593275434086,0.027845177067852243,0.4806639820985195,0.12023076519574004,0.0007681417877488836,0.07602784970364071,0.02033814915202218,0.10553283413203078,0.013430213542877056,0.08019505273671337,0.06280039406278477,0.10969155738497563,0.6908393471058227,0.003048773339855425,0.3155939483977177,0.44993814575445884,0.07990939987852162,0.02671621221728802,0.020048806231568763,0.34481022215266405,0.6473294911543592,0.052396096126705836,0.1103543544354075,0.3403521891553666,0.10669789187267961,0.18199784422015394,0.09044093243429323,0.0027848950689544037,0.2016316225369891,0.12984571674675555,0.08957910619270727,0.13786436349540898,0.07524067812536021,0.19005648405723147,0.043567195414174816,0.07727216207183317,0.32143787650467764,0.02038662780841598,0.12807403103852918,0.028417287579148486,0.0464726805313851,0.05937125430917579,0.2655393198757279,0.04858827220819889,0.07714270352015437,0.31464403372343974,0.13603876247417557,0.0530116897250245,0.17373856371413804,0.04196490248876467,0.013426569517020152,0.01884374468243836,0.1279441523344154,0.08952084447772282,0.12920234587622745,0.0014496160936603411,0.8358666173500717,0.14224252171697185,0.06581603431698116,0.26222712441101537,0.6044036713981364,0.04639177385707439,0.34301516582871444,0.07601604969433196
Belén Mora,0.5677864443720911,0.21094343392664272,0.454667110103772,0.2827393323071463,0.4290367659313267,1.0,0.058757626905575754,0.021668542907664044,0.03547898054256648,0.09794743719055823,0.084523888158931,0.1915530945246406,0.1052424631511798,0.4404610129066722,0.031172037240126765,0.1904540300638998,0.169315844838668,0.013575929283618579,0.4093868422097878,0.016891710527149727,0.0519975713521393,0.21372817978123146,0.1767783093373123,0.2348848954656064,0.06810030412775538,0.33523394746300034,0.03168269532465318,0.15480253560626528,0.17767003544315785,0.06596104836262824,0.14371842746610627,0.10961940704557614,0.11279515459160694,0.4185557228506407,0.4339866792361149,0.738477346030144,0.2836934168372908,0.04239519098624132,0.2659048262169137,0.22760637762557445,0.015319988562986343,0.10075011497158247,0.09291411593297233,0.06506929229725952,0.11448917271936805,0.5595322078184187,0.1382222434948618,0.29263153178577345,0.061923034823704134,0.11198838942061164,0.1132510602010768,0.0647147160849918,0.0019004530878009033,0.21170103765662893,0.09635997966250076,0.14512465734418328,0.21101904262030183,0.35551121851815287,0.10054252356029685,0.024034542172590177,0.14127706358001874,0.04216709076773244,0.1543082867394372,0.013398685283524793,0.06310757551873157,0.11411739073648511,0.19982959982908635,0.032313251911312235,0.03252155971928342,0.3291908295587326,0.11935670469778097,0.5023047838509577,0.16715884217920715,0.26278572318569493,0.09924469123403765,0.17997898406914892,0.02486566771481881
Bombo Fica,0.12371621913687095,0.1329644858526284,0.13141021415663995,0.5166291180439258,0.06296790193615014,0.058757626905575754,1.0,0.2028636289873048,0.18679972109417872,0.8494992113530876,0.17938735883629708,0.18638548816581024,0.0397550433583362,0.09443874423894316,0.37538523981826044,0.18763760851922828,0.2608666212141401,0.04240544244736443,0.38626916446926046,0.0792114570908896,0.13950338106994184,0.3422644247205819,0.22797202936347108,0.1966284861171689,0.2481485368576758,0.1142875048243717,0.021303785133945704,0.17827505970306656,0.3420474932387185,0.37419668404907913,0.15496969368048996,0.08807885594208718,0.13778553605247174,0.16104113953100904,0.08587971474977119,0.06381403635355537,0.398246065301236,0.6344218284139806,0.2694229721968642,0.5699524748567173,0.15215182134910293,0.14449418348967596,0.21503137291156854,0.31765137203721067,0.2588645438789964,0.09892063703246268,0.05258946270188085,0.21845662597676982,0.3112338882609288,0.13710797741384428,0.08535826535764114,0.0544039926087279,0.16606379571530738,0.2825359723418502,0.16385367918652313,0.26182797884712916,0.13572111001406112,0.2405986045279568,0.2206861628843977,0.18483128676242855,0.18277710951916074,0.09569784279754182,0.377395453388015,0.03795755691934911,0.5087893271598718,0.35789758514840647,0.3425416234191679,0.11409992953347768,0.1801391832760733,0.06432360981444295,0.11822480045375414,0.1263819711207725,0.3221200795774634,0.2407665346324135,0.1425639092352728,0.238190491313436,0.37025760678111186
"Carlos ""El Mono"" Sánchez",0.45368675645844614,0.17315394615787608,0.3594129808975763,0.4870634821866406,0.07181027164641324,0.021668542907664044,0.2028636289873048,1.0,0.26930611140108235,0.09578672686768169,0.24737918660055194,0.6047020188396616,0.036284163139510064,0.32790055703281634,0.3154456890764095,0.27647482157347875,0.3187520418061756,0.03872972861391701,0.24417504145060442,0.24429085883211774,0.27332778007323316,0.18903804013049424,0.3827598037799608,0.12643743662713816,0.14635023537639957,0.031044111205821488,0.019171847517284228,0.4087831272085065,0.1582625740580684,0.32711394830954915,0.48904817927875094,0.026354133871282284,0.5190575338575205,0.4042023600521734,0.23005772731045698,0.2016399038326773,0.13860440124144113,0.2760834331053528,0.4889691299048066,0.20941613660658978,0.006047954608222821,0.3436761246668961,0.12259343244898158,0.3308861017957044,0.36476627452713345,0.02869619870343103,0.24797181657639247,0.2143814948697796,0.07343299600578676,0.2171808716793993,0.16565956528848444,0.2114926281745961,0.01603142544555458,0.07871533611632998,0.5575862359393355,0.2537811769904882,0.251717504962123,0.1109428516958233,0.010049758524462174,0.40432313147322424,0.299617531548126,0.16022727039864423,0.21256866730539675,0.009915650402131321,0.2702032120096393,0.08007018382675057,0.19890016705764918,0.16628223153483343,0.042736768333653447,0.03639561042715569,0.3972690303680273,0.10964955941031747,0.1826021803279283,0.2774150992869276,0.5705534418803245,0.35959304657799274,0.06348115139918041
Carlos García,0.07044898263254747,0.10961920401936003,0.3222779334914328,0.12060345340638051,0.01837119344771845,0.03547898054256648,0.18679972109417872,0.26930611140108235,1.0,0.012502589455153236,0.20290214895868885,0.22538254546582434,0.1619615458289964,0.1408659794851407,0.4199200499810192,0.2756111671602709,0.32313041056149483,0.3125161627310976,0.4308994117971599,0.3095364389123862,0.39968513212686857,0.3329507710180831,0.29789306635999974,0.0995499276643541,0.5452559726888914,0.2731585153354833,0.010390531641827613,0.13774026659039074,0.18422986613378856,0.48430095874701257,0.22200534527233468,0.10591080687771014,0.20949743594411577,0.15112408820051304,0.14979745169438233,0.08475796759035656,0.2290550261293018,0.2095699667236816,0.3395167610648951,0.12583837134522033,0.5323836761544991,0.26136777036564796,0.26534725783442775,0.3277722436385614,0.42433171544937953,0.10558292865823556,0.05852579819616034,0.16444047343788204,0.6019998272054976,0.26439658910943803,0.37851168370144944,0.2683072422240249,0.07212740718259475,0.38097221831264616,0.2594240395548773,0.17552076561160357,0.3271288168291065,0.12000167815071375,0.35853908443802734,0.12236066591207426,0.33492864097738356,0.36177780909372137,0.2514451721968251,0.425410023598318,0.4347159789127478,0.20251264559740834,0.28817524749883966,0.34679337617190853,0.5966032470342981,0.14387049481656955,0.5380143753309989,0.0656584702626781,0.24912275986699878,0.27730683499987524,0.1835240201968808,0.43700838003826376,0.3391138263348893
Carlos Helo,0.09022192140993034,0.0469309353891788,0.056639456506951305,0.3058406544790997,0.1290660437702407,0.09794743719055823,0.8494992113530876,0.09578672686768169,0.012502589455153236,0.9999999999999999,0.09284447688630804,0.11507730074508125,0.03251884952010141,0.08368398923742441,0.014635157884829907,0.11278351096448083,0.1428138068863269,0.07139971622767165,0.2571565489184181,0.07360187311189738,0.02498435013826422,0.2736796361172782,0.0882425071192179,0.09766153088062868,0.05688701872890474,0.07314645815273689,0.07292612051287607,0.03421590928190431,0.20015804088446407,0.10691051626772938,0.04573591259634856,0.08465926242572598,0.036418336504526125,0.1829262654892996,0.04073159148067264,0.0726838871517985,0.3315444764312591,0.34569464067640826,0.192295041257185,0.511211340240435,0.0018927355212593807,0.14350854072654906,0.046986526008290994,0.11470745368782277,0.018947460621742716,0.07278773004481137,0.11395531981059406,0.05662109190216457,0.1870446597678299,0.030955624117890147,0.07483759713218341,0.013413983879699706,0.008704171212486055,0.051481849683199174,0.07831662077986375,0.19391347193858258,0.0793535926981889,0.16624447965045394,0.022110073597964644,0.08970273871948467,0.06466865417755661,0.007663074340824655,0.06496072986880246,0.014456762769453298,0.3488477831433864,0.33713446975264916,0.04183563894084859,0.02319117723107021,0.0007001593112001077,0.10035511387999946,0.05091573185090995,0.03162271290770968,0.2915150750551076,0.09079112801338518,0.038993182900518536,0.1320232657617017,0.14260698952855133
Centella,0.34294647684261415,0.36126357563159284,0.17071913832060423,0.3109914903614012,0.1014728307521978,0.084523888158931,0.17938735883629708,0.24737918660055194,0.20290214895868885,0.09284447688630804,1.0,0.5468269666496764,0.14208538501751655,0.2555678297836097,0.11938198317156339,0.25499319920839403,0.27182694760717024,0.048806007843460446,0.2108676214207393,0.06138303628250107,0.3790617495447459,0.07941803251292025,0.28911968855042547,0.23503758624959795,0.14726835118019405,0.3036901695953513,0.01201413042430762,0.06626943344742445,0.08727669557351869,0.35202031059039834,0.17912617015411283,0.05737815055358992,0.236000769569755,0.44936974910515903,0.18057113697010724,0.25152363581611464,0.1190635103074233,0.3670490438535834,0.20026705405340936,0.3959283556820105,0.005113842934339168,0.4425594967830619,0.36224039175115,0.34603353037169227,0.4720729778260848,0.2635076257657067,0.1741386011794684,0.44081147101067636,0.1500800926354935,0.34272230483880795,0.07944478383402052,0.07401439356545245,0.04460677966698048,0.06713646610754795,0.3220588097246743,0.5910866283207694,0.38857344516928627,0.11111599338599877,0.14174675044264143,0.6335167496624337,0.5473149438208746,0.15669493530186263,0.17120293502300055,0.3742123928828957,0.08821600416384913,0.1534793746333914,0.37065154503875913,0.39546350704367794,0.012505700896442543,0.05029106563587153,0.39871378368973337,0.09128344755898579,0.4683112614551305,0.293804718532125,0.1249655659590583,0.34547366220254944,0.4000988712468731
Coco Legrand,0.5528378317867871,0.2922013279352383,0.34846638521544837,0.5090073052199277,0.2810224091727072,0.1915530945246406,0.18638548816581024,0.6047020188396616,0.22538254546582434,0.11507730074508125,0.5468269666496764,1.0,0.1690371954259269,0.44326445554109717,0.28929765410561514,0.294868235686933,0.4175397418063726,0.1869752982580065,0.3964483124058102,0.4533204889640801,0.17434307465147197,0.17309010667088634,0.5316776398022778,0.20186104713296896,0.19952511360217634,0.3184735062370837,0.01816123574962285,0.16259424014099155,0.21464130759650482,0.2658448322979971,0.51900366030452,0.10447450429974849,0.5365582443418432,0.6948188549710143,0.39756878464378337,0.28524573455604296,0.19860619792356596,0.36608752039363296,0.5121251717827955,0.2899191931619229,0.006863138310672129,0.5986469113866282,0.25179708071247786,0.3912646592716613,0.5247925079297712,0.18469173501697414,0.3701150300779225,0.5209452152644807,0.14271085590140503,0.26927237175033863,0.3220735449406087,0.2642922086146655,0.07236010377447835,0.05844597838928073,0.5965906258714913,0.4151011222353718,0.2757179555676038,0.26326715396929157,0.06524356947881803,0.580372358011098,0.4222936661592316,0.2282126078190003,0.3725486088118305,0.04911646619379695,0.3283345359537233,0.3079637506867939,0.33366535339486403,0.22115748081289024,0.038623056156718086,0.1728970300715396,0.2984454003018954,0.17472356839584266,0.41045261998226895,0.4525110617611439,0.41970050243487333,0.5343397351000312,0.18256661684301864
"Daniel Muñoz ""El Carmelo""",0.05012661733583847,0.11119612221949202,0.06919319325839376,0.25779474659950286,0.20738227289018146,0.1052424631511798,0.0397550433583362,0.036284163139510064,0.1619615458289964,0.03251884952010141,0.14208538501751655,0.1690371954259269,0.9999999999999998,0.05384598643367148,0.1270635514553592,0.1844094567791467,0.11551625301126123,0.12049402840244999,0.35207257648790663,0.06200940291683637,0.043291315428225195,0.4352019197137763,0.16633651521276901,0.5542903789390982,0.10420189957276701,0.33637808413826653,0.004897583897339103,0.1104437708612165,0.677385740974679,0.2377822425255047,0.10286527398123185,0.6357610234728478,0.12106466891704208,0.1982702863522277,0.16071384048313941,0.033286371208103516,0.1477652359675675,0.18780596958598544,0.17514173415715423,0.11871768398234775,0.4399799437935354,0.20362524993472725,0.09598041060047,0.23537058181789589,0.18439380501951458,0.24360486534952153,0.06022358750301652,0.20526880501113157,0.3844166696932632,0.36748063354456506,0.17364330444121084,0.5860778963636813,0.662888261453236,0.07791714974653725,0.05553693908586113,0.19967014805262132,0.040619860048984886,0.07878413242392525,0.09077029659327783,0.5474200000042915,0.17127864766536827,0.7236837339797633,0.24690072140239933,0.05861497840881344,0.08413609713689799,0.0935303729847285,0.3285033894058839,0.5712041858807593,0.12381323402952443,0.43768479698448837,0.14478362162570788,0.03132381102033632,0.16408068608401727,0.47435037293493704,0.072610409816256,0.26758064753680944,0.04432615043429656
"Daniela ""Chiqui"" Aguayo",0.6767354098778553,0.16500467752191225,0.5926364556488809,0.2861648617183152,0.1151593275434086,0.4404610129066722,0.09443874423894316,0.32790055703281634,0.1408659794851407,0.08368398923742441,0.2555678297836097,0.44326445554109717,0.05384598643367148,1.0,0.16277931361725942,0.2602827572540292,0.33647837922168705,0.14389138553594022,0.28113614386764474,0.2634214231147218,0.03530148167199672,0.3899130688980268,0.22205932155965483,0.12499499811340925,0.11253412651369055,0.1008638922259836,0.1986867880746388,0.1508925042580463,0.11442377832428384,0.24334531046374075,0.11205753712480232,0.09421126184535443,0.09169522853605747,0.3410768438231127,0.6212589888582659,0.41666552162169496,0.48114325313337003,0.28982631785871055,0.37367318744454153,0.22494841777624547,0.011766520858209837,0.3270059107274706,0.12436964030011949,0.15602452882073167,0.25374217923788184,0.2536294974971742,0.36536634159503123,0.30693811722754644,0.2333589039368528,0.17992430178027713,0.20484109974006304,0.015543331726774641,0.03619909087986227,0.057282948416495345,0.2949436805748556,0.277448114047803,0.3568246665971532,0.16571235589288988,0.10160847323480153,0.2619401161328403,0.43232146807356275,0.05890429012068612,0.1993018239747868,0.040879889307102735,0.09488172377280817,0.24666724778996554,0.29750593377487466,0.12730984614500104,0.034851026296188914,0.10279261163238987,0.3340238313527826,0.5353464033019841,0.16691798861391727,0.0955721312881048,0.6718309964070712,0.2717570448251719,0.07253925867887748
Diego Urrutia,0.2906512167387293,0.18144671761932132,0.25672800918078825,0.4943252076169747,0.027845177067852243,0.031172037240126765,0.37538523981826044,0.3154456890764095,0.4199200499810192,0.014635157884829907,0.11938198317156339,0.28929765410561514,0.1270635514553592,0.16277931361725942,0.9999999999999999,0.23803582478183463,0.3373051464007987,0.07873335146592328,0.48044370006305953,0.09284187428174524,0.1933381507982621,0.18851215119755396,0.5706592124996015,0.12513437546707895,0.6154475408464355,0.2913254521927798,0.014163809234554322,0.4277936151533804,0.46017317762831034,0.3981768277600112,0.45385862240003,0.06114666890386843,0.42617254672999005,0.2010536669733226,0.12570525217333325,0.10944966264136673,0.3250592517718266,0.5360345472819118,0.1845184278933255,0.2350665726201634,0.5753132073730156,0.13517288251570445,0.1803868753978783,0.32674853421665345,0.5850761892180257,0.03807830657110652,0.04879034391406756,0.27770938472882645,0.5510789013942118,0.26424962496663473,0.4799690625452926,0.38948495744765216,0.3261378529220597,0.3560654653051782,0.28918959444482445,0.20981520183201396,0.0688900163677513,0.11587202843853056,0.3413628539409517,0.2989288411460754,0.14328674718518963,0.44904206708180433,0.5945296015619864,0.12073005460979885,0.16872141727269607,0.09142325442171559,0.6351749251259192,0.4708898040675657,0.6693566531993167,0.22276373225144624,0.1144350195196309,0.17057070377093683,0.334996263976784,0.4953981126784849,0.29518966136388625,0.36812525387713646,0.33465489925479114
Dinamita Show,0.13111458396989994,0.050728695780763194,0.29815214278941804,0.5120285022665026,0.4806639820985195,0.1904540300638998,0.18763760851922828,0.27647482157347875,0.2756111671602709,0.11278351096448083,0.25499319920839403,0.294868235686933,0.1844094567791467,0.2602827572540292,0.23803582478183463,1.0,0.36085798239150696,0.10406113009065679,0.27217735494725515,0.1621892067551372,0.176193081782491,0.19471220233268524,0.196849897693286,0.31874566525762305,0.2060546274651974,0.34617786873341466,0.020120013394873425,0.3164208681620849,0.5249039069165707,0.37174338811913316,0.07645739842874852,0.2864691247827334,0.4832811670337745,0.293945167199616,0.2242636214890577,0.08380241926527529,0.7176794736906899,0.22508797159282354,0.22076433223279895,0.19550337858243924,0.1731688678911684,0.5508105001536846,0.26511088620188106,0.37321895721890097,0.4355552542942393,0.27048982387675796,0.2963249452036286,0.18867271876378933,0.31261558463777817,0.52759529334217,0.3249571683413529,0.1340038749553888,0.04768199742043434,0.2654751457425452,0.16685671286342763,0.40386569944066547,0.23215928060217936,0.2946106984599246,0.6609633251894109,0.2850775974771644,0.19402120076627496,0.37602855819416786,0.24177021304397278,0.13006117137845274,0.17579967814195452,0.32021032562278784,0.26703222146332506,0.3741411177567227,0.17182297408450498,0.5618271250889829,0.37688613849443886,0.05665511329033853,0.24007893819202925,0.25381205895693004,0.21829994156325414,0.7011446450155452,0.3375797824223391
Dino Gordillo,0.29625583496105357,0.21765718712497015,0.40499211520768824,0.42340326566010883,0.12023076519574004,0.169315844838668,0.2608666212141401,0.3187520418061756,0.32313041056149483,0.1428138068863269,0.27182694760717024,0.4175397418063726,0.11551625301126123,0.33647837922168705,0.3373051464007987,0.36085798239150696,0.9999999999999996,0.381381838014495,0.29626895817703075,0.5682902216043504,0.35577621864513137,0.2922888185663667,0.3598494999675448,0.1897627398804654,0.11482728490032776,0.10118416266471214,0.10104296597850587,0.17044569522448844,0.33474882749292634,0.5397611046546736,0.40607296610964616,0.2895923545287114,0.458811445813112,0.18502216851859712,0.1412595276795379,0.1618758929168656,0.3067081576943185,0.4250434218102634,0.36104414738142,0.39065991320676213,0.10027952889310092,0.31589042571202997,0.23479121064768668,0.5629159256902702,0.4225565657539553,0.10333116353147744,0.36839441342196777,0.26108370495479205,0.209188266791868,0.41505943169268006,0.3005068654692975,0.18826074076651472,0.10672619657042468,0.09581102607522406,0.38777600165605675,0.5084541401676969,0.2429431985691774,0.052744171898552045,0.24729015998676507,0.1806691863370333,0.2915773000720257,0.32865461945684876,0.4246904887484739,0.3594272581529222,0.24104342512139845,0.4607039380064386,0.31346936313317836,0.27355590814405617,0.10237465710537809,0.19886657423039358,0.515856473280388,0.5350316108458765,0.31257210321934265,0.37832397090089237,0.567453244579738,0.7334013183928,0.6501560459964142
Edmundo Arrocet,0.007333000439580722,0.018181344227004164,0.032971424512072724,0.07758198456414536,0.0007681417877488836,0.013575929283618579,0.04240544244736443,0.03872972861391701,0.3125161627310976,0.07139971622767165,0.048806007843460446,0.1869752982580065,0.12049402840244999,0.14389138553594022,0.07873335146592328,0.10406113009065679,0.381381838014495,1.0,0.19766415551676633,0.5378975041873452,0.08246858960195116,0.13883773087865786,0.06933494618854322,0.07039405763652584,0.059128996158097934,0.0897966724335745,0.7046215327777515,0.025155753686866896,0.09394447380237192,0.10563602235072321,0.034685060927231434,0.08674480892625731,0.027707866562301665,0.028109561075610953,0.01826655456533824,0.015552892644274837,0.1002320572383979,0.06423881678667138,0.10846119670911081,0.11478194075982492,0.14654344805837197,0.17855989472900316,0.1703753850349194,0.23513225665666843,0.08344017623917377,0.013698967714507572,0.0,0.04443873932256445,0.35553838391343634,0.049254852201510595,0.11056238015528759,0.1510066467875632,0.018896667556001886,0.014814422829501989,0.16134593399430505,0.07751918840483595,0.06653280066662559,0.0057565046069236155,0.0020709621478788,0.03195677925711163,0.13233790307436646,0.1409079726610149,0.23318033055970855,0.049169325887839684,0.2929915634547576,0.6858483115706834,0.08845919638238624,0.14143799134519128,0.09202940713637106,0.09715030971499043,0.17861366629539696,0.04284508623670931,0.08500407768477428,0.06689303591585305,0.25967803477892726,0.24014424950411978,0.2742375280820492
Edo Caroe,0.4257947396774833,0.18915351745005268,0.36306679569815664,0.38409529075217697,0.07602784970364071,0.4093868422097878,0.38626916446926046,0.24417504145060442,0.4308994117971599,0.2571565489184181,0.2108676214207393,0.3964483124058102,0.35207257648790663,0.28113614386764474,0.48044370006305953,0.27217735494725515,0.29626895817703075,0.19766415551676633,1.0,0.13478547207113453,0.2149467370439932,0.47823997870733226,0.6545517448650802,0.28191166742084545,0.4138700792152107,0.3473146008146707,0.14675129927755448,0.2140127698616372,0.3260158823442922,0.29963915012241266,0.3291196159136555,0.3102426298050566,0.3181446279336816,0.29772715553288215,0.18722456167119167,0.43826965857824135,0.379330983194033,0.3086432789703187,0.46474262156387436,0.31891874619336313,0.5073561172609545,0.4490185629213593,0.1517329086512867,0.24772620111090857,0.5193359910118982,0.4077390400377871,0.08287854435786675,0.6033023906899815,0.5834761924224523,0.24390574413646646,0.3267062191800472,0.4745128223998302,0.15702445149973168,0.419278459467282,0.3641604706364128,0.29612832512959486,0.1247133979760286,0.33286610045638065,0.28427731042541743,0.2718915517935611,0.1951459524143282,0.46954344293746647,0.6047968835628936,0.1869358499877426,0.1966280372763487,0.4470804735206584,0.6399797772518077,0.37287494489282597,0.4487827681741196,0.2643017042264615,0.31434201475519713,0.2557751960174579,0.6021484301640527,0.4039717089321705,0.223344404360333,0.3880007356818105,0.21057133092602606
El Huaso Clavel,0.21925928918209497,0.07308593331201957,0.19681382007303302,0.12325131863391801,0.02033814915202218,0.016891710527149727,0.0792114570908896,0.24429085883211774,0.3095364389123862,0.07360187311189738,0.06138303628250107,0.4533204889640801,0.06200940291683637,0.2634214231147218,0.09284187428174524,0.1621892067551372,0.5682902216043504,0.5378975041873452,0.13478547207113453,1.0,0.09719269686312641,0.3678184963166824,0.10381055518132236,0.022961643598719713,0.014293095666257636,0.03843545666129071,0.0,0.027533783254596024,0.14928642278460028,0.16942173108601175,0.21191974323339904,0.25743866905987395,0.2824829737983683,0.0992599366288741,0.013031468157824543,0.046901860206679996,0.23532686640795136,0.0687921408289748,0.165258240365097,0.06845104003167939,0.0,0.32161090406451454,0.04932614002653159,0.3708972892900519,0.12424549222762879,0.032729510227313484,0.4446161951781784,0.1468654152567377,0.021976803581070643,0.15648250836134264,0.2306965388883513,0.0993634349218581,0.0031467733890276966,0.0009551817848398747,0.17335584079749833,0.05907797560680969,0.0038503450269283756,0.03807952852883813,0.008503373941486965,0.10618472535995867,0.2484821899980209,0.07455905239872439,0.15505780836237548,0.09474438548045823,0.37483854902412833,0.39148918505396657,0.046898821984029816,0.039593994256335606,0.026567220401159494,0.04585706326444301,0.3203800113126737,0.10238680265105868,0.07718192822012368,0.102208344447039,0.4171290854836008,0.36260121501157144,0.38348062198466376
El Pampero,0.04007502039736841,0.048327469342129795,0.029228385744103053,0.3054639129752735,0.10553283413203078,0.0519975713521393,0.13950338106994184,0.27332778007323316,0.39968513212686857,0.02498435013826422,0.3790617495447459,0.17434307465147197,0.043291315428225195,0.03530148167199672,0.1933381507982621,0.176193081782491,0.35577621864513137,0.08246858960195116,0.2149467370439932,0.09719269686312641,0.9999999999999999,0.052431223507649255,0.3161111764406319,0.03421448055965457,0.10246079301474369,0.13686119098797025,0.006616584345726449,0.3558052191173365,0.22557498749446256,0.46038655886846747,0.11469024564838137,0.04474380328196813,0.4259763673851426,0.09859973561769599,0.14585222770382816,0.05771284239587013,0.07720729177766922,0.12964975601984965,0.08713936797536094,0.08739038935836856,0.06463716723330341,0.09132986677440673,0.08990234663387445,0.11142518814920695,0.23547719978222503,0.017418883990002673,0.036725459749331925,0.09233199821645824,0.22847811728151074,0.40071318287917784,0.07581492789686638,0.05695580152131959,0.06110395459852348,0.1314022501615504,0.09067676689737653,0.3428822990082939,0.12505749448369458,0.02025535206186489,0.24409485512370804,0.13404166581002297,0.08695527397516715,0.11803458273121595,0.24297943391516855,0.8582806310174129,0.22442858041537112,0.16732640278639355,0.1920533613242857,0.0786986003171309,0.07467511422394309,0.15310960109497204,0.5688333127278542,0.03896584155972558,0.35320347877765046,0.49598807144000034,0.1454974893940616,0.27282439598649083,0.36922572491039424
Ernesto Belloni,0.3437730770334844,0.033808999873298176,0.2956894931261639,0.28360021937653296,0.013430213542877056,0.21372817978123146,0.3422644247205819,0.18903804013049424,0.3329507710180831,0.2736796361172782,0.07941803251292025,0.17309010667088634,0.4352019197137763,0.3899130688980268,0.18851215119755396,0.19471220233268524,0.2922888185663667,0.13883773087865786,0.47823997870733226,0.3678184963166824,0.052431223507649255,1.0000000000000002,0.08931764677144129,0.08829731840983686,0.2843849173460266,0.10451431903097234,0.014231971453952058,0.11279023925329272,0.3330240030913042,0.3508730622313016,0.11625169665972329,0.5880154424281607,0.11473330022319296,0.07404253191218112,0.09363376989696903,0.2723941817739723,0.32550092583257734,0.30259084067099123,0.1672714353482488,0.17436701490370762,0.5545445380146138,0.14221638346733528,0.2163234000603821,0.27676959165931103,0.1393595516267357,0.17693225158698497,0.37769470783350273,0.09527325820797136,0.4908923980179413,0.1357463353355257,0.24938645669292503,0.5376717598365252,0.025315386926831936,0.23950283667703934,0.08358877170467792,0.10091873382664332,0.08501064275006082,0.07622821100096135,0.20005260627904825,0.12756637271822474,0.3679123379398922,0.44553800514906394,0.1487946680730358,0.09571383858273896,0.36112870652638435,0.10444788163220284,0.3998845443151236,0.22782736441691367,0.2848977052551118,0.24627227598724438,0.32157635024658626,0.20685675387742,0.15356106763162725,0.22119955104367325,0.39546356027993596,0.208763307064757,0.22273604467217356
Fabrizio Copano,0.3265905540436219,0.4329117317477894,0.21407895325966184,0.5214931286437601,0.08019505273671337,0.1767783093373123,0.22797202936347108,0.3827598037799608,0.29789306635999974,0.0882425071192179,0.28911968855042547,0.5316776398022778,0.16633651521276901,0.22205932155965483,0.5706592124996015,0.196849897693286,0.3598494999675448,0.06933494618854322,0.6545517448650802,0.10381055518132236,0.3161111764406319,0.08931764677144129,0.9999999999999999,0.16113406797312976,0.36664412292802806,0.32628384208597294,0.025437304104645002,0.21679334303859626,0.26677407849390694,0.2648046527534669,0.6742426927372018,0.07754882374976604,0.4776398527771126,0.3864334400603822,0.12513638405889665,0.17183156028916047,0.21817338407057796,0.3274701582246548,0.3658055248619066,0.5480732772557315,0.30480348277836716,0.3985727145241859,0.192684920155627,0.27607858349016645,0.5803340963976695,0.18376532116946234,0.12055651756369169,0.6027179960138719,0.4377071132654737,0.26624316105763735,0.3815533351307505,0.3540202130077581,0.19177102912153238,0.1843923949243788,0.47443904893260547,0.5771979924778621,0.09587046060380328,0.1303695699142808,0.15431522007726212,0.3617236195572121,0.12121079429380208,0.3624839423803751,0.6091860220783469,0.20735499002867339,0.13834396735091697,0.42186516593695134,0.5849276384785169,0.34321322637088714,0.3617838848377436,0.13754366236448892,0.19684218293083233,0.09236061980118565,0.6025212836275144,0.46629850016551555,0.25699660060413176,0.47236981565223674,0.24034129827711095
Felipe Avello,0.050845164390001765,0.07489570967614718,0.24127299179014816,0.37044448153905973,0.06280039406278477,0.2348848954656064,0.1966284861171689,0.12643743662713816,0.0995499276643541,0.09766153088062868,0.23503758624959795,0.20186104713296896,0.5542903789390982,0.12499499811340925,0.12513437546707895,0.31874566525762305,0.1897627398804654,0.07039405763652584,0.28191166742084545,0.022961643598719713,0.03421448055965457,0.08829731840983686,0.16113406797312976,1.0,0.04505528209100372,0.2106010448815868,0.008320625992310473,0.029540809214902434,0.45507008214464734,0.441941441043117,0.08906893764682279,0.458154660235333,0.07716038702289392,0.17237397760632894,0.3917586851711616,0.028598751359565952,0.3441569272902844,0.18163947335574465,0.18032232133093146,0.1968991545498896,0.08953895035992876,0.25992679729448054,0.0544399033137261,0.36549081645902687,0.309583866399965,0.49182692333851574,0.010695708914621972,0.3162712765992902,0.12062988534980015,0.27006617326714155,0.21337006802580813,0.12330742388782631,0.5971646217290877,0.42766085825608097,0.12014405597779854,0.3398250168730745,0.17663771238206616,0.6642044912217345,0.09114633835290784,0.44990353547732254,0.14954415128284887,0.3304655919116646,0.35455566640425756,0.0344130747240041,0.13753818689313005,0.1193041176195369,0.16507280597355492,0.41321425154954566,0.05553051059019283,0.08064185496695667,0.1826916360118671,0.08266647943614895,0.16161303732541465,0.23643992231737146,0.08867493059814865,0.30673345276995956,0.2546100651643637
Felo,0.20069736473480032,0.07838457613849102,0.07622650824351222,0.18474790667379304,0.10969155738497563,0.06810030412775538,0.2481485368576758,0.14635023537639957,0.5452559726888914,0.05688701872890474,0.14726835118019405,0.19952511360217634,0.10420189957276701,0.11253412651369055,0.6154475408464355,0.2060546274651974,0.11482728490032776,0.059128996158097934,0.4138700792152107,0.014293095666257636,0.10246079301474369,0.2843849173460266,0.36664412292802806,0.04505528209100372,1.0,0.2560102890518834,0.013914554030866751,0.2975781951907654,0.16665025749983572,0.2958081965487337,0.1888670138177997,0.04167467764207056,0.16023832652785758,0.28315607571293716,0.0909807332082802,0.15070054539544483,0.14406112009078387,0.28127972426604253,0.034083193733574234,0.0718962339211642,0.7482860921119606,0.17567564672879354,0.01342637231336924,0.0720589543237556,0.21224182393912872,0.03301776915250226,0.12805191653983716,0.10182526598099817,0.5406457567945437,0.1659016312063845,0.3298616045273874,0.23953156597896744,0.08055485155557635,0.6426791840657051,0.1421430966932047,0.2442544064190566,0.055647399237449324,0.042714887192213384,0.6011828039260212,0.2097492115710487,0.07595370801823441,0.2733156516426732,0.11586158708862498,0.08022012826935661,0.08888675712779698,0.00414206595849162,0.4191591088084079,0.29912055949827515,0.9103657401833507,0.1402415917763759,0.06905473260570993,0.04270222774659821,0.17185506749882679,0.2121997055141554,0.047793289202368604,0.3785717575046982,0.26086969313174935
Fusión Humor,0.030710078969645026,0.3047463517407765,0.09188713356636805,0.37914731351060377,0.6908393471058227,0.33523394746300034,0.1142875048243717,0.031044111205821488,0.2731585153354833,0.07314645815273689,0.3036901695953513,0.3184735062370837,0.33637808413826653,0.1008638922259836,0.2913254521927798,0.34617786873341466,0.10118416266471214,0.0897966724335745,0.3473146008146707,0.03843545666129071,0.13686119098797025,0.10451431903097234,0.32628384208597294,0.2106010448815868,0.2560102890518834,1.0000000000000002,0.014128340288576544,0.2896456855509921,0.4855563213382194,0.17806302472731173,0.15165454495894337,0.0866943638599559,0.3005359942211926,0.4575991941725246,0.16553448702501855,0.0380741185889215,0.31390509241867953,0.12409123025182253,0.23754152724960667,0.23120491984598282,0.3165460476250656,0.18373664018469116,0.15259658588122127,0.23952449536882564,0.5135470652321861,0.13748326398686372,0.08755602165189706,0.40854263900040666,0.4145217548620955,0.48010857181901156,0.40636907995409594,0.3435191611793432,0.1174284762410325,0.04594381487975156,0.07143843265724098,0.27616028421269984,0.144083588665656,0.11870420635195089,0.1388027876893821,0.2523915637645933,0.13898934384696207,0.3960954632693891,0.23877025663428433,0.10286857918134183,0.16937944971130794,0.21561184626848323,0.3846078492797852,0.4615061933893796,0.3351820723461828,0.6896836152454661,0.10699622208575711,0.02290248094360554,0.513114840603545,0.6041164563074968,0.08447389837001516,0.2702737845396774,0.19077108867650136
George Harris,0.018965010797903494,0.011644904623890779,0.010217534071907735,0.0252389779213765,0.003048773339855425,0.03168269532465318,0.021303785133945704,0.019171847517284228,0.010390531641827613,0.07292612051287607,0.01201413042430762,0.01816123574962285,0.004897583897339103,0.1986867880746388,0.014163809234554322,0.020120013394873425,0.10104296597850587,0.7046215327777515,0.14675129927755448,0.0,0.006616584345726449,0.014231971453952058,0.025437304104645002,0.008320625992310473,0.013914554030866751,0.014128340288576544,0.9999999999999999,0.023927298321191,0.036137816621043234,0.010221454207302538,0.0072076255987476795,0.0019169691143714777,0.007303490009867511,0.036053024677768865,0.01049638602323613,0.03867307766562925,0.007736585835650738,0.023861936990168836,0.12885071163389278,0.11370704666926074,0.013676954924898671,0.008518604537060055,0.19808167337743604,0.0181105341434993,0.012165963236146299,0.007200556896522087,0.006361256160267405,0.012590473200017546,0.33414868456946384,0.01604561014185987,0.017689470030174643,0.009801536150126066,0.00352526753305673,0.0029125861144536948,0.17341549121981653,0.01287428706425095,0.015154992492326906,0.0019158359862577474,0.0006193261211654155,0.00857133795570151,0.036791928358944986,0.012692627098424072,0.14187910145609087,0.03118419102985242,0.0057129041895502735,0.48419658351325373,0.015311361945973727,0.01682336539193565,0.015560527820952214,0.004729349433721926,0.004167950932821067,0.013053578221039962,0.014976702426598223,0.00789175968685688,0.3539307633302349,0.02295197021351647,0.004030907306040657
Gigi Martin,0.18500225449322735,0.020071597711382234,0.30879223842398856,0.38613633072317416,0.3155939483977177,0.15480253560626528,0.17827505970306656,0.4087831272085065,0.13774026659039074,0.03421590928190431,0.06626943344742445,0.16259424014099155,0.1104437708612165,0.1508925042580463,0.4277936151533804,0.3164208681620849,0.17044569522448844,0.025155753686866896,0.2140127698616372,0.027533783254596024,0.3558052191173365,0.11279023925329272,0.21679334303859626,0.029540809214902434,0.2975781951907654,0.2896456855509921,0.023927298321191,0.9999999999999999,0.3006068388318945,0.29299022926980606,0.06056282715480331,0.03477400044089002,0.29895523160635035,0.17980474092569879,0.196095593063806,0.07514180619487998,0.12476431182209388,0.10170451317187498,0.07249162763885199,0.11610791679443462,0.15959761149552376,0.17283282407508604,0.09820024862228806,0.2654421827774629,0.2813765620125337,0.010254483828412186,0.07053782714176383,0.021827309088352863,0.1288174886622388,0.26437931403433834,0.10994095525247034,0.04886349503615026,0.018708270490399758,0.24449085963097109,0.06931712536605802,0.1198278891524958,0.04727506158701863,0.01926014203857705,0.336630104542459,0.33193372300074997,0.0438117557695357,0.05047053622547916,0.12658477564111936,0.05955013379829487,0.2767102607655006,0.04648035811732492,0.41784806509591377,0.2032006401845351,0.20555720787770998,0.47675674470805013,0.0908713329631328,0.009569533515044018,0.2956643705945813,0.270435524333604,0.32276798765949616,0.2164111155463347,0.11274284351488227
Gloria Benavides,0.04815690298528888,0.07816092175746567,0.12203690832004073,0.6064958606782138,0.44993814575445884,0.17767003544315785,0.3420474932387185,0.1582625740580684,0.18422986613378856,0.20015804088446407,0.08727669557351869,0.21464130759650482,0.677385740974679,0.11442377832428384,0.46017317762831034,0.5249039069165707,0.33474882749292634,0.09394447380237192,0.3260158823442922,0.14928642278460028,0.22557498749446256,0.3330240030913042,0.26677407849390694,0.45507008214464734,0.16665025749983572,0.4855563213382194,0.036137816621043234,0.3006068388318945,0.9999999999999999,0.3285574054440149,0.14069679313834935,0.5722395672141682,0.4343543675498148,0.2644964256702107,0.21454083811695218,0.02845286283656613,0.4842055191617117,0.4433967803788318,0.2546501981663111,0.21642135030321824,0.34565873110017126,0.22666145930024775,0.21143255163915453,0.3309989931812505,0.3318598262432547,0.15724323882529934,0.3290967591295318,0.17339635741955617,0.44342464706331536,0.6059677000303347,0.4181916060346913,0.39668032386558694,0.6771855434930174,0.10740766316298518,0.060404375054777165,0.29377052760975,0.08749345544420878,0.13651826660242242,0.28387496235043264,0.40618211875252463,0.17689648230312446,0.6383823446516087,0.5230226810457153,0.18393608139957976,0.19735389168786405,0.21848949439510879,0.41390369732857824,0.5610246605153714,0.20747506492496598,0.5751267384267105,0.18313017137598303,0.13670025032754052,0.25591046674809137,0.6634538809164973,0.23818177199866022,0.456712175217581,0.3166755818194623
Hermógenes Conache,0.21185883882590775,0.06702194495398084,0.31545495145107527,0.3085979612635532,0.07990939987852162,0.06596104836262824,0.37419668404907913,0.32711394830954915,0.48430095874701257,0.10691051626772938,0.35202031059039834,0.2658448322979971,0.2377822425255047,0.24334531046374075,0.3981768277600112,0.37174338811913316,0.5397611046546736,0.10563602235072321,0.29963915012241266,0.16942173108601175,0.46038655886846747,0.3508730622313016,0.2648046527534669,0.441941441043117,0.2958081965487337,0.17806302472731173,0.010221454207302538,0.29299022926980606,0.3285574054440149,1.0000000000000002,0.23498249754996564,0.15164669013377882,0.29027242296126143,0.10376990812105857,0.17732097048645068,0.08846350541803315,0.2487270355901394,0.41306626806016755,0.2813714480215294,0.2993873167201472,0.21025816265362657,0.20204666675915756,0.3634154181390483,0.714831055936095,0.5284744588711437,0.028979713674955,0.08422063747253655,0.11603808645827812,0.3256721955917035,0.25626534931380923,0.1867607576181504,0.10456054548762257,0.32278573170076164,0.2794832507392584,0.26033967340570097,0.48564140371873643,0.25260186490249165,0.13867336866155977,0.3960794025831348,0.3318794984174837,0.36765796365846043,0.23525792391591668,0.39648635156578993,0.42556284727874427,0.42541729629546676,0.2124246584236372,0.3312736390159926,0.27328595341650475,0.2570291109801333,0.17353359917841507,0.4653027050259224,0.13250556950096343,0.3133908622679805,0.4115001910018272,0.3173441373337962,0.5061598336104534,0.5242738082621832
Huaso Filomeno,0.3695566071600877,0.5680189566022754,0.25077351044220547,0.3949764570967204,0.02671621221728802,0.14371842746610627,0.15496969368048996,0.48904817927875094,0.22200534527233468,0.04573591259634856,0.17912617015411283,0.51900366030452,0.10286527398123185,0.11205753712480232,0.45385862240003,0.07645739842874852,0.40607296610964616,0.034685060927231434,0.3291196159136555,0.21191974323339904,0.11469024564838137,0.11625169665972329,0.6742426927372018,0.08906893764682279,0.1888670138177997,0.15165454495894337,0.0072076255987476795,0.06056282715480331,0.14069679313834935,0.23498249754996564,1.0000000000000002,0.03613744124041459,0.6930027919597079,0.32815457975573015,0.04711338913701556,0.1473097483404006,0.1158502612415955,0.1334798193547203,0.40443046649508496,0.46992379178128624,0.1698651734821712,0.04441808402887569,0.2895795033117886,0.38294662831568255,0.5336978076304564,0.1280337554838187,0.05625218939985398,0.4729771182341451,0.2795901153128751,0.24777071608742468,0.33522234015200175,0.4725770581858404,0.05976736311140888,0.0301635489519394,0.5958127331724238,0.20045574628879415,0.019659694996800224,0.07923225029977601,0.03848972693727412,0.27316702615173794,0.12590161443125952,0.42453070743285226,0.21292966977188735,0.058451426163849254,0.2387765235133562,0.11945806360143643,0.23148425334951864,0.2698108997594959,0.23540863413032392,0.059338817428457195,0.10022350127646301,0.10696891509777591,0.29234672285489005,0.4022204425915629,0.4066715600657549,0.4089733609063137,0.08082672032396647
Hugo Goodman,0.014519626418456576,0.009070421263734503,0.19727720009846095,0.27323139740547225,0.020048806231568763,0.10961940704557614,0.08807885594208718,0.026354133871282284,0.10591080687771014,0.08465926242572598,0.05737815055358992,0.10447450429974849,0.6357610234728478,0.09421126184535443,0.06114666890386843,0.2864691247827334,0.2895923545287114,0.08674480892625731,0.3102426298050566,0.25743866905987395,0.04474380328196813,0.5880154424281607,0.07754882374976604,0.458154660235333,0.04167467764207056,0.0866943638599559,0.0019169691143714777,0.03477400044089002,0.5722395672141682,0.15164669013377882,0.03613744124041459,1.0,0.2081797338701514,0.06000949225870223,0.13939438806752263,0.023945727115622876,0.20051810514806837,0.13085101255848378,0.14084957639101356,0.0580590073720722,0.38254249460624956,0.2340552279979351,0.008911785066684911,0.2707362020901473,0.10345058654627742,0.2968233569115406,0.5644623604546454,0.11843576719900928,0.30390666425460205,0.32067734167813355,0.414442844248087,0.502392373500137,0.2868473661154832,0.2608958374665216,0.004375329842342873,0.1807719194904081,0.0166833012299443,0.29485097912215974,0.05468873653094666,0.23523490263110552,0.05504879659353827,0.48578657975643486,0.21712874532873,0.20491719514489679,0.06619802092417872,0.018084495069884233,0.2463997892797934,0.32264478743734987,0.05621840895556509,0.2419315897488164,0.17845406981359213,0.024002787993560832,0.07752132647365993,0.26312192544290736,0.2028640782234578,0.20988301284057106,0.2586989378507567
Hugo Varela,0.3093546095690676,0.2663937614425792,0.23864525028134714,0.4726233820587416,0.34481022215266405,0.11279515459160694,0.13778553605247174,0.5190575338575205,0.20949743594411577,0.036418336504526125,0.236000769569755,0.5365582443418432,0.12106466891704208,0.09169522853605747,0.42617254672999005,0.4832811670337745,0.458811445813112,0.027707866562301665,0.3181446279336816,0.2824829737983683,0.4259763673851426,0.11473330022319296,0.4776398527771126,0.07716038702289392,0.16023832652785758,0.3005359942211926,0.007303490009867511,0.29895523160635035,0.4343543675498148,0.29027242296126143,0.6930027919597079,0.2081797338701514,1.0000000000000002,0.3896716089171135,0.1001804847695231,0.11755623284939644,0.3283071312256193,0.06084545641381578,0.3637283432682413,0.12092053273648232,0.130638020648445,0.15059889561118683,0.17624110067370183,0.3524718624188378,0.5389182159378182,0.008910640128269464,0.2786711432817305,0.320453638439222,0.27534725345197547,0.5615978886041973,0.4116468245441072,0.4439795959109318,0.041372284161065594,0.04897198059241222,0.5382625142431787,0.18228741182655503,0.04321167331339828,0.07125905532805357,0.31006746643983,0.2629342946631001,0.05146542673637341,0.45897026220047626,0.1951662247662502,0.35267666776658185,0.16660969050805968,0.11021229371987966,0.18039547206113915,0.3014783832031315,0.18686687268343458,0.39901479093759706,0.2420494115510383,0.026903461630024852,0.39858710412991,0.6048283547009018,0.4384777731234488,0.5060333525647374,0.21965836847883735
Jani Dueñas,0.5788934940688758,0.13521058127586186,0.39959974874556137,0.456081377422919,0.6473294911543592,0.4185557228506407,0.16104113953100904,0.4042023600521734,0.15112408820051304,0.1829262654892996,0.44936974910515903,0.6948188549710143,0.1982702863522277,0.3410768438231127,0.2010536669733226,0.293945167199616,0.18502216851859712,0.028109561075610953,0.29772715553288215,0.0992599366288741,0.09859973561769599,0.07404253191218112,0.3864334400603822,0.17237397760632894,0.28315607571293716,0.4575991941725246,0.036053024677768865,0.17980474092569879,0.2644964256702107,0.10376990812105857,0.32815457975573015,0.06000949225870223,0.3896716089171135,0.9999999999999998,0.20840541909805504,0.4239870714184088,0.19560917043797957,0.40368648180163746,0.2634897629529275,0.2125185794984793,0.03400347215835433,0.5096158327671126,0.12113985278936043,0.22054563585105152,0.2577045655800854,0.30541637474004957,0.3479114644259004,0.3061859286567325,0.13665081182458838,0.1675763337460439,0.12930982687298212,0.23148598742100956,0.05998882402793552,0.1796459583555858,0.5090874222182444,0.4604589213582206,0.2966281817771838,0.25705593714279806,0.09968726320636878,0.542885745741463,0.2667319300608228,0.18207092234859068,0.1799828901064071,0.022268558910925093,0.04179893003612911,0.06978240006512063,0.17972675136155597,0.12130460297784158,0.052503784576930945,0.4272513068131461,0.17045604133769351,0.15093078666749185,0.2767390488286391,0.57950418830408,0.21157503359674465,0.36648478264403567,0.06416037668391049
Javiera Contador,0.3087948576320374,0.0370661645438754,0.40334958665180826,0.349199899339643,0.052396096126705836,0.4339866792361149,0.08587971474977119,0.23005772731045698,0.14979745169438233,0.04073159148067264,0.18057113697010724,0.39756878464378337,0.16071384048313941,0.6212589888582659,0.12570525217333325,0.2242636214890577,0.1412595276795379,0.01826655456533824,0.18722456167119167,0.013031468157824543,0.14585222770382816,0.09363376989696903,0.12513638405889665,0.3917586851711616,0.0909807332082802,0.16553448702501855,0.01049638602323613,0.196095593063806,0.21454083811695218,0.17732097048645068,0.04711338913701556,0.13939438806752263,0.1001804847695231,0.20840541909805504,0.9999999999999999,0.23734653939660386,0.31658095715318674,0.12506574516632338,0.3598533277093086,0.06747370897382544,0.04759051778289481,0.17196593903219204,0.03831651648106688,0.07678180849633148,0.24205478217362617,0.3576329810499931,0.07340197180731416,0.2549505550638226,0.18047307083726985,0.20024909256599613,0.3526829584418132,0.030918591799713523,0.15142360868462193,0.14749005989030556,0.16756932792457913,0.09898124384888211,0.36931900593019107,0.4080356385327151,0.044940493542834754,0.24736807147535375,0.21936743316540705,0.1078988055462952,0.18527233760194384,0.037162989716594715,0.2912618346109648,0.06350447671818384,0.13599741228708367,0.1282409293365078,0.05648380195546196,0.03565364240972621,0.09942024873877198,0.4437480781140664,0.10767764463090251,0.1004188914700215,0.32193794907441914,0.2069730413353418,0.021475154474330665
Jenny Cavallo,0.8341140900792201,0.0941382150060138,0.4967986542320905,0.15358936947213658,0.1103543544354075,0.738477346030144,0.06381403635355537,0.2016399038326773,0.08475796759035656,0.0726838871517985,0.25152363581611464,0.28524573455604296,0.033286371208103516,0.41666552162169496,0.10944966264136673,0.08380241926527529,0.1618758929168656,0.015552892644274837,0.43826965857824135,0.046901860206679996,0.05771284239587013,0.2723941817739723,0.17183156028916047,0.028598751359565952,0.15070054539544483,0.0380741185889215,0.03867307766562925,0.07514180619487998,0.02845286283656613,0.08846350541803315,0.1473097483404006,0.023945727115622876,0.11755623284939644,0.4239870714184088,0.23734653939660386,0.9999999999999998,0.050457744654505365,0.1944443672954512,0.17752684977171862,0.1160147671873335,0.023802437900532547,0.20778018351392843,0.047284431239449455,0.13437304848798726,0.17260901891999816,0.2943644017391512,0.23727027427480518,0.17569365089010824,0.07241629411512598,0.06964254487200243,0.09340167780795604,0.06573704086086368,0.01650901367997027,0.02737437980709438,0.25173225249600384,0.20933150512614218,0.2768793049127276,0.06807138086113146,0.024949643147210848,0.21341869789743304,0.21930116878180783,0.06380683063174997,0.11967134336542451,0.05179137359971151,0.04005009382641739,0.0241452346999254,0.19343011491247206,0.08123015415357901,0.04670573132681807,0.05769530564989412,0.1783577311047784,0.520198063508669,0.0906451655329772,0.1255764691852328,0.10956001406958074,0.1940012129152718,0.05782084595783071
"Jorge ""Chino"" Navarrete",0.22231949288597802,0.053428866720242586,0.2731667673339045,0.520853463565844,0.3403521891553666,0.2836934168372908,0.398246065301236,0.13860440124144113,0.2290550261293018,0.3315444764312591,0.1190635103074233,0.19860619792356596,0.1477652359675675,0.48114325313337003,0.3250592517718266,0.7176794736906899,0.3067081576943185,0.1002320572383979,0.379330983194033,0.23532686640795136,0.07720729177766922,0.32550092583257734,0.21817338407057796,0.3441569272902844,0.14406112009078387,0.31390509241867953,0.007736585835650738,0.12476431182209388,0.4842055191617117,0.2487270355901394,0.1158502612415955,0.20051810514806837,0.3283071312256193,0.19560917043797957,0.31658095715318674,0.050457744654505365,1.0,0.2725272092793131,0.265683726865159,0.2658518800718683,0.195889879641548,0.37526187255850907,0.23663914933900682,0.1911000071722336,0.35223140240589873,0.4202759651494033,0.14114244244566357,0.3108255709667884,0.4282349872803619,0.3952317855040957,0.2527457253373267,0.1588179810475267,0.1296852021480523,0.3091594011953021,0.03915472091224853,0.22734871289737052,0.04421430146084762,0.43794851587267225,0.46335386055951383,0.14213366694586885,0.26914783031332973,0.39253028630315934,0.31090531613651395,0.07587393545834961,0.1851876451737943,0.3365601444918594,0.2769561488865911,0.3710081132453325,0.2226165606911179,0.4300183090455996,0.3859151314603398,0.27849137466478946,0.32522910645008846,0.24609693588532294,0.33379895538488064,0.47710448202576167,0.2558472137983803
Jorge Alís,0.3109197414621802,0.14556112055545464,0.25975911392411033,0.6125558656152545,0.10669789187267961,0.04239519098624132,0.6344218284139806,0.2760834331053528,0.2095699667236816,0.34569464067640826,0.3670490438535834,0.36608752039363296,0.18780596958598544,0.28982631785871055,0.5360345472819118,0.22508797159282354,0.4250434218102634,0.06423881678667138,0.3086432789703187,0.0687921408289748,0.12964975601984965,0.30259084067099123,0.3274701582246548,0.18163947335574465,0.28127972426604253,0.12409123025182253,0.023861936990168836,0.10170451317187498,0.4433967803788318,0.41306626806016755,0.1334798193547203,0.13085101255848378,0.06084545641381578,0.40368648180163746,0.12506574516632338,0.1944443672954512,0.2725272092793131,1.0000000000000004,0.19284823507706708,0.47288429192519477,0.2181826742668444,0.3799976157373314,0.25491528201566827,0.35996453144147417,0.30831533279007484,0.1618797916408964,0.19614635668247463,0.2789187637236096,0.2941164355135086,0.1630656452111771,0.08077376313994673,0.14852083325539314,0.34109159138743633,0.20366597706440998,0.28633225999420164,0.5217229627219112,0.35212590767427626,0.13121117982798153,0.1955688368725644,0.4273519400551577,0.3690845580414029,0.25157815273696255,0.6515566202000659,0.03864775240364628,0.23476796693596025,0.2875057748349706,0.5466828336486933,0.18477882139724175,0.12659018946368242,0.08616846145208507,0.2523892121807204,0.36202803565184455,0.12038117112714442,0.4228826945443816,0.2451767169405148,0.39529029359940454,0.44110703800642564
"Juan Luis ""Jajá"" Calderón",0.29074752703833456,0.30450672073190516,0.256276178769322,0.2841702291056748,0.18199784422015394,0.2659048262169137,0.2694229721968642,0.4889691299048066,0.3395167610648951,0.192295041257185,0.20026705405340936,0.5121251717827955,0.17514173415715423,0.37367318744454153,0.1845184278933255,0.22076433223279895,0.36104414738142,0.10846119670911081,0.46474262156387436,0.165258240365097,0.08713936797536094,0.1672714353482488,0.3658055248619066,0.18032232133093146,0.034083193733574234,0.23754152724960667,0.12885071163389278,0.07249162763885199,0.2546501981663111,0.2813714480215294,0.40443046649508496,0.14084957639101356,0.3637283432682413,0.2634897629529275,0.3598533277093086,0.17752684977171862,0.265683726865159,0.19284823507706708,1.0000000000000002,0.39779283226698514,0.00444654453952524,0.319528641172587,0.3487933727993461,0.36570532846647996,0.48436551972215464,0.1545077912580269,0.18176383311434763,0.4457753701196345,0.24664177329612,0.2610715153933439,0.13848386163355744,0.18318479348063213,0.16128892278198648,0.022127658507811506,0.3727799032938272,0.20814095348472214,0.11235511017666208,0.11356667808509535,0.054375504968549045,0.20928007768475324,0.34370932630670603,0.21541786706914273,0.39628321003736966,0.05369732502216478,0.24556225665521283,0.3618647000606785,0.26808993519119606,0.2629033366672495,0.023758885385871172,0.1481236598727348,0.40137517831826525,0.3652918561099316,0.41610310555114505,0.3231742966452675,0.39074207343274187,0.3967792653663551,0.1278982764939891
Juan Pablo López,0.17799239025156283,0.6054881877592064,0.164470621887488,0.5391583726303318,0.09044093243429323,0.22760637762557445,0.5699524748567173,0.20941613660658978,0.12583837134522033,0.511211340240435,0.3959283556820105,0.2899191931619229,0.11871768398234775,0.22494841777624547,0.2350665726201634,0.19550337858243924,0.39065991320676213,0.11478194075982492,0.31891874619336313,0.06845104003167939,0.08739038935836856,0.17436701490370762,0.5480732772557315,0.1968991545498896,0.0718962339211642,0.23120491984598282,0.11370704666926074,0.11610791679443462,0.21642135030321824,0.2993873167201472,0.46992379178128624,0.0580590073720722,0.12092053273648232,0.2125185794984793,0.06747370897382544,0.1160147671873335,0.2658518800718683,0.47288429192519477,0.39779283226698514,0.9999999999999999,0.019718916845924958,0.26982406723854235,0.36518939090577884,0.39948503539963504,0.45131149233396983,0.2751526854955408,0.0764209780484337,0.459242737885822,0.2233320178378433,0.1934661691501688,0.08538594266975343,0.06603257805403229,0.12299067554040134,0.03606386898843767,0.20192944418595526,0.5932167413340081,0.14029102322455805,0.10698835258274013,0.11557325983849728,0.35631591980883326,0.22836042399745823,0.14221838382124677,0.3664847656503597,0.02622490084200255,0.32440317216007236,0.504519866163206,0.41645392437373024,0.24182277248267428,0.016923336211124244,0.08660067406130247,0.24869956820050185,0.18947923999495137,0.3615266484554093,0.19761241458924797,0.21768067417337875,0.44069128184209405,0.4027574109841301
Julio Sabala,0.017062979918272422,0.08165203588199366,0.004890776151778303,0.20825852912933343,0.0027848950689544037,0.015319988562986343,0.15215182134910293,0.006047954608222821,0.5323836761544991,0.0018927355212593807,0.005113842934339168,0.006863138310672129,0.4399799437935354,0.011766520858209837,0.5753132073730156,0.1731688678911684,0.10027952889310092,0.14654344805837197,0.5073561172609545,0.0,0.06463716723330341,0.5545445380146138,0.30480348277836716,0.08953895035992876,0.7482860921119606,0.3165460476250656,0.013676954924898671,0.15959761149552376,0.34565873110017126,0.21025816265362657,0.1698651734821712,0.38254249460624956,0.130638020648445,0.03400347215835433,0.04759051778289481,0.023802437900532547,0.195889879641548,0.2181826742668444,0.00444654453952524,0.019718916845924958,0.9999999999999999,0.01708542025605772,0.008217873934301893,0.03568790220094753,0.24031009140088969,0.06771950557265555,0.004909337159650264,0.10184465796695408,0.76337070559182,0.1988728868851733,0.45849227728422154,0.7078539069181875,0.10916575912526871,0.45981413033256485,0.02832600019508977,0.08407691892577687,0.005102784944836066,0.02736641991994129,0.3948854749562006,0.072326377844736,0.0216711938902776,0.6609956299528015,0.1933921389709101,0.11684342899496422,0.07511975366701254,0.005868265044726833,0.5132765816822673,0.4861705182470058,0.8355494985791361,0.3128571306914145,0.10441247752258336,0.015679121099670203,0.19107473772688358,0.318989132378889,0.011073549800910572,0.2382526724078157,0.18278007974197433
León Murillo,0.32688151940361704,0.009255309848011114,0.2815810579196497,0.305803491318981,0.2016316225369891,0.10075011497158247,0.14449418348967596,0.3436761246668961,0.26136777036564796,0.14350854072654906,0.4425594967830619,0.5986469113866282,0.20362524993472725,0.3270059107274706,0.13517288251570445,0.5508105001536846,0.31589042571202997,0.17855989472900316,0.4490185629213593,0.32161090406451454,0.09132986677440673,0.14221638346733528,0.3985727145241859,0.25992679729448054,0.17567564672879354,0.18373664018469116,0.008518604537060055,0.17283282407508604,0.22666145930024775,0.20204666675915756,0.04441808402887569,0.2340552279979351,0.15059889561118683,0.5096158327671126,0.17196593903219204,0.20778018351392843,0.37526187255850907,0.3799976157373314,0.319528641172587,0.26982406723854235,0.01708542025605772,1.0,0.18678514456809628,0.3865871326090835,0.30893132886968766,0.4600170054186586,0.42658191001747114,0.4095064767801129,0.15599410580371542,0.17364820618295207,0.15841147696225177,0.0066039223594657045,0.07350956924565218,0.22686760654015495,0.21394149006119823,0.534519807991388,0.15094681922151298,0.31234965672596704,0.24791531674494205,0.6009414351248547,0.3404993019966033,0.1416547039031434,0.39893542442264746,0.06272858970111066,0.12376859875148183,0.4054619062175603,0.29929985052577357,0.17566077283621082,0.014247730755111633,0.18661097512314273,0.3833512518471078,0.08844820723847079,0.2824793912477831,0.12660084954618342,0.15199238349110758,0.5680203180899813,0.2084567342699424
Los Atletas de la Risa,0.08639565295173823,0.18560375962311906,0.18135348570461948,0.25144749331637345,0.12984571674675555,0.09291411593297233,0.21503137291156854,0.12259343244898158,0.26534725783442775,0.046986526008290994,0.36224039175115,0.25179708071247786,0.09598041060047,0.12436964030011949,0.1803868753978783,0.26511088620188106,0.23479121064768668,0.1703753850349194,0.1517329086512867,0.04932614002653159,0.08990234663387445,0.2163234000603821,0.192684920155627,0.0544399033137261,0.01342637231336924,0.15259658588122127,0.19808167337743604,0.09820024862228806,0.21143255163915453,0.3634154181390483,0.2895795033117886,0.008911785066684911,0.17624110067370183,0.12113985278936043,0.03831651648106688,0.047284431239449455,0.23663914933900682,0.25491528201566827,0.3487933727993461,0.36518939090577884,0.008217873934301893,0.18678514456809628,0.9999999999999999,0.46932368628616017,0.31963000238190314,0.17127547864646886,0.016588211387823935,0.1638107283406438,0.3125800186186082,0.11317075897740986,0.037571271237754215,0.05330327940697713,0.09987168068081766,0.014221879867975738,0.23980663436752972,0.16386238224118072,0.217185873991756,0.056852602475477874,0.1817945311045067,0.1957458827877146,0.7700843858954768,0.2006950013045886,0.31078900174300417,0.024091523594672475,0.4505629530588116,0.24457655222998131,0.35959984672618045,0.35754496513593337,0.00596119563440867,0.15205018311864169,0.1439241266042847,0.06841097686758385,0.3993206621566173,0.17489781373497867,0.20597569959826592,0.28330598356213166,0.1028070835053417
Los Indolatinos,0.2731430236788227,0.15207811192801637,0.38617479256641146,0.2839995912502752,0.08957910619270727,0.06506929229725952,0.31765137203721067,0.3308861017957044,0.3277722436385614,0.11470745368782277,0.34603353037169227,0.3912646592716613,0.23537058181789589,0.15602452882073167,0.32674853421665345,0.37321895721890097,0.5629159256902702,0.23513225665666843,0.24772620111090857,0.3708972892900519,0.11142518814920695,0.27676959165931103,0.27607858349016645,0.36549081645902687,0.0720589543237556,0.23952449536882564,0.0181105341434993,0.2654421827774629,0.3309989931812505,0.714831055936095,0.38294662831568255,0.2707362020901473,0.3524718624188378,0.22054563585105152,0.07678180849633148,0.13437304848798726,0.1911000071722336,0.35996453144147417,0.36570532846647996,0.39948503539963504,0.03568790220094753,0.3865871326090835,0.46932368628616017,1.0,0.5989530787857273,0.11019907200166475,0.2813419923264562,0.23784901556574511,0.2531062203469465,0.22702524808725705,0.2605477386875623,0.1622509913992081,0.2208102889149864,0.0322367040739466,0.3278858258690094,0.43135645958290547,0.15668388289112772,0.06578652238254386,0.09489535676543955,0.48384382465809034,0.37476789316587894,0.23866496739594892,0.35185047227363625,0.09700122893283993,0.5355714408328697,0.27544617451160897,0.2535565072187957,0.29943815207842595,0.044393451247489266,0.18877135064807107,0.1947939190429458,0.11925157018028083,0.2968512017739279,0.2813593429350147,0.3489848020905935,0.47008743509452855,0.4829553981015252
Los Locos del Humor,0.31599608834549114,0.41129757622152835,0.4202821525769543,0.5058686465741395,0.13786436349540898,0.11448917271936805,0.2588645438789964,0.36476627452713345,0.42433171544937953,0.018947460621742716,0.4720729778260848,0.5247925079297712,0.18439380501951458,0.25374217923788184,0.5850761892180257,0.4355552542942393,0.4225565657539553,0.08344017623917377,0.5193359910118982,0.12424549222762879,0.23547719978222503,0.1393595516267357,0.5803340963976695,0.309583866399965,0.21224182393912872,0.5135470652321861,0.012165963236146299,0.2813765620125337,0.3318598262432547,0.5284744588711437,0.5336978076304564,0.10345058654627742,0.5389182159378182,0.2577045655800854,0.24205478217362617,0.17260901891999816,0.35223140240589873,0.30831533279007484,0.48436551972215464,0.45131149233396983,0.24031009140088969,0.30893132886968766,0.31963000238190314,0.5989530787857273,1.0,0.06525581742273415,0.06318823261839393,0.5432393305872975,0.4656471031184189,0.5023474159035191,0.5081433857040316,0.36526714438008595,0.16304721351262141,0.053684025266542694,0.40902900716863927,0.440997359942702,0.2266294193029935,0.20991295648723182,0.21656512770263556,0.43356437697121974,0.2299238111360126,0.4886515047592181,0.482621966087772,0.23616119642465658,0.35623074155504036,0.276578259768848,0.5240260313071483,0.5857433139130066,0.285532250304414,0.3183246968063374,0.3953934690732841,0.1979841269370824,0.5774336882947096,0.4531158429012136,0.3644239591526192,0.5504570937598768,0.43253899415947106
Lucho Miranda,0.24448105463440903,0.16715203980013038,0.3090399843340578,0.2707273293203819,0.07524067812536021,0.5595322078184187,0.09892063703246268,0.02869619870343103,0.10558292865823556,0.07278773004481137,0.2635076257657067,0.18469173501697414,0.24360486534952153,0.2536294974971742,0.03807830657110652,0.27048982387675796,0.10333116353147744,0.013698967714507572,0.4077390400377871,0.032729510227313484,0.017418883990002673,0.17693225158698497,0.18376532116946234,0.49182692333851574,0.03301776915250226,0.13748326398686372,0.007200556896522087,0.010254483828412186,0.15724323882529934,0.028979713674955,0.1280337554838187,0.2968233569115406,0.008910640128269464,0.30541637474004957,0.3576329810499931,0.2943644017391512,0.4202759651494033,0.1618797916408964,0.1545077912580269,0.2751526854955408,0.06771950557265555,0.4600170054186586,0.17127547864646886,0.11019907200166475,0.06525581742273415,0.9999999999999999,0.04891852514250966,0.5030623263031629,0.08662943724237658,0.028894981473410245,0.032376499775805666,0.08650796071307756,0.05819840358391295,0.4966725717226676,0.05627805681284763,0.12510754695617715,0.10875701689956795,0.6783477549362612,0.14472167673874495,0.3307670507634323,0.24610106074218058,0.15132873064247793,0.23821961452089913,0.01292703176358595,0.013113060550089024,0.08349864718971566,0.17652603097181963,0.04466221576061341,0.01869028336605358,0.056718941211340336,0.17187342211578643,0.23811510202618216,0.054260665449117965,0.07412432364892066,0.061443452356866615,0.18740803023112004,0.024831531613361504
Lucho Navarro,0.3275725420090289,0.007120207127737504,0.27882069243562324,0.18650482504332347,0.19005648405723147,0.1382222434948618,0.05258946270188085,0.24797181657639247,0.05852579819616034,0.11395531981059406,0.1741386011794684,0.3701150300779225,0.06022358750301652,0.36536634159503123,0.04879034391406756,0.2963249452036286,0.36839441342196777,0.0,0.08287854435786675,0.4446161951781784,0.036725459749331925,0.37769470783350273,0.12055651756369169,0.010695708914621972,0.12805191653983716,0.08755602165189706,0.006361256160267405,0.07053782714176383,0.3290967591295318,0.08422063747253655,0.05625218939985398,0.5644623604546454,0.2786711432817305,0.3479114644259004,0.07340197180731416,0.23727027427480518,0.14114244244566357,0.19614635668247463,0.18176383311434763,0.0764209780484337,0.004909337159650264,0.42658191001747114,0.016588211387823935,0.2813419923264562,0.06318823261839393,0.04891852514250966,1.0,0.02767873146558646,0.05616558431835188,0.2803785133833348,0.4470900168151782,0.01595048534402664,0.019655402099125835,0.033620349330573146,0.09037598670784545,0.3284074338557682,0.07936388386112625,0.03800102924703092,0.01426022188353746,0.21862208749155654,0.18895332946460772,0.011629058397829064,0.08261417189947469,0.20012899365149509,0.017952241326397004,0.010839237898549113,0.07474615449316066,0.047695176053404696,0.012140779730079225,0.09485539355699303,0.1960034423421803,0.11430998268153258,0.03722476089893511,0.13721956328165794,0.39322419735581776,0.29438126080368293,0.2717723076958341
Luis Slimming,0.27635853955083234,0.7107143263969601,0.2529198636680491,0.36679348746289736,0.043567195414174816,0.29263153178577345,0.21845662597676982,0.2143814948697796,0.16444047343788204,0.05662109190216457,0.44081147101067636,0.5209452152644807,0.20526880501113157,0.30693811722754644,0.27770938472882645,0.18867271876378933,0.26108370495479205,0.04443873932256445,0.6033023906899815,0.1468654152567377,0.09233199821645824,0.09527325820797136,0.6027179960138719,0.3162712765992902,0.10182526598099817,0.40854263900040666,0.012590473200017546,0.021827309088352863,0.17339635741955617,0.11603808645827812,0.4729771182341451,0.11843576719900928,0.320453638439222,0.3061859286567325,0.2549505550638226,0.17569365089010824,0.3108255709667884,0.2789187637236096,0.4457753701196345,0.459242737885822,0.10184465796695408,0.4095064767801129,0.1638107283406438,0.23784901556574511,0.5432393305872975,0.5030623263031629,0.02767873146558646,1.0,0.2577769328008787,0.46102155434541575,0.19614852200249022,0.2347165381335273,0.10318972164614117,0.23399820258103143,0.3826911421766814,0.25655730438096186,0.2150021431743708,0.3604266099878475,0.11388065405404113,0.37583101170430816,0.21187583791474954,0.2901644750311651,0.46667002498433285,0.03895620722520644,0.1376946419588911,0.449394503258278,0.5803977172312124,0.2873969360761598,0.134407072460894,0.045483217799804444,0.1578467522108173,0.20667046341398113,0.39612728907460043,0.2621519560506483,0.269047828999499,0.3045233719662527,0.08076989757543884
Mauricio Palma,0.11277349362474906,0.1651595502351169,0.11078303169970675,0.33137903900575627,0.07727216207183317,0.061923034823704134,0.3112338882609288,0.07343299600578676,0.6019998272054976,0.1870446597678299,0.1500800926354935,0.14271085590140503,0.3844166696932632,0.2333589039368528,0.5510789013942118,0.31261558463777817,0.209188266791868,0.35553838391343634,0.5834761924224523,0.021976803581070643,0.22847811728151074,0.4908923980179413,0.4377071132654737,0.12062988534980015,0.5406457567945437,0.4145217548620955,0.33414868456946384,0.1288174886622388,0.44342464706331536,0.3256721955917035,0.2795901153128751,0.30390666425460205,0.27534725345197547,0.13665081182458838,0.18047307083726985,0.07241629411512598,0.4282349872803619,0.2941164355135086,0.24664177329612,0.2233320178378433,0.76337070559182,0.15599410580371542,0.3125800186186082,0.2531062203469465,0.4656471031184189,0.08662943724237658,0.05616558431835188,0.2577769328008787,0.9999999999999997,0.3966774864553607,0.5178218845020492,0.6085807243249045,0.15921487167724385,0.26042474439464436,0.127552783735712,0.2232237280462671,0.054277395706033814,0.06992372168441777,0.30784217064555536,0.16444754130270928,0.18648676564180236,0.6894094308852826,0.3374548583884306,0.2916623854299461,0.336144307138002,0.3304101276241988,0.4940064469565672,0.564239362466555,0.6524559468331957,0.35071256417160274,0.24034189123657757,0.11093893630094705,0.3842337689408258,0.398746792447433,0.22956308349423046,0.3378708338605917,0.1887537707316364
Melón y Melame,0.07739502248633418,0.4947157935553589,0.15136700448975723,0.4438543360473145,0.32143787650467764,0.11198838942061164,0.13710797741384428,0.2171808716793993,0.26439658910943803,0.030955624117890147,0.34272230483880795,0.26927237175033863,0.36748063354456506,0.17992430178027713,0.26424962496663473,0.52759529334217,0.41505943169268006,0.049254852201510595,0.24390574413646646,0.15648250836134264,0.40071318287917784,0.1357463353355257,0.26624316105763735,0.27006617326714155,0.1659016312063845,0.48010857181901156,0.01604561014185987,0.26437931403433834,0.6059677000303347,0.25626534931380923,0.24777071608742468,0.32067734167813355,0.5615978886041973,0.1675763337460439,0.20024909256599613,0.06964254487200243,0.3952317855040957,0.1630656452111771,0.2610715153933439,0.1934661691501688,0.1988728868851733,0.17364820618295207,0.11317075897740986,0.22702524808725705,0.5023474159035191,0.028894981473410245,0.2803785133833348,0.46102155434541575,0.3966774864553607,0.9999999999999997,0.4030614338812933,0.22786808630946234,0.29882908423793936,0.06162928636221095,0.11622072101666582,0.3007981240385761,0.1897818675638102,0.04079242759414788,0.3817686745558531,0.3075698806750037,0.09681379095144436,0.5552760118752513,0.17660048158298977,0.3811755646177184,0.18528472903266294,0.2740085316650982,0.3950268745431186,0.607490961095682,0.22222935859547083,0.3995113554579197,0.3753391288784287,0.22498464660712222,0.2690549406260733,0.4125469129762346,0.34183621857124413,0.5556787600635931,0.2854211360249901
Memo Bunke,0.11635289335050679,0.1640850525337007,0.33853351392973297,0.2820745916113263,0.02038662780841598,0.1132510602010768,0.08535826535764114,0.16565956528848444,0.37851168370144944,0.07483759713218341,0.07944478383402052,0.3220735449406087,0.17364330444121084,0.20484109974006304,0.4799690625452926,0.3249571683413529,0.3005068654692975,0.11056238015528759,0.3267062191800472,0.2306965388883513,0.07581492789686638,0.24938645669292503,0.3815533351307505,0.21337006802580813,0.3298616045273874,0.40636907995409594,0.017689470030174643,0.10994095525247034,0.4181916060346913,0.1867607576181504,0.33522234015200175,0.414442844248087,0.4116468245441072,0.12930982687298212,0.3526829584418132,0.09340167780795604,0.2527457253373267,0.08077376313994673,0.13848386163355744,0.08538594266975343,0.45849227728422154,0.15841147696225177,0.037571271237754215,0.2605477386875623,0.5081433857040316,0.032376499775805666,0.4470900168151782,0.19614852200249022,0.5178218845020492,0.4030614338812933,1.0,0.41573960466489956,0.1010564614665862,0.05548162728094159,0.2298027380844897,0.13560519070612095,0.2763496911189387,0.2439065719582021,0.014120524916822893,0.1067946094616288,0.07500476403796398,0.45663800212574723,0.2519572771499218,0.23512066567502288,0.21861627513589715,0.04367933968400039,0.2694059662487836,0.47589329115824025,0.4934375919890544,0.197939681404544,0.04453691459311025,0.023584301619285146,0.2932827773491554,0.25632393483323135,0.2747754367014923,0.3338857762298118,0.1714103200089972
Memo Bunke y Natalia Cuevas,0.17168011339492387,0.1965287088345456,0.10295472240099728,0.3432119876315618,0.12807403103852918,0.0647147160849918,0.0544039926087279,0.2114926281745961,0.2683072422240249,0.013413983879699706,0.07401439356545245,0.2642922086146655,0.5860778963636813,0.015543331726774641,0.38948495744765216,0.1340038749553888,0.18826074076651472,0.1510066467875632,0.4745128223998302,0.0993634349218581,0.05695580152131959,0.5376717598365252,0.3540202130077581,0.12330742388782631,0.23953156597896744,0.3435191611793432,0.009801536150126066,0.04886349503615026,0.39668032386558694,0.10456054548762257,0.4725770581858404,0.502392373500137,0.4439795959109318,0.23148598742100956,0.030918591799713523,0.06573704086086368,0.1588179810475267,0.14852083325539314,0.18318479348063213,0.06603257805403229,0.7078539069181875,0.0066039223594657045,0.05330327940697713,0.1622509913992081,0.36526714438008595,0.08650796071307756,0.01595048534402664,0.2347165381335273,0.6085807243249045,0.22786808630946234,0.41573960466489956,0.9999999999999998,0.06697629709725803,0.06954280574311461,0.30010131198540246,0.04916492149089509,0.0010452896185796992,0.05169536786837841,0.01703218465087644,0.17917434362270432,0.0238481849464025,0.8165840199203639,0.19699349990682283,0.0901274546474816,0.08044484113544402,0.006314959849260223,0.38355862358531395,0.47190508193556807,0.35051481491873104,0.4616351021376239,0.13140961247338898,0.011460733967383833,0.2814663355269095,0.5639092839939484,0.16477590088901484,0.18320914327106613,0.023347145067948355
Millenium Show,0.039145652145225474,0.018616952693238535,0.00539737505054532,0.2225915047729582,0.028417287579148486,0.0019004530878009033,0.16606379571530738,0.01603142544555458,0.07212740718259475,0.008704171212486055,0.04460677966698048,0.07236010377447835,0.662888261453236,0.03619909087986227,0.3261378529220597,0.04768199742043434,0.10672619657042468,0.018896667556001886,0.15702445149973168,0.0031467733890276966,0.06110395459852348,0.025315386926831936,0.19177102912153238,0.5971646217290877,0.08055485155557635,0.1174284762410325,0.00352526753305673,0.018708270490399758,0.6771855434930174,0.32278573170076164,0.05976736311140888,0.2868473661154832,0.041372284161065594,0.05998882402793552,0.15142360868462193,0.01650901367997027,0.1296852021480523,0.34109159138743633,0.16128892278198648,0.12299067554040134,0.10916575912526871,0.07350956924565218,0.09987168068081766,0.2208102889149864,0.16304721351262141,0.05819840358391295,0.019655402099125835,0.10318972164614117,0.15921487167724385,0.29882908423793936,0.1010564614665862,0.06697629709725803,0.9999999999999999,0.037214486544985576,0.021381552688834127,0.22475297466697683,0.027257412220318418,0.04522276846392215,0.046127765529904656,0.47816462289511313,0.17421410722326533,0.3899643550875761,0.477375610836622,0.05953636275195273,0.02363915514243482,0.08821584853527988,0.2277291533124698,0.473425843782778,0.1016848976222966,0.057855938737562236,0.04599263687588704,0.1123127291465673,0.06945884238596271,0.37424609037829354,0.047791818938474076,0.21854656504102732,0.16364025631747006
Natalia Cuevas,0.039165749481303164,0.008902816191947384,0.18380272535951717,0.2608667099745679,0.0464726805313851,0.21170103765662893,0.2825359723418502,0.07871533611632998,0.38097221831264616,0.051481849683199174,0.06713646610754795,0.05844597838928073,0.07791714974653725,0.057282948416495345,0.3560654653051782,0.2654751457425452,0.09581102607522406,0.014814422829501989,0.419278459467282,0.0009551817848398747,0.1314022501615504,0.23950283667703934,0.1843923949243788,0.42766085825608097,0.6426791840657051,0.04594381487975156,0.0029125861144536948,0.24449085963097109,0.10740766316298518,0.2794832507392584,0.0301635489519394,0.2608958374665216,0.04897198059241222,0.1796459583555858,0.14749005989030556,0.02737437980709438,0.3091594011953021,0.20366597706440998,0.022127658507811506,0.03606386898843767,0.45981413033256485,0.22686760654015495,0.014221879867975738,0.0322367040739466,0.053684025266542694,0.4966725717226676,0.033620349330573146,0.23399820258103143,0.26042474439464436,0.06162928636221095,0.05548162728094159,0.06954280574311461,0.037214486544985576,1.0,0.0505026363463296,0.1270734647208809,0.02329436950049327,0.6248555911860971,0.5775501534132756,0.08790155234537769,0.03335094308450152,0.08107706877361565,0.20850477537625967,0.08051523155178454,0.07721471300166598,0.010074498160437798,0.33379572283746833,0.05972436710235546,0.5430925467255161,0.035855538211771766,0.1799102106506397,0.01682214291727665,0.06161427594400856,0.10124811387466738,0.026241931510630916,0.23691738806363138,0.24098424141100366
Natalia Valdebenito,0.4527103428205103,0.24642936619938735,0.6065507313533495,0.26798956585833994,0.05937125430917579,0.09635997966250076,0.16385367918652313,0.5575862359393355,0.2594240395548773,0.07831662077986375,0.3220588097246743,0.5965906258714913,0.05553693908586113,0.2949436805748556,0.28918959444482445,0.16685671286342763,0.38777600165605675,0.16134593399430505,0.3641604706364128,0.17335584079749833,0.09067676689737653,0.08358877170467792,0.47443904893260547,0.12014405597779854,0.1421430966932047,0.07143843265724098,0.17341549121981653,0.06931712536605802,0.060404375054777165,0.26033967340570097,0.5958127331724238,0.004375329842342873,0.5382625142431787,0.5090874222182444,0.16756932792457913,0.25173225249600384,0.03915472091224853,0.28633225999420164,0.3727799032938272,0.20192944418595526,0.02832600019508977,0.21394149006119823,0.23980663436752972,0.3278858258690094,0.40902900716863927,0.05627805681284763,0.09037598670784545,0.3826911421766814,0.127552783735712,0.11622072101666582,0.2298027380844897,0.30010131198540246,0.021381552688834127,0.0505026363463296,0.9999999999999998,0.21815002935388986,0.6223833156799027,0.09332304240674613,0.04194221186477252,0.3158331441504037,0.3679872524948749,0.21826031765823206,0.29135751346481964,0.013357196695090286,0.09714163691578598,0.20498442304505396,0.24392874241268755,0.1725764075725407,0.07678937595297654,0.026034868130366085,0.0624384067062674,0.09090254747124893,0.36361384246103545,0.3236660819732641,0.5102115534010193,0.3101838255689604,0.06738823853018693
Palta Meléndez,0.2876945582052647,0.18965940557456085,0.16787208559736175,0.5392816445424385,0.2655393198757279,0.14512465734418328,0.26182797884712916,0.2537811769904882,0.17552076561160357,0.19391347193858258,0.5910866283207694,0.4151011222353718,0.19967014805262132,0.277448114047803,0.20981520183201396,0.40386569944066547,0.5084541401676969,0.07751918840483595,0.29612832512959486,0.05907797560680969,0.3428822990082939,0.10091873382664332,0.5771979924778621,0.3398250168730745,0.2442544064190566,0.27616028421269984,0.01287428706425095,0.1198278891524958,0.29377052760975,0.48564140371873643,0.20045574628879415,0.1807719194904081,0.18228741182655503,0.4604589213582206,0.09898124384888211,0.20933150512614218,0.22734871289737052,0.5217229627219112,0.20814095348472214,0.5932167413340081,0.08407691892577687,0.534519807991388,0.16386238224118072,0.43135645958290547,0.440997359942702,0.12510754695617715,0.3284074338557682,0.25655730438096186,0.2232237280462671,0.3007981240385761,0.13560519070612095,0.04916492149089509,0.22475297466697683,0.1270734647208809,0.21815002935388986,1.0000000000000002,0.20883000925166068,0.06696545042484757,0.23853309300026018,0.49616729970164786,0.21807611295515913,0.20838329558319532,0.419425530951204,0.3100015822994732,0.06608574722601195,0.38502599011714317,0.36523354783107426,0.3155138465386954,0.07174237424035024,0.19459839095855683,0.4626925307159434,0.25322275977206965,0.4270926039426589,0.3789287703090447,0.15359425129828774,0.6390480106655154,0.6354773121823148
Pam Pam,0.22914055274461853,0.20912352662004627,0.6504658462274929,0.1820086240385167,0.04858827220819889,0.21101904262030183,0.13572111001406112,0.251717504962123,0.3271288168291065,0.0793535926981889,0.38857344516928627,0.2757179555676038,0.040619860048984886,0.3568246665971532,0.0688900163677513,0.23215928060217936,0.2429431985691774,0.06653280066662559,0.1247133979760286,0.0038503450269283756,0.12505749448369458,0.08501064275006082,0.09587046060380328,0.17663771238206616,0.055647399237449324,0.144083588665656,0.015154992492326906,0.04727506158701863,0.08749345544420878,0.25260186490249165,0.019659694996800224,0.0166833012299443,0.04321167331339828,0.2966281817771838,0.36931900593019107,0.2768793049127276,0.04421430146084762,0.35212590767427626,0.11235511017666208,0.14029102322455805,0.005102784944836066,0.15094681922151298,0.217185873991756,0.15668388289112772,0.2266294193029935,0.10875701689956795,0.07936388386112625,0.2150021431743708,0.054277395706033814,0.1897818675638102,0.2763496911189387,0.0010452896185796992,0.027257412220318418,0.02329436950049327,0.6223833156799027,0.20883000925166068,1.0000000000000002,0.15091754963653406,0.03946463797338146,0.15692697251317697,0.4962222650552496,0.05123818931556087,0.21036735848685936,0.0898265710374009,0.13696066522257958,0.1336285654799497,0.2955117851153574,0.20806399060450187,0.006709674131809175,0.014617068100333506,0.11482121480596484,0.14702607554361233,0.1800201972993821,0.09314530411075274,0.2558022278131066,0.17987366011301778,0.08485330801386282
Pamela Leiva,0.08397116688409317,0.032042042444540605,0.34542128170604347,0.40477332106468994,0.07714270352015437,0.35551121851815287,0.2405986045279568,0.1109428516958233,0.12000167815071375,0.16624447965045394,0.11111599338599877,0.26326715396929157,0.07878413242392525,0.16571235589288988,0.11587202843853056,0.2946106984599246,0.052744171898552045,0.0057565046069236155,0.33286610045638065,0.03807952852883813,0.02025535206186489,0.07622821100096135,0.1303695699142808,0.6642044912217345,0.042714887192213384,0.11870420635195089,0.0019158359862577474,0.01926014203857705,0.13651826660242242,0.13867336866155977,0.07923225029977601,0.29485097912215974,0.07125905532805357,0.25705593714279806,0.4080356385327151,0.06807138086113146,0.43794851587267225,0.13121117982798153,0.11356667808509535,0.10698835258274013,0.02736641991994129,0.31234965672596704,0.056852602475477874,0.06578652238254386,0.20991295648723182,0.6783477549362612,0.03800102924703092,0.3604266099878475,0.06992372168441777,0.04079242759414788,0.2439065719582021,0.05169536786837841,0.04522276846392215,0.6248555911860971,0.09332304240674613,0.06696545042484757,0.15091754963653406,1.0,0.09968244055876134,0.11715797381877707,0.08269009144758938,0.07069972559635457,0.2988557978397118,0.018476780419483457,0.19337998923370295,0.04620298170426406,0.12966905625239772,0.045744972343947754,0.03200007914235863,0.035160747568085605,0.19780390467476427,0.03956282039333866,0.10241672920450949,0.10866109853131546,0.0569736464213629,0.15261750236202382,0.04388666463788524
Pancho del Sur,0.03652679709912218,0.0806646077512124,0.08299924572748421,0.2635680471339449,0.31464403372343974,0.10054252356029685,0.2206861628843977,0.010049758524462174,0.35853908443802734,0.022110073597964644,0.14174675044264143,0.06524356947881803,0.09077029659327783,0.10160847323480153,0.3413628539409517,0.6609633251894109,0.24729015998676507,0.0020709621478788,0.28427731042541743,0.008503373941486965,0.24409485512370804,0.20005260627904825,0.15431522007726212,0.09114633835290784,0.6011828039260212,0.1388027876893821,0.0006193261211654155,0.336630104542459,0.28387496235043264,0.3960794025831348,0.03848972693727412,0.05468873653094666,0.31006746643983,0.09968726320636878,0.044940493542834754,0.024949643147210848,0.46335386055951383,0.1955688368725644,0.054375504968549045,0.11557325983849728,0.3948854749562006,0.24791531674494205,0.1817945311045067,0.09489535676543955,0.21656512770263556,0.14472167673874495,0.01426022188353746,0.11388065405404113,0.30784217064555536,0.3817686745558531,0.014120524916822893,0.01703218465087644,0.046127765529904656,0.5775501534132756,0.04194221186477252,0.23853309300026018,0.03946463797338146,0.09968244055876134,1.0,0.1303262869343572,0.05472870676595694,0.2421395749771838,0.10793771814326852,0.19006289954678088,0.06739184544707903,0.20154088225774286,0.3418770715350583,0.19572506708149356,0.5023836472452171,0.3751168049194964,0.2797422085594629,0.05688083856278208,0.11406329808550651,0.17124450860787402,0.05377136390538906,0.6045369605433921,0.339620882390927
"Paul Vásquez ""El Flaco""",0.42154510493165565,0.19330559841272088,0.26358676598125474,0.3872336376400755,0.13603876247417557,0.024034542172590177,0.18483128676242855,0.40432313147322424,0.12236066591207426,0.08970273871948467,0.6335167496624337,0.580372358011098,0.5474200000042915,0.2619401161328403,0.2989288411460754,0.2850775974771644,0.1806691863370333,0.03195677925711163,0.2718915517935611,0.10618472535995867,0.13404166581002297,0.12756637271822474,0.3617236195572121,0.44990353547732254,0.2097492115710487,0.2523915637645933,0.00857133795570151,0.33193372300074997,0.40618211875252463,0.3318794984174837,0.27316702615173794,0.23523490263110552,0.2629342946631001,0.542885745741463,0.24736807147535375,0.21341869789743304,0.14213366694586885,0.4273519400551577,0.20928007768475324,0.35631591980883326,0.072326377844736,0.6009414351248547,0.1957458827877146,0.48384382465809034,0.43356437697121974,0.3307670507634323,0.21862208749155654,0.37583101170430816,0.16444754130270928,0.3075698806750037,0.1067946094616288,0.17917434362270432,0.47816462289511313,0.08790155234537769,0.3158331441504037,0.49616729970164786,0.15692697251317697,0.11715797381877707,0.1303262869343572,1.0000000000000002,0.3559074138217216,0.34825028298978716,0.2471235119116836,0.045067093836315665,0.15265417589911795,0.07873361495365526,0.3126308159911509,0.4284851480962708,0.042485729863272884,0.16854989432131462,0.18356689747423252,0.05271453583591166,0.23686208495965883,0.3388085015808227,0.25759287733238806,0.41398415620603735,0.20549132035197248
Paulo Iglesias,0.34267714888326806,0.10339152564040376,0.3800948697482958,0.19554626915783707,0.0530116897250245,0.14127706358001874,0.18277710951916074,0.299617531548126,0.33492864097738356,0.06466865417755661,0.5473149438208746,0.4222936661592316,0.17127864766536827,0.43232146807356275,0.14328674718518963,0.19402120076627496,0.2915773000720257,0.13233790307436646,0.1951459524143282,0.2484821899980209,0.08695527397516715,0.3679123379398922,0.12121079429380208,0.14954415128284887,0.07595370801823441,0.13898934384696207,0.036791928358944986,0.0438117557695357,0.17689648230312446,0.36765796365846043,0.12590161443125952,0.05504879659353827,0.05146542673637341,0.2667319300608228,0.21936743316540705,0.21930116878180783,0.26914783031332973,0.3690845580414029,0.34370932630670603,0.22836042399745823,0.0216711938902776,0.3404993019966033,0.7700843858954768,0.37476789316587894,0.2299238111360126,0.24610106074218058,0.18895332946460772,0.21187583791474954,0.18648676564180236,0.09681379095144436,0.07500476403796398,0.0238481849464025,0.17421410722326533,0.03335094308450152,0.3679872524948749,0.21807611295515913,0.4962222650552496,0.08269009144758938,0.05472870676595694,0.3559074138217216,1.0,0.16117659203319007,0.2918636891941201,0.03947073153340727,0.2957970344973176,0.14247119460771482,0.38505850306530326,0.4073260214962495,0.03318301585770123,0.026145077219676575,0.2999841163064069,0.2300136008586422,0.4073060355048917,0.14816225676896333,0.3631365678163825,0.250127305686535,0.13010617053656118
Payahop,0.12423162733126998,0.20862013810318009,0.13407308581998892,0.43686816115564714,0.17373856371413804,0.04216709076773244,0.09569784279754182,0.16022727039864423,0.36177780909372137,0.007663074340824655,0.15669493530186263,0.2282126078190003,0.7236837339797633,0.05890429012068612,0.44904206708180433,0.37602855819416786,0.32865461945684876,0.1409079726610149,0.46954344293746647,0.07455905239872439,0.11803458273121595,0.44553800514906394,0.3624839423803751,0.3304655919116646,0.2733156516426732,0.3960954632693891,0.012692627098424072,0.05047053622547916,0.6383823446516087,0.23525792391591668,0.42453070743285226,0.48578657975643486,0.45897026220047626,0.18207092234859068,0.1078988055462952,0.06380683063174997,0.39253028630315934,0.25157815273696255,0.21541786706914273,0.14221838382124677,0.6609956299528015,0.1416547039031434,0.2006950013045886,0.23866496739594892,0.4886515047592181,0.15132873064247793,0.011629058397829064,0.2901644750311651,0.6894094308852826,0.5552760118752513,0.45663800212574723,0.8165840199203639,0.3899643550875761,0.08107706877361565,0.21826031765823206,0.20838329558319532,0.05123818931556087,0.07069972559635457,0.2421395749771838,0.34825028298978716,0.16117659203319007,0.9999999999999998,0.2947409414398554,0.16319909029087742,0.12496491648885485,0.11028877862522071,0.41438214372498366,0.7508928036109014,0.4125798740221762,0.49044297125130476,0.29192757701984146,0.213349406652801,0.2981820925778485,0.5446650405632756,0.22197436707884335,0.4983008067019553,0.16546904030468956
Pedro Ruminot,0.1579307850682879,0.11774226937998057,0.22123785110518374,0.5611415052204768,0.04196490248876467,0.1543082867394372,0.377395453388015,0.21256866730539675,0.2514451721968251,0.06496072986880246,0.17120293502300055,0.3725486088118305,0.24690072140239933,0.1993018239747868,0.5945296015619864,0.24177021304397278,0.4246904887484739,0.23318033055970855,0.6047968835628936,0.15505780836237548,0.24297943391516855,0.1487946680730358,0.6091860220783469,0.35455566640425756,0.11586158708862498,0.23877025663428433,0.14187910145609087,0.12658477564111936,0.5230226810457153,0.39648635156578993,0.21292966977188735,0.21712874532873,0.1951662247662502,0.1799828901064071,0.18527233760194384,0.11967134336542451,0.31090531613651395,0.6515566202000659,0.39628321003736966,0.3664847656503597,0.1933921389709101,0.39893542442264746,0.31078900174300417,0.35185047227363625,0.482621966087772,0.23821961452089913,0.08261417189947469,0.46667002498433285,0.3374548583884306,0.17660048158298977,0.2519572771499218,0.19699349990682283,0.477375610836622,0.20850477537625967,0.29135751346481964,0.419425530951204,0.21036735848685936,0.2988557978397118,0.10793771814326852,0.2471235119116836,0.2918636891941201,0.2947409414398554,0.9999999999999998,0.142350242890842,0.19666151082997907,0.5221808570523443,0.6565404688569911,0.2875603180530362,0.1354191045423032,0.11828974521139804,0.25811450841530387,0.25373903755863886,0.4253209831231947,0.495774082799631,0.21380377737640713,0.370959008152008,0.39433271602607933
Profesor Salomón y Tutu-Tutu,0.008342904859057683,0.027251059527650594,0.04896643619087235,0.053537381017343864,0.013426569517020152,0.013398685283524793,0.03795755691934911,0.009915650402131321,0.425410023598318,0.014456762769453298,0.3742123928828957,0.04911646619379695,0.05861497840881344,0.040879889307102735,0.12073005460979885,0.13006117137845274,0.3594272581529222,0.049169325887839684,0.1869358499877426,0.09474438548045823,0.8582806310174129,0.09571383858273896,0.20735499002867339,0.0344130747240041,0.08022012826935661,0.10286857918134183,0.03118419102985242,0.05955013379829487,0.18393608139957976,0.42556284727874427,0.058451426163849254,0.20491719514489679,0.35267666776658185,0.022268558910925093,0.037162989716594715,0.05179137359971151,0.07587393545834961,0.03864775240364628,0.05369732502216478,0.02622490084200255,0.11684342899496422,0.06272858970111066,0.024091523594672475,0.09700122893283993,0.23616119642465658,0.01292703176358595,0.20012899365149509,0.03895620722520644,0.2916623854299461,0.3811755646177184,0.23512066567502288,0.0901274546474816,0.05953636275195273,0.08051523155178454,0.013357196695090286,0.3100015822994732,0.0898265710374009,0.018476780419483457,0.19006289954678088,0.045067093836315665,0.03947073153340727,0.16319909029087742,0.142350242890842,1.0000000000000002,0.01777041124436517,0.057673796552851875,0.0700710110861062,0.1218651451480438,0.12142264010851812,0.10449854589452294,0.5841596920998062,0.014957710510089692,0.3082689095278073,0.428427555029997,0.08128149839621973,0.22741128208833986,0.3792096313788038
Pujillay,0.051897460879611085,0.12584366704378708,0.20592645441320367,0.39104920163775353,0.01884374468243836,0.06310757551873157,0.5087893271598718,0.2702032120096393,0.4347159789127478,0.3488477831433864,0.08821600416384913,0.3283345359537233,0.08413609713689799,0.09488172377280817,0.16872141727269607,0.17579967814195452,0.24104342512139845,0.2929915634547576,0.1966280372763487,0.37483854902412833,0.22442858041537112,0.36112870652638435,0.13834396735091697,0.13753818689313005,0.08888675712779698,0.16937944971130794,0.0057129041895502735,0.2767102607655006,0.19735389168786405,0.42541729629546676,0.2387765235133562,0.06619802092417872,0.16660969050805968,0.04179893003612911,0.2912618346109648,0.04005009382641739,0.1851876451737943,0.23476796693596025,0.24556225665521283,0.32440317216007236,0.07511975366701254,0.12376859875148183,0.4505629530588116,0.5355714408328697,0.35623074155504036,0.013113060550089024,0.017952241326397004,0.1376946419588911,0.336144307138002,0.18528472903266294,0.21861627513589715,0.08044484113544402,0.02363915514243482,0.07721471300166598,0.09714163691578598,0.06608574722601195,0.13696066522257958,0.19337998923370295,0.06739184544707903,0.15265417589911795,0.2957970344973176,0.12496491648885485,0.19666151082997907,0.01777041124436517,0.9999999999999999,0.34065186957676313,0.18445086590279977,0.09523273507672689,0.06741937696405273,0.07213699428881296,0.15241801371657737,0.05175454236784331,0.16563776141713202,0.10404878239947973,0.22085383892622013,0.273469612188945,0.23407771879534342
Ricardo Meruane,0.022891070534378388,0.3127790609187729,0.02625936713404504,0.32278623028075126,0.1279441523344154,0.11411739073648511,0.35789758514840647,0.08007018382675057,0.20251264559740834,0.33713446975264916,0.1534793746333914,0.3079637506867939,0.0935303729847285,0.24666724778996554,0.09142325442171559,0.32021032562278784,0.4607039380064386,0.6858483115706834,0.4470804735206584,0.39148918505396657,0.16732640278639355,0.10444788163220284,0.42186516593695134,0.1193041176195369,0.00414206595849162,0.21561184626848323,0.48419658351325373,0.04648035811732492,0.21848949439510879,0.2124246584236372,0.11945806360143643,0.018084495069884233,0.11021229371987966,0.06978240006512063,0.06350447671818384,0.0241452346999254,0.3365601444918594,0.2875057748349706,0.3618647000606785,0.504519866163206,0.005868265044726833,0.4054619062175603,0.24457655222998131,0.27544617451160897,0.276578259768848,0.08349864718971566,0.010839237898549113,0.449394503258278,0.3304101276241988,0.2740085316650982,0.04367933968400039,0.006314959849260223,0.08821584853527988,0.010074498160437798,0.20498442304505396,0.38502599011714317,0.1336285654799497,0.04620298170426406,0.20154088225774286,0.07873361495365526,0.14247119460771482,0.11028877862522071,0.5221808570523443,0.057673796552851875,0.34065186957676313,0.9999999999999997,0.3856945658590958,0.14537055644411415,0.0,0.15451647767807902,0.24466553479732805,0.13369520128513812,0.3601204259983631,0.1320993413765553,0.22273068802629678,0.4534681344409962,0.32155903385319057
Rodrigo González,0.2666156248726398,0.47460437234288166,0.27742185959999766,0.5224121749452171,0.08952084447772282,0.19982959982908635,0.3425416234191679,0.19890016705764918,0.28817524749883966,0.04183563894084859,0.37065154503875913,0.33366535339486403,0.3285033894058839,0.29750593377487466,0.6351749251259192,0.26703222146332506,0.31346936313317836,0.08845919638238624,0.6399797772518077,0.046898821984029816,0.1920533613242857,0.3998845443151236,0.5849276384785169,0.16507280597355492,0.4191591088084079,0.3846078492797852,0.015311361945973727,0.41784806509591377,0.41390369732857824,0.3312736390159926,0.23148425334951864,0.2463997892797934,0.18039547206113915,0.17972675136155597,0.13599741228708367,0.19343011491247206,0.2769561488865911,0.5466828336486933,0.26808993519119606,0.41645392437373024,0.5132765816822673,0.29929985052577357,0.35959984672618045,0.2535565072187957,0.5240260313071483,0.17652603097181963,0.07474615449316066,0.5803977172312124,0.4940064469565672,0.3950268745431186,0.2694059662487836,0.38355862358531395,0.2277291533124698,0.33379572283746833,0.24392874241268755,0.36523354783107426,0.2955117851153574,0.12966905625239772,0.3418770715350583,0.3126308159911509,0.38505850306530326,0.41438214372498366,0.6565404688569911,0.0700710110861062,0.18445086590279977,0.3856945658590958,0.9999999999999999,0.5508377070862113,0.40256203014618513,0.31043826100463123,0.20558492412658488,0.18805876195582621,0.5280419213096523,0.4046005064188299,0.22653009366694363,0.33374118839250616,0.2505066922004236
Rodrigo Villegas,0.13572506604711795,0.3072754470392406,0.18493595629544113,0.3540509049525075,0.12920234587622745,0.032313251911312235,0.11409992953347768,0.16628223153483343,0.34679337617190853,0.02319117723107021,0.39546350704367794,0.22115748081289024,0.5712041858807593,0.12730984614500104,0.4708898040675657,0.3741411177567227,0.27355590814405617,0.14143799134519128,0.37287494489282597,0.039593994256335606,0.0786986003171309,0.22782736441691367,0.34321322637088714,0.41321425154954566,0.29912055949827515,0.4615061933893796,0.01682336539193565,0.2032006401845351,0.5610246605153714,0.27328595341650475,0.2698108997594959,0.32264478743734987,0.3014783832031315,0.12130460297784158,0.1282409293365078,0.08123015415357901,0.3710081132453325,0.18477882139724175,0.2629033366672495,0.24182277248267428,0.4861705182470058,0.17566077283621082,0.35754496513593337,0.29943815207842595,0.5857433139130066,0.04466221576061341,0.047695176053404696,0.2873969360761598,0.564239362466555,0.607490961095682,0.47589329115824025,0.47190508193556807,0.473425843782778,0.05972436710235546,0.1725764075725407,0.3155138465386954,0.20806399060450187,0.045744972343947754,0.19572506708149356,0.4284851480962708,0.4073260214962495,0.7508928036109014,0.2875603180530362,0.1218651451480438,0.09523273507672689,0.14537055644411415,0.5508377070862113,1.0,0.4277230781497219,0.39062261698417633,0.2755621659307181,0.15136402345620192,0.5353001933643743,0.3652814120398677,0.181305766233762,0.44891512908189546,0.23056939204643156
Rudy Rey,0.05921593499111577,0.10969149794048708,0.031883227743412894,0.0965639331910698,0.0014496160936603411,0.03252155971928342,0.1801391832760733,0.042736768333653447,0.5966032470342981,0.0007001593112001077,0.012505700896442543,0.038623056156718086,0.12381323402952443,0.034851026296188914,0.6693566531993167,0.17182297408450498,0.10237465710537809,0.09202940713637106,0.4487827681741196,0.026567220401159494,0.07467511422394309,0.2848977052551118,0.3617838848377436,0.05553051059019283,0.9103657401833507,0.3351820723461828,0.015560527820952214,0.20555720787770998,0.20747506492496598,0.2570291109801333,0.23540863413032392,0.05621840895556509,0.18686687268343458,0.052503784576930945,0.05648380195546196,0.04670573132681807,0.2226165606911179,0.12659018946368242,0.023758885385871172,0.016923336211124244,0.8355494985791361,0.014247730755111633,0.00596119563440867,0.044393451247489266,0.285532250304414,0.01869028336605358,0.012140779730079225,0.134407072460894,0.6524559468331957,0.22222935859547083,0.4934375919890544,0.35051481491873104,0.1016848976222966,0.5430925467255161,0.07678937595297654,0.07174237424035024,0.006709674131809175,0.03200007914235863,0.5023836472452171,0.042485729863272884,0.03318301585770123,0.4125798740221762,0.1354191045423032,0.12142264010851812,0.06741937696405273,0.0,0.40256203014618513,0.4277230781497219,0.9999999999999999,0.14345852912824375,0.039575806375336746,0.021403572365496726,0.2270170690455136,0.19192979322663994,0.05117931358910984,0.29794456110570877,0.21501150965632254
Ruperto,0.10148993715643002,0.038585225967856296,0.18188152480726086,0.401906214700763,0.8358666173500717,0.3291908295587326,0.06432360981444295,0.03639561042715569,0.14387049481656955,0.10035511387999946,0.05029106563587153,0.1728970300715396,0.43768479698448837,0.10279261163238987,0.22276373225144624,0.5618271250889829,0.19886657423039358,0.09715030971499043,0.2643017042264615,0.04585706326444301,0.15310960109497204,0.24627227598724438,0.13754366236448892,0.08064185496695667,0.1402415917763759,0.6896836152454661,0.004729349433721926,0.47675674470805013,0.5751267384267105,0.17353359917841507,0.059338817428457195,0.2419315897488164,0.39901479093759706,0.4272513068131461,0.03565364240972621,0.05769530564989412,0.4300183090455996,0.08616846145208507,0.1481236598727348,0.08660067406130247,0.3128571306914145,0.18661097512314273,0.15205018311864169,0.18877135064807107,0.3183246968063374,0.056718941211340336,0.09485539355699303,0.045483217799804444,0.35071256417160274,0.3995113554579197,0.197939681404544,0.4616351021376239,0.057855938737562236,0.035855538211771766,0.026034868130366085,0.19459839095855683,0.014617068100333506,0.035160747568085605,0.3751168049194964,0.16854989432131462,0.026145077219676575,0.49044297125130476,0.11828974521139804,0.10449854589452294,0.07213699428881296,0.15451647767807902,0.31043826100463123,0.39062261698417633,0.14345852912824375,0.9999999999999999,0.21048971959882015,0.03425080991251319,0.38439061760594107,0.6437216953022143,0.09297595197180701,0.37438326533816396,0.09559177328025563
Sandy,0.24358042612621397,0.09581850722007762,0.23712874565496697,0.35440612112651815,0.14224252171697185,0.11935670469778097,0.11822480045375414,0.3972690303680273,0.5380143753309989,0.05091573185090995,0.39871378368973337,0.2984454003018954,0.14478362162570788,0.3340238313527826,0.1144350195196309,0.37688613849443886,0.515856473280388,0.17861366629539696,0.31434201475519713,0.3203800113126737,0.5688333127278542,0.32157635024658626,0.19684218293083233,0.1826916360118671,0.06905473260570993,0.10699622208575711,0.004167950932821067,0.0908713329631328,0.18313017137598303,0.4653027050259224,0.10022350127646301,0.17845406981359213,0.2420494115510383,0.17045604133769351,0.09942024873877198,0.1783577311047784,0.3859151314603398,0.2523892121807204,0.40137517831826525,0.24869956820050185,0.10441247752258336,0.3833512518471078,0.1439241266042847,0.1947939190429458,0.3953934690732841,0.17187342211578643,0.1960034423421803,0.1578467522108173,0.24034189123657757,0.3753391288784287,0.04453691459311025,0.13140961247338898,0.04599263687588704,0.1799102106506397,0.0624384067062674,0.4626925307159434,0.11482121480596484,0.19780390467476427,0.2797422085594629,0.18356689747423252,0.2999841163064069,0.29192757701984146,0.25811450841530387,0.5841596920998062,0.15241801371657737,0.24466553479732805,0.20558492412658488,0.2755621659307181,0.039575806375336746,0.21048971959882015,1.0,0.34310152665199534,0.25899063577971754,0.3472195474863543,0.3229543656052425,0.5582629242165171,0.4740832689338725
Sarah Sanders,0.5109552431048374,0.04969190906735966,0.3931591044695909,0.301899605586938,0.06581603431698116,0.5023047838509577,0.1263819711207725,0.10964955941031747,0.0656584702626781,0.03162271290770968,0.09128344755898579,0.17472356839584266,0.03132381102033632,0.5353464033019841,0.17057070377093683,0.05665511329033853,0.5350316108458765,0.04284508623670931,0.2557751960174579,0.10238680265105868,0.03896584155972558,0.20685675387742,0.09236061980118565,0.08266647943614895,0.04270222774659821,0.02290248094360554,0.013053578221039962,0.009569533515044018,0.13670025032754052,0.13250556950096343,0.10696891509777591,0.024002787993560832,0.026903461630024852,0.15093078666749185,0.4437480781140664,0.520198063508669,0.27849137466478946,0.36202803565184455,0.3652918561099316,0.18947923999495137,0.015679121099670203,0.08844820723847079,0.06841097686758385,0.11925157018028083,0.1979841269370824,0.23811510202618216,0.11430998268153258,0.20667046341398113,0.11093893630094705,0.22498464660712222,0.023584301619285146,0.011460733967383833,0.1123127291465673,0.01682214291727665,0.09090254747124893,0.25322275977206965,0.14702607554361233,0.03956282039333866,0.05688083856278208,0.05271453583591166,0.2300136008586422,0.213349406652801,0.25373903755863886,0.014957710510089692,0.05175454236784331,0.13369520128513812,0.18805876195582621,0.15136402345620192,0.021403572365496726,0.03425080991251319,0.34310152665199534,1.0,0.06584219855218522,0.12325783525052728,0.4128711957590413,0.3855302958625192,0.314306654759176
Sergio Freire,0.20110945453040066,0.15294940969392276,0.21901238687164398,0.34441834693735623,0.26222712441101537,0.16715884217920715,0.3221200795774634,0.1826021803279283,0.24912275986699878,0.2915150750551076,0.4683112614551305,0.41045261998226895,0.16408068608401727,0.16691798861391727,0.334996263976784,0.24007893819202925,0.31257210321934265,0.08500407768477428,0.6021484301640527,0.07718192822012368,0.35320347877765046,0.15356106763162725,0.6025212836275144,0.16161303732541465,0.17185506749882679,0.513114840603545,0.014976702426598223,0.2956643705945813,0.25591046674809137,0.3133908622679805,0.29234672285489005,0.07752132647365993,0.39858710412991,0.2767390488286391,0.10767764463090251,0.0906451655329772,0.32522910645008846,0.12038117112714442,0.41610310555114505,0.3615266484554093,0.19107473772688358,0.2824793912477831,0.3993206621566173,0.2968512017739279,0.5774336882947096,0.054260665449117965,0.03722476089893511,0.39612728907460043,0.3842337689408258,0.2690549406260733,0.2932827773491554,0.2814663355269095,0.06945884238596271,0.06161427594400856,0.36361384246103545,0.4270926039426589,0.1800201972993821,0.10241672920450949,0.11406329808550651,0.23686208495965883,0.4073060355048917,0.2981820925778485,0.4253209831231947,0.3082689095278073,0.16563776141713202,0.3601204259983631,0.5280419213096523,0.5353001933643743,0.2270170690455136,0.38439061760594107,0.25899063577971754,0.06584219855218522,1.0000000000000004,0.4696261653535535,0.1850597754165026,0.30405328073827936,0.2882392971219327
Stefan Kramer,0.24621540236783768,0.16753655947884658,0.14268294961124023,0.5747981216243085,0.6044036713981364,0.26278572318569493,0.2407665346324135,0.2774150992869276,0.27730683499987524,0.09079112801338518,0.293804718532125,0.4525110617611439,0.47435037293493704,0.0955721312881048,0.4953981126784849,0.25381205895693004,0.37832397090089237,0.06689303591585305,0.4039717089321705,0.102208344447039,0.49598807144000034,0.22119955104367325,0.46629850016551555,0.23643992231737146,0.2121997055141554,0.6041164563074968,0.00789175968685688,0.270435524333604,0.6634538809164973,0.4115001910018272,0.4022204425915629,0.26312192544290736,0.6048283547009018,0.57950418830408,0.1004188914700215,0.1255764691852328,0.24609693588532294,0.4228826945443816,0.3231742966452675,0.19761241458924797,0.318989132378889,0.12660084954618342,0.17489781373497867,0.2813593429350147,0.4531158429012136,0.07412432364892066,0.13721956328165794,0.2621519560506483,0.398746792447433,0.4125469129762346,0.25632393483323135,0.5639092839939484,0.37424609037829354,0.10124811387466738,0.3236660819732641,0.3789287703090447,0.09314530411075274,0.10866109853131546,0.17124450860787402,0.3388085015808227,0.14816225676896333,0.5446650405632756,0.495774082799631,0.428427555029997,0.10404878239947973,0.1320993413765553,0.4046005064188299,0.3652814120398677,0.19192979322663994,0.6437216953022143,0.3472195474863543,0.12325783525052728,0.4696261653535535,1.0,0.2114326685028096,0.3709380119340944,0.29593067340515716
Zip-Zup,0.4336657890713653,0.17777744442618765,0.5784719344032797,0.3793069937982076,0.04639177385707439,0.09924469123403765,0.1425639092352728,0.5705534418803245,0.1835240201968808,0.038993182900518536,0.1249655659590583,0.41970050243487333,0.072610409816256,0.6718309964070712,0.29518966136388625,0.21829994156325414,0.567453244579738,0.25967803477892726,0.223344404360333,0.4171290854836008,0.1454974893940616,0.39546356027993596,0.25699660060413176,0.08867493059814865,0.047793289202368604,0.08447389837001516,0.3539307633302349,0.32276798765949616,0.23818177199866022,0.3173441373337962,0.4066715600657549,0.2028640782234578,0.4384777731234488,0.21157503359674465,0.32193794907441914,0.10956001406958074,0.33379895538488064,0.2451767169405148,0.39074207343274187,0.21768067417337875,0.011073549800910572,0.15199238349110758,0.20597569959826592,0.3489848020905935,0.3644239591526192,0.061443452356866615,0.39322419735581776,0.269047828999499,0.22956308349423046,0.34183621857124413,0.2747754367014923,0.16477590088901484,0.047791818938474076,0.026241931510630916,0.5102115534010193,0.15359425129828774,0.2558022278131066,0.0569736464213629,0.05377136390538906,0.25759287733238806,0.3631365678163825,0.22197436707884335,0.21380377737640713,0.08128149839621973,0.22085383892622013,0.22273068802629678,0.22653009366694363,0.181305766233762,0.05117931358910984,0.09297595197180701,0.3229543656052425,0.4128711957590413,0.1850597754165026,0.2114326685028096,1.0,0.3386292699959066,0.21518776644427515
Álvaro Salas,0.27532237844638396,0.23461986192457499,0.2951569580157987,0.5546782993442805,0.34301516582871444,0.17997898406914892,0.238190491313436,0.35959304657799274,0.43700838003826376,0.1320232657617017,0.34547366220254944,0.5343397351000312,0.26758064753680944,0.2717570448251719,0.36812525387713646,0.7011446450155452,0.7334013183928,0.24014424950411978,0.3880007356818105,0.36260121501157144,0.27282439598649083,0.208763307064757,0.47236981565223674,0.30673345276995956,0.3785717575046982,0.2702737845396774,0.02295197021351647,0.2164111155463347,0.456712175217581,0.5061598336104534,0.4089733609063137,0.20988301284057106,0.5060333525647374,0.36648478264403567,0.2069730413353418,0.1940012129152718,0.47710448202576167,0.39529029359940454,0.3967792653663551,0.44069128184209405,0.2382526724078157,0.5680203180899813,0.28330598356213166,0.47008743509452855,0.5504570937598768,0.18740803023112004,0.29438126080368293,0.3045233719662527,0.3378708338605917,0.5556787600635931,0.3338857762298118,0.18320914327106613,0.21854656504102732,0.23691738806363138,0.3101838255689604,0.6390480106655154,0.17987366011301778,0.15261750236202382,0.6045369605433921,0.41398415620603735,0.250127305686535,0.4983008067019553,0.370959008152008,0.22741128208833986,0.273469612188945,0.4534681344409962,0.33374118839250616,0.44891512908189546,0.29794456110570877,0.37438326533816396,0.5582629242165171,0.3855302958625192,0.30405328073827936,0.3709380119340944,0.3386292699959066,1.0,0.5584930301174333
Óscar Gangas,0.05795826871057405,0.014433059714060352,0.11359419730444616,0.44152307292043785,0.07601604969433196,0.02486566771481881,0.37025760678111186,0.06348115139918041,0.3391138263348893,0.14260698952855133,0.4000988712468731,0.18256661684301864,0.04432615043429656,0.07253925867887748,0.33465489925479114,0.3375797824223391,0.6501560459964142,0.2742375280820492,0.21057133092602606,0.38348062198466376,0.36922572491039424,0.22273604467217356,0.24034129827711095,0.2546100651643637,0.26086969313174935,0.19077108867650136,0.004030907306040657,0.11274284351488227,0.3166755818194623,0.5242738082621832,0.08082672032396647,0.2586989378507567,0.21965836847883735,0.06416037668391049,0.021475154474330665,0.05782084595783071,0.2558472137983803,0.44110703800642564,0.1278982764939891,0.4027574109841301,0.18278007974197433,0.2084567342699424,0.1028070835053417,0.4829553981015252,0.43253899415947106,0.024831531613361504,0.2717723076958341,0.08076989757543884,0.1887537707316364,0.2854211360249901,0.1714103200089972,0.023347145067948355,0.16364025631747006,0.24098424141100366,0.06738823853018693,0.6354773121823148,0.08485330801386282,0.04388666463788524,0.339620882390927,0.20549132035197248,0.13010617053656118,0.16546904030468956,0.39433271602607933,0.3792096313788038,0.23407771879534342,0.32155903385319057,0.2505066922004236,0.23056939204643156,0.21501150965632254,0.09559177328025563,0.4740832689338725,0.314306654759176,0.2882392971219327,0.29593067340515716,0.21518776644427515,0.5584930301174333,1.0
