segment_row_idx,n_topics_above_threshold,probability_mass_above_threshold,top1_topic_id,top1_topic_name,top1_p_topic,top2_topic_id,top2_topic_name,top2_p_topic,show,year,decade,topic_final,topic_name_final,text_preview,topic_prob_gap_top1_top2
2252,7,0.467550658784544,23,23_amante_marido_mujer_matrimonio,0.1114283475367899,7.0,7_vieja_suegra_abuela_abuelita,0.0790947404664562,Jorge Alís,2014,2010,11,11_hijos_mamá_papá_hijo,"ir a comer. So bueno que no iba a morfar. Está tu mamá y tu papá divino, la pasaron tan bien, un ejemplo de familia, mi familia. Mi mujer, Dios, ¿cómo no me voy",0.0323336070703337
820,6,0.562519967925813,6,6_quinta_vergara_público_quinta vergara,0.2013424126668902,14.0,14_ho_ho ho_aplauso_muchas,0.1098153904286786,Los Indolatinos,1999,1990,6,6_quinta_vergara_público_quinta vergara,"Buena leche en el corazón. Muchas gracias, mira al cine. Gracias. Juan. Chao. Muchas gracias. Juan Lucho. Muchas gracias. Adiós. Hola, hola. Juan Lucho, queremo",0.0915270222382116
1657,6,0.5973977789231808,6,6_quinta_vergara_público_quinta vergara,0.2405847316531558,14.0,14_ho_ho ho_aplauso_muchas,0.1043743995166445,Palta Meléndez,2007,2000,6,6_quinta_vergara_público_quinta vergara,De Juan Carlos Falcao Meléndez venciendo los miedos sobre este escenario con un público que recoge a través de sus aplausos sus buenos momentos de humor. Es así,0.1362103321365113
81,6,0.4735132413789541,17,17_natalia_chiqui_alison_javiera,0.1097092849327873,19.0,19_través_mar_viña_viña mar,0.1014010906331461,Gloria Benavides,1977,1970,6,6_quinta_vergara_público_quinta vergara,"Hemos regalado ya dos gaviotas con el corazón de nosotros, pero la gaviota de Viña del Mar la recibe Gloria Benavides esta noche. Y el director artístico del fe",0.008308194299641192
296,6,0.4514647123201044,14,14_ho_ho ho_aplauso_muchas,0.105624057649354,6.0,6_quinta_vergara_público_quinta vergara,0.0984164366517337,Hermógenes Conache,1991,1990,10,10_maestro_hora hora_ruperto_hora,"Si el jefe del mundo a Irene quién le habla. El mismo, señores. Nosotros, señores, debo de solucionar todos los problemas, señores. Que han venido Que han venid",0.00720762099762029
2639,6,0.5589692517307789,6,6_quinta_vergara_público_quinta vergara,0.1735645706190766,17.0,17_natalia_chiqui_alison_javiera,0.0938734540978821,Edo Caroe,2016,2010,6,6_quinta_vergara_público_quinta vergara,"Muchas gracias, viña. Un día sin reír es un día perdido. Lo dijo Charles Chaplin. ¿Y tú lo tienes? Tatuado en tu brazo izquierdo ha sido una noche extraordinari",0.0796911165211945
1431,6,0.5161472044019004,6,6_quinta_vergara_público_quinta vergara,0.1565734750945839,17.0,17_natalia_chiqui_alison_javiera,0.0885822952694369,Carlos García,2006,2000,6,6_quinta_vergara_público_quinta vergara,"invitó dijo: ""Sí"". Y realmente ha conquistado esta noche a todo el público de la Quinta Vergara y no se ha sorprendido no solo con su humor, sino que con su gra",0.06799117982514702
3202,6,0.6186409410250279,6,6_quinta_vergara_público_quinta vergara,0.2914002664422864,14.0,14_ho_ho ho_aplauso_muchas,0.0870056953351344,Bombo Fica,2018,2010,6,6_quinta_vergara_público_quinta vergara,"Algunos dicen, ""Sospechosa la hueva."" Pero para mí no es sospechoso. Para mí es claro y para la quinta Vergara es importante premiar este retorno a este escenar",0.20439457110715198
2527,6,0.5716030452335504,6,6_quinta_vergara_público_quinta vergara,0.2023540586850343,17.0,17_natalia_chiqui_alison_javiera,0.0867606874751598,León Murillo,2015,2010,6,6_quinta_vergara_público_quinta vergara,"Claro que sí, Andrés, talento, carisma, era tu primer noche y tienes las dos gaviotas en la mano, León. Lo lo dije, primero que todo, a la quinta, a la gente qu",0.11559337120987451
3048,6,0.5717897216936032,6,6_quinta_vergara_público_quinta vergara,0.206489257916221,14.0,14_ho_ho ho_aplauso_muchas,0.0858308051603563,"Juan Luis ""Jajá"" Calderón",2017,2010,6,6_quinta_vergara_público_quinta vergara,"eran 150.000 pesos, huevón. Así que agarré los lentes, lo hice mierda. Lo único que hacen los huevones es aumentar la deuda, huevón. Muchas gracias, buenas noch",0.1206584527558647
1510,6,0.5129126071030363,6,6_quinta_vergara_público_quinta vergara,0.1567809721491317,14.0,14_ho_ho ho_aplauso_muchas,0.0835541294392539,Coco Legrand,2006,2000,6,6_quinta_vergara_público_quinta vergara,"Realmente, te mereces con creces, Coco, por Dios que hay que aprender de ti, te lo decía. Te estaba observando denantes ahí y me emocionabas con la capacidad, l",0.0732268427098778
3000,6,0.5244208509272478,6,6_quinta_vergara_público_quinta vergara,0.179470912473203,17.0,17_natalia_chiqui_alison_javiera,0.0829326654592316,"Carlos ""El Mono"" Sánchez",2017,2010,6,6_quinta_vergara_público_quinta vergara,"Si el público agradece tu humor, es humor blanco, sencillo, familiar. Está Carlos, estás emocionadísimo. Hoy día cuando llegó a la Quinta Vergara te observé —tú",0.09653824701397139
2998,6,0.5253801859014677,6,6_quinta_vergara_público_quinta vergara,0.1715516556599801,17.0,17_natalia_chiqui_alison_javiera,0.0827676400781604,"Carlos ""El Mono"" Sánchez",2017,2010,6,6_quinta_vergara_público_quinta vergara,"Hay momentos, Carlos, el mono que no hay que decir nada, que solamente hay que escuchar. Hay momentos en que la emoción puede más que mil palabras. compadre. Us",0.0887840155818197
2478,6,0.5421742930317075,6,6_quinta_vergara_público_quinta vergara,0.2114137096940735,17.0,17_natalia_chiqui_alison_javiera,0.081623591346779,Huaso Filomeno,2015,2010,6,6_quinta_vergara_público_quinta vergara,"Hasta siempre, Villa. Fue la presentación del Guacito, del Guaso Filomeno. Que esta noche recibe todo el cariño y el aplauso de la Quinta Vergara. Roger Jara. R",0.12979011834729448
4464,6,0.6178904106099009,6,6_quinta_vergara_público_quinta vergara,0.2908866378000431,14.0,14_ho_ho ho_aplauso_muchas,0.0810598291495448,Juan Pablo López,2025,2020,6,6_quinta_vergara_público_quinta vergara,"Muy buenas noches, viña. Muchas pero muchas gracias. La quinta Vergara aplaude a un comediante extraordinario que tiene oficio. que siempre ha recorrido todo Ch",0.2098268086504983
3516,6,0.4084028006293962,22,22_verdad_agradecer_emocionado_quiero agradecer,0.0865013577833943,14.0,14_ho_ho ho_aplauso_muchas,0.0805736717922297,Mauricio Palma,2019,2010,6,6_quinta_vergara_público_quinta vergara,"¿Hay qué me acuesta? A las nalgas deme un bono, deme un bono. Son geniales. Pero bueno, la verdad es que esta noche va a ser una noche inolvidable. Gracias. Por",0.005927685991164597
380,6,0.428142094833185,19,19_través_mar_viña_viña mar,0.0935486646780272,17.0,17_natalia_chiqui_alison_javiera,0.0790809435822657,Julio Sabala,1994,1990,17,17_natalia_chiqui_alison_javiera,"Un gran artista, Julio Julio Zavala esta noche en Viña del Mar. Estará con nosotros, seguirá formando parte de este jurado. Le presentamos Estamos hace 5 o 7 añ",0.014467721095761499
3968,6,0.4432427909234234,6,6_quinta_vergara_público_quinta vergara,0.1162575281474693,19.0,19_través_mar_viña_viña mar,0.0785722215433908,Rodrigo Villegas,2023,2020,6,6_quinta_vergara_público_quinta vergara,"¿Qué significa? Gracias, señoras y señores, ha sido un momento espectacular, lo disfruté mucho, espero que ustedes también. Esto va a curar a mucha gente, mucha",0.0376853066040785
4130,6,0.4374333019760959,6,6_quinta_vergara_público_quinta vergara,0.1198471048721691,14.0,14_ho_ho ho_aplauso_muchas,0.0774961920961169,Luis Slimming,2024,2020,6,6_quinta_vergara_público_quinta vergara,"Una de las mentes fundamentales del stand up en Chile, un verdadero ideólogo de la comedia nacional. 13 años de esfuerzo, persistencia, vocación. Hoy tienen su ",0.0423509127760522
261,6,0.38711236065454346,14,14_ho_ho ho_aplauso_muchas,0.0773836078567383,19.0,19_través_mar_viña_viña mar,0.0767556816035096,Palta Meléndez,1991,1990,3,3_humor_quinta_quinta vergara_vergara,Y un abrazo y un mensaje de paz a todos los hermanos que están sufriendo ese conflicto salvaje. Gracias por acompañarnos. Un artista joven para consagrar defini,0.0006279262532287028
0,6,0.4263698437814996,19,19_través_mar_viña_viña mar,0.0931800643418342,17.0,17_natalia_chiqui_alison_javiera,0.0748980451954098,Edmundo Arrocet,1971,1970,3,3_humor_quinta_quinta vergara_vergara,"Por favor, oraciosos a ella. De inmediato, a continuación, vamos a presentar con ustedes este gran artista con su gran director de orquesta que se hace presente",0.01828201914642441
4103,6,0.414238635555787,23,23_amante_marido_mujer_matrimonio,0.1055446368659679,24.0,24_amor_dije_pa_pa pa,0.0748929866293581,Luis Slimming,2024,2020,0,0_presidente_país_huevón_pesos,"que esté soltero, parece. Oye, yo esa cuestión la predije el año pasado y no había que ser Vanessa Arostegui tampoco, si era cosa de mirarla nomás, po. Ahí me d",0.030651650236609804
4104,6,0.4503895490453342,19,19_través_mar_viña_viña mar,0.1250148323206379,3.0,3_humor_quinta_quinta vergara_vergara,0.0745943603126424,Luis Slimming,2024,2020,5,5_colegio_niños_papá_hijo,"Gracias. Una cosita bonita que tuvimos el año pasado en Chile fueron los panamericanos, ¿cierto? Bonitos los panamericanos, nos dejaron al few, ¿cierto? Pueden ",0.0504204720079955
444,6,0.4046641536106235,6,6_quinta_vergara_público_quinta vergara,0.0977667607810421,17.0,17_natalia_chiqui_alison_javiera,0.0740766806108834,Gloria Benavides,1995,1990,3,3_humor_quinta_quinta vergara_vergara,"Y esta noche tenemos una serie de sorpresas en el escenario de la Quinta Vergara. Cuando la juventud se reúne, cuando miles y miles de jóvenes se dan cita en el",0.023690080170158695
41,6,0.4008909489843762,23,23_amante_marido_mujer_matrimonio,0.0853816768909281,24.0,24_amor_dije_pa_pa pa,0.073570788809612,Hugo Goodman,1974,1970,5,5_colegio_niños_papá_hijo,"leyendo que Elizabeth Taylor nuevamente se divorcia. ¡Qué chinguelhuechona, ¿no?! Se ha casado tantas veces que el vestido de novia que usa: ""Watch and Wear"". E",0.011810888081316098
2051,6,0.4189285762593289,23,23_amante_marido_mujer_matrimonio,0.1120285624071815,24.0,24_amor_dije_pa_pa pa,0.0735692733343339,Hermógenes Conache,2013,2010,20,20_hermana_fea_curado_marihuana,"enchanta en la televisión. El curado lo fue a ver, po. Va entrando el curado así y justo venía saliendo él. Y a la madre ideólogo. Lo miró, le dijo, ""Uh."" Le di",0.0384592890728476
2259,6,0.6331117257275787,6,6_quinta_vergara_público_quinta vergara,0.3291902819939966,14.0,14_ho_ho ho_aplauso_muchas,0.0733321236258314,Jorge Alís,2014,2010,6,6_quinta_vergara_público_quinta vergara,Un comediante que con talento y con trabajo ha conquistado a este monstruo cariñoso de la Quinta Vergara a un público entusiasta. Él tuvo el coraje de decir sí ,0.25585815836816517
3418,6,0.3778225131468445,14,14_ho_ho ho_aplauso_muchas,0.0889943071871915,22.0,22_verdad_agradecer_emocionado_quiero agradecer,0.0717292025139256,Felipe Avello,2019,2010,8,8_anthony_amas_your_you,"Uh, me mataste con esta. Iluminemos esto. Celulares. Celulares, aunque no tengan minutos es por la luz. Aunque el plan no le falle, ¿qué pasa ahí adelante? Apor",0.01726510467326589
2723,6,0.43463267309965287,17,17_natalia_chiqui_alison_javiera,0.1548996244751442,6.0,6_quinta_vergara_público_quinta vergara,0.0690453572443947,Natalia Valdebenito,2016,2010,17,17_natalia_chiqui_alison_javiera,"Su primera gaviota de plata. Sí. Que pero, ¿qué pasa? ¿Qué pasa? ¿Qué pasó? Con con Carola Basta. Con Carola Basta. Usted está estupenda. Sí, con retención. No.",0.08585426723074949
1430,6,0.42927451354000523,6,6_quinta_vergara_público_quinta vergara,0.1235645224837076,14.0,14_ho_ho ho_aplauso_muchas,0.0688839185977743,Carlos García,2006,2000,6,6_quinta_vergara_público_quinta vergara,"O sole, o sole mío. Gracias, Villa. Qué presentación de Carlos García. Qué hombre valiente, qué artista valiente cuando se le",0.05468060388593329
675,6,0.3757432487359226,22,22_verdad_agradecer_emocionado_quiero agradecer,0.0778771635015061,21.0,21_buenas noches_noches_buenas_pecadora,0.0675066610376398,Pancho del Sur,1997,1990,4,4_chileno_chile_argentino_chilenos,"¡Ah! ¡Eh! Esto póngale más alto, dice. Arriba, arriba, arriba, arriba, arriba, la mano chiquillo. A pasarlo bien con lo popular. Esto va. Por favor. Muchas grac",0.010370502463866296
2126,6,0.35426780790056167,22,22_verdad_agradecer_emocionado_quiero agradecer,0.072361930919762,21.0,21_buenas noches_noches_buenas_pecadora,0.0645244018871454,Nancho Parra,2013,2010,1,1_canción_almas_cantar_vivo vivo,"Cansó la plata para para entrar de abajo. Muchas gracias. Un, dos, tres. La pan fuerte. Más fuerte. Estaba la rana sentada cantando debajo de la Debajo de la De",0.0078375290326166
3087,6,0.3644362772945102,22,22_verdad_agradecer_emocionado_quiero agradecer,0.0751263560128861,10.0,10_maestro_hora hora_ruperto_hora,0.062888527540835,Rodrigo Villegas,2017,2010,15,15_hombres_mujeres_mujer_hombre,"¡Gracias! Gracias, buenas noches. ¿Dónde vas? No te muevas. Vuelve al centro del escenario, Rodrigo Viñaza. Porque este es un hombre que se jugó todas y literal",0.012237828472051099
383,6,0.3694547211437913,19,19_través_mar_viña_viña mar,0.0729654887172697,22.0,22_verdad_agradecer_emocionado_quiero agradecer,0.0617393696069425,Julio Sabala,1994,1990,3,3_humor_quinta_quinta vergara_vergara,Quiero decirles a todos después de estar en este hermoso lugar que es un paraíso y muy parecido de donde vengo. Decir una frase que viene como anillo al dedo. D,0.011226119110327198
548,6,0.3821148269460165,23,23_amante_marido_mujer_matrimonio,0.1127245890837918,7.0,7_vieja_suegra_abuela_abuelita,0.0599773266692558,Los Indolatinos,1996,1990,5,5_colegio_niños_papá_hijo,"La señora le dice al marido, ""Jorge, tengo que hiciste algo, pero no te hayas enojado. Dime no más, po. El hijo que estoy esperando yo, no es tuyo, es del vecin",0.052747262414536006
85,6,0.3586441441126151,19,19_través_mar_viña_viña mar,0.0869058609113206,14.0,14_ho_ho ho_aplauso_muchas,0.0571451541300282,Edmundo Arrocet,1978,1970,3,3_humor_quinta_quinta vergara_vergara,Y siguen los éxitos en Viña del Mar. Hay un artista que hace 4 años se llevó el aplauso de ustedes. Él triunfó en este escenario. Llevó su arte fuera de Chile. ,0.029760706781292404
3317,5,0.4626877397033473,6,6_quinta_vergara_público_quinta vergara,0.1525377473362928,14.0,14_ho_ho ho_aplauso_muchas,0.1404342227356004,Stefan Kramer,2018,2010,6,6_quinta_vergara_público_quinta vergara,"Gracias. Hasta siempre. Gracias, Piña. Hasta siempre. La presentación de Stefan Kramer recogiendo todos los aplausos y todo el cariño del público de la Quinta V",0.012103524600692389
3146,5,0.5057558004144427,6,6_quinta_vergara_público_quinta vergara,0.1795213792069405,14.0,14_ho_ho ho_aplauso_muchas,0.1395587773098016,Bombo Fica,2018,2010,6,6_quinta_vergara_público_quinta vergara,"Muchas gracias, muchas gracias a todos. Fuerte el aplauso para este tremendo actor chileno, el señor Willy Benítez. Vuelve este escenario después de 35 años de ",0.039962601897138905
4251,5,0.5618078699410799,6,6_quinta_vergara_público_quinta vergara,0.2301945541104678,14.0,14_ho_ho ho_aplauso_muchas,0.134981336562584,Alex Ortiz,2024,2020,6,6_quinta_vergara_público_quinta vergara,"Gracias. Gracias por el apoyo. Gracias por la buena onda, por sus risas. Soy Alex Ortiz. Nos vemos por ahí. Tóquelo mucho. Muchas gracias, De San Francisco a la",0.09521321754788381
4256,5,0.4978445111572831,6,6_quinta_vergara_público_quinta vergara,0.1850216214143277,14.0,14_ho_ho ho_aplauso_muchas,0.1331601529133461,Alex Ortiz,2024,2020,6,6_quinta_vergara_público_quinta vergara,"Un comediante que se consagra en la Quinta Vergara. Muchas gracias, amigo, los quiero mucho. ¡Sencito! Y después de 10 años hoy día lo vemos llegar a lo más alt",0.05186146850098161
3142,5,0.5264420722356402,6,6_quinta_vergara_público_quinta vergara,0.2150908241136079,14.0,14_ho_ho ho_aplauso_muchas,0.12944385926948,Bombo Fica,2018,2010,6,6_quinta_vergara_público_quinta vergara,"Es el gran Willy Benítez. ¡Ahí está! Muy bien, un fuerte aplauso para él. Hola, ¿qué tal? Excelente, eso era. Quiero que le demos un fuerte aplauso a mi valet. ",0.0856469648441279
4480,5,0.4748498017111235,6,6_quinta_vergara_público_quinta vergara,0.1722710197581603,14.0,14_ho_ho ho_aplauso_muchas,0.1246395889454926,Juan Pablo López,2025,2020,6,6_quinta_vergara_público_quinta vergara,"Maciza, tremenda la presentación de este comediante. Juan Pablo López se despide de Piña 2025. Gaviotas de plata, gaviotas de oro se lleva Juan Pablo López desp",0.04763143081266771
1710,5,0.4384724538386618,6,6_quinta_vergara_público_quinta vergara,0.1481704955223066,14.0,14_ho_ho ho_aplauso_muchas,0.1231588155673007,Stefan Kramer,2008,2000,6,6_quinta_vergara_público_quinta vergara,"Antorcha de Plata. A dormir porque ya está. Bueno, ahí nos vamos. Roncolita con una una piscolita. Bueno, tenemos la Antorcha de Plata. Tenemos la de Oro. Está ",0.025011679955005903
3304,5,0.4689163666775303,6,6_quinta_vergara_público_quinta vergara,0.1829053285903198,14.0,14_ho_ho ho_aplauso_muchas,0.118659217749219,Stefan Kramer,2018,2010,6,6_quinta_vergara_público_quinta vergara,Hasta pronto. Muchas gracias a todos ustedes. La participación de una de las estrellas más brillantes que hemos visto en los últimos meses en nuestro país. Mile,0.0642461108411008
1696,5,0.4673519433169951,6,6_quinta_vergara_público_quinta vergara,0.1777111252145429,14.0,14_ho_ho ho_aplauso_muchas,0.1184893919743642,Stefan Kramer,2008,2000,6,6_quinta_vergara_público_quinta vergara,"La participación de una de las estrellas más brillantes que hemos visto en los últimos meses en nuestro país. Miles, cientos de personalidades solo en un alma y",0.05922173324017871
1714,5,0.4608696422547357,6,6_quinta_vergara_público_quinta vergara,0.1751720049004575,14.0,14_ho_ho ho_aplauso_muchas,0.1176118787935544,Stefan Kramer,2008,2000,6,6_quinta_vergara_público_quinta vergara,"Quiero cantar, pero por qué me cierran? Hasta siempre. Gracias, hasta siempre. La presentación de Stefan Kramer recogiendo todos los aplausos y todo el cariño d",0.0575601261069031
3626,5,0.5382653858542847,6,6_quinta_vergara_público_quinta vergara,0.2511765659567594,14.0,14_ho_ho ho_aplauso_muchas,0.1152712528036685,Ernesto Belloni,2020,2020,6,6_quinta_vergara_público_quinta vergara,"insegura. Ernesto Beloni se suma a la lista de triunfadores de los comediantes... ¡Muchas gracias!... en Viña del Mar y ahora celebrar como Che Pe te manda, Ern",0.1359053131530909
2442,5,0.425713628128893,6,6_quinta_vergara_público_quinta vergara,0.1265786386147914,14.0,14_ho_ho ho_aplauso_muchas,0.1145541502120768,Centella,2015,2010,6,6_quinta_vergara_público_quinta vergara,"De este humilde y gran humorista Santella en la quinta para acá. Acompáñenos, venga para acá, por favor, no se vaya. Debutando en este escenario que ha sido un ",0.012024488402714612
3314,5,0.4489759899844262,6,6_quinta_vergara_público_quinta vergara,0.1616599878488069,14.0,14_ho_ho ho_aplauso_muchas,0.114423222993546,Stefan Kramer,2018,2010,6,6_quinta_vergara_público_quinta vergara,"Qué grande Stefan Kramer. Ven, ven para acá, Stefan. Stefan Kramer. Ven para acá. Ven para acá, Stefan. Tremendo show, tremendo artista. Gracias, talento, recib",0.04723676485526089
1711,5,0.44466222371724873,6,6_quinta_vergara_público_quinta vergara,0.1596176987994585,14.0,14_ho_ho ho_aplauso_muchas,0.1132602647424919,Stefan Kramer,2008,2000,6,6_quinta_vergara_público_quinta vergara,"Últimos minutos de humor de Esteban sobre este escenario. Falta Meléndez, quien estuvo el año pasado también con nosotros, aplaude de pie. A Esteban Kramer. ¿Va",0.0463574340569666
670,5,0.4838305574845712,6,6_quinta_vergara_público_quinta vergara,0.2001233831268867,14.0,14_ho_ho ho_aplauso_muchas,0.1091101377006569,Palta Meléndez,1997,1990,6,6_quinta_vergara_público_quinta vergara,"Nos alegramos por el Falcao, nos alegramos por el festival. Nos vamos a separar de un instante para llegar a la parte final de esta noche donde todos más Falcao",0.09101324542622981
467,5,0.5102232131173362,22,22_verdad_agradecer_emocionado_quiero agradecer,0.222864441702929,21.0,21_buenas noches_noches_buenas_pecadora,0.1067508572923933,Gloria Benavides,1995,1990,22,22_verdad_agradecer_emocionado_quiero agradecer,"Yo no lo quiero dejar. Hoy mi función yo aquí y me siento muy feliz. Mis amigos me acompañan. El show llegó hasta aquí Y somos amigos de la ilusión, unidos para",0.1161135844105357
3212,5,0.4337508817463237,19,19_través_mar_viña_viña mar,0.150013715884973,3.0,3_humor_quinta_quinta vergara_vergara,0.103236135678934,Bombo Fica,2018,2010,17,17_natalia_chiqui_alison_javiera,"Gracias a ti, Bombo, tremendo espectáculo y así Bombo Fica cierra la primera de seis noches de humor que tendrá, por supuesto, Viña 2018. Muchas gracias, Bombo ",0.046777580206039004
1165,5,0.41563737440626913,6,6_quinta_vergara_público_quinta vergara,0.1271714852422552,14.0,14_ho_ho ho_aplauso_muchas,0.101964779884501,Vanessa Miller,2003,2000,6,6_quinta_vergara_público_quinta vergara,"El aplauso para Vanessa Miller, la nana argentina, Bárbara Pelorri, que esta noche tuvo en Viña del Mar. Entrégale la medalla, por favor.",0.025206705357754183
939,5,0.4867496747786366,6,6_quinta_vergara_público_quinta vergara,0.1944160621983301,14.0,14_ho_ho ho_aplauso_muchas,0.0983859232014731,Memo Bunke,2000,2000,6,6_quinta_vergara_público_quinta vergara,"Un artista Vergara. Este es el humor musical de un hombre de la calle que se paró en el escenario más importante de Chile y América. Recuérdelo, su nombre Memo ",0.096030138996857
928,5,0.38768613487636533,6,6_quinta_vergara_público_quinta vergara,0.1167161664391233,14.0,14_ho_ho ho_aplauso_muchas,0.0968202040635987,Memo Bunke,2000,2000,6,6_quinta_vergara_público_quinta vergara,El aplauso grande y cariñoso para este humor musical que nos ha traído Memo Bunker en la cuarta jornada del Festival Internacional de la Canción de Viña del Mar,0.0198959623755246
2624,5,0.49010465816839943,22,22_verdad_agradecer_emocionado_quiero agradecer,0.1900576466824875,14.0,14_ho_ho ho_aplauso_muchas,0.0953442880294404,Edo Caroe,2016,2010,22,22_verdad_agradecer_emocionado_quiero agradecer,"te lo mereces, te lo mereces porque este es el cariño de la quinta Vergara, esta es la magia de este festival y sabemos también que estás emocionado y eso cuest",0.09471335865304711
1154,5,0.4015453751270203,6,6_quinta_vergara_público_quinta vergara,0.1379778609310388,14.0,14_ho_ho ho_aplauso_muchas,0.0937616398723635,Gloria Benavides,2002,2000,3,3_humor_quinta_quinta vergara_vergara,"La alegría de una copucha que seguramente ya reventó. Lo que pasa que, maestro, no puedo irme decir adiós a la Quinta Vergara. Sin esta... No si la Cuatro no va",0.044216221058675315
2526,5,0.4006754964558285,6,6_quinta_vergara_público_quinta vergara,0.1050568920666975,17.0,17_natalia_chiqui_alison_javiera,0.0926351870582774,León Murillo,2015,2010,6,6_quinta_vergara_público_quinta vergara,"con Andrés Cañulec y Carolina Maestrovich. ¿Qué reciben a este emocionado, contento y feliz León Murillo? Chicos, ¿cómo lo ven? ¿Qué tal? Muy buenas noches. Sí,",0.01242170500842009
1325,5,0.3682590808214541,14,14_ho_ho ho_aplauso_muchas,0.0917222216147429,6.0,6_quinta_vergara_público_quinta vergara,0.0917119088176489,Felo,2005,2000,6,6_quinta_vergara_público_quinta vergara,"aplaudiéndote y reconociendo tu gran talento, tu trayectoria. Un hombre que se dedicó al humor y después su carrera determina",1.0312797094000348e-05
608,5,0.414801388199023,19,19_través_mar_viña_viña mar,0.1175976051256969,3.0,3_humor_quinta_quinta vergara_vergara,0.0914190702218342,Dino Gordillo,1997,1990,3,3_humor_quinta_quinta vergara_vergara,"¿Quieren que continúe el humor en este escenario? Pues los vamos a dejar en compañía de Dino Cordillo nuevamente. Adelante. Gracias, muchísimas gracias. Muy ama",0.02617853490386271
3096,5,0.39667427831278623,6,6_quinta_vergara_público_quinta vergara,0.1075937166764495,19.0,19_través_mar_viña_viña mar,0.0909079366926708,Rodrigo Villegas,2017,2010,19,19_través_mar_viña_viña mar,"Aplaude, el talento, el humor de Rodrigo Villegas. Un hombre que hizo su carrera pulso. Hoy se sigue triunfando aquí en la Quinta de la Gardel y Piña 2017, qué ",0.016685779983778695
2038,5,0.35889274831061163,24,24_amor_dije_pa_pa pa,0.0954154117549503,20.0,20_hermana_fea_curado_marihuana,0.0895724098938692,Hermógenes Conache,2013,2010,20,20_hermana_fea_curado_marihuana,"Comienzo hablando de mi familia, siempre mi hermana. Tengo una hermana fea, pero fea tan fea que cuando nació mi papá se castró. Fea, fea. En el barrio le dicen",0.005843001861081096
3826,5,0.4076045498853162,6,6_quinta_vergara_público_quinta vergara,0.1116289493003306,17.0,17_natalia_chiqui_alison_javiera,0.0883974060421195,Pamela Leiva,2023,2020,6,6_quinta_vergara_público_quinta vergara,"Qué fantástica esta fiesta. Qué fantástica esta noche. Un sueño hecho realidad. Tremendo aplauso para esta mujer, tremenda comediante, tremenda chilena también.",0.0232315432582111
317,5,0.3913198037801222,6,6_quinta_vergara_público_quinta vergara,0.1359110182747216,14.0,14_ho_ho ho_aplauso_muchas,0.0882705508082006,Sandy,1993,1990,2,2_chiste_programa_hoy hoy_chistes,"a mi amigo Antonio, que no lo he visto, me saludó, me presentó y no tuve la deferencia de poder estrechar su mano. ¿Está por ahí? Yo sé que cuando Yo me enteré ",0.047640467466520994
4343,5,0.3957904518097666,22,22_verdad_agradecer_emocionado_quiero agradecer,0.1114228961749586,6.0,6_quinta_vergara_público_quinta vergara,0.0878926803534347,"Daniela ""Chiqui"" Aguayo",2025,2020,17,17_natalia_chiqui_alison_javiera,"Es muy emocionante volver a estar aquí. Gracias. Gracias por permitirme hacerlos reír tanto tiempo. ¿Qué va a ser decir la Ya, ¿Qué iba a decir la niña de nuevo",0.023530215821523898
2117,5,0.3877642571398259,20,20_hermana_fea_curado_marihuana,0.1433805400224395,24.0,24_amor_dije_pa_pa pa,0.0870815573917951,Nancho Parra,2013,2010,20,20_hermana_fea_curado_marihuana,"No, a ver si me ayudan, dice. No, un momento. Lamentablemente, mi hermana un poco erótica. La población le decía la cinturón de seguridad, se subían el auto y s",0.056298982630644395
1509,5,0.37682088083623233,6,6_quinta_vergara_público_quinta vergara,0.1176722989752634,14.0,14_ho_ho ho_aplauso_muchas,0.0867669204983559,Coco Legrand,2006,2000,6,6_quinta_vergara_público_quinta vergara,"Muchísimas gracias. Con el gran, por supuesto, una noche que se han ganado el cariño del público. Gracias. Muchísimas gracias. Gracias. Qué orgullo, qué maravil",0.03090537847690751
1269,5,0.38764344593655853,20,20_hermana_fea_curado_marihuana,0.1454600604591074,24.0,24_amor_dije_pa_pa pa,0.085052626162537,Los Indolatinos,2004,2000,20,20_hermana_fea_curado_marihuana,"Llega la cabra chica donde el tío le dice, ""Tío, tío, yo yo ¿Puedo quedar embarazada de un susto?"" No sé, pues loca, depende, pues. ¿Depende de qué? Depende cóm",0.06040743429657039
2919,5,0.4192694875324443,23,23_amante_marido_mujer_matrimonio,0.1640388163924563,27.0,27_soltera_bebé_arturo vidal_tinder,0.0849294518064863,"Daniela ""Chiqui"" Aguayo",2017,2010,23,23_amante_marido_mujer_matrimonio,"Se me atravesó un pensamiento igual. El primer pensamiento que yo tuve fue, ""Yo le digo que sí a este huevón y va a ser con la última persona que yo voy a tener",0.07910936458597
3839,5,0.4209172669925434,6,6_quinta_vergara_público_quinta vergara,0.1346449445695587,17.0,17_natalia_chiqui_alison_javiera,0.0848729150915441,Pamela Leiva,2023,2020,6,6_quinta_vergara_público_quinta vergara,Aquí. Ahí quedó Brasil. Ahí quedó Brasil. El estándar nacional tiene una nueva figura. La generación dorada de la comedia ya cuenta con una goleadora tremenda. ,0.049772029478014596
1251,5,0.3668025814420985,20,20_hermana_fea_curado_marihuana,0.1118726681427917,24.0,24_amor_dije_pa_pa pa,0.0838694223514682,Los Indolatinos,2004,2000,20,20_hermana_fea_curado_marihuana,"Ya que estáis hablando de la familia, conversa también de toda la familia. Pues ¿qué estás hablando de mi familia? Yo no he hablado de la familia mía, po. Habla",0.028003245791323503
3600,5,0.3767762393004933,23,23_amante_marido_mujer_matrimonio,0.1385670614514596,7.0,7_vieja_suegra_abuela_abuelita,0.0838064555757615,Ernesto Belloni,2020,2020,23,23_amante_marido_mujer_matrimonio,"No, te juro que es que es que yo encuentro que hoy día los hijos cuesta tanto que se independizen o si no, pregúntale a la mi celda a ese lema. Pero uno cuando ",0.054760605875698115
2414,5,0.3665076697531962,24,24_amor_dije_pa_pa pa,0.111969170585169,20.0,20_hermana_fea_curado_marihuana,0.0837911585372686,Dinamita Show,2015,2010,20,20_hermana_fea_curado_marihuana,"Aso, aso. Apágalo. Ya, tírate un ojo más porque nos vamos. Ya. En el mundo de la fea... brevas. ¿Ah? Brevas. Breva, sí. El brea soy vos. Ah. Breva, sí. En el mu",0.028178012047900408
3583,5,0.3776779921034296,17,17_natalia_chiqui_alison_javiera,0.1114991479480336,6.0,6_quinta_vergara_público_quinta vergara,0.0835446655779566,Javiera Contador,2020,2020,17,17_natalia_chiqui_alison_javiera,"¿Viste? Es que es verdad, weón, es terrible. No, muchísimas gracias. Es un momento muy bonito. Eh, con la parida nos hemos pedido el público agostado. ¡Oh! ¡Epa",0.027954482370077
1873,5,0.5980369972297159,6,6_quinta_vergara_público_quinta vergara,0.3383262521257732,14.0,14_ho_ho ho_aplauso_muchas,0.0824436956055621,Óscar Gangas,2011,2010,6,6_quinta_vergara_público_quinta vergara,"Efectivamente, se agachó a recoger los 3000 pesos y los dos se fueron al infierno. Dijo que era un desafío pendiente, una deuda que merecía ser pagada. Y hoy no",0.25588255652021114
4212,5,0.3826535158093197,6,6_quinta_vergara_público_quinta vergara,0.1112402683613181,17.0,17_natalia_chiqui_alison_javiera,0.0822877485917544,Sergio Freire,2024,2020,6,6_quinta_vergara_público_quinta vergara,"Una figura clave del humor actual, actor, productor, escritor, técnico electromecánico, pero sobre todo un tremendo comediante que ha vuelto a triunfar en Viña.",0.0289525197695637
40,5,0.3931780249067512,11,11_hijos_mamá_papá_hijo,0.128613682953268,5.0,5_colegio_niños_papá_hijo,0.0816674174939677,Hugo Goodman,1974,1970,11,11_hijos_mamá_papá_hijo,"Que he llegado aquí a mi patria, yo aquí tengo mi hijo, mi hijo tiene 5 años, lo fui a visitar, le digo, ""A ver, Huguito, dime una mentira, papá."" Ay, estos niñ",0.04694626545930029
712,5,0.3742263459251058,17,17_natalia_chiqui_alison_javiera,0.0912635988264284,19.0,19_través_mar_viña_viña mar,0.0808041743757881,Melón y Melame,1998,1990,3,3_humor_quinta_quinta vergara_vergara,"Ahora en la Esta noche en Viña del Mar estamos asistiendo A un verdadero triunfo de estos dos grandes amigos. A Gigi le conocemos hace muchos años, con esfuerzo",0.010459424450640298
4342,5,0.3851266810100229,22,22_verdad_agradecer_emocionado_quiero agradecer,0.1121172654153814,14.0,14_ho_ho ho_aplauso_muchas,0.0806700503583621,"Daniela ""Chiqui"" Aguayo",2025,2020,17,17_natalia_chiqui_alison_javiera,"aplauso del público, Chiqui, nuestra rebelde Chinguihuanao. Genial, divertida, libre. Sin filtro, sin temor. ¿Qué dirá la niña de lo que está sucediendo? Emocio",0.031447215057019307
3581,5,0.40780295695905666,17,17_natalia_chiqui_alison_javiera,0.1552304735559881,6.0,6_quinta_vergara_público_quinta vergara,0.080018764635114,Javiera Contador,2020,2020,17,17_natalia_chiqui_alison_javiera,"Una artista multifacética, gran actriz destacada comediante extraordinaria nuestra chilena Javiera González. Muchas gracias. Y todo el público se puso de pie. E",0.0752117089208741
4064,5,0.3848622724992533,17,17_natalia_chiqui_alison_javiera,0.1308312021097667,6.0,6_quinta_vergara_público_quinta vergara,0.0799672336737061,Javiera Contador,2024,2020,17,17_natalia_chiqui_alison_javiera,"cuatro. Llegó el momento de presentar y recibir a la tremenda Javiera Contador. ¡Buenas noches, Niña! Nadie dijo que sería fácil; yo estoy de acuerdo con usted,",0.0508639684360606
3590,5,0.3937148236631123,17,17_natalia_chiqui_alison_javiera,0.1415524814955089,6.0,6_quinta_vergara_público_quinta vergara,0.0796453279302666,Javiera Contador,2020,2020,17,17_natalia_chiqui_alison_javiera,"¡Grande, Javiera Contador! Una chica desembarcó con todo en el estándar y que definitivamente llegó para quedarse. Gracias, querida y adorada Javiera. Te seguim",0.06190715356524229
4409,5,0.367070975854997,6,6_quinta_vergara_público_quinta vergara,0.1038691172504318,14.0,14_ho_ho ho_aplauso_muchas,0.0794720162427351,Edo Caroe,2025,2020,6,6_quinta_vergara_público_quinta vergara,"Muchas gracias. Gracias a la galería de arriba. Gracias por su paciencia, por su cariño. Muchas muchas gracias. ¿Queda humor esta noche, Edo? ¿Hay humor más? ¿H",0.024397101007696695
1184,5,0.3676673265222804,6,6_quinta_vergara_público_quinta vergara,0.0942679434982089,14.0,14_ho_ho ho_aplauso_muchas,0.0794367057988101,Natalia Cuevas,2003,2000,1,1_canción_almas_cantar_vivo vivo,"Eso eh... y yo recibo la medalla y ahora ¿qué hago? Yo se la guardo. Ya. Pero vos un ratito no. Bueno. ¿Y ahora qué tengo que hacer po? ¿Me tengo que ir? Ah, te",0.0148312376993988
3915,5,0.3783184342291507,11,11_hijos_mamá_papá_hijo,0.1136013108228966,5.0,5_colegio_niños_papá_hijo,0.0793572016653589,Belén Mora,2023,2020,11,11_hijos_mamá_papá_hijo,que tiene pucha que son importantes las amistades que uno hace en la adolescencia. Una amiguita que tiene la cotesa y que la cabra es tan buena onda que llega c,0.0342441091575377
3371,5,0.385811933689842,11,11_hijos_mamá_papá_hijo,0.1176039939605066,5.0,5_colegio_niños_papá_hijo,0.0791213955706065,Alejandra Azcárate,2018,2010,11,11_hijos_mamá_papá_hijo,"Y entramos en la adolescencia, que es donde se marca el gran desarrollo físico del ser humano y donde además se determinan grandes cambios, porque es aquí en es",0.03848259838990009
329,5,0.37985873685596,11,11_hijos_mamá_papá_hijo,0.1105655823584097,5.0,5_colegio_niños_papá_hijo,0.0789967154527061,Sandy,1993,1990,11,11_hijos_mamá_papá_hijo,"Un muchachito adolescente le dice, ""Mamá, quiero ir al cabaret."" No, niño, tú tienes 16 años, no puedes ir al cabaret. Mamá, no puede decir, ""Mamá, ya fui."" ¿Y ",0.031568866905703596
1606,5,0.418134630053585,6,6_quinta_vergara_público_quinta vergara,0.1703500425042162,14.0,14_ho_ho ho_aplauso_muchas,0.0789091309974119,Álvaro Salas,2007,2000,6,6_quinta_vergara_público_quinta vergara,"Nuevamente el aplauso de la Quinta para ti. Álvaro Salas con Antorcha de Plata, Antorcha de Oro. La Quinta Región saluda a uno de sus grandes maestros y nosotro",0.0914409115068043
484,5,0.3440217889065565,19,19_través_mar_viña_viña mar,0.0805426365506023,14.0,14_ho_ho ho_aplauso_muchas,0.0787160213222895,Paulo Iglesias,1995,1990,6,6_quinta_vergara_público_quinta vergara,"El otro día yo fui a una reunión de los eyaculadores precoces de Chile. La reunión era a las 8, llegué 5 para las 8 y ya se ha venido todo. Buenas noches, Viña ",0.0018266152283128029
3392,5,0.40118480821704794,17,17_natalia_chiqui_alison_javiera,0.1536383914203768,6.0,6_quinta_vergara_público_quinta vergara,0.0785329277749093,Alejandra Azcárate,2018,2010,17,17_natalia_chiqui_alison_javiera,primera vez que en muchos años las mujeres tenemos tanta participación. Soy la primera artista extranjera en este género después de 20 años en este escenario. G,0.0751054636454675
3263,5,0.3872130047794981,23,23_amante_marido_mujer_matrimonio,0.1256994740893342,15.0,15_hombres_mujeres_mujer_hombre,0.0785242234972354,Jenny Cavallo,2018,2010,15,15_hombres_mujeres_mujer_hombre,Yo creo que aquí hay una responsabilidad también de la publicidad. La publicidad que nos crea necesidades que no tenemos. La publicidad que nos usa como objeto ,0.047175250592098816
792,5,0.3808887035711862,23,23_amante_marido_mujer_matrimonio,0.1243271659718648,24.0,24_amor_dije_pa_pa pa,0.0784563088530738,Dino Gordillo,1998,1990,9,9_auto_dijo dijo_micro_carabineros,"Listo, yo me encargo de eso, no se preocupe. Yo me voy a bañar, y partió el viejo a bañarse, ahí se quedó el guaso en la puerta. De repente llegó un auto, bajó ",0.045870857118791006
984,5,0.3720923686860479,6,6_quinta_vergara_público_quinta vergara,0.1011704027086764,17.0,17_natalia_chiqui_alison_javiera,0.0783699743434342,Coco Legrand,2000,2000,6,6_quinta_vergara_público_quinta vergara,"Por primera vez en este cuadragésimo primer Festival Internacional de la canción de Viña del Mar, el primero del milenio, cuando entregamos la Gaviota de Oro a ",0.022800428365242195
4037,5,0.3773817744093907,11,11_hijos_mamá_papá_hijo,0.1131561630554036,5.0,5_colegio_niños_papá_hijo,0.0781359881158823,Alison Mandel,2024,2020,11,11_hijos_mamá_papá_hijo,Mis hijos mayores están en la adolescencia. ¿Alguien tiene hijos adolescentes? Ayudándolos a sentir desde acá. Porque sabéis que si ustedes tienen hijos que son,0.03502017493952131
311,5,0.3614596222012973,3,3_humor_quinta_quinta vergara_vergara,0.0824561795836231,17.0,17_natalia_chiqui_alison_javiera,0.0780528065773247,Lucho Navarro,1992,1990,6,6_quinta_vergara_público_quinta vergara,"Sí, señor. Don Lucho Navarro. Todo un jugador del humor. No le vamos a dar tarjeta amarilla. No le vamos a dar tarjeta roja, le vamos a comprar el pase para que",0.0044033730062983945
1844,5,0.3842697304278342,19,19_través_mar_viña_viña mar,0.1093741596022254,17.0,17_natalia_chiqui_alison_javiera,0.0772639033312492,Dino Gordillo,2011,2010,6,6_quinta_vergara_público_quinta vergara,"Así termina de esta manera su rutina el señor Dino Gordillo. Su amor por los chilenos, por su oficio, por sus compañeros con la solidaridad, con el resto de los",0.03211025627097619
4205,5,0.3933345549678849,6,6_quinta_vergara_público_quinta vergara,0.1227830310067271,17.0,17_natalia_chiqui_alison_javiera,0.077250507128603,Sergio Freire,2024,2020,6,6_quinta_vergara_público_quinta vergara,"El gran precursor del stand up en Chile está de vuelta esta noche en Viña 2024. Ustedes lo celebraron, lo recordaron y lo pidieron. Más fuerte el aplauso para e",0.045532523878124107
1119,5,0.3561620046307123,6,6_quinta_vergara_público_quinta vergara,0.0855875732742166,17.0,17_natalia_chiqui_alison_javiera,0.0772018366900439,Arturo Ruiz-Tagle,2002,2000,6,6_quinta_vergara_público_quinta vergara,"Muchas gracias. El aplauso es para Arturo, Arturito, sus personajes, Arturo Ruiz Tangle, un actor que hace humor diferente y que nació en ""Nace una estrella"" y ",0.008385736584172687
4391,5,0.4292827064988722,23,23_amante_marido_mujer_matrimonio,0.181488097386475,27.0,27_soltera_bebé_arturo vidal_tinder,0.0769796755632244,Edo Caroe,2025,2020,0,0_presidente_país_huevón_pesos,"Porque hay Sí, a mí, por ejemplo, con mi con mi esposa hacemos hacemos hartas cosas para mantener viva la relación. Nos gustan los juegos de roles, por ejemplo.",0.10450842182325061
3668,5,0.3381895620839107,17,17_natalia_chiqui_alison_javiera,0.0773991140040173,3.0,3_humor_quinta_quinta vergara_vergara,0.0768018416055378,Fusión Humor,2020,2020,6,6_quinta_vergara_público_quinta vergara,"Gracias, gente. Muchas gracias. Se ven bacanes, gracias. Payasos, mimos, malabaristas, picardía y música todos de junta para crear esta mezcla única que hoy con",0.0005972723984795092
4233,5,0.3718041893982928,11,11_hijos_mamá_papá_hijo,0.1046848565398479,5.0,5_colegio_niños_papá_hijo,0.0767963208595442,Alex Ortiz,2024,2020,11,11_hijos_mamá_papá_hijo,"yo. Motaza, mayonesa, chucrut, rico. Su chipleto, ah. Muchas gracias. ¿Vamos bien, amigos? Bacán. Muchas gracias, agradecido. Tengo Tengo un hijo de 19 años. ¿A",0.027888535680303694
4090,5,0.3880868174707451,17,17_natalia_chiqui_alison_javiera,0.1429138729367167,6.0,6_quinta_vergara_público_quinta vergara,0.0763963695759311,Javiera Contador,2024,2020,17,17_natalia_chiqui_alison_javiera,"Apoyando a la tremenda Javiera Contador. Titi, Tito, Nachito. Todos haciendo de las suyas en el festival. Qué manera de demostrar esta noche, Javiera Contador, ",0.0665175033607856
1367,5,0.35442295738246987,24,24_amor_dije_pa_pa pa,0.089484620609498,23.0,23_amante_marido_mujer_matrimonio,0.0763426588868591,Paulo Iglesias,2005,2000,18,18_doctor_farmacia_examen_consulta,"porque la morena. Mentira, compadre, mi señora se ha teñido varias veces, no ha notado ninguna diferencia. Es tan gil este compadre que se no quería tener hijos",0.0131419617226389
2292,5,0.3517461714602648,22,22_verdad_agradecer_emocionado_quiero agradecer,0.0967420999127564,14.0,14_ho_ho ho_aplauso_muchas,0.0747312714064499,Rudy Rey,2014,2010,13,13_ay ay_salta salta_salta_ay,¿Cómo me gusta la noche? ¿Cómo me gusta la noche? ¿Cómo me gusta la noche? La noche la teta de choche. ¿Cómo me gusta la noche? ¿Cómo me gusta la noche? ¿Cómo m,0.022010828506306493
685,5,0.4167956168453716,27,27_soltera_bebé_arturo vidal_tinder,0.1624291375731412,25.0,25_bailar_fiesta_bailemos_baile,0.0742745691544505,Melón y Melame,1998,1990,25,25_bailar_fiesta_bailemos_baile,Atención a todo el mundo para las mujeres un bolso con dos. ¿De qué? Todas las mujeres arriba y todos los hombres abajo. Todas las mujeres arriba y todos los ho,0.0881545684186907
3616,5,0.40567521463336237,23,23_amante_marido_mujer_matrimonio,0.170820803692579,27.0,27_soltera_bebé_arturo vidal_tinder,0.0739663532729945,Ernesto Belloni,2020,2020,23,23_amante_marido_mujer_matrimonio,"Ahora sí. Muy bien. Sana, sana, potito rana. Pero ahora, antes de consagrar este matrimonio, hago la pregunta de rigor: ¿Hay alguna persona en este recinto que ",0.09685445041958449
3770,5,0.3662737520192658,11,11_hijos_mamá_papá_hijo,0.0999469949214746,5.0,5_colegio_niños_papá_hijo,0.0739402375174992,Pedro Ruminot,2020,2020,11,11_hijos_mamá_papá_hijo,"Igual estoy muy agradecido de mi mamá, de mi tía, de mi abuela porque me criaron y me me ayudaron mucho en mi crecimiento. Yo fui un joven de los 90 muy rebelde",0.0260067574039754
1309,5,0.34923719755418897,19,19_través_mar_viña_viña mar,0.0876411889311103,22.0,22_verdad_agradecer_emocionado_quiero agradecer,0.073765017998296,Felo,2005,2000,19,19_través_mar_viña_viña mar,"Yo les agradezco, de verdad, este día tan hermoso estar compartiendo con mis colegas, con grandes músicos. Yo me siento tremendamente privilegiado, de verdad. D",0.013876170932814291
4266,5,0.3539944049511787,23,23_amante_marido_mujer_matrimonio,0.1141607784246397,24.0,24_amor_dije_pa_pa pa,0.0731655316038696,George Harris,2025,2020,23,23_amante_marido_mujer_matrimonio,"Yo no puedo creer que una gente compre una entrada para pintar la noche. Se van a quedar sordos. El que no le gusta, ve a comprar un refresco o una empanada. Ba",0.040995246820770104
530,5,0.4121862283019695,19,19_través_mar_viña_viña mar,0.1498794646732213,17.0,17_natalia_chiqui_alison_javiera,0.0731395398246183,Dino Gordillo,1996,1990,19,19_través_mar_viña_viña mar,"¡Buenas noches! Gracias, muy amable, gracias, Viña. Gracias, muy amable. Buenas noches para compartir con ustedes a través de la pantalla de Megavisión. A travé",0.07673992484860301
3778,5,0.4404484437871087,6,6_quinta_vergara_público_quinta vergara,0.1872692628338081,17.0,17_natalia_chiqui_alison_javiera,0.0731358482055695,Pedro Ruminot,2020,2020,6,6_quinta_vergara_público_quinta vergara,en la Quinta Vergara. Uno de sus principales impulsores en nuestro país. Un hombre de mirada aguda y reverente que esta noche vuelve a conquistar al público de ,0.1141334146282386
1800,5,0.4089669809061049,23,23_amante_marido_mujer_matrimonio,0.1804006061424733,27.0,27_soltera_bebé_arturo vidal_tinder,0.0724977152103519,Coco Legrand,2010,2010,7,7_vieja_suegra_abuela_abuelita,"el otro que ha cacho y le dice, ""¿Qué flores la que quiere?"" Una flor es flores roja, igual que la que tiene la señora. ¿Cuánto menos no, huevón? Tal vez estamo",0.1079028909321214
3524,5,0.35065933083889467,6,6_quinta_vergara_público_quinta vergara,0.1075118753187212,17.0,17_natalia_chiqui_alison_javiera,0.0715066137950691,Mauricio Palma,2019,2010,6,6_quinta_vergara_público_quinta vergara,"nuevo referente. Porque el público lo aceptó, lo quiso, lo escuchó. El aplauso para Mauricio Palma. Y para Violento Parra, por supuesto, qué manera de reírnos c",0.03600526152365209
1345,5,0.4303032954665204,6,6_quinta_vergara_público_quinta vergara,0.1646813843862087,17.0,17_natalia_chiqui_alison_javiera,0.0713830547794388,Paulo Iglesias,2005,2000,6,6_quinta_vergara_público_quinta vergara,"de Chile compatriotas. Gracias por este aplauso y por haber escuchado mi humor. Felicidades, gracias. Esta ha sido la presentación de Pablo Iglesias que ha conq",0.09329832960676988
1337,5,0.4541081823334736,23,23_amante_marido_mujer_matrimonio,0.2202965491468059,27.0,27_soltera_bebé_arturo vidal_tinder,0.0711669207963678,Paulo Iglesias,2005,2000,23,23_amante_marido_mujer_matrimonio,"En caso una hija estando cesante, esa sí que es tragedia, huevón. Oye, el matrimonio que han organizado, el matrimonio más humilde que he visto en mi vida. Calc",0.1491296283504381
619,5,0.35678980396386767,22,22_verdad_agradecer_emocionado_quiero agradecer,0.1094139092612179,21.0,21_buenas noches_noches_buenas_pecadora,0.0710566653212056,Gilberto Gless,1997,1990,13,13_ay ay_salta salta_salta_ay,"Será feliz de tener 50,000 gente aplaudiendo. ¡100,000 gentes! ¿Todo el mundo? ¿Ya se cansaron? Ahora mismo llegué, me preguntaron: ""Mickey, ¿por qué eres tan s",0.0383572439400123
1599,5,0.329666038492893,3,3_humor_quinta_quinta vergara_vergara,0.0806100811532491,19.0,19_través_mar_viña_viña mar,0.0710406405308847,Álvaro Salas,2007,2000,3,3_humor_quinta_quinta vergara_vergara,"Oye, el último que lo voy a saltar porque de verdad tiene que ver con la delincuencia y es un tema serio. La delincuencia es un tema delicado. El otro día en pl",0.009569440622364395
2279,5,0.4356668752713132,24,24_amor_dije_pa_pa pa,0.2099518181837657,27.0,27_soltera_bebé_arturo vidal_tinder,0.0706760029183526,Rudy Rey,2014,2010,24,24_amor_dije_pa_pa pa,"Hay una mujer que tan solo con tu carne se me estira la piel, como a mí también. ¿Por qué no te acercas un poquito y vienes a jugar con Lois? Yo solo quiero dar",0.1392758152654131
2530,5,0.3753671026289354,23,23_amante_marido_mujer_matrimonio,0.1413928948044313,27.0,27_soltera_bebé_arturo vidal_tinder,0.0700254619243793,Arturo Ruiz-Tagle,2015,2010,24,24_amor_dije_pa_pa pa,Buenas noches. Estoy supercontento de llevar a este escenario porque hay mujeres más grandes. A mí me gustan las mujeres más grandes porque tienen más temas de ,0.07136743288005198
3971,5,0.3390440957495592,19,19_través_mar_viña_viña mar,0.0919791503931766,6.0,6_quinta_vergara_público_quinta vergara,0.0697547074272492,Fabrizio Copano,2023,2020,3,3_humor_quinta_quinta vergara_vergara,"Quien viene a continuación no es cualquier persona, es alguien que se ha preparado durante meses. Es un compatriota de cada uno de ustedes y que no solamente no",0.022224442965927405
4025,5,0.3587917470781239,27,27_soltera_bebé_arturo vidal_tinder,0.1164853235929518,24.0,24_amor_dije_pa_pa pa,0.0695909783886219,Alison Mandel,2024,2020,11,11_hijos_mamá_papá_hijo,"hermosa, eres inteligente, eres independiente, eres resuelta, eres maravillosa y de repente miro a Pedro y le digo, ""¿Sí o no? ¿Sí o no?"" Y Pedro me mira y O se",0.046894345204329904
308,5,0.3196727108319628,24,24_amor_dije_pa_pa pa,0.0960365311537058,23.0,23_amante_marido_mujer_matrimonio,0.0687731837346262,Lucho Navarro,1992,1990,23,23_amante_marido_mujer_matrimonio,La verdad la cosa pues pero como el tren ha variado también para no sonar repetitivo se me ocurrió hacer un tren francés. ¿En qué se diferencia nuestro ferrocar,0.02726334741907961
3428,5,0.3123263168607537,22,22_verdad_agradecer_emocionado_quiero agradecer,0.0854479499959167,14.0,14_ho_ho ho_aplauso_muchas,0.068640402975085,Felipe Avello,2019,2010,2,2_chiste_programa_hoy hoy_chistes,"Muchas gracias. Lo único malo que el baile que hice al principio me lo copió Augusto Chuster. Por ejemplo. Sí, y el Jaka Augusto Chuster también. Es el único pu",0.016807547020831703
96,5,0.3652980962429493,6,6_quinta_vergara_público_quinta vergara,0.1190041089226692,14.0,14_ho_ho ho_aplauso_muchas,0.0686078136390889,Edmundo Arrocet,1978,1970,6,6_quinta_vergara_público_quinta vergara,"aquí, no pasa nada, ¿eh? Eso. El aplauso estuvo de gusto. Sigo yo caminando, sigo yo caminando, voy pasando por un famoso café que hay en Santiago, me meto al c",0.050396295283580306
389,5,0.4097135759412765,23,23_amante_marido_mujer_matrimonio,0.1695039469730833,27.0,27_soltera_bebé_arturo vidal_tinder,0.0683624999594073,"Jorge ""Chino"" Navarrete",1994,1990,7,7_vieja_suegra_abuela_abuelita,"Llega a la casa el tipo le dice a la señora, ""Negra, flores para tu belleza."" ""¿Y a dónde están las flores? ¿Y a dónde está tu belleza?"" Era así la cosa, ¿no? S",0.101141447013676
3351,5,0.4189541204090033,17,17_natalia_chiqui_alison_javiera,0.1915709022051497,6.0,6_quinta_vergara_público_quinta vergara,0.0681879631009885,Alison Mandel,2018,2010,17,17_natalia_chiqui_alison_javiera,"con Alison, ¿o no? El escenario es tuyo, por favor, Alison Manden en Viña 2018. Qué bonito. Hoy, ¿sabéis qué? De verdad, eh, se las dedico a todos ustedes que t",0.12338293910416119
3002,5,0.3769537269234042,6,6_quinta_vergara_público_quinta vergara,0.138206885371652,14.0,14_ho_ho ho_aplauso_muchas,0.0681473839438301,"Carlos ""El Mono"" Sánchez",2017,2010,6,6_quinta_vergara_público_quinta vergara,"disco para Muy bien. usted Muchas gracias Maravilloso. Maravilloso, mono. Con quitaste este público ahí, tu paisano también te celebra, Maluma te aplaude, se ri",0.07005950142782189
3469,5,0.3344636474997462,11,11_hijos_mamá_papá_hijo,0.0902553058841815,5.0,5_colegio_niños_papá_hijo,0.0673504348364821,Jorge Alís,2019,2010,11,11_hijos_mamá_papá_hijo,"Que le hagan vuelen a tu hijo. Es terrible, ¿no? Te voy a mandar un mensaje a este papá. Perdón, vos sos el papá del gordo puto traga sable. Porta mi este huevó",0.022904871047699393
4050,5,0.39692508901502077,17,17_natalia_chiqui_alison_javiera,0.1709640657181139,6.0,6_quinta_vergara_público_quinta vergara,0.0669796712352244,Alison Mandel,2024,2020,17,17_natalia_chiqui_alison_javiera,"tremenda mujer, vamos con Alison Bonde. Oye, muchas gracias. Ay, qué emoción. Eh, de verdad, quiero volver a recalcar que esta",0.1039843944828895
1948,5,0.3324921191474742,17,17_natalia_chiqui_alison_javiera,0.0790235160114116,6.0,6_quinta_vergara_público_quinta vergara,0.0667366074569252,Dinamita Show,2012,2010,6,6_quinta_vergara_público_quinta vergara,"Gracias, ahora sabemos que no solamente a Luis Miguel le regalan otras cosas. Pero a nosotros nos pusieron dos toallas nada más, no 120. Chicos, ¿tienen algo pa",0.0122869085544864
2025,5,0.3298821192304333,6,6_quinta_vergara_público_quinta vergara,0.0721418914476014,14.0,14_ho_ho ho_aplauso_muchas,0.0665467025951594,Bombo Fica,2012,2010,6,6_quinta_vergara_público_quinta vergara,"Pero, ¿cómo no? Si la tengo de mandar los chiguanas, me contraté un abogado, bueno, bueno, lo voy a pagar con un link de felpa rojo que tengo, gracias, Viña del",0.005595188852442007
1123,5,0.3218437940165787,22,22_verdad_agradecer_emocionado_quiero agradecer,0.0747059131222177,14.0,14_ho_ho ho_aplauso_muchas,0.0661301517253227,Arturo Ruiz-Tagle,2002,2000,10,10_maestro_hora hora_ruperto_hora,"...tipo, tímidamente, la va a dejar a la casa. Después de horas y horas de caminar y caminar y solo caminar. ""Chao, mi amor"". ""Chao, huevón sordo"". Uno no sabe ",0.00857576139689499
3213,5,0.3929575762287974,17,17_natalia_chiqui_alison_javiera,0.1699856832299957,6.0,6_quinta_vergara_público_quinta vergara,0.0658861302297064,Jenny Cavallo,2018,2010,17,17_natalia_chiqui_alison_javiera,"Este año se sube sobre este escenario. Ella está muy emocionada, muy nerviosa, pero aceptó este gran desafío, Rafa. Claro, y lo hizo con alegría y con un tremen",0.1040995530002893
4172,5,0.3190142017440477,6,6_quinta_vergara_público_quinta vergara,0.0854743115964587,14.0,14_ho_ho ho_aplauso_muchas,0.0656740750180408,Lucho Miranda,2024,2020,6,6_quinta_vergara_público_quinta vergara,"Lo que tú digas. No, fue un honor, fue un honor y un privilegio estar en el Festival de Viña, el Festival más grande latino del mundo. Ahora sí. Este triunfo si",0.019800236578417896
4362,5,0.3275144437083943,24,24_amor_dije_pa_pa pa,0.0968595878742271,23.0,23_amante_marido_mujer_matrimonio,0.0647791621129005,Edo Caroe,2025,2020,23,23_amante_marido_mujer_matrimonio,"a mí me fue a ver mi mamá. No, no. Ya, ese tipo de huevas, ese tipo de cosas uno las dice por envidia, por competir y no está bien. Me arrepiento lo que dije. E",0.03208042576132661
4289,5,0.3934266509385571,22,22_verdad_agradecer_emocionado_quiero agradecer,0.1615912131569331,21.0,21_buenas noches_noches_buenas_pecadora,0.0647439161713882,George Harris,2025,2020,14,14_ho_ho ho_aplauso_muchas,"ellos se lo merecen, yo viajé hasta aquí por eso. Yo viajé hasta aquí por eso, vine por eso. Así que vamos a hacer un pedazo muy especial que tengo, que sé que ",0.0968472969855449
605,5,0.3486036726520638,23,23_amante_marido_mujer_matrimonio,0.1234533378446889,24.0,24_amor_dije_pa_pa pa,0.0645169288247063,Dino Gordillo,1997,1990,15,15_hombres_mujeres_mujer_hombre,"Como la mujer que salió corriendo del baño hacia el living, estaba el marido viendo de la televisión, ""Viejo, yo no aguanto más."" ""Está acá, ves que me baño el ",0.058936409019982594
674,5,0.3234699057089993,19,19_través_mar_viña_viña mar,0.086920696974225,6.0,6_quinta_vergara_público_quinta vergara,0.0639315478546906,Pancho del Sur,1997,1990,3,3_humor_quinta_quinta vergara_vergara,"Llegamos a un momento muy especial, el encuentro con un cantor popular, con chispa, con gracia, con alegría, un hombre que tiene nuestras raíces y que esta noch",0.022989149119534397
4513,5,0.3052492694599583,22,22_verdad_agradecer_emocionado_quiero agradecer,0.0812519724680006,1.0,1_canción_almas_cantar_vivo vivo,0.0623293387255481,Pedro Ruminot,2025,2020,20,20_hermana_fea_curado_marihuana,"Ya sabes qué, de él me lavo ya. Y llegará el Rafa con Karen con una corneta de ¿Hay alguien? Muchas gracias. ¿Sabés que fue bueno venir al final parece, hueón? ",0.018922633742452503
2285,5,0.3168980290449057,19,19_través_mar_viña_viña mar,0.0853843746411077,14.0,14_ho_ho ho_aplauso_muchas,0.0613859059708092,Rudy Rey,2014,2010,1,1_canción_almas_cantar_vivo vivo,"Y desde Colombia, mi gente: Palmira, Viña del Mar. Saludos a todos ustedes. Ella dijo también que no va a estar presente. Shakira. ¿No se lo sabes? No lo sé. ¿N",0.023998468670298492
3708,5,0.3310543375444881,23,23_amante_marido_mujer_matrimonio,0.1122306777012979,15.0,15_hombres_mujeres_mujer_hombre,0.0613126912688124,"Paul Vásquez ""El Flaco""",2020,2020,23,23_amante_marido_mujer_matrimonio,"No le voy a hacerle nada lo que usted no quiere que le haga. Y de repente cuando la mujer va sintiendo un globito que se va a transformar en un pedo. Ella dice,",0.0509179864324855
1785,5,0.3458046861209233,23,23_amante_marido_mujer_matrimonio,0.1250554757416218,7.0,7_vieja_suegra_abuela_abuelita,0.0609803932612776,Coco Legrand,2010,2010,11,11_hijos_mamá_papá_hijo,"Han visto con qué odio las parejas jóvenes se tiran el pasado en la cara sin ningún respeto. ¿Han puesto atención alguna vez en la vida? Si no te gusta mierda, ",0.06407508248034419
1074,5,0.3012035079656315,22,22_verdad_agradecer_emocionado_quiero agradecer,0.0738204554796737,10.0,10_maestro_hora hora_ruperto_hora,0.0607029045653981,Memo Bunke y Natalia Cuevas,2001,2000,3,3_humor_quinta_quinta vergara_vergara,"Esta noche estamos arrasando, siéntense nomás chiquillos para que descansen un rato, sabes que se nos quedaron algunas imitaciones en el tintero. Se nos quedaro",0.013117550914275598
501,5,0.3024826076850381,6,6_quinta_vergara_público_quinta vergara,0.0774625987512465,19.0,19_través_mar_viña_viña mar,0.0606622404086017,El Pampero,1995,1990,1,1_canción_almas_cantar_vivo vivo,Lo bueno que cuando llegué a Viña comprobé al tiro el cariño de la gente. A mi llegada me recibió investigaciones donde me invitaron a un recital de chachazos l,0.016800358342644803
188,5,0.2888881221767705,19,19_través_mar_viña_viña mar,0.0698032148638504,22.0,22_verdad_agradecer_emocionado_quiero agradecer,0.0603599306463233,Hugo Varela,1989,1980,14,14_ho_ho ho_aplauso_muchas,"qué nervios, qué pasado. Este, bueno, me gustaría por ahí eh hacer algo de la música folclórica argentina, que me han dicho que acá en Chile gusta mucho el folk",0.009443284217527097
3209,5,0.2995388357586264,6,6_quinta_vergara_público_quinta vergara,0.0706622667361921,19.0,19_través_mar_viña_viña mar,0.0594374131781743,Bombo Fica,2018,2010,16,16_comida_comer_dieta_mamá,"¡Vale la música! Villiño, villiño lindo, villiño bonito, va a recitar su poesía. ¿Cuál es el comentario de las visitas? Puta, la hora se le ocurre al lado, huev",0.011224853558017792
2448,5,0.3119111276475965,6,6_quinta_vergara_público_quinta vergara,0.0804867104486318,14.0,14_ho_ho ho_aplauso_muchas,0.0592684586615355,Centella,2015,2010,6,6_quinta_vergara_público_quinta vergara,"Está más abajo, no escucha. Acá. Lo Ahí está. tengo Lo traje Aquí está Centella. Viene con los amiguitos. Se le habían quedado los pingüinitos Se me quedaron la",0.0212182517870963
2254,5,0.3168254416338244,23,23_amante_marido_mujer_matrimonio,0.0939482253007262,24.0,24_amor_dije_pa_pa pa,0.058900867328991,Jorge Alís,2014,2010,23,23_amante_marido_mujer_matrimonio,"Pero me pasó una cosa increíble, increíble, che, esto es muy lindo, porque ahí yo entendí a mi mujer, porque cuando la reina, mi mujer, la reina divina, se sien",0.03504735797173521
2898,5,0.2812238909031652,6,6_quinta_vergara_público_quinta vergara,0.0709737002745518,17.0,17_natalia_chiqui_alison_javiera,0.057726934860327,Juan Pablo López,2017,2010,6,6_quinta_vergara_público_quinta vergara,"Gracias. Qué buena decisión, ¿no? Qué buena decisión tomó Juan Pablo de abandonar el banco, de dejar los números y cambiar los números por las sonrisas, cambiar",0.013246765414224801
3691,5,0.304833768780607,23,23_amante_marido_mujer_matrimonio,0.0927019741275674,7.0,7_vieja_suegra_abuela_abuelita,0.0569883813691064,"Paul Vásquez ""El Flaco""",2020,2020,15,15_hombres_mujeres_mujer_hombre,"a luchar por tus derechos y por tu dignidad. Y créeme que yo marcho, concha de tu madre. Yo marcho. Están con la pera, huevón. Jorge, ¿te querés casar con el Lu",0.03571359275846099
1268,4,0.5060598782323484,14,14_ho_ho ho_aplauso_muchas,0.2231321262192057,22.0,22_verdad_agradecer_emocionado_quiero agradecer,0.1609723375858293,Los Indolatinos,2004,2000,14,14_ho_ho ho_aplauso_muchas,"una vez más. Muchas gracias. Ahora, dice. Dice: de un lado, otro lado, para adelante y para atrás, de cuneta a cuneta me voy. Borrachón soy. ¡Salud! Y el coro. ",0.0621597886333764
2848,4,0.5550852185826661,14,14_ho_ho ho_aplauso_muchas,0.2741670538942959,22.0,22_verdad_agradecer_emocionado_quiero agradecer,0.1561052887835228,Ricardo Meruane,2016,2010,14,14_ho_ho ho_aplauso_muchas,"Aquí, en tu presentación ha habido coraje, ha habido valentía; no significa no tener miedo, sino que seguiste actuando, fuiste un gladiador pese a la adversidad",0.1180617651107731
1508,4,0.554687463341342,14,14_ho_ho ho_aplauso_muchas,0.2784854442340106,22.0,22_verdad_agradecer_emocionado_quiero agradecer,0.1558844179211327,Coco Legrand,2006,2000,14,14_ho_ho ho_aplauso_muchas,"Me voy con el cariño de ustedes que es lo que me ha estimulado siempre. Muchísimas gracias. Grande Coco, te queremos. Gracias. Bueno, algo más le vamos a decir.",0.12260102631287792
287,4,0.5252663157603299,14,14_ho_ho ho_aplauso_muchas,0.2526053092197541,22.0,22_verdad_agradecer_emocionado_quiero agradecer,0.1537856477389898,Hermógenes Conache,1991,1990,14,14_ho_ho ho_aplauso_muchas,"Muy sé que tengo amigos. Voy a invitar a Sandro mejor. Amigos. Oh, oh, oh. Nunca pude controlar la izquierda, señores. Buenas noches, muchas gracias. Un placer.",0.09881966148076429
581,4,0.4296831139363954,14,14_ho_ho ho_aplauso_muchas,0.1624565578027562,22.0,22_verdad_agradecer_emocionado_quiero agradecer,0.1379388271735868,Dinamita Show,1996,1990,22,22_verdad_agradecer_emocionado_quiero agradecer,"Gracias por el silencio, amigo, le queremos decir algo. Nos dieron 30 minutos, dejen trabajar. No, muchas gracias por el apoyo, estamos muy contentos. Yo estoy ",0.0245177306291694
810,4,0.5263631913813412,22,22_verdad_agradecer_emocionado_quiero agradecer,0.2422766174979647,14.0,14_ho_ho ho_aplauso_muchas,0.1304618135896193,Los Indolatinos,1999,1990,22,22_verdad_agradecer_emocionado_quiero agradecer,"Ah. Venga, venga. Lo querido. Gracias, ustedes muy amables, muy gentiles, muy cariñosos, muy muy caluroso. Oye, que estamos abrazando aplauso. Demuénele un gran",0.11181480390834539
3145,4,0.3847924001252517,6,6_quinta_vergara_público_quinta vergara,0.1315172145413762,14.0,14_ho_ho ho_aplauso_muchas,0.1253859193579176,Bombo Fica,2018,2010,6,6_quinta_vergara_público_quinta vergara,"Se pasaron. Un aplauso para ustedes. El mejor público que yo tenía. Nuevamente un fuerte aplauso para mis bailarines. Bueno. Gracias. Todo esto, gracias, chicas",0.0061312951834585905
470,4,0.392096876794825,23,23_amante_marido_mujer_matrimonio,0.1197210485884068,15.0,15_hombres_mujeres_mujer_hombre,0.1190811464301031,Paulo Iglesias,1995,1990,26,26_celular_pegado_teléfono_whatsapp,"Esta noche quiero hablar de todo lo que está de moda. O sea, lo que está in. Todo lo que está... todo lo que está in, in, in, in. La ecología, por ejemplo, está",0.0006399021583037012
666,4,0.4295092696651258,22,22_verdad_agradecer_emocionado_quiero agradecer,0.1744143019573382,14.0,14_ho_ho ho_aplauso_muchas,0.116451974073724,Palta Meléndez,1997,1990,1,1_canción_almas_cantar_vivo vivo,"ni por casualidad. Bueno, señores, eso sería todo. Los voy a dejar en compañía de un amigo que yo contraté, que está cesante. Vamos, que me gusta la música. Señ",0.057962327883614204
789,4,0.3684992578029556,3,3_humor_quinta_quinta vergara_vergara,0.1273577333715864,19.0,19_través_mar_viña_viña mar,0.1147736254382942,Dino Gordillo,1998,1990,3,3_humor_quinta_quinta vergara_vergara,"No lo hagamos sufrir más. Para Dino Gordillo, que nos vino a hacer reír y terminó llorando. ¡Ay, Gaviota en Viña del Mar!",0.012584107933292205
739,4,0.42959144572107566,17,17_natalia_chiqui_alison_javiera,0.1781991207830278,3.0,3_humor_quinta_quinta vergara_vergara,0.1135858284454384,Gloria Benavides,1998,1990,3,3_humor_quinta_quinta vergara_vergara,"Y ahora es un momento importante, un momento para para distender el ambiente, para reírnos, para disfrutar con un artista que es una verdadera leyenda en Viña d",0.0646132923375894
1436,4,0.549715294725273,6,6_quinta_vergara_público_quinta vergara,0.3168362115506746,14.0,14_ho_ho ho_aplauso_muchas,0.1120548532050881,Carlos García,2006,2000,6,6_quinta_vergara_público_quinta vergara,"Claro que sí. Si ustedes lo dijeron, o si ustedes lo aplaudieron, es porque el hombre tiene talento. Pero de esta forma terminamos con la presentación del humor",0.2047813583455865
2358,4,0.5755427971912539,14,14_ho_ho ho_aplauso_muchas,0.3263870262369221,22.0,22_verdad_agradecer_emocionado_quiero agradecer,0.1119270610968277,Payahop,2014,2010,14,14_ho_ho ho_aplauso_muchas,"Gracias, hermano, gracias. Gracias, Todorovic que nos ayudó mucho, muchas gracias. Oye, yo quiero la mía, por loco. Bueno, que me había prestado una. No, estáis",0.2144599651400944
2215,4,0.3721845331934554,6,6_quinta_vergara_público_quinta vergara,0.1376945234042768,14.0,14_ho_ho ho_aplauso_muchas,0.1088898547452626,Los Locos del Humor,2014,2010,6,6_quinta_vergara_público_quinta vergara,"El público de la Quinta Vergara quiere seguir premiándolos porque se robaron el corazón de todos ustedes porque regalaron risas, nos hicieron disfrutar y esta n",0.028804668659014196
2224,4,0.3699496954475195,14,14_ho_ho ho_aplauso_muchas,0.1198221207201417,6.0,6_quinta_vergara_público_quinta vergara,0.1062255045681685,Los Locos del Humor,2014,2010,14,14_ho_ho ho_aplauso_muchas,"todo el cariño del público. Adelante, Nacho. Por supuesto que los locos del humor ya vienen y reciben el aplauso de la gente aquí en el backstage. Vienen camina",0.013596616151973204
579,4,0.38497656290407467,19,19_través_mar_viña_viña mar,0.1331107121469268,17.0,17_natalia_chiqui_alison_javiera,0.1051534656886101,Dinamita Show,1996,1990,3,3_humor_quinta_quinta vergara_vergara,"Señoras y señores, hoy estamos aquí y es para presentarle el humor de la playa. Y a este dúo de Niña Marino. Maravillosos exponentes del humor chileno. Me toca ",0.027957246458316695
671,4,0.3677436578580622,14,14_ho_ho ho_aplauso_muchas,0.1534571429177569,22.0,22_verdad_agradecer_emocionado_quiero agradecer,0.1050906329652034,Palta Meléndez,1997,1990,5,5_colegio_niños_papá_hijo,"Ya. Bueno, gracias. La verdad que estaba más nervioso que el camarín de la selección. Y Antonio, perdóneme, yo quiero felicitarlo por estos 22 años porque yo me",0.04836650995255348
297,4,0.3492096619468213,14,14_ho_ho ho_aplauso_muchas,0.1316523551099363,22.0,22_verdad_agradecer_emocionado_quiero agradecer,0.104631681275147,Hermógenes Conache,1991,1990,3,3_humor_quinta_quinta vergara_vergara,"para el alcalde, a la gente de Concepción, a todo el mundo. Gracias. Gracias, Antonio. Gracias, Paulina. Nada que ver. Gracias, buenas noches. De buen humor est",0.027020673834789302
3250,4,0.3705522644162899,27,27_soltera_bebé_arturo vidal_tinder,0.1115546742259873,23.0,23_amante_marido_mujer_matrimonio,0.1045167320881519,Jenny Cavallo,2018,2010,4,4_chileno_chile_argentino_chilenos,"como que no oye llover. Porque el hombre, en general, amigo, yo los amo, estas son observaciones, no más. Ustedes si no están de acuerdo con lo que lo que yo di",0.007037942137835401
59,4,0.3948473219592535,6,6_quinta_vergara_público_quinta vergara,0.1658316937710265,14.0,14_ho_ho ho_aplauso_muchas,0.103961699968123,Los Muleros,1976,1970,6,6_quinta_vergara_público_quinta vergara,"Van a volver a estar con nosotros, pero antes quiero decirle que, en nombre de la Comisión Organizadora de este 17.º Festival Internacional de la Canción de Viñ",0.06186999380290349
3280,4,0.367888350213805,15,15_hombres_mujeres_mujer_hombre,0.1233721869573679,27.0,27_soltera_bebé_arturo vidal_tinder,0.1031697470999436,Stefan Kramer,2018,2010,15,15_hombres_mujeres_mujer_hombre,"potente. Un gurú. Tírate la cuatro. ¿Cuál es esa, güey? Está al lado de las cinco, ahuevonado. A tu mujer tienes que amarla. Por sobre todas las cosas. ¿Por qué",0.0202024398574243
3511,4,0.3696744884514032,6,6_quinta_vergara_público_quinta vergara,0.146052851134897,14.0,14_ho_ho ho_aplauso_muchas,0.1028320358786781,Mauricio Palma,2019,2010,6,6_quinta_vergara_público_quinta vergara,"¡Aplauso para Mauricio! Se atrevió. Mucha gente lo veía como una apuesta. Lleva mucho rato en la quinta haciendo reír, allá arriba y también acá abajo. Quiero a",0.04322081525621889
1926,4,0.4150823121133833,29,29_reggaeton_calmado_dale_ten,0.2044274571214457,13.0,13_ay ay_salta salta_salta_ay,0.1010162215306757,Dinamita Show,2012,2010,29,29_reggaeton_calmado_dale_ten,"Si quieren bailar, chicos, yo les voy a enseñar unos pasos para que vacilen acá en Piña del Mar y después inviten al jurado y se una manera nada que que el pozo",0.10341123559076999
35,4,0.3289656234858268,19,19_través_mar_viña_viña mar,0.1056782317210055,3.0,3_humor_quinta_quinta vergara_vergara,0.1009303518137464,Hugo Goodman,1974,1970,17,17_natalia_chiqui_alison_javiera,"Su trabajo en cine en Estados Unidos y en México le ha valido ser, hoy día, la figura extranjera más importante dentro de su género artístico en esos países. Eu",0.004747879907259098
1013,4,0.4045089424708052,19,19_través_mar_viña_viña mar,0.1763562294840508,3.0,3_humor_quinta_quinta vergara_vergara,0.0998097453212744,Dino Gordillo,2000,2000,19,19_través_mar_viña_viña mar,"esta noche, un hombre de risa fácil. Una vez más triunfa el humor de Dino Bordillo en la Quinta Vergara. Nuestra noche de clausura en el 41º Festival Internacio",0.0765464841627764
1697,4,0.5705974718747283,22,22_verdad_agradecer_emocionado_quiero agradecer,0.329468196555262,14.0,14_ho_ho ho_aplauso_muchas,0.0991762546892435,Stefan Kramer,2008,2000,22,22_verdad_agradecer_emocionado_quiero agradecer,"Gracias, cara dura. Sí, le agradezco a todo el público. Estoy muy emocionado y le agradezco de corazón. Gracias. Mi prima. Esteban Kramer en su primera presenta",0.23029194186601848
1442,4,0.34667036029454357,17,17_natalia_chiqui_alison_javiera,0.0995778698193336,19.0,19_través_mar_viña_viña mar,0.0989341850559571,Julio Sabala,2006,2000,3,3_humor_quinta_quinta vergara_vergara,"Increíble. Oh, fiesta. ¿Quién dijo fiesta? ¡Fiesta! Quédate tranquilo, quédate tranquilo mejor. Porque, okay, nuestro próximo invitado viene a compartir con nos",0.0006436847633765064
1895,4,0.3818114204764691,14,14_ho_ho ho_aplauso_muchas,0.1712314982999043,22.0,22_verdad_agradecer_emocionado_quiero agradecer,0.0980328102939757,Ricardo Meruane,2011,2010,14,14_ho_ho ho_aplauso_muchas,"Gracias, señor. No, se pone ahí, se pone ahí. De un gran evento. Gracias, señor, muy amable, hasta la próxima. Me deja los celulares, se los cuento la semana, h",0.0731986880059286
903,4,0.4087049699384685,6,6_quinta_vergara_público_quinta vergara,0.1912635926342344,14.0,14_ho_ho ho_aplauso_muchas,0.0979297545926414,Álvaro Salas,2000,2000,6,6_quinta_vergara_público_quinta vergara,"Muchas gracias, sigan disfrutando del show. Muchas gracias, Villa, gracias, quinta región, chao. Fuerte fuerte el aplauso para Álvaro Salas, la noche de humor e",0.093333838041593
588,4,0.3149862670665089,3,3_humor_quinta_quinta vergara_vergara,0.1024879641349641,17.0,17_natalia_chiqui_alison_javiera,0.0977287422794854,Dinamita Show,1996,1990,19,19_través_mar_viña_viña mar,"Y así ponemos punto final a esta presentación. Mucho éxito, suerte para seguir avanzando en el difícil mundo del humor. No tenemos nada más que ofrecerles. Todo",0.004759221855478696
3441,4,0.368800757042115,22,22_verdad_agradecer_emocionado_quiero agradecer,0.159262579744655,21.0,21_buenas noches_noches_buenas_pecadora,0.0970474740835806,Jani Dueñas,2019,2010,8,8_anthony_amas_your_you,"También me carga un poco la gente entusiasta. No ustedes, insisto. Ustedes son fantásticos, pero esa gente que se despierta como feliz de estar viva, encachado.",0.062215105661074396
2232,4,0.35588149003795444,14,14_ho_ho ho_aplauso_muchas,0.1456813408219277,22.0,22_verdad_agradecer_emocionado_quiero agradecer,0.0966904862407405,Jorge Alís,2014,2010,13,13_ay ay_salta salta_salta_ay,"a Francisco. Aleluya, hermanos. Bendiciones a Viña del Mar. Aplaudan con el Señor. Arriba las manos los apostólicos romanos. Viva la mano del apóstol romano, el",0.04899085458118721
539,4,0.46171680664571846,22,22_verdad_agradecer_emocionado_quiero agradecer,0.2175728175223208,14.0,14_ho_ho ho_aplauso_muchas,0.0953953967077124,Los Indolatinos,1996,1990,22,22_verdad_agradecer_emocionado_quiero agradecer,"Estamos con mucho ánimo, estamos muy contentos y queremos darle un agradecimiento muy especial a la prensa: al embriague, al disco, el freno, a los medios de co",0.1221774208146084
2205,4,0.3548085156225279,6,6_quinta_vergara_público_quinta vergara,0.1411559142104489,14.0,14_ho_ho ho_aplauso_muchas,0.0951083226982577,Los Locos del Humor,2014,2010,6,6_quinta_vergara_público_quinta vergara,"rápidos, divertidos, geniales, debutando en la Quinta Vergara y recibiendo todo el cariño de este público. Más fuerte el aplauso para Los Locos del Humor. Así e",0.046047591512191205
3595,4,0.30666447857412127,24,24_amor_dije_pa_pa pa,0.0986619521611497,23.0,23_amante_marido_mujer_matrimonio,0.0942154993570573,Ernesto Belloni,2020,2020,23,23_amante_marido_mujer_matrimonio,"un torrente y me y me me dio explicación, una reina. Una Es una mujer como para casarse con ella. Pero yo no puedo casarme con ella porque llevo 30 años casado.",0.004446452804092407
732,4,0.3744341931618317,6,6_quinta_vergara_público_quinta vergara,0.1555030505369187,14.0,14_ho_ho ho_aplauso_muchas,0.0941909908727543,Óscar Gangas,1998,1990,6,6_quinta_vergara_público_quinta vergara,"Va atrás. Va atrás. Va atrás. Gracias, Viña. Y pásenlo a todo dar como deben ser. El saludo para Óscar Ganga y su propuesta del humor en esta segunda noche de f",0.061312059664164406
178,4,0.5438647721434744,22,22_verdad_agradecer_emocionado_quiero agradecer,0.3158052130657938,21.0,21_buenas noches_noches_buenas_pecadora,0.0932115731692005,Hugo Varela,1989,1980,22,22_verdad_agradecer_emocionado_quiero agradecer,"A mí me gusta dialogar con el público, me gusta charlar, cambiar ideas, establecer una comunicación y hoy, como los veo muy comunicativos a todos, yo me animo..",0.22259363989659328
2690,4,0.3103844775004432,24,24_amor_dije_pa_pa pa,0.1059923845961381,23.0,23_amante_marido_mujer_matrimonio,0.0918059854645982,Natalia Valdebenito,2016,2010,11,11_hijos_mamá_papá_hijo,"está encontrando con mucho prejuicio, con mucha gente que te dice o que opina, el poto es mío y la gente opina, yo no entiendo. La cuestión es que en esta ola d",0.014186399131539906
782,4,0.3053162791712552,24,24_amor_dije_pa_pa pa,0.0944983897578931,23.0,23_amante_marido_mujer_matrimonio,0.0915164275170718,Dino Gordillo,1998,1990,23,23_amante_marido_mujer_matrimonio,"Paremos que si no no me van a pagar. Oye, llega el marido a la casa así y la señora estaba con el amante y apaga la luz. Apaga la luz. Muchísimas gracias. Llega",0.002981962240821298
1043,4,0.3343446743330889,6,6_quinta_vergara_público_quinta vergara,0.1214064093927035,14.0,14_ho_ho ho_aplauso_muchas,0.0915118038955279,"Daniel Muñoz ""El Carmelo""",2001,2000,14,14_ho_ho ho_aplauso_muchas,"Fuerte, fuerte el aplauso para el Carmelo y para nuestra Cecilia, para los chileneros. Fuerte el aplauso para Carmelo, que ha traído la nieve a la Quinta Vergar",0.029894605497175597
2507,4,0.339212918688087,27,27_soltera_bebé_arturo vidal_tinder,0.1085390839604878,23.0,23_amante_marido_mujer_matrimonio,0.0887383632248787,León Murillo,2015,2010,15,15_hombres_mujeres_mujer_hombre,"En el lenguaje somos distintos, hombres y mujeres. Yo peleo siempre, discuto siempre con mi mujer, le digo, ""Mi amor, gordita, ¿sabes qué? Me llamaron los chiqu",0.019800720735609095
1701,4,0.3611045301951071,22,22_verdad_agradecer_emocionado_quiero agradecer,0.1382427153119063,14.0,14_ho_ho ho_aplauso_muchas,0.087862175722966,Stefan Kramer,2008,2000,1,1_canción_almas_cantar_vivo vivo,"Chicos, eh, algo hay de acierto en aquella frase: eh, hoy el animador se despide. Porque tenía un llamado muy importante, muy valioso de la música, así que hoy ",0.0503805395889403
1168,4,0.2910798656641771,17,17_natalia_chiqui_alison_javiera,0.0929504986418503,19.0,19_través_mar_viña_viña mar,0.0871886811400269,Natalia Cuevas,2003,2000,19,19_través_mar_viña_viña mar,"está con nosotros en Viña del Mar. ¡Aquí está Marjorie Estari, súmale! ¡Ah! ¡Ah! ¡Ah! ¡Ah! ¡Ah!",0.005761817501823405
314,4,0.2957539979774985,19,19_través_mar_viña_viña mar,0.1080640876840605,17.0,17_natalia_chiqui_alison_javiera,0.0870470799541281,Sandy,1993,1990,19,19_través_mar_viña_viña mar,"Y queremos tener un buen humor esta noche para saludar a nuestro próximo invitado. Se ganó su derecho al acompañarnos en el programa ""Camino Selección al Festiv",0.02101700772993241
1117,4,0.47303212747415957,27,27_soltera_bebé_arturo vidal_tinder,0.257571939261829,23.0,23_amante_marido_mujer_matrimonio,0.0870234314527468,Arturo Ruiz-Tagle,2002,2000,15,15_hombres_mujeres_mujer_hombre,"Y una vez Y una vez estuve enamorado. Fui feliz. Tuve una mujer con la cual teníamos los mismos gustos. Me dejó por lo mismo. Le gustaba a las mujeres. Oye, mi ",0.17054850780908218
3913,4,0.34082151965057805,11,11_hijos_mamá_papá_hijo,0.1197321868266158,5.0,5_colegio_niños_papá_hijo,0.0870018729038686,Belén Mora,2023,2020,11,11_hijos_mamá_papá_hijo,Y acá hay varias. Y ahora estoy viviendo una nueva etapa de la maternidad. Soy madre de un adolescente. ¿Quiénes son madres o padres de adolescentes acá? Una ma,0.032730313922747195
1512,4,0.2989662239608782,3,3_humor_quinta_quinta vergara_vergara,0.1004791329072303,2.0,2_chiste_programa_hoy hoy_chistes,0.0869052797931372,Coco Legrand,2006,2000,2,2_chiste_programa_hoy hoy_chistes,"De verdad no existe la gaviota de oro ahora, esa la recibí y hoy día francamente el cariño que ustedes me han brindado, ojalá que los haga reflexionar para uste",0.013573853114093107
2786,4,0.33174535926492577,27,27_soltera_bebé_arturo vidal_tinder,0.0965041905175294,23.0,23_amante_marido_mujer_matrimonio,0.0866445750358967,Los Locos del Humor,2016,2010,15,15_hombres_mujeres_mujer_hombre,"que está haciendo él acá es solamente un personaje. ¿Me entiendes, maricón? No, córtala. No, no, pare, me van a disculpar. La palabra maricón no existe. O sea, ",0.009859615481632694
3584,4,0.5286420941758161,22,22_verdad_agradecer_emocionado_quiero agradecer,0.3041655942951601,14.0,14_ho_ho ho_aplauso_muchas,0.0865531240064317,Javiera Contador,2020,2020,22,22_verdad_agradecer_emocionado_quiero agradecer,"de tu vida, ¿no? Muy bonito, a más que en un momento histórico en nuestro país, yo creo que nada, es importante estar acá, es importante hablar y que el público",0.2176124702887284
2726,4,0.3768902924801021,27,27_soltera_bebé_arturo vidal_tinder,0.1788630564356222,24.0,24_amor_dije_pa_pa pa,0.0856748629362868,Natalia Valdebenito,2016,2010,11,11_hijos_mamá_papá_hijo,"Cuando estáis enamorados, está todo bien, po. Harta sexualidad, tonta y cansada, pero de la pura cacha. Como qué te pasa, no, si estoy feliz. Imagínate qué prec",0.0931881934993354
2846,4,0.3015823970390171,24,24_amor_dije_pa_pa pa,0.0899051090106773,12.0,12_perro_perrito_selva_lobo,0.085472927387923,Ricardo Meruane,2016,2010,20,20_hermana_fea_curado_marihuana,"Que se lo hayan llevado preso, huevón, por abusar de la tolerancia, huevón, mire usted. Ahora, ¿en qué nosotros acá, oye, como le decía, en esta cuestión, se ha",0.0044321816227543
626,4,0.3267427132686383,22,22_verdad_agradecer_emocionado_quiero agradecer,0.1244724707663921,21.0,21_buenas noches_noches_buenas_pecadora,0.0852190065768683,Gilberto Gless,1997,1990,22,22_verdad_agradecer_emocionado_quiero agradecer,"Un poco o más, pero aplaudiendo, yo no lo pude, pero lo siento. Ah, no lo puedo. Ah. Yo creo. Yo creo. Que tú. Nada. No los oigo, que arriba de Buenas noches. ¿",0.0392534641895238
2113,4,0.313068778717643,13,13_ay ay_salta salta_salta_ay,0.0931696097569712,1.0,1_canción_almas_cantar_vivo vivo,0.0851542388630976,Nancho Parra,2013,2010,2,2_chiste_programa_hoy hoy_chistes,"Más fuerte. Préstame tu corazón para jugar al amor. Déjame beber de tu boca la dulce miel. Quiero jugar ajá a la voz. Quiero jugar para dijo el huevón, puta qué",0.008015370893873594
2939,4,0.3994043380373617,23,23_amante_marido_mujer_matrimonio,0.2052809826748223,15.0,15_hombres_mujeres_mujer_hombre,0.0840293490529942,"Daniela ""Chiqui"" Aguayo",2017,2010,15,15_hombres_mujeres_mujer_hombre,"Dice, ""Mi amor, voy a estar de borde."" Voy a jugar a la pelota. Él no va a jugar a la pelota. Él va a pararse a la cancha para ver si con cuea la pelota le rebo",0.12125163362182811
368,4,0.5001350412068752,17,17_natalia_chiqui_alison_javiera,0.2733016929665459,3.0,3_humor_quinta_quinta vergara_vergara,0.0838543527393591,Piña Colada,1993,1990,17,17_natalia_chiqui_alison_javiera,"Muchas gracias. Con emoción se retira Piña Colada. Un gran desafío: por primera vez en la televisión y por primera vez en Piña del Mar. Niña Colada, un nuevo hu",0.1894473402271868
523,4,0.2963958582722783,24,24_amor_dije_pa_pa pa,0.100514343655237,23.0,23_amante_marido_mujer_matrimonio,0.0835122612425471,Dino Gordillo,1996,1990,23,23_amante_marido_mujer_matrimonio,"si cola peligroso, ¿no? Y ahí lo empieza a atacar. Negro. ¿Por qué no me lleváis un motel? Seis que te llegaría, pero no sé a dónde quedan. Esa es la silla que ",0.017002082412689898
1364,4,0.596299879855467,22,22_verdad_agradecer_emocionado_quiero agradecer,0.3794523955545184,14.0,14_ho_ho ho_aplauso_muchas,0.0832529367161827,Paulo Iglesias,2005,2000,22,22_verdad_agradecer_emocionado_quiero agradecer,"Oye, vamos a hablar un poco sobre sobre el amor. Vamos a hablar un poco sobre el amor. Porque Gracias. Gracias. Gracias, se pasaron, se pasaron. Se pasaron. Gra",0.29619945883833565
4039,4,0.3389144409340279,5,5_colegio_niños_papá_hijo,0.1463725985250588,11.0,11_hijos_mamá_papá_hijo,0.0831680175484616,Alison Mandel,2024,2020,5,5_colegio_niños_papá_hijo,"cada uno, cuatro niños. Y de repente, ""Mi hijo, mi hijo."" Pregunta, ""¿Y cuánta plata vamos a hacer?"" Mira, el colegio culiao se paga en UF. Un niño dice, ""Luca,",0.06320458097659719
1048,4,0.5100974059862697,17,17_natalia_chiqui_alison_javiera,0.2929065586999286,19.0,19_través_mar_viña_viña mar,0.0823706332871038,Memo Bunke y Natalia Cuevas,2001,2000,17,17_natalia_chiqui_alison_javiera,"Dale, oh. ¿Sabés qué más? Veamos tele. Okay, qué rico, buena onda. Bienvenidos. Les habla su amiga Eli, 20 teléfonos, 40 fax, tarros con petilla. Señor, les dig",0.2105359254128248
3551,4,0.36781915616246613,11,11_hijos_mamá_papá_hijo,0.155970647244033,5.0,5_colegio_niños_papá_hijo,0.0823152920268199,Javiera Contador,2020,2020,11,11_hijos_mamá_papá_hijo,"Y por qué los conozco? Y el mío con el chupete. Entonces yo esta situación me pone como nerviosa, miro a mi hijo y le digo, ""Sácate el chupete."" ¿Qué? Sácate el",0.0736553552172131
3624,4,0.5837230379413559,6,6_quinta_vergara_público_quinta vergara,0.3931803764634228,14.0,14_ho_ho ho_aplauso_muchas,0.0820710439335671,Ernesto Belloni,2020,2020,6,6_quinta_vergara_público_quinta vergara,"35 años en la quinta Vergara. Pero hoy tuvimos nuestra recompensa, Ernesto, y aquí está. Muchas gracias y mira cómo te aplaude la quinta Vergara. En la sincerid",0.31110933252985573
3578,4,0.295904327667054,27,27_soltera_bebé_arturo vidal_tinder,0.0895538315587935,15.0,15_hombres_mujeres_mujer_hombre,0.0814760455691779,Javiera Contador,2020,2020,16,16_comida_comer_dieta_mamá,"subo un 51, te bajo un 43, pero nunca un 6%. Lo que descubrí es que la libertad es lo más lindo de la vida y los complejos te hacen ser menos libre y tenemos un",0.008077785989615602
3162,4,0.3292018675519054,3,3_humor_quinta_quinta vergara_vergara,0.1213420824546336,2.0,2_chiste_programa_hoy hoy_chistes,0.0814598968518475,Bombo Fica,2018,2010,6,6_quinta_vergara_público_quinta vergara,"mirada hacia el pasado. Porque la única manera de poder enfrentar este futuro, o sea, este este presente con un futuro es tener conciencia del pasado. Y en el e",0.0398821856027861
2737,4,0.3237714233464297,15,15_hombres_mujeres_mujer_hombre,0.0871061763039784,27.0,27_soltera_bebé_arturo vidal_tinder,0.0812808254671424,Pedro Ruminot,2016,2010,9,9_auto_dijo dijo_micro_carabineros,Control de identidad preventivo. Que traducido al chileno significa muéstranos tu carnet negro Kuma. Significa eso. ¿Ustedes creen que se van a llevar a los rub,0.00582535083683601
2485,4,0.3012330673414565,6,6_quinta_vergara_público_quinta vergara,0.098903056491263,14.0,14_ho_ho ho_aplauso_muchas,0.081147451018942,Huaso Filomeno,2015,2010,6,6_quinta_vergara_público_quinta vergara,"antes, Rafa. Nos vamos a ir al backstage con Andrés y Carolina que están recibiendo en este momento a un emocionado Guaso Filomeno. Andrés, Carolina, ¿están ahí",0.01775560547232101
2725,4,0.2720975718091972,24,24_amor_dije_pa_pa pa,0.0862793515012222,23.0,23_amante_marido_mujer_matrimonio,0.0810771361673023,Natalia Valdebenito,2016,2010,15,15_hombres_mujeres_mujer_hombre,"fácil, digamos, pero la verdad yo tengo que asumir que en algún momento de mi vida también he vivido con gallos y uno, oye, como le dije, ""Yo no sé 16 años."" Y ",0.005202215333919902
981,4,0.5774584674199523,22,22_verdad_agradecer_emocionado_quiero agradecer,0.3635763803738335,21.0,21_buenas noches_noches_buenas_pecadora,0.0803684798568846,Coco Legrand,2000,2000,22,22_verdad_agradecer_emocionado_quiero agradecer,"Gracias, compadre. Gracias, muchísimas gracias. A lo mejor para mucho podía ser una locura que yo planteara un humor de café concert en una quinta con casi 20 0",0.2832079005169489
225,4,0.5470463575790543,6,6_quinta_vergara_público_quinta vergara,0.360052344427626,14.0,14_ho_ho ho_aplauso_muchas,0.0797674684925839,Pujillay,1990,1990,6,6_quinta_vergara_público_quinta vergara,"Bailamos todos, esta pelea termina aquí. ¡Sí! ¡Sí! No podemos olvidar nuestra noche nos acaban de pintar. Los minutos tan hermosos de la gracia de la vida... ¡C",0.28028487593504214
3143,4,0.3719415680509084,22,22_verdad_agradecer_emocionado_quiero agradecer,0.1518196235861746,14.0,14_ho_ho ho_aplauso_muchas,0.0795524134444925,Bombo Fica,2018,2010,6,6_quinta_vergara_público_quinta vergara,"Fuerte aplauso a nuestros animadores. Pueden ir a camarín, a tomar agua, lo que sea. Disfrute el escenario es suyo. Sí, gracias. Sí, el escenario es mío de ahor",0.0722672101416821
2039,4,0.3034304801359348,24,24_amor_dije_pa_pa pa,0.1002571119479108,12.0,12_perro_perrito_selva_lobo,0.0794930084003884,Hermógenes Conache,2013,2010,20,20_hermana_fea_curado_marihuana,"Fea tiene 40 años y en virgen. Un día no aguanto más y se fue y se entregué se entregó a carabineros. Y más de fea, cochina, edionda y peluda. Oiga, mi hermana,",0.020764103547522395
2361,4,0.3219318490618468,6,6_quinta_vergara_público_quinta vergara,0.1331861853158671,14.0,14_ho_ho ho_aplauso_muchas,0.0788422409773731,Dinamita Show,2015,2010,6,6_quinta_vergara_público_quinta vergara,"Buenas noches, quinta. El primer aplauso para el ballet, fuerte el aplauso, muchachos. ¿Cómo está Viña Olivia? ¿Cómo está la quinta ¿Vergara, bien? Mira, la hor",0.054343944338494
2336,4,0.34100435768528914,20,20_hermana_fea_curado_marihuana,0.1559194880125993,24.0,24_amor_dije_pa_pa pa,0.0784711656255769,Payahop,2014,2010,20,20_hermana_fea_curado_marihuana,"Oye, yo les voy a contar una cosa, estoy superpreocupado. ¿Por qué? Mi hermana está mi mi señora está embarazada, huevón. ¿Está embarazada? Sí. No te preocupes,",0.0774483223870224
428,4,0.2728911391551707,27,27_soltera_bebé_arturo vidal_tinder,0.0903296813470258,24.0,24_amor_dije_pa_pa pa,0.0781275617599213,Jappening con ja,1995,1990,13,13_ay ay_salta salta_salta_ay,"¡Ray! Dicen el matador soy muy galante. Venga, pues podrías usar a veces desodorante. Las mujeres se desmayan cuando ven que aparezco yo. Amoroso, no es por su ",0.012202119587104501
4486,4,0.3923845878839544,11,11_hijos_mamá_papá_hijo,0.1904533766236867,5.0,5_colegio_niños_papá_hijo,0.0776332896242236,Pam Pam,2025,2020,11,11_hijos_mamá_papá_hijo,"Aquí estamos en puta endo, probando los mejores picorocos de la zona. Sí. Oye, pero ese podcast la gente me dice, ""Oye, cuenta más cosas, cuenta más cosas."" Y y",0.1128200869994631
2134,4,0.2791582606712167,3,3_humor_quinta_quinta vergara_vergara,0.0876219885072361,17.0,17_natalia_chiqui_alison_javiera,0.0767428923343415,Nancho Parra,2013,2010,6,6_quinta_vergara_público_quinta vergara,"Me imagino que hay algo más de picardía de este hombre del sur. Justamente, hay algo más preparado para ustedes. ¿Sí? Sí, para todos ustedes. ¿Sería ese cuento?",0.010879096172894592
1373,4,0.3659979608501509,23,23_amante_marido_mujer_matrimonio,0.1514131501863374,24.0,24_amor_dije_pa_pa pa,0.0766495646331841,Carlos García,2006,2000,24,24_amor_dije_pa_pa pa,"¿Por qué estás sola? Porque mi esposo me ha engañado. ¡Qué casualidad!, mi mujer también me ha engañado. ¡Qué oportunidad para vengarnos! Dice: ""¿Y cómo?"". ""Y v",0.07476358555315328
4248,4,0.4261453256161183,6,6_quinta_vergara_público_quinta vergara,0.2146319002626672,17.0,17_natalia_chiqui_alison_javiera,0.0765534388492254,Alex Ortiz,2024,2020,5,5_colegio_niños_papá_hijo,"Muchas gracias. Qué bonita, de verdad, agradezco la buena onda de esta noche. ¿Pero sabéis qué? Pero siempre faltaba más. Yo llegaba al final y siempre había un",0.13807846141344182
4142,4,0.3064981113116352,5,5_colegio_niños_papá_hijo,0.1202310528374542,11.0,11_hijos_mamá_papá_hijo,0.0761976837121435,Lucho Miranda,2024,2020,5,5_colegio_niños_papá_hijo,"pequeño, un método de educación que tenían los papás sobre nosotros era educarnos a la del miedo. No sé si se acuerdan como, ""Hijo, no hagas esto."" Mira, que te",0.044033369125310695
1319,4,0.2659815121666531,24,24_amor_dije_pa_pa pa,0.0838551412039637,27.0,27_soltera_bebé_arturo vidal_tinder,0.0759221536191747,Felo,2005,2000,21,21_buenas noches_noches_buenas_pecadora,Yo tengo un burrito jardinero que planta cositas muy bonitas. ¿Qué repite? Yo tengo un burrito saldinerio. ¿Qué planta? Planta cosita muy bonita. ¿Quién me va a,0.007932987584788997
2242,4,0.3249689908729806,5,5_colegio_niños_papá_hijo,0.1367011278005785,11.0,11_hijos_mamá_papá_hijo,0.0759211674648369,Jorge Alís,2014,2010,5,5_colegio_niños_papá_hijo,"de puerta y de pierna tiene que ser, ¿me entendés? Cuida el metro, cuida tu metro, cuida el culo, cuida el culo, cuida el culo. Un cartel gigante quería cuidar ",0.060779960335741595
2839,4,0.3191471165842248,22,22_verdad_agradecer_emocionado_quiero agradecer,0.1237706859876805,6.0,6_quinta_vergara_público_quinta vergara,0.0758515578112384,Ricardo Meruane,2016,2010,3,3_humor_quinta_quinta vergara_vergara,"No cualquiera se atreve a llegar nuevamente hasta este escenario, Ricardo. No cualquiera apuesta por la revancha que diste esta noche. Agradecemos y admiramos t",0.0479191281764421
3907,4,0.3226881689451878,5,5_colegio_niños_papá_hijo,0.1392647355392512,11.0,11_hijos_mamá_papá_hijo,0.0756710211441793,Belén Mora,2023,2020,5,5_colegio_niños_papá_hijo,"Caballero, no le estoy haciendo mueca, me dejaron así. No, terrible, la experiencia. Salud por todas las mamitas. Y si alguno de los presentes cree que parir es",0.0635937143950719
2450,4,0.2831346307442679,6,6_quinta_vergara_público_quinta vergara,0.0844635105796072,14.0,14_ho_ho ho_aplauso_muchas,0.0753633045746326,Centella,2015,2010,6,6_quinta_vergara_público_quinta vergara,de público y con todos los premios que la Quinta Vergara puede entregar en una noche a un artista que aquí se presenta. Estamos en directo a través de la señal ,0.009100206004974604
3540,4,0.3773650568794074,11,11_hijos_mamá_papá_hijo,0.1784268024886854,16.0,16_comida_comer_dieta_mamá,0.0752734125377855,Javiera Contador,2020,2020,11,11_hijos_mamá_papá_hijo,"me llaman igual, pasó colado. No es malo, no es malo. Pero resulta que yo con Diego, que es el papá de mis hijos y también es el el le decía a mi parienta, ""Yo ",0.1031533899508999
437,4,0.2670245469156178,21,21_buenas noches_noches_buenas_pecadora,0.0812673766814825,22.0,22_verdad_agradecer_emocionado_quiero agradecer,0.0749818459934315,Jappening con ja,1995,1990,10,10_maestro_hora hora_ruperto_hora,"¿Cómo estás, muchachi? ¿Sabes que necesito un voluntario? ¿Cómo te haría para hacer una función? No, yo soy el animador de del festival. ¿Y no quieres ser guard",0.006285530688051003
680,4,0.3544442472732559,24,24_amor_dije_pa_pa pa,0.1663532478304122,27.0,27_soltera_bebé_arturo vidal_tinder,0.0749099044808686,Pancho del Sur,1997,1990,24,24_amor_dije_pa_pa pa,"cordillera y un día decide bajar a la ciudad. Y lo que más quería él era estar con una guacita, con una mujer, ¿ah? Pero como no tenía ninguna niña, se fue a me",0.0914433433495436
3377,4,0.2920266797162264,27,27_soltera_bebé_arturo vidal_tinder,0.0861312234060682,23.0,23_amante_marido_mujer_matrimonio,0.0747813897425315,Alejandra Azcárate,2018,2010,27,27_soltera_bebé_arturo vidal_tinder,"en mi Uy, no, a mí esto me produce alergia y escozor. Si esto les parece poco, diseñamos en pareja unos apodos de un cursi, que si uno los analiza, todo lo que ",0.011349833663536701
3549,4,0.3292596096208475,5,5_colegio_niños_papá_hijo,0.1428158626047711,11.0,11_hijos_mamá_papá_hijo,0.0747018447280179,Javiera Contador,2020,2020,5,5_colegio_niños_papá_hijo,"su sanadurita y su vasito de agua, ¿ah? Y como le brillan los ojitos por comer su chip pop, ¿hm? Son niños que no van a conocer el sabor del amarillo crepúsculo",0.06811401787675321
1350,4,0.3738798986522442,11,11_hijos_mamá_papá_hijo,0.1756799926466383,5.0,5_colegio_niños_papá_hijo,0.0739426303764226,Paulo Iglesias,2005,2000,11,11_hijos_mamá_papá_hijo,"Si los hijos supieran lo orgullosos que se sienten los padres de ser padres. ¿Usted sabe lo que es escuchar a tres padres hablar de sus hijos? Oye, mi hijo, com",0.10173736227021571
3566,4,0.342812746985273,11,11_hijos_mamá_papá_hijo,0.1359016294309415,5.0,5_colegio_niños_papá_hijo,0.0738374610491502,Javiera Contador,2020,2020,11,11_hijos_mamá_papá_hijo,"madura. ¿En serio? Tú me decías a mí madura con esas orejitas de Minnie que te compraste. Me compré una oreja gigante, fosforescente, con lunares y con una cola",0.062064168381791296
3236,4,0.3701679178624721,27,27_soltera_bebé_arturo vidal_tinder,0.1929740833579949,23.0,23_amante_marido_mujer_matrimonio,0.0736649703791256,Jenny Cavallo,2018,2010,23,23_amante_marido_mujer_matrimonio,"verdad, yo no me lo explico. Aunque cuando uno era chica, uno decía: «A ver, yo quiero un hombre, quiero un hombre que me haga reír». ¿Y para qué? Si para eso e",0.1193091129788693
4099,4,0.28107643250651,20,20_hermana_fea_curado_marihuana,0.0920474878624616,16.0,16_comida_comer_dieta_mamá,0.0734798915373272,Luis Slimming,2024,2020,5,5_colegio_niños_papá_hijo,"borracho que después caché, era el alcalde de Marchigüe. Pero no. Pero muy bonito todo. Me pasó que cuando fui al Festival de Olmué, no sé si saben, pero fue el",0.018567596325134397
978,4,0.3079730108296531,22,22_verdad_agradecer_emocionado_quiero agradecer,0.1163467289061802,21.0,21_buenas noches_noches_buenas_pecadora,0.0734548079294849,Coco Legrand,2000,2000,21,21_buenas noches_noches_buenas_pecadora,"marido y mujer. Y se fue donde el novio y le dijo, ""Está callado en la oreja."" Mira, yo he casado un gallo ardiente, pero vos te pasaste. Bueno, chiquillos, gra",0.042891920976695294
737,4,0.32644950192292077,5,5_colegio_niños_papá_hijo,0.1388546936346179,11.0,11_hijos_mamá_papá_hijo,0.0733282123655047,Sarah Sanders,1998,1990,5,5_colegio_niños_papá_hijo,"Hoy y los y los cuentos de niños qué? Ese que ese niño que llega del colegio dice, ""Mamá, mamá, en el colegio siempre me dejan solo."" Mamá, mamá, mamá, mamá. O ",0.06552648126911319
1198,4,0.3045381341016474,27,27_soltera_bebé_arturo vidal_tinder,0.0973155792401082,23.0,23_amante_marido_mujer_matrimonio,0.0731461271227131,Sandy,2004,2000,15,15_hombres_mujeres_mujer_hombre,"Hay mujeres regulares, hay mujeres agraciadas, hay mujeres con algenios y las hay con mucha plata, hay mujeres como trompos, hay mujeres como flautas, hay mujer",0.0241694521173951
3749,4,0.3817937788576204,11,11_hijos_mamá_papá_hijo,0.1955946614738868,16.0,16_comida_comer_dieta_mamá,0.0730783667123668,Pedro Ruminot,2020,2020,11,11_hijos_mamá_papá_hijo,"Gracias, muchas gracias. ¿Vamos bien? Bueno. Oye, todo cambia todo cambia después de de de la edad que uno tiene, después de los 30 todo cambia. Más si uno tien",0.12251629476152
1349,4,0.3329578061949064,11,11_hijos_mamá_papá_hijo,0.1255430904517337,5.0,5_colegio_niños_papá_hijo,0.0728951541392173,Paulo Iglesias,2005,2000,11,11_hijos_mamá_papá_hijo,"Ah, no pesca nadie, para llevarlo a almorzar al cabro joven hay que mandarle el mail, huevón. Ven a almorzar, huevón. Te mandan otro de vuelta, ¿qué hay? Y hoy ",0.05264793631251641
3448,4,0.3666685988868044,27,27_soltera_bebé_arturo vidal_tinder,0.183224673164733,24.0,24_amor_dije_pa_pa pa,0.0728278952494383,Jani Dueñas,2019,2010,1,1_canción_almas_cantar_vivo vivo,"¿Trajeron algún tema ustedes para tratar del cual quieran hablar? También podemos incluirlo, no hay ni un atao. Chiquillas, ¿hay mujeres feministas acá? Parece ",0.11039677791529472
2739,4,0.32403339079503807,27,27_soltera_bebé_arturo vidal_tinder,0.1312012780335111,23.0,23_amante_marido_mujer_matrimonio,0.072547834098515,Pedro Ruminot,2016,2010,11,11_hijos_mamá_papá_hijo,"Porque la verdad es que superser, es fácil ser fiel cuando uno es feo, es fácil. Si nadie te pesca, pues no hay ningún mérito, pues es como ser flaco en África,",0.058653443934996094
2520,4,0.3827610708030561,23,23_amante_marido_mujer_matrimonio,0.1742012793562823,27.0,27_soltera_bebé_arturo vidal_tinder,0.0725193593306142,León Murillo,2015,2010,15,15_hombres_mujeres_mujer_hombre,"Ay. Gracias, gracias, han hecho una noche realmente increíble. Y lo que nos pasa a nosotros en las parejas es loco, porque estas parejas que decía yo se comunic",0.1016819200256681
688,4,0.3792189240491072,23,23_amante_marido_mujer_matrimonio,0.1962021007830489,27.0,27_soltera_bebé_arturo vidal_tinder,0.0724155700121257,Melón y Melame,1998,1990,11,11_hijos_mamá_papá_hijo,"para acá, ¿no? Sí, yo respeto mucho a la dama. Sobre todo a tu señora. Usted tiene que saber que yo soy melón. Entonces, yo soy casado con una sandía, más respe",0.12378653077092319
299,4,0.3083816688644563,3,3_humor_quinta_quinta vergara_vergara,0.1106331723273104,17.0,17_natalia_chiqui_alison_javiera,0.0721832528195436,Lucho Navarro,1992,1990,1,1_canción_almas_cantar_vivo vivo,"Esta canción tiene dos partes, pero es la filosofía, no solamente mía, perdón que hable primero, pero todos humoristas compartimos esto y si no lo quieren creer",0.0384499195077668
1900,4,0.3288241642399768,22,22_verdad_agradecer_emocionado_quiero agradecer,0.1370072869570026,14.0,14_ho_ho ho_aplauso_muchas,0.0718450820935136,Dinamita Show,2012,2010,21,21_buenas noches_noches_buenas_pecadora,"No anda penando. No es un ánima, es él un milagro, un milagro. Basta. ¿Qué? Muchas gracias por el recibimiento, pero aquí hay dos milagros. Dos milagros, ¿cuále",0.06516220486348899
1433,4,0.3487869745397274,13,13_ay ay_salta salta_salta_ay,0.1630142650079065,1.0,1_canción_almas_cantar_vivo vivo,0.0716255276237874,Carlos García,2006,2000,10,10_maestro_hora hora_ruperto_hora,"que si dicen ""otra"" y ""otra"" y ""otra"", y él vuelve. Si quieren otra, otra y otra, tiene que escuchar muy fuerte. Carlos García con nosotros. ¡Ah, ah! Música par",0.0913887373841191
3750,4,0.3793898881298156,11,11_hijos_mamá_papá_hijo,0.1894910260411587,16.0,16_comida_comer_dieta_mamá,0.0714926676546876,Pedro Ruminot,2020,2020,11,11_hijos_mamá_papá_hijo,"Hay gente que dice que no, imposible que te pueda quedar mal un hijo, pero a todos les cae mal un hijo. A todos les cae mal, por ejemplo, eh, tú, a ti, ¿con qui",0.11799835838647109
2439,4,0.3318363026730209,27,27_soltera_bebé_arturo vidal_tinder,0.1464332603491045,23.0,23_amante_marido_mujer_matrimonio,0.0712804178625204,Centella,2015,2010,24,24_amor_dije_pa_pa pa,"traté de enamorarme un día. Yo tuve mala suerte en el amor porque el amor es así, po, no siempre se es generoso con cualquiera, po, ni uno que tiene sus condici",0.0751528424865841
713,4,0.259477554917095,22,22_verdad_agradecer_emocionado_quiero agradecer,0.0737061840984911,14.0,14_ho_ho ho_aplauso_muchas,0.0711690445645586,Melón y Melame,1998,1990,3,3_humor_quinta_quinta vergara_vergara,"El símbolo del festival todavía está lejos, quedan 6 días para llegar a la gran final. No lo tenemos acá, pero creo que con el aplauso de ustedes esa gaviota se",0.002537139533932503
1449,4,0.2901043782043614,19,19_través_mar_viña_viña mar,0.091866280696029,3.0,3_humor_quinta_quinta vergara_vergara,0.0711519365300006,Julio Sabala,2006,2000,3,3_humor_quinta_quinta vergara_vergara,"Inimitable, el señor Julio Zabala. Pero una de las características de particulares, Miriam, y eso es de las cosas que a mí me sorprenden de él, es que pretende ",0.02071434416602841
4059,4,0.3199631554024087,22,22_verdad_agradecer_emocionado_quiero agradecer,0.1233315802834089,14.0,14_ho_ho ho_aplauso_muchas,0.0711233775418627,Alison Mandel,2024,2020,6,6_quinta_vergara_público_quinta vergara,¿Y o material? Pero que aparte de dar material eh es un gran gran compañero y y siempre que siempre estoy muy agradecida de él y que yo no hubiese podido tampoc,0.05220820274154621
4042,4,0.3882878888337889,11,11_hijos_mamá_papá_hijo,0.2011831619686045,16.0,16_comida_comer_dieta_mamá,0.071005425413326,Alison Mandel,2024,2020,11,11_hijos_mamá_papá_hijo,"Mira, nos vamos al colegio después. Logro, logro salir del condominio y todo, y tengo esta sensación de que falta algo. Y de repente miro, están mis hijos senta",0.1301777365552785
3679,4,0.2955260098537381,6,6_quinta_vergara_público_quinta vergara,0.1124968519275758,17.0,17_natalia_chiqui_alison_javiera,0.0706000565562907,"Paul Vásquez ""El Flaco""",2020,2020,6,6_quinta_vergara_público_quinta vergara,"gente lo aplaude, ellos van y toman agua. Mira vos, toman agua. Ellos toman agua. Estoy de regreso en la quinta después de 5 años. Estoy en Viña del Mar. Vos cr",0.0418967953712851
2431,4,0.3503673384549149,20,20_hermana_fea_curado_marihuana,0.1530723733702771,7.0,7_vieja_suegra_abuela_abuelita,0.070570396279582,Centella,2015,2010,7,7_vieja_suegra_abuela_abuelita,"El carabineros dijo, ""3.45 grados de alcohol."" Y le mostró, ""Mire."" Y el borracho quedó mirando y dijo, ""Concha de su madre, un cuarto para las cuatro me van a ",0.0825019770906951
1513,4,0.2940151510108744,3,3_humor_quinta_quinta vergara_vergara,0.1131235671205672,2.0,2_chiste_programa_hoy hoy_chistes,0.070452666057346,Coco Legrand,2006,2000,4,4_chileno_chile_argentino_chilenos,"hueones que hacen festivales con caricaturas. No acá, pero en otros países. Porque nadie les dijo que el humor era un talante, el humor es una disposición diste",0.0426709010632212
1362,4,0.4508853559456575,6,6_quinta_vergara_público_quinta vergara,0.2672239726110977,14.0,14_ho_ho ho_aplauso_muchas,0.0703316102250397,Paulo Iglesias,2005,2000,6,6_quinta_vergara_público_quinta vergara,"En su recorrido, encantador, se conquistó el aplauso de la Quinta Vergara esta noche y ha obtenido Antorcha de Plata. Por Dios que lo hemos pasado bien, lo hemo",0.196892362386058
3373,4,0.38843985555776905,11,11_hijos_mamá_papá_hijo,0.1941427371640831,5.0,5_colegio_niños_papá_hijo,0.0702720314762563,Alejandra Azcárate,2018,2010,11,11_hijos_mamá_papá_hijo,Hablar de los padres cuando uno no lo es es muy fácil. A mí por eso me encanta hacerlo. Porque cometen errores muy elementales con nosotras las hijas. Los papás,0.1238707056878268
3132,4,0.2725214580627575,6,6_quinta_vergara_público_quinta vergara,0.0899764263306928,14.0,14_ho_ho ho_aplauso_muchas,0.0702487331585536,Fabrizio Copano,2017,2010,6,6_quinta_vergara_público_quinta vergara,"Muchas gracias, de verdad, muchas gracias, se basaron, se basaron. ¿Qué siente, Fabricio? Mira, ayer te viniste a dar una vuelta cuando había un momento complic",0.01972769317213921
1783,4,0.3905472047868202,11,11_hijos_mamá_papá_hijo,0.2037693685275918,16.0,16_comida_comer_dieta_mamá,0.0701611090776752,Coco Legrand,2010,2010,11,11_hijos_mamá_papá_hijo,"Mija, mi hija también cambió. Ya ya soy su mujer, uno como padre no no no no puede hacer nada frente a eso. Por lo demás, uno no puede ir en contra de la natura",0.1336082594499166
3716,4,0.2826041621237779,24,24_amor_dije_pa_pa pa,0.1018662228975807,27.0,27_soltera_bebé_arturo vidal_tinder,0.0700091916726296,"Paul Vásquez ""El Flaco""",2020,2020,6,6_quinta_vergara_público_quinta vergara,"Tú que vas a estudiar, tú que tienes que ir a a ciudades más grandes donde hay más institutos, más universidades, créeme, el demonio te va a esperar y te va a c",0.03185703122495109
1190,4,0.2696852301892489,29,29_reggaeton_calmado_dale_ten,0.0778845324869219,13.0,13_ay ay_salta salta_salta_ay,0.0698735976431201,Natalia Cuevas,2003,2000,1,1_canción_almas_cantar_vivo vivo,"Soy la hembra candente que como un focos luce cuando me enamoro y tengo mi corazón. Soy hermana de la tuna, de caña. Vengo, vengo, vengo de sol. Vengo, vengo, v",0.008010934843801804
3131,4,0.2694377365471769,6,6_quinta_vergara_público_quinta vergara,0.0853132760865425,14.0,14_ho_ho ho_aplauso_muchas,0.0698628984111133,Fabrizio Copano,2017,2010,6,6_quinta_vergara_público_quinta vergara,"Gracias, muchas gracias. Muchas gracias. Gracias, de verdad, muchas gracias. Gracias. Mira al público, cuando está de pie emocionándote, Fabricio. ¿Aceptaste es",0.0154503776754292
218,4,0.2791627504634004,27,27_soltera_bebé_arturo vidal_tinder,0.0857072646873219,23.0,23_amante_marido_mujer_matrimonio,0.0698521797210542,Pujillay,1990,1990,23,23_amante_marido_mujer_matrimonio,"canción. Ella vale todo lo que pesa. Ya saben de quién se trata, porque cuando hablamos de María Marta, debemos decir que cuando va al Perú cierra Lima. No, Álv",0.015855084966267696
3576,4,0.298502827725668,27,27_soltera_bebé_arturo vidal_tinder,0.1075942204241789,23.0,23_amante_marido_mujer_matrimonio,0.0698486923054451,Javiera Contador,2020,2020,15,15_hombres_mujeres_mujer_hombre,"No, qué ordinaria, yo jamás le hubiera dicho eso, se lo digo ahora, chúpalo. No, no, entonces ahí dije, ""Sabés que basta."" Y finalmente lo que pasa un poco que ",0.0377455281187338
1709,4,0.32002969848726837,6,6_quinta_vergara_público_quinta vergara,0.1337883784496857,14.0,14_ho_ho ho_aplauso_muchas,0.0697096068441111,Stefan Kramer,2008,2000,6,6_quinta_vergara_público_quinta vergara,"Qué grande Esteban Chaves. Ven, ven para acá, Esteban. Tremendo show, tremendo artista, tanto talento, recibe el aplauso fuerte de la Quinta Vergara. Aplaudimos",0.0640787716055746
1777,4,0.2800644580527605,24,24_amor_dije_pa_pa pa,0.1047149670649922,20.0,20_hermana_fea_curado_marihuana,0.0696938077561884,Coco Legrand,2010,2010,0,0_presidente_país_huevón_pesos,"Avisó por allá por los años 70 lo que íbamos a vivir hoy como sociedad, esta pulverización de nuestra sociedad donde las tribus urbanas nos iban a robar lo más ",0.0350211593088038
4275,4,0.3010605276766602,6,6_quinta_vergara_público_quinta vergara,0.1186041145082286,14.0,14_ho_ho ho_aplauso_muchas,0.0696513606623005,George Harris,2025,2020,6,6_quinta_vergara_público_quinta vergara,"Gracias, Viña del Mar. Te amo, Venezuela. Cuídense mucho. ¿Por qué se va, mi querido George? George, dijiste una palabra clave. Qué tranquilo, tranquilo. Y no e",0.04895275384592809
3546,4,0.2993542640238891,27,27_soltera_bebé_arturo vidal_tinder,0.1111957647211044,23.0,23_amante_marido_mujer_matrimonio,0.0694949190669333,Javiera Contador,2020,2020,0,0_presidente_país_huevón_pesos,"rebenía, como la familia peleadora, como todo mal y me encuentro con lo que para mí es la perfección hecha familia. Ella, por supuesto que es flaca sin hacer di",0.041700845654171106
2522,4,0.3329040318132868,23,23_amante_marido_mujer_matrimonio,0.1404001085859827,24.0,24_amor_dije_pa_pa pa,0.0691842769826486,León Murillo,2015,2010,15,15_hombres_mujeres_mujer_hombre,"Estas parejas se dejan de hablar, una semana sin hablarse, después de una semana sin hablarse, yo creo que ya te lo haya escrito todo, po huevón. Después de una",0.0712158316033341
1556,4,0.27693903092935457,3,3_humor_quinta_quinta vergara_vergara,0.0806313783233945,17.0,17_natalia_chiqui_alison_javiera,0.0691524465999981,Ruperto,2006,2000,6,6_quinta_vergara_público_quinta vergara,"Roberto, en Viña, 2006. Creemos que como él no hay mucho y son de los pocos e importantes humoristas que vienen de una tradición Muchas distinta gracias, muchas",0.011478931723396396
1583,4,0.2849994572177031,27,27_soltera_bebé_arturo vidal_tinder,0.0974151492615934,23.0,23_amante_marido_mujer_matrimonio,0.0690405705130997,Álvaro Salas,2007,2000,8,8_anthony_amas_your_you,No somos los mismos flacos. Hemos subido de peso. Los años se no han venido. Tenemos todo caído. Hoy nos tomamos un día gran y nos pusimos muy tiesos. Pense en ,0.02837457874849371
2681,4,0.2752323222234871,6,6_quinta_vergara_público_quinta vergara,0.0912419970240105,14.0,14_ho_ho ho_aplauso_muchas,0.0689840095534531,Rodrigo González,2016,2010,6,6_quinta_vergara_público_quinta vergara,"Rodrigo, por favor. Rodrigo, tenemos aquí este gran premio para ti. Sabemos que tus hijos también están ahí por medio del público. Sí, muchas gracias. Sí. Graci",0.02225798747055739
2565,4,0.2926199202350394,6,6_quinta_vergara_público_quinta vergara,0.1144087729123193,14.0,14_ho_ho ho_aplauso_muchas,0.0689465042180798,Arturo Ruiz-Tagle,2015,2010,6,6_quinta_vergara_público_quinta vergara,"con una presentación escrita por él mismo, con una puesta en escena que solamente un hombre que tiene el recorrido que tiene Arturo puede realizar. Aquí está, r",0.0454622686942395
2784,4,0.29295202536527126,27,27_soltera_bebé_arturo vidal_tinder,0.0961627655031154,23.0,23_amante_marido_mujer_matrimonio,0.0688657628186367,Los Locos del Humor,2016,2010,2,2_chiste_programa_hoy hoy_chistes,"está Vergara. Sí. Mira, ¿tú sabes por qué las rosas se llaman rosas? No, ¿por qué? Si fueran más hermosas se llamarían mujeres. Oh, yo voy, hijo. Toma, te lo me",0.027297002684478697
1372,4,0.314920878308333,27,27_soltera_bebé_arturo vidal_tinder,0.1253027982366371,15.0,15_hombres_mujeres_mujer_hombre,0.068858216262666,Carlos García,2006,2000,1,1_canción_almas_cantar_vivo vivo,"durero y el mundo me importa poco. Cuando una mujer me gusta, me gusta a pesar de todo. Me gustan las altas y las chaparritas, las blancas, las gordas y las chi",0.05644458197397109
1604,4,0.313192970124625,6,6_quinta_vergara_público_quinta vergara,0.1374118667159467,14.0,14_ho_ho ho_aplauso_muchas,0.0687965474763896,Álvaro Salas,2007,2000,6,6_quinta_vergara_público_quinta vergara,"la mejor fiesta de Latinoamérica. Su festival de línea. Gracias, señores. Fuerza, señores. Gracias. Muchas gracias. Ahí está. Más fuerte el aplauso para Álvaro ",0.06861531923955712
4290,4,0.2468949135087129,23,23_amante_marido_mujer_matrimonio,0.0698114116228566,16.0,16_comida_comer_dieta_mamá,0.0685755449429824,George Harris,2025,2020,16,16_comida_comer_dieta_mamá,cuando uno era niño. Porque los padres de uno en aquella época usaban los sábados y los domingos para limpiar la casa. Todos ustedes lo saben porque se criaron ,0.0012358666798742007
3912,4,0.3172479068146611,11,11_hijos_mamá_papá_hijo,0.1369802127138037,16.0,16_comida_comer_dieta_mamá,0.068495387524948,Belén Mora,2023,2020,11,11_hijos_mamá_papá_hijo,"me dijo que necesito saber quién es mi papá para establecer un vínculo afectivo si no voy a crecer con carencias emocionales. Prende, la consola. Gracias. A est",0.0684848251888557
3858,4,0.31924190497158783,23,23_amante_marido_mujer_matrimonio,0.1469949166856076,24.0,24_amor_dije_pa_pa pa,0.0684061759587535,Diego Urrutia,2023,2020,9,9_auto_dijo dijo_micro_carabineros,"Me dijo: «No, es que no confío en ti, huevón». Esto es real, esto es real, esto pasó, po. Entonces la tuve que bloquear de todas las redes sociales y es cuático",0.0785887407268541
753,4,0.3013266687218985,27,27_soltera_bebé_arturo vidal_tinder,0.1162548234768453,23.0,23_amante_marido_mujer_matrimonio,0.0683937307791478,Gloria Benavides,1998,1990,15,15_hombres_mujeres_mujer_hombre,"Cuando era chica, yo tuve una sorpresa al descubrir que en mi tocador belleza no me resignó a que toda mi hermosura dentro de un tiempo que vaya a la basura. So",0.047861092697697505
3388,4,0.43141532219436257,6,6_quinta_vergara_público_quinta vergara,0.2447093392240829,17.0,17_natalia_chiqui_alison_javiera,0.0683420578690292,Alejandra Azcárate,2018,2010,6,6_quinta_vergara_público_quinta vergara,Pero sobre todo conquistaste a esta Quinta Vergara con tu humor. Yo sé que estabas muy nerviosa. Pasaron los nervios. Ella estaba muy nerviosa antes de subirse ,0.1763672813550537
2534,4,0.33405522550198563,27,27_soltera_bebé_arturo vidal_tinder,0.1512951913628426,23.0,23_amante_marido_mujer_matrimonio,0.0682779720938309,Arturo Ruiz-Tagle,2015,2010,15,15_hombres_mujeres_mujer_hombre,"Estamos hablando desde mi perspectiva. Yo sé que para ustedes yo tengo fama del hacho porque soy protagonista de varios ""Infieles"". Quizás algunos no me reconoc",0.08301721926901172
2440,4,0.2913864611395492,27,27_soltera_bebé_arturo vidal_tinder,0.0964557713611327,24.0,24_amor_dije_pa_pa pa,0.068243770889933,Centella,2015,2010,15,15_hombres_mujeres_mujer_hombre,la conquisté y ella tenía algo hermoso. Ella tenía algo que no cualquier mujer tiene de la verdad. Ella tenía plata y y otras cosas. Además tenía una linda cola,0.028212000471199705
1724,4,0.2603941398612401,22,22_verdad_agradecer_emocionado_quiero agradecer,0.0746424823467417,19.0,19_través_mar_viña_viña mar,0.0681459225609875,Profesor Salomón y Tutu-Tutu,2008,2000,1,1_canción_almas_cantar_vivo vivo,Un poema de un amigo suyo. ¿De quién? De mi amigo extraterrestre. Mauricio Israel. ¿Quién? No. ¿Quién extraterrestre? De mi amigo marciano. De su amigo marciano,0.006496559785754197
342,4,0.3027225027645789,11,11_hijos_mamá_papá_hijo,0.1163261034504924,5.0,5_colegio_niños_papá_hijo,0.068054822787874,Sandy,1993,1990,11,11_hijos_mamá_papá_hijo,"no quiero ir a la escuela"". ""Sí, tenés que ir"". ""Es que los chicos me cargan mucho, no quiero ir a la escuela, no quiero ir a la escuela"". ""Tienes que ir por tr",0.04827128066261839
3537,4,0.3257763566179113,11,11_hijos_mamá_papá_hijo,0.1348847254511977,16.0,16_comida_comer_dieta_mamá,0.0678390252148667,Javiera Contador,2020,2020,11,11_hijos_mamá_papá_hijo,"¿Qué es esto, weón? Yo los parí, yo los amo, pero yo no voy a Yo no voy a guardar esta huevada, weón. Mira, mira, mira, cáchate esto. La falta cariño, pues, weó",0.067045700236331
2078,4,0.2715809868764085,20,20_hermana_fea_curado_marihuana,0.1008511540858077,24.0,24_amor_dije_pa_pa pa,0.0674251973701374,Los Atletas de la Risa,2013,2010,20,20_hermana_fea_curado_marihuana,"copete. Tu señora buena para copete. Excelente. Y como dijo Manolete, mi señora buena para el copete. Échale y como dijo Federico, tu señora buena para para el ",0.03342595671567031
4517,4,0.2535480041569077,23,23_amante_marido_mujer_matrimonio,0.0736371678532469,24.0,24_amor_dije_pa_pa pa,0.0673681698250769,Pedro Ruminot,2025,2020,2,2_chiste_programa_hoy hoy_chistes,"una señora en un matinal. Habló bien toda la entrevista excepto por una palabra. Dijo, ""víctima"". La señora Elizabeth Ogas Orrego. La conozco. Por eso voy a hab",0.006268998028169992
648,4,0.3450362254650329,5,5_colegio_niños_papá_hijo,0.1696564710577268,11.0,11_hijos_mamá_papá_hijo,0.0673142104126656,Palta Meléndez,1997,1990,5,5_colegio_niños_papá_hijo,"Una cosa hermosa. Ahora hay niños que tienen una cosa media precoz, así media Hay niños medios malulos. Llega una profesora ahora que estamos a punto de entrar ",0.1023422606450612
344,4,0.2807666675285012,22,22_verdad_agradecer_emocionado_quiero agradecer,0.0955263063281555,14.0,14_ho_ho ho_aplauso_muchas,0.0672509297405771,Sandy,1993,1990,22,22_verdad_agradecer_emocionado_quiero agradecer,"Créanmelo que para mí ha sido un gran lauro que me hayan escuchado, ha sido muy importante. Ya una vez fui a ver, todo traumado, a un psicoanalista y dije: ""Doc",0.028275376587578394
1652,4,0.38729513578278196,27,27_soltera_bebé_arturo vidal_tinder,0.208704250906712,23.0,23_amante_marido_mujer_matrimonio,0.0669624269450836,Palta Meléndez,2007,2000,27,27_soltera_bebé_arturo vidal_tinder,"Cuando están solos te tratan de mi amor y con los amigos te tratan de tú. No saben sacar los sostenes, siempre se enredan y es una que termina sacándoselo. En l",0.14174182396162838
2787,4,0.2721522396392467,27,27_soltera_bebé_arturo vidal_tinder,0.0924646065027195,24.0,24_amor_dije_pa_pa pa,0.0668514281135007,Los Locos del Humor,2016,2010,9,9_auto_dijo dijo_micro_carabineros,"Ya. No podéis comportarte así, por favor. ¿Sabes qué? No sé, no me tengas que decir raro. No, yo soy raro, compadre. Te digo al tiro, a mí me gustan las chicas.",0.025613178389218796
1588,4,0.3147796745411424,6,6_quinta_vergara_público_quinta vergara,0.1279126796514627,14.0,14_ho_ho ho_aplauso_muchas,0.0667308323862871,Álvaro Salas,2007,2000,6,6_quinta_vergara_público_quinta vergara,"La presencia de un maestro de un monstruo de esta zona. El aplauso de la Quinta Vergara para el señor Álvaro Salas. Quedamos con Pujilla. Vamos con más Pujilla,",0.06118184726517559
2175,4,0.2604208423820318,6,6_quinta_vergara_público_quinta vergara,0.0787009191377572,14.0,14_ho_ho ho_aplauso_muchas,0.0667020495076937,Bastián Paz,2013,2010,6,6_quinta_vergara_público_quinta vergara,"Un momento muy emocionante del que hemos vivido. Le quiero contar algo sobre superimportante, amigos míos. Queremos que lo entiendan. Bastián se preparó para es",0.011998869630063497
3536,4,0.3563334230031928,5,5_colegio_niños_papá_hijo,0.1861421183241834,11.0,11_hijos_mamá_papá_hijo,0.0666693930992539,Javiera Contador,2020,2020,5,5_colegio_niños_papá_hijo,"y entráis a la sala, está en esa sillita chiquitita que tú entráis y no sé por qué la haces sentarte ahí, porque tú la miráis y tú sabéis que tu raja ahí no va ",0.1194727252249295
373,4,0.2526186827741095,19,19_través_mar_viña_viña mar,0.0687667310525007,22.0,22_verdad_agradecer_emocionado_quiero agradecer,0.0662922633709389,Julio Sabala,1994,1990,3,3_humor_quinta_quinta vergara_vergara,"en este año acá en Piña del Mar donde cobra una dimensión mayor. Decirles, como es la primera vez que vengo por estas latitudes, algunas cosas acerca de un serv",0.002474467681561801
2984,4,0.29263649908511147,23,23_amante_marido_mujer_matrimonio,0.1092057898979555,24.0,24_amor_dije_pa_pa pa,0.066262761722967,"Carlos ""El Mono"" Sánchez",2017,2010,15,15_hombres_mujeres_mujer_hombre,"Somos así, somos increíbles, nos reímos, tenemos que reírnos, el cuerpo humano nació para reírse, nos reímos de las cosas más extrañas. Miren, un macho es difer",0.042943028174988504
572,4,0.3245473226529545,22,22_verdad_agradecer_emocionado_quiero agradecer,0.1399281011396904,6.0,6_quinta_vergara_público_quinta vergara,0.0662072418885984,Dinamita Show,1996,1990,1,1_canción_almas_cantar_vivo vivo,"Vamos, pasa flaco como un turista te quiero haber convertido en todo turista. Eso, al ritmo del country. All right, thank you very much. Buenas noches, amigo. N",0.073720859251092
4168,4,0.37011927890225205,22,22_verdad_agradecer_emocionado_quiero agradecer,0.185497014961179,14.0,14_ho_ho ho_aplauso_muchas,0.0661105070874869,Lucho Miranda,2024,2020,21,21_buenas noches_noches_buenas_pecadora,"ahí, no competí más. Y de ahí me dedico a esto, al stand-up, a contar chistes, a hacerlo creer, a poder escuchar sus risas, algo que no va a ser sordo que la es",0.11938650787369211
2120,4,0.4641980848316867,17,17_natalia_chiqui_alison_javiera,0.2760002954018811,3.0,3_humor_quinta_quinta vergara_vergara,0.0660932335537439,Nancho Parra,2013,2010,17,17_natalia_chiqui_alison_javiera,"Ahí viene la plaza, cuando fuerte, te gusta bailar. Y cuando claro que no le ando. Es la reina. Es la reina. Adiós día patio, adiós día Lelo. Es la reina doblad",0.20990706184813718
229,4,0.2587228000925215,19,19_través_mar_viña_viña mar,0.0709038160349542,3.0,3_humor_quinta_quinta vergara_vergara,0.0659951817482235,Pujillay,1990,1990,4,4_chileno_chile_argentino_chilenos,"Don Álvaro. Gracias. Está todo ensayado, si vamos a llegar hasta ahí no más. Vamos a hacer un último tenista porque todavía quedan artistas de relleno y Ahí nos",0.004908634286730704
2914,4,0.28514729855752663,27,27_soltera_bebé_arturo vidal_tinder,0.095498668595455,24.0,24_amor_dije_pa_pa pa,0.0657638813503052,"Daniela ""Chiqui"" Aguayo",2017,2010,13,13_ay ay_salta salta_salta_ay,"que ser más sexy de lo que yo ya soy. ¿Qué tanto, sí, sí? Igual no me resultó, pero yo tengo una teoría. Quizás tal vez la genética no me acompañó mucho, porque",0.029734787245149802
3088,4,0.2702356367119525,6,6_quinta_vergara_público_quinta vergara,0.0902913022474707,14.0,14_ho_ho ho_aplauso_muchas,0.0657354498283094,Rodrigo Villegas,2017,2010,6,6_quinta_vergara_público_quinta vergara,"todos ustedes. Evidentemente no se equivocó. Querido Rodrigo, cuando tú le haces en la despedida a ese hombre maravilloso que es tu padre y que será siempre ese",0.024555852419161306
2438,4,0.2902240269275193,27,27_soltera_bebé_arturo vidal_tinder,0.1103256919154831,23.0,23_amante_marido_mujer_matrimonio,0.0657201478357124,Centella,2015,2010,0,0_presidente_país_huevón_pesos,"Y me dediqué a otra cosa. Empecé a a buscar cosas, no tuve opciones, pocas opciones de vida, entretenidas. Quise encontrar una novia, un día encontré una novia ",0.0446055440797707
4288,4,0.303778822135937,22,22_verdad_agradecer_emocionado_quiero agradecer,0.1196139437917624,6.0,6_quinta_vergara_público_quinta vergara,0.0655838195239423,George Harris,2025,2020,6,6_quinta_vergara_público_quinta vergara,"Esto está super dividido. Es una realidad. Es un escenario, ¿tú sabías que un escenario Es diferente? Es un escenario con todas sus características. Sí, es un p",0.05403012426782011
549,4,0.301751307185605,5,5_colegio_niños_papá_hijo,0.1270348930598143,11.0,11_hijos_mamá_papá_hijo,0.065577346648787,Los Indolatinos,1996,1990,5,5_colegio_niños_papá_hijo,"Parecen niñitos de kinder. Oye, eso es un borracho la micro y le dice al chofer, ""Buenas tardes, ¿cuánto vale el escolar?"" 30 pesos, ya dame el guatón del segun",0.0614575464110273
2413,4,0.26301248602028426,5,5_colegio_niños_papá_hijo,0.0938271610573449,26.0,26_celular_pegado_teléfono_whatsapp,0.0654807671941209,Dinamita Show,2015,2010,5,5_colegio_niños_papá_hijo,"Tranquilo. Para un niño pequeño, 10 años, con un sapito muerto a la rastra caminando hacia un lenocinio. ¿A... a dónde iba el niñito? A un bacanal. Ah, eh... ¿A",0.028346393863224004
3905,4,0.2588337085423,23,23_amante_marido_mujer_matrimonio,0.0800951600565021,24.0,24_amor_dije_pa_pa pa,0.0654165091424785,Belén Mora,2023,2020,11,11_hijos_mamá_papá_hijo,"Y yo me dije a mí misma, ¿por qué es importante hablar con una misma en esos momentos? Yo me dije, ""Mira, misma, si ya está ahí en esta, entrégate."" Y me entreg",0.014678650914023594
3207,4,0.3066609193340405,5,5_colegio_niños_papá_hijo,0.129127889322216,11.0,11_hijos_mamá_papá_hijo,0.0652663939971295,Bombo Fica,2018,2010,5,5_colegio_niños_papá_hijo,"que se lo saben todo. Y yo siempre hago una diferencia, ¿por qué? Creo que es bueno tomar y tomarse un tiempo y hacer este análisis. Porque han cambiado las gen",0.0638614953250865
3453,4,0.4725203121586687,27,27_soltera_bebé_arturo vidal_tinder,0.2914625190948365,23.0,23_amante_marido_mujer_matrimonio,0.0652646389136336,Jani Dueñas,2019,2010,27,27_soltera_bebé_arturo vidal_tinder,fue y tengo una noticia también que con esto van a estar muy felices porque habla mucho de mi desgracia y es que no estoy teniendo sexo con nadie. Claramente co,0.2261978801812029
2948,4,0.3926239436716826,27,27_soltera_bebé_arturo vidal_tinder,0.2146003430375088,23.0,23_amante_marido_mujer_matrimonio,0.065107767160782,"Daniela ""Chiqui"" Aguayo",2017,2010,25,25_bailar_fiesta_bailemos_baile,"Y después digo: ""¿Y por qué nadie me saca a bailar?"". Pero yo, curá y todo, escucho una cosa que hacen ustedes hombres, que, por favor, no vuelvan a hacerla nun",0.14949257587672682
4398,4,0.2790430577149808,23,23_amante_marido_mujer_matrimonio,0.1087253063179156,15.0,15_hombres_mujeres_mujer_hombre,0.0649210241746914,Edo Caroe,2025,2020,0,0_presidente_país_huevón_pesos,"las mujeres son tan bruscos que afectan al intestino y todo el sistema digestivo. No, sí, Diosito las detestaba, huevón, realmente. Diosito alto misógino, un hu",0.04380428214322421
2167,4,0.2630471514831366,5,5_colegio_niños_papá_hijo,0.0908818785009984,26.0,26_celular_pegado_teléfono_whatsapp,0.0648336097051036,Bastián Paz,2013,2010,5,5_colegio_niños_papá_hijo,"Espérate, ahí lo cuento. Espérate. No me que aquí al final, pues, huevón. Está un niñito... está ocupado en la pieza. Ya. Y toca la puerta así. Ya, así. Ahí. Co",0.026048268795894794
3904,4,0.2498711695716888,23,23_amante_marido_mujer_matrimonio,0.0787658630560398,24.0,24_amor_dije_pa_pa pa,0.0647515196444693,Belén Mora,2023,2020,23,23_amante_marido_mujer_matrimonio,"buenas noches. Le vengo a hacer un lavadito. Yo dije, ""Ya moró, se van a lavar el pelo."" Pero la mujer no tenía champú. La mujer tenía unos guantes, una chata y",0.014014343411570498
1765,4,0.263506431006598,22,22_verdad_agradecer_emocionado_quiero agradecer,0.0851553705692686,21.0,21_buenas noches_noches_buenas_pecadora,0.0646347823779653,Dinamita Show,2009,2000,10,10_maestro_hora hora_ruperto_hora,"Bueno. Gracias. Esta vez... nosotros tenla nomás, flaquito, si es nuestra, así que no hay drama. Ah, me la dais. Esta vez no vamos a llorar. Porque me compro un",0.0205205881913033
3693,4,0.2558922875834185,23,23_amante_marido_mujer_matrimonio,0.0770539017036479,24.0,24_amor_dije_pa_pa pa,0.0645199272817956,"Paul Vásquez ""El Flaco""",2020,2020,16,16_comida_comer_dieta_mamá,"Se sale de la feria, po. Puta y se mete de nuevo a la feria, mi amor. Empieza a comprar, a comprar, a comprar. Llega a la casa. Anótenla ahora, niños. Un cuarto",0.012533974421852292
4043,4,0.3529790771064203,11,11_hijos_mamá_papá_hijo,0.1715592780132743,16.0,16_comida_comer_dieta_mamá,0.0643684414582118,Alison Mandel,2024,2020,11,11_hijos_mamá_papá_hijo,"Mientras me doy la vuelta, Waze me dice que me voy a demorar media hora. Yo no sé si ya ustedes llegaron a ese minuto de estrés de su vida que uno desafía Waze.",0.10719083655506251
4295,4,0.24904383143307912,23,23_amante_marido_mujer_matrimonio,0.0742810142799558,16.0,16_comida_comer_dieta_mamá,0.0643409643002176,George Harris,2025,2020,25,25_bailar_fiesta_bailemos_baile,"que mi mamá ponía dos bolsas en el día de limpieza. La negra para botar y una blanca para donar. Entonces iba, tú sabes, armando aquello y ya iba armando la cas",0.0099400499797382
4293,4,0.2489680764659454,23,23_amante_marido_mujer_matrimonio,0.0743598941530861,16.0,16_comida_comer_dieta_mamá,0.0643165128225088,George Harris,2025,2020,18,18_doctor_farmacia_examen_consulta,Mira. Por supuesto el pro el proceso de limpieza continuaba. Eso no se quedaba ahí. Eso era uno de los temas que ponían a sonar en esa casa. Me acuerdo que mi m,0.010043381330577292
131,4,0.2518125690313436,22,22_verdad_agradecer_emocionado_quiero agradecer,0.075976717224347,21.0,21_buenas noches_noches_buenas_pecadora,0.0638313524407744,Jorge Romero,1979,1970,1,1_canción_almas_cantar_vivo vivo,"""¡Uy, me gustó mucho!"". Entonces, mente, con el coro floral, le vamos a interpretar con mucha fraternosidad una canción dedicado a usted, mentes. Con todo cariñ",0.012145364783572601
3355,4,0.2636372437505873,27,27_soltera_bebé_arturo vidal_tinder,0.0917286706731207,24.0,24_amor_dije_pa_pa pa,0.0637307168976213,Alison Mandel,2018,2010,11,11_hijos_mamá_papá_hijo,"una amiga. ¿Qué amiga? Amor, no la conoces. Si no la conozco, no es tu amiga. ¿Y para qué quería una amiga ya? No te pongas así si es para contarle mis cosas. C",0.027997953775499393
779,4,0.2701835601034296,5,5_colegio_niños_papá_hijo,0.0976787553823639,11.0,11_hijos_mamá_papá_hijo,0.0637255946980943,Dino Gordillo,1998,1990,5,5_colegio_niños_papá_hijo,un chico muy inquieto en el jardín y si es muy inquieto muy hiperactivo y si es muy calmado es autista Y lo lleváis a ese psicólogo que a los 5 años le empiezan,0.033953160684269595
472,4,0.2683603437796022,23,23_amante_marido_mujer_matrimonio,0.0984353136896731,24.0,24_amor_dije_pa_pa pa,0.0636730980236948,Paulo Iglesias,1995,1990,7,7_vieja_suegra_abuela_abuelita,"preparar la cama y me voy a poner el betel». Yo le digo: «Que sabéis que tenéis mucho que hacer, mejor vengo otro día». Otra cosa que está en los bronceadores e",0.03476221566597831
3335,4,0.4397708948505516,27,27_soltera_bebé_arturo vidal_tinder,0.262831691352912,24.0,24_amor_dije_pa_pa pa,0.0628394600418605,Alison Mandel,2018,2010,27,27_soltera_bebé_arturo vidal_tinder,"Y a mí lo que más me llega un video, mira la triste historia de este pequeño perro perdido. Oh, ¿qué será? Lo abren y aparece una mina gritando Y el huevón se d",0.1999922313110515
4396,4,0.2707117392931589,23,23_amante_marido_mujer_matrimonio,0.1022884678445568,15.0,15_hombres_mujeres_mujer_hombre,0.0623284962313244,Edo Caroe,2025,2020,2,2_chiste_programa_hoy hoy_chistes,"la acenta, no. Entonces, ahora lo que me preocupa Lo que me preocupa es que mi esposa se embarace y yo no me doy cuenta. Así que siempre lo estoy mirando de lej",0.03995997161323239
3256,4,0.3559987176449995,17,17_natalia_chiqui_alison_javiera,0.1886625471735292,6.0,6_quinta_vergara_público_quinta vergara,0.0623163488051448,Jenny Cavallo,2018,2010,17,17_natalia_chiqui_alison_javiera,"Talentosísima. Supervaliente, yo tengo que decirlo porque ser mujer, pararse sobre este escenario por primera vez es superdifícil. Y ella se atrevió y hoy día e",0.1263461983683844
3003,4,0.3230755862580247,23,23_amante_marido_mujer_matrimonio,0.1453346666684018,27.0,27_soltera_bebé_arturo vidal_tinder,0.0622845768364517,"Carlos ""El Mono"" Sánchez",2017,2010,23,23_amante_marido_mujer_matrimonio,"Gracias. No me No me voy a extender mucho. Maluma, tienes que avisarle a Jay Balvin que cuando salga el sábado para acá que apague la luz porque todos estamos a",0.08305008983195011
2771,4,0.25200227425304367,6,6_quinta_vergara_público_quinta vergara,0.0742735713217744,14.0,14_ho_ho ho_aplauso_muchas,0.0622620835581242,Pedro Ruminot,2016,2010,22,22_verdad_agradecer_emocionado_quiero agradecer,"Ahí está tu primera... muchas gracias. rabiota Pedro, ¿qué se siente? ¿Cómo sientes al mirar también esta Quinta Vergara llena? La verdad que disfrutando de tu ",0.012011487763650193
3504,4,0.2433379474243738,16,16_comida_comer_dieta_mamá,0.0693773265175778,24.0,24_amor_dije_pa_pa pa,0.062056084842791,Mauricio Palma,2019,2010,25,25_bailar_fiesta_bailemos_baile,"Este, este, va. Y lo ponía en la cacetera de ese equipo maravilloso que era el tres en uno. Radio cassette, Radio AM FM y toca disco. Yo tenía un Sony. Y ese eq",0.007321241674786802
24,4,0.25123293436054,27,27_soltera_bebé_arturo vidal_tinder,0.0845369900014196,24.0,24_amor_dije_pa_pa pa,0.0616993643149518,Los Acetatos,1973,1970,27,27_soltera_bebé_arturo vidal_tinder,"Musky de la de la mujer, musky de la de la mujer, de la de la de la de la de la de la de la de la de la de la de la de la de la de la de la de la de la de la de",0.022837625686467806
4291,4,0.249138776849491,23,23_amante_marido_mujer_matrimonio,0.076471000860045,16.0,16_comida_comer_dieta_mamá,0.0615379288012962,George Harris,2025,2020,1,1_canción_almas_cantar_vivo vivo,No la toquen que da electricidad. Eran otros electrodomésticos en aquella época completamente diferente. Pero la limpieza del hogar la limpieza del hogar no iba,0.014933072058748803
3720,4,0.25354600927911464,6,6_quinta_vergara_público_quinta vergara,0.0775750855221374,14.0,14_ho_ho ho_aplauso_muchas,0.0613666893136215,"Paul Vásquez ""El Flaco""",2020,2020,6,6_quinta_vergara_público_quinta vergara,"desde que llegaste a este escenario y ahí con los pantalones. Tranquilo, tranquilo, tranquilo. Es un momento muy especial porque como ustedes saben, el escenari",0.016208396208515906
738,4,0.4402952971840366,23,23_amante_marido_mujer_matrimonio,0.2646193728625879,7.0,7_vieja_suegra_abuela_abuelita,0.0613510927579109,Sarah Sanders,1998,1990,23,23_amante_marido_mujer_matrimonio,"Y, y dice: 'Bueno, yo vengo aquí a lo que se viene a una casa de citas, eh, pero necesito saber cuánto me va a costar'. Dice: 'Hombre, depende del tiempo'. Dice",0.203268280104677
652,4,0.2774158085387991,23,23_amante_marido_mujer_matrimonio,0.1128625732324439,24.0,24_amor_dije_pa_pa pa,0.0611773707522099,Palta Meléndez,1997,1990,26,26_celular_pegado_teléfono_whatsapp,"son fobes los chistes gallegos, ya les dije. Pero vamos a cambiar de tema. Yo hablaba un poco de la incomunicación de la comunicación y no hay peor cosa que la ",0.051685202480234005
2377,4,0.5380144248794598,27,27_soltera_bebé_arturo vidal_tinder,0.3655058620636485,24.0,24_amor_dije_pa_pa pa,0.0608259300965931,Dinamita Show,2015,2010,27,27_soltera_bebé_arturo vidal_tinder,"Entonces yo después del beso que vos me diste, yo dije: ""Quiero comprobar mi etero curiosidad"". ¿Tu etero curioso que tienes? Sí, entonces yo dije: ""Tengo que i",0.3046799319670554
3647,4,0.22945239637345322,1,1_canción_almas_cantar_vivo vivo,0.062033913172025,22.0,22_verdad_agradecer_emocionado_quiero agradecer,0.0606099599942114,Fusión Humor,2020,2020,10,10_maestro_hora hora_ruperto_hora,"Nunca puede faltar en el bolsillo un caballero en la cartera de la dama. Listo. Por la mierda, señorita. Lo rompiste. Lo rompiste, pero arréglalo, pues. Pon la ",0.0014239531778136028
4041,4,0.3086155505786159,11,11_hijos_mamá_papá_hijo,0.1320640306335916,16.0,16_comida_comer_dieta_mamá,0.0604503055443465,Alison Mandel,2024,2020,11,11_hijos_mamá_papá_hijo,"«Siéntate, Baltasar». «Soy un robot». «No, Baltasar, siéntate». «Soy un robot». «No, Baltasar, hoy día no eres un robot». Crianza respetuosa esta wea. «No eres ",0.0716137250892451
3721,4,0.2274579048262246,17,17_natalia_chiqui_alison_javiera,0.0634691558136039,6.0,6_quinta_vergara_público_quinta vergara,0.060251046331913,"Paul Vásquez ""El Flaco""",2020,2020,3,3_humor_quinta_quinta vergara_vergara,"Vamos. Enrique Iglesias. No escucho. Ah, igual paramos, qué bueno. El foco. Este es un sueño cumplido. La familia, sus hijas, la quinta repleta. Por primera vez",0.003218109481690906
3507,4,0.2881457952599481,1,1_canción_almas_cantar_vivo vivo,0.1196824414038558,22.0,22_verdad_agradecer_emocionado_quiero agradecer,0.0599407776147025,Mauricio Palma,2019,2010,2,2_chiste_programa_hoy hoy_chistes,Eso que acaba de pasar se llama memoria emotiva. Y yo como psicólogo soy experto en memoria emotiva. Y y por eso quiero hacer un ejercicio con ustedes para repe,0.0597416637891533
280,4,0.47023116859355396,7,7_vieja_suegra_abuela_abuelita,0.3054177856020678,16.0,16_comida_comer_dieta_mamá,0.0598887971459286,Hermógenes Conache,1991,1990,7,7_vieja_suegra_abuela_abuelita,Entre los cuatro sigan pegando el viejito así que me metí. Entre los cinco le pegamos al viejito. Siguió caminando lotito así y llega al cementerio como a las 1,0.24552898845613919
3542,4,0.2234143927016366,10,10_maestro_hora hora_ruperto_hora,0.0629991441914502,22.0,22_verdad_agradecer_emocionado_quiero agradecer,0.0597411928113885,Javiera Contador,2020,2020,5,5_colegio_niños_papá_hijo,"Nosotros aquí estamos todos vivos gracias a Optimus Prime. Es así, es así, es así. Huevón empático. Son, oye, los Transformers están preocupados, luchan contra ",0.0032579513800616994
1193,4,0.2305830510343162,19,19_través_mar_viña_viña mar,0.0601016703509608,17.0,17_natalia_chiqui_alison_javiera,0.0597328963500104,Sandy,2004,2000,3,3_humor_quinta_quinta vergara_vergara,Y ahora llega un momento muy especial. No lo anunciamos al comenzar nuestro encuentro de esta noche. Se trata de un artista que se ha ganado el cariño y el resp,0.0003687740009503948
3221,4,0.2323073393829767,5,5_colegio_niños_papá_hijo,0.0625419284330361,11.0,11_hijos_mamá_papá_hijo,0.0596938905128038,Jenny Cavallo,2018,2010,7,7_vieja_suegra_abuela_abuelita,"hay tiempo. ¿Qué es lo que una menos tiene cuando está criando? Entonces una dice, ""Ya por fin, tu tu tu tu tu, voy a lavarme el pelo después de 6 meses."" Te me",0.0028480379202323047
4311,4,0.2562958280358748,23,23_amante_marido_mujer_matrimonio,0.0842623661935019,24.0,24_amor_dije_pa_pa pa,0.0596829558764376,"Daniela ""Chiqui"" Aguayo",2025,2020,11,11_hijos_mamá_papá_hijo,"se entendió. Y ahí me puse ordinaria, se puso, te lo sé yo. Bueno, miren, yo creo que con tal nivel con tal nivel de argumento lo convencí porque me dijo, ""Pero",0.0245794103170643
2740,4,0.3227154525164825,27,27_soltera_bebé_arturo vidal_tinder,0.1560807214459987,23.0,23_amante_marido_mujer_matrimonio,0.0592274954172075,Pedro Ruminot,2016,2010,2,2_chiste_programa_hoy hoy_chistes,"Instagram y se llena de comentarios. De hecho, traje una foto. Mira, ahí está la foto de Instagram, ¿ven? Mira, vamos a ver los comentarios más destacados de la",0.09685322602879118
3238,4,0.4491836073238028,23,23_amante_marido_mujer_matrimonio,0.2832723729695848,27.0,27_soltera_bebé_arturo vidal_tinder,0.0589701635930856,Jenny Cavallo,2018,2010,23,23_amante_marido_mujer_matrimonio,"loco cuando uno está desvariando y pensando huevadas, cuando estáis cansadas y peleaste con tu marido y uno se pone a pensar en estas cosas. Porque en la realid",0.2243022093764992
2947,4,0.3178890186131354,20,20_hermana_fea_curado_marihuana,0.1548030059927027,7.0,7_vieja_suegra_abuela_abuelita,0.0589175857416821,"Daniela ""Chiqui"" Aguayo",2017,2010,25,25_bailar_fiesta_bailemos_baile,"enfocar ahora porque está acá y ya algo de él ha pasado, está chupando la señora. Mi hermana seca va la biscola, seca. Y mi abuela, por ejemplo, me esperaba al ",0.09588542025102059
2666,4,0.470367884361337,23,23_amante_marido_mujer_matrimonio,0.3032514919850828,15.0,15_hombres_mujeres_mujer_hombre,0.0588860019833385,Rodrigo González,2016,2010,23,23_amante_marido_mujer_matrimonio,"que todavía estoy pagando por lo demás. Y me abre la puerta mi ex, mis hijos y su actual. Y han cachado ustedes, mujeres, que después de estar con tipos como un",0.2443654900017443
3226,4,0.268795181187494,23,23_amante_marido_mujer_matrimonio,0.0992495674311401,15.0,15_hombres_mujeres_mujer_hombre,0.0588797452939483,Jenny Cavallo,2018,2010,15,15_hombres_mujeres_mujer_hombre,"Yo le dije, le dije. Porque uno goza diciéndole a todo el mundo que le dijo. Eso es lo otro. Una de las cosas, amigos y amigas, que me pasó cuando estaba embara",0.040369822137191806
252,4,0.3791538151500734,5,5_colegio_niños_papá_hijo,0.2167987355121216,11.0,11_hijos_mamá_papá_hijo,0.0588397764329117,Palta Meléndez,1991,1990,5,5_colegio_niños_papá_hijo,"Y lo que se libera de todos estos problemas son los niños que son como muy ingenuos, ¿no? Siempre están además cuenta con la bendición del Dios, ¿no? Son tan in",0.15795895907920987
1775,4,0.2285625122481409,17,17_natalia_chiqui_alison_javiera,0.0672009950703617,6.0,6_quinta_vergara_público_quinta vergara,0.0577596884144839,Coco Legrand,2010,2010,2,2_chiste_programa_hoy hoy_chistes,"Muchísimas gracias. Gracias de corazón. Gracias, señora alcaldesa, por haber pensado en este particular de la calle y contribuyente a este país. Gracias al cana",0.0094413066558778
3227,4,0.2580916465776826,23,23_amante_marido_mujer_matrimonio,0.0912425450378773,15.0,15_hombres_mujeres_mujer_hombre,0.0576294469473999,Jenny Cavallo,2018,2010,9,9_auto_dijo dijo_micro_carabineros,"Porque yo entiendo esa huevada. O sea, yo no me aguanto y cuando estaba embarazada era peor. Yo tenía que hacer pipí en cualquier parte, en cualquier parte, en ",0.033613098090477404
4521,4,0.24055840189958538,1,1_canción_almas_cantar_vivo vivo,0.0783503423290189,10.0,10_maestro_hora hora_ruperto_hora,0.0569743026031291,Pedro Ruminot,2025,2020,4,4_chileno_chile_argentino_chilenos,"Nada, no hizo nada. ¿Qué le costaba? Yo el año pasado fui a ver a Paul McCartney al show entre medio de todas las canciones habló en español, partió. Buenas noc",0.0213760397258898
1230,4,0.2624562354293571,6,6_quinta_vergara_público_quinta vergara,0.0958148611478258,14.0,14_ho_ho ho_aplauso_muchas,0.0566571119666662,Palta Meléndez,2004,2000,6,6_quinta_vergara_público_quinta vergara,"por el cariño y gracias por la consecuencia. Gracias, Buenas noche, señorita Vergara. que representa todo el cariño del público de la Quinta Vergara por su tale",0.03915774918115959
1585,4,0.2274068923909677,17,17_natalia_chiqui_alison_javiera,0.0613487943084929,19.0,19_través_mar_viña_viña mar,0.0565101040981291,Álvaro Salas,2007,2000,3,3_humor_quinta_quinta vergara_vergara,"¡Ah, señor! Siguiente invitado, señoras y señores, ya triunfó esta noche en la Quinta Vergara. Es un tocayo mío. Viene a hablar el gran Santiago, el señor Álvar",0.004838690210363802
1332,4,0.2254065027621639,17,17_natalia_chiqui_alison_javiera,0.0617707273517581,6.0,6_quinta_vergara_público_quinta vergara,0.0564592521269907,Paulo Iglesias,2005,2000,3,3_humor_quinta_quinta vergara_vergara,"Viene, viene algo muy, muy bueno, porque la Quinta se cae, la Quinta. Vamos a presentar a una persona que es un invitado muy especial para todas y todos nosotro",0.005311475224767402
22,4,0.22192641437459298,19,19_través_mar_viña_viña mar,0.0586124872901726,14.0,14_ho_ho ho_aplauso_muchas,0.056043091893873,Los Acetatos,1973,1970,19,19_través_mar_viña_viña mar,Este es el 34º Festival Internacional de la Canción de Viña del Mar y este es el grupo de Los Acetatos. Otra de las revelaciones de nuestro show internacional q,0.0025693953962995994
1220,4,0.2216094797496982,19,19_través_mar_viña_viña mar,0.0589910821219535,3.0,3_humor_quinta_quinta vergara_vergara,0.0552929308678726,Palta Meléndez,2004,2000,0,0_presidente_país_huevón_pesos,"Voy. Diga una cosa: desde que llegaste el otro, ¿qué es lo que más te ha llamado la atención de Chile? ¿Por qué le dicen a usted Tata? Tata es un apelativo que ",0.003698151254080906
3620,4,0.22036355692397688,2,2_chiste_programa_hoy hoy_chistes,0.0638111658289543,17.0,17_natalia_chiqui_alison_javiera,0.0528497877934327,Ernesto Belloni,2020,2020,2,2_chiste_programa_hoy hoy_chistes,"Ah, muchas gracias. Muy gentil. Muchas gracias, se lo agradezco, corazón. Yo Yo de verdad sabía que yo venía con un par de goles en contra esta noche porque me ",0.0109613780355216
2951,3,0.3892547288774082,23,23_amante_marido_mujer_matrimonio,0.164920366651915,15.0,15_hombres_mujeres_mujer_hombre,0.1618295417225454,"Daniela ""Chiqui"" Aguayo",2017,2010,15,15_hombres_mujeres_mujer_hombre,"Algo bastante más importante. Yo digo, ¿por qué los baños de mujeres no pueden pegar una advertencia en el espejo? Que diga, si usted se va usted va a beber, no",0.003090824929369601
3090,3,0.4177858414556359,6,6_quinta_vergara_público_quinta vergara,0.1841372841642729,14.0,14_ho_ho ho_aplauso_muchas,0.1614016170025979,Rodrigo Villegas,2017,2010,6,6_quinta_vergara_público_quinta vergara,"Gracias y muchas gracias, señoras y señores, porque eran Gracias por defenderme en la galería, de verdad. Gracias. Pero el público te sigue entregando cariño, R",0.02273566716167502
3252,3,0.3937464554188459,23,23_amante_marido_mujer_matrimonio,0.1559601704975108,15.0,15_hombres_mujeres_mujer_hombre,0.1545035990279971,Jenny Cavallo,2018,2010,15,15_hombres_mujeres_mujer_hombre,"Una dice eso siempre, porque en general no existe la mujer que diga como: «Está muy bien, mi amor, está muy bien lo que hiciste, porque si no hubieras hecho eso",0.0014565714695136955
2302,3,0.393243101764778,15,15_hombres_mujeres_mujer_hombre,0.1511519129090132,23.0,23_amante_marido_mujer_matrimonio,0.1504262089961327,Gigi Martin,2014,2010,15,15_hombres_mujeres_mujer_hombre,"y vienen hasta el día de hoy y se paran frente a mí esos gallos medios cocidos, pelucones, se paran frente a mí y dice: «¿Qué tal?». Y la larga en la huevada. Y",0.0007257039128804876
2446,3,0.3850817438928144,15,15_hombres_mujeres_mujer_hombre,0.181835935262709,23.0,23_amante_marido_mujer_matrimonio,0.1409536964529391,Centella,2015,2010,15,15_hombres_mujeres_mujer_hombre,"que yo hoy día quiero mostrar lo contrario. Y es cierto que las chiquillas van a acompañar. Ella me dice una Eh, yo voy a ir al baño. Uy, yo también. Espérame, ",0.040882238809769905
2505,3,0.3587027177976677,23,23_amante_marido_mujer_matrimonio,0.1542787950287151,15.0,15_hombres_mujeres_mujer_hombre,0.140168058788438,León Murillo,2015,2010,15,15_hombres_mujeres_mujer_hombre,las cosas. Porque yo creo que ese es el principal error que comete uno cuando te vas a vivir en pareja. Empezar a exigirle a tu pareja que se comporte como ni q,0.014110736240277116
419,3,0.4615462464932822,22,22_verdad_agradecer_emocionado_quiero agradecer,0.2579316739012949,21.0,21_buenas noches_noches_buenas_pecadora,0.1392078006344964,"Jorge ""Chino"" Navarrete",1994,1990,22,22_verdad_agradecer_emocionado_quiero agradecer,enojemos. Que estén para que las disfrutemos. Los quiero. Gracias por todo y los llevo dentro de mi corazón a mi país. Espero pronto volver con ustedes. Gracias,0.11872387326679851
3365,3,0.32565485658005977,23,23_amante_marido_mujer_matrimonio,0.1351706070685487,7.0,7_vieja_suegra_abuela_abuelita,0.135161703104284,Alejandra Azcárate,2018,2010,15,15_hombres_mujeres_mujer_hombre,"¿Pero por qué el papá espera un hombre? Si uno lo analiza, podría ser por una identificación de género más que natural, por conservar un legado, una tradición d",8.903964264700415e-06
3188,3,0.3653947775625342,23,23_amante_marido_mujer_matrimonio,0.1626642010148418,15.0,15_hombres_mujeres_mujer_hombre,0.134206037349164,Bombo Fica,2018,2010,15,15_hombres_mujeres_mujer_hombre,"empieza a inventar cuestiones y no se acuerda y eso también lo vamos a analizar porque está todo incluido de hecho las 15 lucas, así que le vamos a pedir a los ",0.0284581636656778
2405,3,0.44937726720163407,14,14_ho_ho ho_aplauso_muchas,0.2385596341179473,6.0,6_quinta_vergara_público_quinta vergara,0.1337538502812748,Dinamita Show,2015,2010,14,14_ho_ho ho_aplauso_muchas,Y aquí está para recibir también el aplauso de toda la Quinta Vergara. Esa mujer maravillosa que se acaba de ir a cambiar ropa en esta despedida: el Indio Mauri,0.10480578383667252
358,3,0.359247960225831,3,3_humor_quinta_quinta vergara_vergara,0.1474788365415313,19.0,19_través_mar_viña_viña mar,0.1328177365149162,Piña Colada,1993,1990,3,3_humor_quinta_quinta vergara_vergara,"El debut en este escenario de Piña Colada. Un humor muy nuestro, un humor popular, un humor contingente. En esta noche de festival hay un largo camino que recor",0.014661100026615081
105,3,0.5492776093678406,14,14_ho_ho ho_aplauso_muchas,0.3152244806626598,6.0,6_quinta_vergara_público_quinta vergara,0.132180691297662,Edmundo Arrocet,1978,1970,14,14_ho_ho ho_aplauso_muchas,Ese es el maravilloso aplauso de la Quinta Vergara para un jugador como es Gigote Arrozet. ¡Más grande el aplauso para que vuelva!,0.1830437893649978
2969,3,0.39089198753094123,23,23_amante_marido_mujer_matrimonio,0.2019064117969831,15.0,15_hombres_mujeres_mujer_hombre,0.1307304029421653,"Carlos ""El Mono"" Sánchez",2017,2010,26,26_celular_pegado_teléfono_whatsapp,"para acá, que para pararse frente al monstruo hay que ser valiente. Sí. Pero le voy a decir, ""Señoras, ¿qué es ser valiente?"" Ser valiente es darle la clave del",0.07117600885481778
3366,3,0.3192305224095605,7,7_vieja_suegra_abuela_abuelita,0.1354114454353923,23.0,23_amante_marido_mujer_matrimonio,0.1299515707068129,Alejandra Azcárate,2018,2010,15,15_hombres_mujeres_mujer_hombre,"Al principio uno al hombre le saca invitaciones y alegría, después compromiso y cría, más adelante uno le saca plata, ya al final uno lo saca al sol. En el caso",0.005459874728579395
1352,3,0.346463050132208,27,27_soltera_bebé_arturo vidal_tinder,0.1321066335735014,23.0,23_amante_marido_mujer_matrimonio,0.1290792143950896,Paulo Iglesias,2005,2000,15,15_hombres_mujeres_mujer_hombre,"Gracias. Yo creo que lo más importante Yo creo Yo creo que lo más importante es mantener la salud mental a hecho la casa, compadre. Lo más importante es evitar ",0.0030274191784117888
1868,3,0.4128159442615954,14,14_ho_ho ho_aplauso_muchas,0.2132229873040217,6.0,6_quinta_vergara_público_quinta vergara,0.1269009888297442,Óscar Gangas,2011,2010,6,6_quinta_vergara_público_quinta vergara,"Para el señor Óscar Ganga. Que con fuerza, con valentía, se puede triunfar en el escenario de la Quinta Vergara, que este público da segundas oportunidades, que",0.08632199847427749
1237,3,0.3696078658708782,27,27_soltera_bebé_arturo vidal_tinder,0.1391991518370249,15.0,15_hombres_mujeres_mujer_hombre,0.1239999396532956,Natalia Cuevas,2004,2000,15,15_hombres_mujeres_mujer_hombre,"En realidad es un tema que a mí me gusta tocar porque a mí me gusta ser bien directa. ¿No es cierto? ¿Y yo? Sí, ¿se escucha bien? Sí, ya. El texto para la mujer",0.015199212183729285
2324,3,0.3920073271330681,14,14_ho_ho ho_aplauso_muchas,0.1823524134415259,22.0,22_verdad_agradecer_emocionado_quiero agradecer,0.1238979908590926,Gigi Martin,2014,2010,14,14_ho_ho ho_aplauso_muchas,"Bueno, estoy feliz, esto está saliendo afuera, ya pasó todo. Estoy feliz y le agradezco a la gente que está escuchando afuera, a la galería, a la platea, a la t",0.05845442258243329
2317,3,0.5275758306206758,6,6_quinta_vergara_público_quinta vergara,0.3285933216213643,14.0,14_ho_ho ho_aplauso_muchas,0.122902027022645,Gigi Martin,2014,2010,6,6_quinta_vergara_público_quinta vergara,"Algo te estaba diciendo el público y tú te fuiste a una fiesta de empresa, escucha, por favor. Muchísimas gracias, gracias, gracias. Porque lo hiciste reír. Mar",0.2056912945987193
771,3,0.3822680905529618,22,22_verdad_agradecer_emocionado_quiero agradecer,0.1756684405020764,21.0,21_buenas noches_noches_buenas_pecadora,0.1224684023820453,Dino Gordillo,1998,1990,21,21_buenas noches_noches_buenas_pecadora,"...Gordillo. Muchísimas gracias, muy buenas noches. ¿Cómo están? ¿Todos bien? Eso, arriba me gusta, arriba del cerro lo mío ahí. Esa es la papa. Estoy mandando.",0.05320003812003109
1231,3,0.3299092336194171,3,3_humor_quinta_quinta vergara_vergara,0.141753751619491,17.0,17_natalia_chiqui_alison_javiera,0.1222700355561769,Natalia Cuevas,2004,2000,17,17_natalia_chiqui_alison_javiera,"Muy bien, ¿quieren comenzar a reír? ¿Les parece bien? Para pasar el frío de esta noche, el calor lo trae nuestra próxima invitada. Comenzó bailando en el munici",0.019483716063314102
224,3,0.3479788853760745,13,13_ay ay_salta salta_salta_ay,0.1412904352191657,29.0,29_reggaeton_calmado_dale_ten,0.1210806822738446,Pujillay,1990,1990,13,13_ay ay_salta salta_salta_ay,"El costillar es mío, me lo quieren quitar con Catalina Telias y tu gar tu gar salir a buscar con el grupo penitenciaría. Bueno, vamos a así entregarles con much",0.02020975294532111
1524,3,0.4125043637973863,6,6_quinta_vergara_público_quinta vergara,0.2290934860322675,14.0,14_ho_ho ho_aplauso_muchas,0.1203528532663994,Ruperto,2006,2000,6,6_quinta_vergara_público_quinta vergara,"Bueno, le presento a su público, la quinta Vergara. El lindo el lindo el monstruo, ah. Gracias. El lindo. Le voy a decir un aplauso mucho. Pero es lo que estamo",0.10874063276586811
932,3,0.3646499749833469,24,24_amor_dije_pa_pa pa,0.1833352955701477,27.0,27_soltera_bebé_arturo vidal_tinder,0.1188762078462881,Memo Bunke,2000,2000,24,24_amor_dije_pa_pa pa,"mejor, las mujeres no me faltan."" ¿A dónde la viste? Me dijo: ""Llegaste solo"". Igual que a che que había comunicación. Cuando hay comunicación lo que uno quiere",0.06445908772385958
3719,3,0.5934002089154315,6,6_quinta_vergara_público_quinta vergara,0.4122144274233833,14.0,14_ho_ho ho_aplauso_muchas,0.1179447668648051,"Paul Vásquez ""El Flaco""",2020,2020,6,6_quinta_vergara_público_quinta vergara,"Oye, Flaco, ya llevamos seis hijos pues, ven para acá mejor. Mira, mira qué lindo, mira. Vaya a saludar a la hinchada. Vaya a saludar a la hinchada ya. Mire, mi",0.2942696605585782
3447,3,0.4326506245284119,15,15_hombres_mujeres_mujer_hombre,0.2192150674933447,27.0,27_soltera_bebé_arturo vidal_tinder,0.1177522759708468,Jani Dueñas,2019,2010,15,15_hombres_mujeres_mujer_hombre,"No sean así. Yo cuando chica les cuento ¿Sabés qué? ¿Sabés qué? Les puedo contar igual. Les voy a contar igual. Yo cuando chica quería ser hombre. En serio, pri",0.10146279152249792
1976,3,0.5648019476941204,14,14_ho_ho ho_aplauso_muchas,0.3563465364311687,6.0,6_quinta_vergara_público_quinta vergara,0.1177075481128892,Zip-Zup,2012,2010,14,14_ho_ho ho_aplauso_muchas,"Que Dios le bendiga. Felicidades. Saludos, coronel. Chao, chao. El humor nuevamente triunfa aquí en la Quinta Vergara. Esta noche fue Zip Zup por primera vez en",0.2386389883182795
1968,3,0.40081646283859057,6,6_quinta_vergara_público_quinta vergara,0.2250752751878937,14.0,14_ho_ho ho_aplauso_muchas,0.1153457635185791,Zip-Zup,2012,2010,6,6_quinta_vergara_público_quinta vergara,"Felicidades. Que Dios le bendiga. Chao, chao. Gracias a ti, Sisub. Durante 12 años la perseverancia, el trabajo y mucho esfuerzo lo viaron hasta su sueño. Estar",0.10972951166931459
983,3,0.4061198746327544,6,6_quinta_vergara_público_quinta vergara,0.2207092401701981,14.0,14_ho_ho ho_aplauso_muchas,0.115155951623791,Coco Legrand,2000,2000,6,6_quinta_vergara_público_quinta vergara,Pero me gustaría mirar a la autoridad. Me gustaría contar con la aprobación de todos. Y ver si se puede hacer la excepción. Señoras y señores: para mí es un gus,0.10555328854640711
2409,3,0.365199675423267,14,14_ho_ho ho_aplauso_muchas,0.1677309422281812,6.0,6_quinta_vergara_público_quinta vergara,0.1149270841286108,Dinamita Show,2015,2010,14,14_ho_ho ho_aplauso_muchas,"¿Qué estado? No, al aborto. Bueno, queremos agradecer a todos a los piratas que están aquí, que son mis primos, a mi familia. Bueno, en realidad les voy a conta",0.05280385809957039
3669,3,0.4741555180918625,6,6_quinta_vergara_público_quinta vergara,0.2982512753646092,14.0,14_ho_ho ho_aplauso_muchas,0.1140220499631043,Fusión Humor,2020,2020,6,6_quinta_vergara_público_quinta vergara,"Un premio al mérito. ¿Cuántos años se sacrificaron para llegar a la Quinta Vergara para cumplir este sueño, Bodoque? Antes de salir al escenario quiero contar q",0.1842292254015049
3512,3,0.4669987869221468,6,6_quinta_vergara_público_quinta vergara,0.2882112636204715,14.0,14_ho_ho ho_aplauso_muchas,0.1131026857848143,Mauricio Palma,2019,2010,6,6_quinta_vergara_público_quinta vergara,"¿un poquito más? Por supuesto que sí. Eso, entonces, prepárese la quinta Vergara. Dejamos con ustedes nuevamente a Mauricio Palma. ¡Fuerte el aplauso para Mauri",0.1751085778356572
2517,3,0.3405734664759647,22,22_verdad_agradecer_emocionado_quiero agradecer,0.1281495075282724,14.0,14_ho_ho ho_aplauso_muchas,0.1123139839475388,León Murillo,2015,2010,6,6_quinta_vergara_público_quinta vergara,"de Muchas gracias, de verdad. Este es el reconocimiento que aplaude tu trabajo que por años has estado haciendo en bares, en teatros, que has estado compartiend",0.01583552358073359
2355,3,0.3816513331286546,14,14_ho_ho ho_aplauso_muchas,0.1887658816467689,22.0,22_verdad_agradecer_emocionado_quiero agradecer,0.111993531230563,Payahop,2014,2010,14,14_ho_ho ho_aplauso_muchas,"Fue el estilo, fue la improvisación, la falla, el hip-hop de Andy y de Claudio. Ellos son falla. Desde chiquillos. Y desde la galería. Hasta todo este público q",0.0767723504162059
3052,3,0.3717263973256204,14,14_ho_ho ho_aplauso_muchas,0.1978327897719156,6.0,6_quinta_vergara_público_quinta vergara,0.1109656743603914,"Juan Luis ""Jajá"" Calderón",2017,2010,14,14_ho_ho ho_aplauso_muchas,"Gracias. Gracias, Jaja. Recibe este aplauso. Y así despedimos a Jaja Candeón. Gruñó esta noche aquí en la Quinta Vergara. Un fuerte aplauso. Nosotros nos vamos ",0.0868671154115242
2322,3,0.3375964504452801,14,14_ho_ho ho_aplauso_muchas,0.1368875529290434,6.0,6_quinta_vergara_público_quinta vergara,0.1105602934414317,Gigi Martin,2014,2010,6,6_quinta_vergara_público_quinta vergara,"Que sigo siendo aquel, el mismo. Muchas gracias. Así se despide. Gracias. Gigi Martin de la Quinta Vergara. Muchas gracias. Me he dado el gusto de mi vida. Grac",0.026327259487611693
2625,3,0.4613254367633854,6,6_quinta_vergara_público_quinta vergara,0.289084033004736,14.0,14_ho_ho ho_aplauso_muchas,0.1101078422534616,Edo Caroe,2016,2010,6,6_quinta_vergara_público_quinta vergara,"Entonces dejamos sobre la quinta Vergara, a más de Edo Caroe. Muchas gracias. Bien. ¡Ah! ¡Ah, gracias! Bien, eh, po, qué tremendo, muchas gracias, de verdad. Eh",0.1789761907512744
1897,3,0.3381858317360783,22,22_verdad_agradecer_emocionado_quiero agradecer,0.1285119296902345,14.0,14_ho_ho ho_aplauso_muchas,0.1087842362318722,Dinamita Show,2012,2010,6,6_quinta_vergara_público_quinta vergara,"Gracias, Piña. ¿Cómo está mi querida y fiel galería? Los que llegan a las 6 de la tarde ahí. Ahí con aguante. ¿Cómo está mi querida y distinguida platea? ¿Cómo ",0.01972769345836231
3789,3,0.2760750997887038,16,16_comida_comer_dieta_mamá,0.1170718502246198,11.0,11_hijos_mamá_papá_hijo,0.1087000238808434,Pamela Leiva,2023,2020,11,11_hijos_mamá_papá_hijo,Porque mi hermana mi hermana repitió la misma historia de mi mamá y tiene dos hijas también por de distinto papá. Entonces en mi casa tenemos todos apellidos di,0.008371826343776395
1009,3,0.41823861628356807,14,14_ho_ho ho_aplauso_muchas,0.2316663812493591,6.0,6_quinta_vergara_público_quinta vergara,0.1076109873218801,Dino Gordillo,2000,2000,14,14_ho_ho ho_aplauso_muchas,"Pero hay algo que el monstruo nos quiere decir, Antonio. Pero no se escucha muy fuerte. «Dino». Dino vino enfermo esta noche, pero ahora se va a mejorar con la ",0.124055393927479
3356,3,0.3348906042800199,24,24_amor_dije_pa_pa pa,0.1718385822678007,27.0,27_soltera_bebé_arturo vidal_tinder,0.1064667313259329,Alison Mandel,2018,2010,2,2_chiste_programa_hoy hoy_chistes,"sentimos que estamos más bonitas. Es como, ""Bueno, hoy día desperté muy bonita."" Salí de la casa, iba caminando sin minísima y él venía caminando de lejos mirán",0.06537185094186779
1865,3,0.2893754648424144,22,22_verdad_agradecer_emocionado_quiero agradecer,0.1209439338536609,21.0,21_buenas noches_noches_buenas_pecadora,0.1049039113790906,Óscar Gangas,2011,2010,22,22_verdad_agradecer_emocionado_quiero agradecer,"No. Amigas y amigos, buenas noches. Breve: yo sé que los breves son los buenos cuando es breve, doblemente.",0.0160400224745703
2100,3,0.3709506118490481,14,14_ho_ho ho_aplauso_muchas,0.1645372934655743,22.0,22_verdad_agradecer_emocionado_quiero agradecer,0.1045195730844873,Los Atletas de la Risa,2013,2010,14,14_ho_ho ho_aplauso_muchas,"y todo, menos eso. Sí, señor. Muchas gracias, chiquillos. Muchas gracias. Gracias, muchachos. Gracias por tanto cariño. Gracias. Y con esa emoción despedimos a ",0.060017720381087006
137,3,0.3426986485103674,22,22_verdad_agradecer_emocionado_quiero agradecer,0.1695898208598223,21.0,21_buenas noches_noches_buenas_pecadora,0.1041616158428824,Jorge Romero,1979,1970,21,21_buenas noches_noches_buenas_pecadora,"¿Cómo están? Muchas... muchas... finu. Los tengo dominados, son, son míos, son míos todos. Entonces ahora, gracias por esa. Yo creía que era el autor...",0.0654282050169399
3422,3,0.3382377800103563,6,6_quinta_vergara_público_quinta vergara,0.1334801938579087,22.0,22_verdad_agradecer_emocionado_quiero agradecer,0.1039911709968422,Felipe Avello,2019,2010,6,6_quinta_vergara_público_quinta vergara,"Pero, igual fueron 20 años de larga trayectoria. Igual mi papá está bien enfermo, así que les va a agradecer harto eso. No, muy contento, muy feliz. Y ahora me ",0.029489022861066513
3844,3,0.302238436674399,27,27_soltera_bebé_arturo vidal_tinder,0.1309185916549381,25.0,25_bailar_fiesta_bailemos_baile,0.1029132706053937,Diego Urrutia,2023,2020,23,23_amante_marido_mujer_matrimonio,"Ahora el fuerte grito de los hombres. ¿Por qué ocurre ese fenómeno? Hay cachado que siempre en los festivales dicen, ""Las mujeres, los hombres."" Como que te aga",0.02800532104954441
1180,3,0.33273960340454634,14,14_ho_ho ho_aplauso_muchas,0.1544356906875153,22.0,22_verdad_agradecer_emocionado_quiero agradecer,0.1028763975265577,Natalia Cuevas,2003,2000,14,14_ho_ho ho_aplauso_muchas,Un gran aplauso para mi gran artista y mi gran amigo Antonio de Marcos y papel de Juanga que quiso compartir esta noche tan especial conmigo a la Quinta Vergara,0.051559293160957614
2258,3,0.3495885846169538,6,6_quinta_vergara_público_quinta vergara,0.1649014845997636,14.0,14_ho_ho ho_aplauso_muchas,0.1025917023700844,Jorge Alís,2014,2010,6,6_quinta_vergara_público_quinta vergara,"Jorge, escúchalos. La gente se pone de pie. La Quinta Vergara no solamente aplaude a los que han estado varias veces en este escenario, sino que también es gene",0.062309782229679186
4417,3,0.3186633248070585,14,14_ho_ho ho_aplauso_muchas,0.1255250872643888,22.0,22_verdad_agradecer_emocionado_quiero agradecer,0.1022182247527988,Edo Caroe,2025,2020,6,6_quinta_vergara_público_quinta vergara,"Buenas noches, niña. No quiero mucho, pero en un gran público. Gracias. Chao. ¡Ay, sí te conozco! ¡Memorable! Así despedimos con un tremendo aplauso cariñoso. A",0.02330686251158999
227,3,0.33088751476521827,29,29_reggaeton_calmado_dale_ten,0.1618901023260132,13.0,13_ay ay_salta salta_salta_ay,0.1011378707840649,Pujillay,1990,1990,29,29_reggaeton_calmado_dale_ten,"¿Cuánta semana se me va a tener que operar? Bueno, usted tendría que preguntarse al doctor, pero nosotros estamos pintando aquí. Bueno. Ahora sí. Aquí no es cue",0.060752231541948296
2101,3,0.42472179273786237,14,14_ho_ho ho_aplauso_muchas,0.2466568314392472,22.0,22_verdad_agradecer_emocionado_quiero agradecer,0.1006916134942633,Los Atletas de la Risa,2013,2010,14,14_ho_ho ho_aplauso_muchas,"sacrificio Gracias, atleta Gracias, señor. 25 años de sacrificio. Arrancando en la calle para poder actuar y llevar el sustento a nuestra familia. 20 años en la",0.1459652179449839
2214,3,0.3735515686233382,14,14_ho_ho ho_aplauso_muchas,0.1789375450040265,22.0,22_verdad_agradecer_emocionado_quiero agradecer,0.1005990740152918,Los Locos del Humor,2014,2010,14,14_ho_ho ho_aplauso_muchas,"Un sueño alcanzado y una meta cumplida para Hugo... Cristian con todos tus aplausos. Gabriel, perdón, te cambiaste el nombre. Tucán, perdona es que te iba a dec",0.0783384709887347
1570,3,0.2607637859859405,11,11_hijos_mamá_papá_hijo,0.1078510194056029,16.0,16_comida_comer_dieta_mamá,0.1004844947901869,Álvaro Salas,2007,2000,11,11_hijos_mamá_papá_hijo,"Y repito balagüería al frente, pasa una niñita de 10 años. Y uno le dice al otro, ahora está vieja, pero vea, ha sido bien rica. Yo no sé a qué estaba jugando e",0.007366524615416009
1953,3,0.2508772376031392,24,24_amor_dije_pa_pa pa,0.0996137953453416,27.0,27_soltera_bebé_arturo vidal_tinder,0.0991850922707162,Zip-Zup,2012,2010,24,24_amor_dije_pa_pa pa,"página de Facebook, ha puesto que va a conchar amigo, puede conchar hasta por lolo, se puede hasta casar, acuérdese mandar una foto. Ya me dijo, ""Le voy a hacer",0.0004287030746253917
2720,3,0.2570899308633963,27,27_soltera_bebé_arturo vidal_tinder,0.1062263173576317,24.0,24_amor_dije_pa_pa pa,0.0985972851735756,Natalia Valdebenito,2016,2010,7,7_vieja_suegra_abuela_abuelita,"y estáis sola, ¿por qué estáis sola? A ver, a ver, si podemos conversar aquí. Yo quiero hacer una cosa, yo amo la diversidad, amo a todas mis gay, a todas mis l",0.007629032184056098
3582,3,0.3574643464331346,14,14_ho_ho ho_aplauso_muchas,0.1754133618156212,22.0,22_verdad_agradecer_emocionado_quiero agradecer,0.0981169029316238,Javiera Contador,2020,2020,14,14_ho_ho ho_aplauso_muchas,"Es muy emocionante todo, todo lo que está pasando, estar acá esta noche, este público, estar con la Mont Lafer, con la Fran Valenzuela, ustedes, ustedes, de ver",0.0772964588839974
2098,3,0.4541598084754874,14,14_ho_ho ho_aplauso_muchas,0.2658496953271067,6.0,6_quinta_vergara_público_quinta vergara,0.0980449945199644,Los Atletas de la Risa,2013,2010,14,14_ho_ho ho_aplauso_muchas,"Muchas gracias. Muchas gracias. Muchas gracias. Chao, chao, chao. El Gato, el Chino y el Guatón han deificado a la Quinta Vergara y han cumplido su sueño: estar",0.16780470080714233
1066,3,0.3655040190101717,6,6_quinta_vergara_público_quinta vergara,0.1896189297052298,14.0,14_ho_ho ho_aplauso_muchas,0.0962740992213971,Memo Bunke y Natalia Cuevas,2001,2000,6,6_quinta_vergara_público_quinta vergara,"Gracias, familia. Gracias, familia. Gracias por su cariño. Por su apoyo. Por su amor. Gracias, familia. Gracias, familia. Gracias. Gracias. Gracias. Natalia Cue",0.09334483048383271
3554,3,0.2948938682166465,6,6_quinta_vergara_público_quinta vergara,0.1195763649489324,22.0,22_verdad_agradecer_emocionado_quiero agradecer,0.0961638706442122,Javiera Contador,2020,2020,1,1_canción_almas_cantar_vivo vivo,"Yo le digo que me parece fantástico, me dice que quería escucharlo, yo digo que me invite cuando esté. Dice que por qué no, ahora le digo no porque estoy compra",0.0234124943047202
3623,3,0.3392932802355567,14,14_ho_ho ho_aplauso_muchas,0.1725104865002536,6.0,6_quinta_vergara_público_quinta vergara,0.0955434078933108,Ernesto Belloni,2020,2020,14,14_ho_ho ho_aplauso_muchas,"Pero lo que podemos hacer es que con esta gaviota yo, con las patitas, se las quiso... que las quiero llevar a... a mi familia, a mis hijos. La sala me gustaría",0.07696707860694281
3619,3,0.343970225762139,6,6_quinta_vergara_público_quinta vergara,0.1558365825243326,22.0,22_verdad_agradecer_emocionado_quiero agradecer,0.0953826031281107,Ernesto Belloni,2020,2020,6,6_quinta_vergara_público_quinta vergara,"Muchas gracias. Yo Ah, muchas gracias. Se lo agradezco de corazón. Observa en esto. Yo sé que lo habíamos conversado con la madre y tú y hasta en un momento que",0.06045397939622191
3777,3,0.49821286347414995,14,14_ho_ho ho_aplauso_muchas,0.3078310465558711,22.0,22_verdad_agradecer_emocionado_quiero agradecer,0.0953143699007922,Pedro Ruminot,2020,2020,14,14_ho_ho ho_aplauso_muchas,"Un aplauso al amigo de los cuatro hijos. Un aplauso a Pancho. Un aplauso a Alvarito. Un aplauso a la orquesta. Y un aplauso a Marcelo, Pablo Artichondo. Ya nada",0.21251667665507892
2173,3,0.3379545157798742,14,14_ho_ho ho_aplauso_muchas,0.1527148999524177,6.0,6_quinta_vergara_público_quinta vergara,0.0951722945795543,Bastián Paz,2013,2010,6,6_quinta_vergara_público_quinta vergara,Bastián Paz. Para mí es un privilegio poder decirte esta noche que este público te regala la Antorcha de Plata. ¡Felicidades! ¡Bien! Vamos a hacer un esfuerzo. ,0.05754260537286339
1561,3,0.44939443636542287,14,14_ho_ho ho_aplauso_muchas,0.2815937061547405,22.0,22_verdad_agradecer_emocionado_quiero agradecer,0.0945987366878351,Ruperto,2006,2000,14,14_ho_ho ho_aplauso_muchas,"Este jueves, ya está, en función en Coquimbo. Saludamos su espectáculo y, por supuesto, le agradecemos a ustedes el cariño que le han profesado. Nosotros nos se",0.18699496946690541
3015,3,0.2807765537453238,5,5_colegio_niños_papá_hijo,0.1302457312297218,11.0,11_hijos_mamá_papá_hijo,0.09441473467595,"Juan Luis ""Jajá"" Calderón",2017,2010,5,5_colegio_niños_papá_hijo,"hueón y no le robaron el celular, qué alegría más grande. Cuando tenía 11 años, mi señora me dijo, ""Mira, Juan Luis, nuestra hija entra en una edad difícil y me",0.035830996553771796
2350,3,0.31600773031245577,22,22_verdad_agradecer_emocionado_quiero agradecer,0.1543000300902993,21.0,21_buenas noches_noches_buenas_pecadora,0.0934697508895854,Payahop,2014,2010,6,6_quinta_vergara_público_quinta vergara,"Gracias a ustedes, por hacernos reír, por hacernos disfrutar. Bueno, ya, pero lo tienen que compartir, por eso son dos. Y nosotros queremos seguir ¿Podemos segu",0.060830279200713905
2479,3,0.4241052645274928,14,14_ho_ho ho_aplauso_muchas,0.2626213336363895,22.0,22_verdad_agradecer_emocionado_quiero agradecer,0.0933549481492619,Huaso Filomeno,2015,2010,14,14_ho_ho ho_aplauso_muchas,"100% con ese cariño despídete del público de la Quinta Vergara con algo más y lo menos. Aquí está. Gracias, Quita Vergara. Gracias, gallo. Gallo, de verdad, ten",0.1692663854871276
2270,3,0.5959718667631011,14,14_ho_ho ho_aplauso_muchas,0.4296447150063134,6.0,6_quinta_vergara_público_quinta vergara,0.0933172165389426,Jorge Alís,2014,2010,14,14_ho_ho ho_aplauso_muchas,"a Facundo, a mis amigos. Gracias a todos. Los quiero muchísimo. Que se escuche fuerte. Jorge Alis valió la pena aceptar el desafío. Lo hiciste increíble. Gaviot",0.3363274984673708
897,3,0.383584630942556,6,6_quinta_vergara_público_quinta vergara,0.2231822946373124,14.0,14_ho_ho ho_aplauso_muchas,0.0930824807432706,Álvaro Salas,2000,2000,6,6_quinta_vergara_público_quinta vergara,"noche y natural. Qué orgullo de conocerte, compartir el trabajo que hacemos juntos. Y te doy la oportunidad de estar en esta noche junto a ti y ver el cariño de",0.1300998138940418
1946,3,0.3867930192345856,6,6_quinta_vergara_público_quinta vergara,0.2277021088956998,14.0,14_ho_ho ho_aplauso_muchas,0.0930214028940127,Dinamita Show,2012,2010,6,6_quinta_vergara_público_quinta vergara,"Muchas gracias. Estamos satisfechos, estamos contentos, muchas gracias. Gracias a todas las personas que nos apoyan, de verdad. Gracias a ustedes por mantenerno",0.1346807060016871
46,3,0.2672099527466257,20,20_hermana_fea_curado_marihuana,0.1223652575668707,24.0,24_amor_dije_pa_pa pa,0.0927226074671357,Hugo Goodman,1974,1970,20,20_hermana_fea_curado_marihuana,"El otro día estaba tan borracho en una esquina, estaba cocido. Diciéndole piropos a todas las mujeres que pasaban. Pasó una monjita. El borracho, ¿cómo está? Le",0.02964265009973499
312,3,0.4355835989435132,23,23_amante_marido_mujer_matrimonio,0.2523080751387231,15.0,15_hombres_mujeres_mujer_hombre,0.0925620857935095,Lucho Navarro,1992,1990,23,23_amante_marido_mujer_matrimonio,"te voy a comprar un cable para ese micrófono. Bueno, ¿qué desean escuchar? Ruido, quieren chistes cortos, me expliquen, ustedes mandan esta noche. No, eso no. E",0.1597459893452136
2406,3,0.2662701324502635,6,6_quinta_vergara_público_quinta vergara,0.1025378726114781,22.0,22_verdad_agradecer_emocionado_quiero agradecer,0.0921464460036866,Dinamita Show,2015,2010,6,6_quinta_vergara_público_quinta vergara,"Gracias. Muchas gracias. Uh. Hoy día... Escucha, Ingo. Escucha, escucha, aprovecha de escuchar al público. Recuerda en este momento tesoros... Esta imagen tú qu",0.010391426607791507
2808,3,0.2622500300417057,12,12_perro_perrito_selva_lobo,0.094829176030605,24.0,24_amor_dije_pa_pa pa,0.0915136852117983,Los Locos del Humor,2016,2010,20,20_hermana_fea_curado_marihuana,"¿Por qué pasa eso? ¿Por qué pasa eso? Me van a disculpar, porque soy hueón. Siempre he sido hueón. Loco, ¿y por qué me eché el garabato? Porque me dais rabia. ¿",0.0033154908188067073
2419,3,0.3121120421256551,6,6_quinta_vergara_público_quinta vergara,0.1384954123435801,14.0,14_ho_ho ho_aplauso_muchas,0.0912814984701463,Dinamita Show,2015,2010,6,6_quinta_vergara_público_quinta vergara,"Maravilloso, maravilloso, orgulloso de haber formado este dúo durante estos 27 años. Es maravilloso el recibimiento del público. Espero que lo hayan pasado muy ",0.047213913873433794
3910,3,0.2846969586042093,11,11_hijos_mamá_papá_hijo,0.1419381292422135,16.0,16_comida_comer_dieta_mamá,0.0908013362769527,Belén Mora,2023,2020,11,11_hijos_mamá_papá_hijo,"Ay, ¿quién es mi papá? No sé. No me acuerdo. Que todo lo tengan que saber, Dios mío. Esa es la etapa de mamita. Después viene una nueva etapa de la maternidad, ",0.0511367929652608
1370,3,0.27551458467590273,22,22_verdad_agradecer_emocionado_quiero agradecer,0.1116926351162063,6.0,6_quinta_vergara_público_quinta vergara,0.0907309777598543,Carlos García,2006,2000,3,3_humor_quinta_quinta vergara_vergara,"montones. Viene con muchas ganas, realmente, de entregarnos todo su talento y todo su show. Con la humildad que lo caracteriza. Obviamente dijo que sí, él tenía",0.020961657356352012
1406,3,0.3316503955044132,14,14_ho_ho ho_aplauso_muchas,0.1631295101750064,6.0,6_quinta_vergara_público_quinta vergara,0.0905134755772834,Carlos García,2006,2000,22,22_verdad_agradecer_emocionado_quiero agradecer,"su nombre es Viejo Marica"". Estoy contento porque ya superé los 5 minutos que me vaticinaba la prensa. ¡Gracias!",0.072616034597723
3518,3,0.30825167371424333,22,22_verdad_agradecer_emocionado_quiero agradecer,0.1464587479475109,21.0,21_buenas noches_noches_buenas_pecadora,0.0902497962778631,Mauricio Palma,2019,2010,13,13_ay ay_salta salta_salta_ay,"Hey. Vengo del penal cordillera al mar. Bueno, hasta ahí no más porque así soy yo: sorpresivo, lúdico, millonario, maravilloso, de la UDI, Sagitario. A veces Pi",0.0562089516696478
654,3,0.2420339579286408,24,24_amor_dije_pa_pa pa,0.0931123398723696,23.0,23_amante_marido_mujer_matrimonio,0.0897470625489399,Palta Meléndez,1997,1990,7,7_vieja_suegra_abuela_abuelita,"a su esposa, pero en forma espectacular. Termina de hacerle el amor, se levanta y se parte del baño y dice, ""Qué buena onda."" le dice al amor a mi señora 3 días",0.0033652773234296995
1323,3,0.5283855822847421,6,6_quinta_vergara_público_quinta vergara,0.3737376915987279,14.0,14_ho_ho ho_aplauso_muchas,0.0893667314184962,Felo,2005,2000,6,6_quinta_vergara_público_quinta vergara,"Oiga, venga. Venga, que lo piden. Regrese, maestro. Adivine qué, señor. ¿Usted está oyendo lo que acaba de decir la gente? Hoy usted se acaba de merecer, pero c",0.28437096018023167
1491,3,0.2594552126766751,24,24_amor_dije_pa_pa pa,0.0913836837046712,12.0,12_perro_perrito_selva_lobo,0.0893409436974986,Coco Legrand,2006,2000,20,20_hermana_fea_curado_marihuana,"¿Se acuerdan del cuento La ratita presumida? Que la rata era más casquivana que la mía, se le casó con con el burro, al final se comió a todos los animales de l",0.002042740007172597
4019,3,0.3905620650893753,6,6_quinta_vergara_público_quinta vergara,0.2451001599558944,14.0,14_ho_ho ho_aplauso_muchas,0.0893246770718864,Alison Mandel,2024,2020,6,6_quinta_vergara_público_quinta vergara,"los vamos a estar recibiendo. Bueno, yo les quiero contar, Quinta Vergara, que aquí en el público hay dos grandes amigos míos que me acompañan en grandes aventu",0.155775482884008
3086,3,0.2509594626546362,23,23_amante_marido_mujer_matrimonio,0.0975162827695631,24.0,24_amor_dije_pa_pa pa,0.0887777395796874,Rodrigo Villegas,2017,2010,10,10_maestro_hora hora_ruperto_hora,"Ocho fueron, ocho. Fueron los mejores ocho segundos de su vida, no se olvidan nunca la mina. Después de esa gran performance nos acostamos en la camita, siempre",0.0087385431898757
2407,3,0.2655274798700832,3,3_humor_quinta_quinta vergara_vergara,0.1182336585265994,17.0,17_natalia_chiqui_alison_javiera,0.0878831830383686,Dinamita Show,2015,2010,3,3_humor_quinta_quinta vergara_vergara,"El público de la Quinta Vergara se despide del Flaco, del Indio, con Gaviota de Oro. Pero este premio es especial porque aquí está Marilyn, la hija mayor de Pau",0.03035047548823079
4465,3,0.2906187533843081,6,6_quinta_vergara_público_quinta vergara,0.1240903801432313,22.0,22_verdad_agradecer_emocionado_quiero agradecer,0.087369412737062,Juan Pablo López,2025,2020,6,6_quinta_vergara_público_quinta vergara,"Contento, Juan Pablo, feliz. Estoy feliz, estoy feliz. Estaba supernervioso, estaba ansioso por por presentarme en la Quinta Vergara con un público. Disfrútalo.",0.0367209674061693
4332,3,0.309930306068062,11,11_hijos_mamá_papá_hijo,0.1698286239897387,16.0,16_comida_comer_dieta_mamá,0.0865368803877144,"Daniela ""Chiqui"" Aguayo",2025,2020,11,11_hijos_mamá_papá_hijo,"y una pareja de papá linda, pero linda, huevón, para ustedes lo vieran, ella linda, él lindo, el hijo lindo, huevón, son pero lindo, lindo. O sea, no me creo es",0.08329174360202429
1379,3,0.32419293859377807,22,22_verdad_agradecer_emocionado_quiero agradecer,0.1642878107657873,21.0,21_buenas noches_noches_buenas_pecadora,0.0863442244289727,Carlos García,2006,2000,6,6_quinta_vergara_público_quinta vergara,"Gracias, de verdad. Me habían dicho que el monstruo era algo que nunca lo había podido imaginar y acabo de comprobarlo. Bienvenidos, gracias por dejarme estar c",0.0779435863368146
4467,3,0.2883142799518707,6,6_quinta_vergara_público_quinta vergara,0.1254949883283992,14.0,14_ho_ho ho_aplauso_muchas,0.0861081464003611,Juan Pablo López,2025,2020,6,6_quinta_vergara_público_quinta vergara,"los años me preguntaban, ¿cuándo en Viña? Bueno, aquí estoy. Así que muchas gracias, muchas gracias, estoy muy contento. Sigue en el escenario de la quinta Verg",0.0393868419280381
3446,3,0.3660389983200204,15,15_hombres_mujeres_mujer_hombre,0.2037222723277616,23.0,23_amante_marido_mujer_matrimonio,0.0860854116736757,Jani Dueñas,2019,2010,4,4_chileno_chile_argentino_chilenos,"Es una palabra que a mí ya como feminista como que no me ofende tanto. Ahora como judía me está iweando, me ofende mucho. Alguien no se leyó los libros de histo",0.1176368606540859
2899,3,0.2955386591023935,6,6_quinta_vergara_público_quinta vergara,0.133148870521181,22.0,22_verdad_agradecer_emocionado_quiero agradecer,0.0847672578857624,Juan Pablo López,2017,2010,6,6_quinta_vergara_público_quinta vergara,"Lo conversamos en un momento, sabemos que tú no te lo puedes creer, pero está pasando. Yo quiero que, por favor, escuches como el público. Gracias, gracias, de ",0.04838161263541858
2906,3,0.3357661442439627,6,6_quinta_vergara_público_quinta vergara,0.1673546199447895,22.0,22_verdad_agradecer_emocionado_quiero agradecer,0.0846754383679327,Juan Pablo López,2017,2010,6,6_quinta_vergara_público_quinta vergara,"Gracias. Yo creo que todavía no te lo crees, ¿no? No, no, todavía no me lo creo. Tanto cariño, tanto amor. Que lo crea y para eso tiene que ser fuerte. Bájame l",0.0826791815768568
284,3,0.2433870561944918,6,6_quinta_vergara_público_quinta vergara,0.0922737543259855,14.0,14_ho_ho ho_aplauso_muchas,0.0845745519205203,Hermógenes Conache,1991,1990,21,21_buenas noches_noches_buenas_pecadora,"una clavadita. Y el caballero que está en la butaca adelante se paró y empezó Buenas noches, muchas gracias. Un placer ya haber estado esta noche. ¿Cómo te va? ",0.007699202405465205
3827,3,0.43991709372829757,6,6_quinta_vergara_público_quinta vergara,0.2987750116551094,14.0,14_ho_ho ho_aplauso_muchas,0.0842342165745042,Pamela Leiva,2023,2020,6,6_quinta_vergara_público_quinta vergara,"Sí, aguántenme. Déjeme ganarme la segunda, por favor. Déjeme ganarme la segunda. Tengo algo Tengo otra parte Eh, yo soñaba con que esto pasara y también me gust",0.2145407950806052
4004,3,0.30527164088310926,3,3_humor_quinta_quinta vergara_vergara,0.1571686108149765,19.0,19_través_mar_viña_viña mar,0.0837938722259473,Fabrizio Copano,2023,2020,6,6_quinta_vergara_público_quinta vergara,"Una propuesta fresca, moderna, actualidad, cultura, pop, redes sociales, todo se mezcla en este relato tremendo, pero maravilloso y chileno y además que triunfa",0.0733747385890292
3080,3,0.552476726744177,14,14_ho_ho ho_aplauso_muchas,0.3951227745938331,6.0,6_quinta_vergara_público_quinta vergara,0.0836573763965155,Rodrigo Villegas,2017,2010,14,14_ho_ho ho_aplauso_muchas,"Ahora sí. Está solucionado, nos están informando y con este aplauso continúa Rodrigo Villegas. ¡Vamos! Muchas gracias. Muchas gracias, verdad. Gracias. Gracias.",0.3114653981973176
1375,3,0.2265255466611062,24,24_amor_dije_pa_pa pa,0.089476113097373,27.0,27_soltera_bebé_arturo vidal_tinder,0.0834969134556728,Carlos García,2006,2000,1,1_canción_almas_cantar_vivo vivo,"algo así como jugar al billar con una soga. Y ella lo mira y le dice: ""Odio, siento odio, vamos a seguir vengándonos"". El hombre la mira y le dice: ""Ya no, me q",0.0059791996417001975
4402,3,0.2830322046604461,5,5_colegio_niños_papá_hijo,0.1496118541094485,11.0,11_hijos_mamá_papá_hijo,0.0828893954878946,Edo Caroe,2025,2020,5,5_colegio_niños_papá_hijo,"Cualquier duda que hay en la casa, usted le pregunta a Martín. Mi hija le pregunta cosas a Martín, no a mí, a Martín. Porque Martín ya tuvo más vida universitar",0.06672245862155389
2399,3,0.2531433700569365,13,13_ay ay_salta salta_salta_ay,0.1199667867573817,29.0,29_reggaeton_calmado_dale_ten,0.0827020362185511,Dinamita Show,2015,2010,13,13_ay ay_salta salta_salta_ay,"Ya, vamos a beber tú y yo. Dice así, espérate. Somos los lobos marinos, viajamos en un buque de guerra, en el fondo la mar no se puede tomar, hay que tomar en l",0.037264750538830604
4403,3,0.2837274147048056,5,5_colegio_niños_papá_hijo,0.1504768847904054,11.0,11_hijos_mamá_papá_hijo,0.082599763538406,Edo Caroe,2025,2020,5,5_colegio_niños_papá_hijo,qué mierda se hace? Tengo que bajar la ventana y cagarme frío. Al mismo tiempo quiero llevarme bien con Martín porque es la persona que mi hija quiere en este m,0.0678771212519994
3868,3,0.3776439905226401,2,2_chiste_programa_hoy hoy_chistes,0.2440583190105185,28.0,28_puta puta_noticias_puta_ta,0.0822160108291461,Diego Urrutia,2023,2020,2,2_chiste_programa_hoy hoy_chistes,"Nos ponemos a ver tele, pero siempre los programas que a ella le gustan, ¿cachái? Entonces yo paso tarde entera viendo Pasión de Gavilanes, viendo La Rosa de Gu",0.1618423081813724
4329,3,0.2852744456373044,5,5_colegio_niños_papá_hijo,0.1523507185017482,11.0,11_hijos_mamá_papá_hijo,0.0820575118659411,"Daniela ""Chiqui"" Aguayo",2025,2020,5,5_colegio_niños_papá_hijo,"Lo de los memes me preocupó. Lo de escrito ni se puede googlear. Sé que llegamos a la casa, la conversación más seria que yo he tenido con mi hija desde entonce",0.0702932066358071
1151,3,0.3919741216695251,17,17_natalia_chiqui_alison_javiera,0.2315940584147671,19.0,19_través_mar_viña_viña mar,0.0817128619783579,Gloria Benavides,2002,2000,17,17_natalia_chiqui_alison_javiera,"Pero a lo mejor queda alguna copucha. Dorita. Vamos a ver, a lo mejor... a lo mejor todos recuperarán por un instante a la Cuatro, aunque sea lo último esta noc",0.14988119643640918
3407,3,0.302952245744999,17,17_natalia_chiqui_alison_javiera,0.1511045222907212,3.0,3_humor_quinta_quinta vergara_vergara,0.0815485099269978,Felipe Avello,2019,2010,7,7_vieja_suegra_abuela_abuelita,"Le dijeron a la vieja Irma, la vieja, ¿está viva todavía la señora Irma? Se supone la mejor costurera en Lota. Cuando voy a ver el traje, un short negro Unas ba",0.06955601236372339
3692,3,0.597142818604483,15,15_hombres_mujeres_mujer_hombre,0.4626050960745841,23.0,23_amante_marido_mujer_matrimonio,0.0812807056328988,"Paul Vásquez ""El Flaco""",2020,2020,15,15_hombres_mujeres_mujer_hombre,"también se expela en sus lindos pedos. Obviamente, que la mujer no es como el hombre que se anda peando todo el día, po. Las mujeres no van así, ""Hola, María, ¿",0.3813243904416853
3167,3,0.2717538622967039,24,24_amor_dije_pa_pa pa,0.1322233512196733,20.0,20_hermana_fea_curado_marihuana,0.081131908910464,Bombo Fica,2018,2010,10,10_maestro_hora hora_ruperto_hora,"Vamos de cerca. No, sí. No, no, ahí no más, no, no, sí, no puedo, no hay. Es que mi mamá me dijo chiquitito, no te acerques, mujer, es así, porque te puedes con",0.0510914423092093
2954,3,0.5098071486154945,27,27_soltera_bebé_arturo vidal_tinder,0.3498150988422533,15.0,15_hombres_mujeres_mujer_hombre,0.0808525927177979,"Daniela ""Chiqui"" Aguayo",2017,2010,27,27_soltera_bebé_arturo vidal_tinder,"Yo no igual, no lo voy a no lo voy a humillar en público. Voy a empatizar con usted. ¿A qué pachó? Por favor, un cortito de whisky. So, lo manifestamos y ustede",0.2689625061244554
1157,3,0.4087279293231307,6,6_quinta_vergara_público_quinta vergara,0.2699161832451622,14.0,14_ho_ho ho_aplauso_muchas,0.0806979387180215,Vanessa Miller,2003,2000,6,6_quinta_vergara_público_quinta vergara,"Hasta este momento en Viña del Mar, en nuestra tercera noche de festival, hemos entregado seis antorchas, el premio del público de la Quinta Vergara. El miércol",0.1892182445271407
2360,3,0.3486469308713018,3,3_humor_quinta_quinta vergara_vergara,0.2004409905009878,17.0,17_natalia_chiqui_alison_javiera,0.0804072498403149,Dinamita Show,2015,2010,3,3_humor_quinta_quinta vergara_vergara,"Ven a dirigir, niña del mar. Lance una canción, así es. Ya estamos de regreso en esta, la Quinta Vergara, el escenario más lindo del planeta. ¿Cómo está la Quin",0.12003374066067289
1979,3,0.3237310160112029,14,14_ho_ho ho_aplauso_muchas,0.1767588031828866,22.0,22_verdad_agradecer_emocionado_quiero agradecer,0.0800197324072852,Bombo Fica,2012,2010,14,14_ho_ho ho_aplauso_muchas,"¡Un aplauso para mi insistente Bombito, que ha crecido mucho! Insistente. ¿Cómo está, Viña? Gracias, gracias. La verdad que es un placer.",0.09673907077560139
1475,3,0.275484238015633,11,11_hijos_mamá_papá_hijo,0.1299426956186505,16.0,16_comida_comer_dieta_mamá,0.0796986661529215,Coco Legrand,2006,2000,11,11_hijos_mamá_papá_hijo,"del 40% de los que andamos en esta moto estamos separados porque la mujer presiona mucho, o la moto o yo y los buenos se van. A propósito, yo he estado haciendo",0.05024402946572899
1001,3,0.4576247586747207,14,14_ho_ho ho_aplauso_muchas,0.3140637266802524,6.0,6_quinta_vergara_público_quinta vergara,0.0795668764911545,Dino Gordillo,2000,2000,14,14_ho_ho ho_aplauso_muchas,"Buenas noches, muchísimas gracias, un beso grande, gracias, Viña, por este hijo que hicieron madurar. Muchísimas gracias, que Dios nos bendiga. Adiós, muy amabl",0.23449685018909788
2362,3,0.44413610809442555,6,6_quinta_vergara_público_quinta vergara,0.3102788247898858,14.0,14_ho_ho ho_aplauso_muchas,0.0792587539257149,Dinamita Show,2015,2010,6,6_quinta_vergara_público_quinta vergara,"que lo quieren mucho, así que lo vamos a recibir con un fuerte aplauso. Señoras y señores, con ustedes nuestro sonidista. El aplauso para el sonidista; mira, se",0.23102007086417087
3893,3,0.41473111388334,2,2_chiste_programa_hoy hoy_chistes,0.2851368624662326,28.0,28_puta puta_noticias_puta_ta,0.0785015084468549,Belén Mora,2023,2020,2,2_chiste_programa_hoy hoy_chistes,particular o bien llevan meses esperando la corporación de asistencia judicial para ser atendidos. Hace una labor social maravillosa. Pero lo que más admiro de ,0.20663535401937771
3001,3,0.5075863056528467,14,14_ho_ho ho_aplauso_muchas,0.3703919552515374,22.0,22_verdad_agradecer_emocionado_quiero agradecer,0.0782547249742299,"Carlos ""El Mono"" Sánchez",2017,2010,14,14_ho_ho ho_aplauso_muchas,"Maravillosa Gabriela para ti. Muchas gracias. Yo tantos sentimientos encontrados fueron la realidad 8 meses trabajando con la producción. Quiero que, por favor,",0.2921372302773075
1242,3,0.2565369223991687,19,19_través_mar_viña_viña mar,0.1242158664795343,3.0,3_humor_quinta_quinta vergara_vergara,0.0781526170172272,Los Indolatinos,2004,2000,19,19_través_mar_viña_viña mar,"Y bien, ya estamos de vuelta desde la Quinta Vergara a través de Canal 13 llegando hasta usted y de Radio Cooperativa en Viña 2004. Nuestros próximos artistas s",0.046063249462307096
655,3,0.23408941716462842,1,1_canción_almas_cantar_vivo vivo,0.1050237297444541,13.0,13_ay ay_salta salta_salta_ay,0.0779242446647658,Palta Meléndez,1997,1990,13,13_ay ay_salta salta_salta_ay,Acá mandamos nosotros con los brazos con los pies energía hasta 10 con los brazos con los pies energía hasta 10 con los brazos con los pies energía música Cuatr,0.027099485079688304
2284,3,0.2847578009107804,17,17_natalia_chiqui_alison_javiera,0.1490104557697483,3.0,3_humor_quinta_quinta vergara_vergara,0.0774622696108874,Rudy Rey,2014,2010,24,24_amor_dije_pa_pa pa,"La reina de papi y aguas, la loca del alcohol, se toma dos copetes y comienza el nuevo show. Siente como un rey, como algo de mesías, medio de la pista ya me di",0.07154818615886091
4046,3,0.3214130384699329,11,11_hijos_mamá_papá_hijo,0.1822245582681501,16.0,16_comida_comer_dieta_mamá,0.0774150399976506,Alison Mandel,2024,2020,11,11_hijos_mamá_papá_hijo,"Y uno tan chiquitita le decía a su mamá, ""¿Y por qué?"" Bueno, bueno, porque si te sientas te va a subir una bacteria por el poto, llega el corazón, pa, te mata.",0.10480951827049949
2546,3,0.24365781880342,12,12_perro_perrito_selva_lobo,0.1030558612561171,24.0,24_amor_dije_pa_pa pa,0.0772429703205033,Arturo Ruiz-Tagle,2015,2010,12,12_perro_perrito_selva_lobo,"Me contaba la señora alcaldesa que el otro día fuera de la municipalidad habían dos pokemones besándose 3 horas y media estaban enganchados en el piercing, les ",0.0258128909356138
3281,3,0.30888079109771943,23,23_amante_marido_mujer_matrimonio,0.1670318814669715,15.0,15_hombres_mujeres_mujer_hombre,0.0772386957901644,Stefan Kramer,2018,2010,23,23_amante_marido_mujer_matrimonio,"sé qué es. Porque es cariñoso. Es la jefa del hogar. Así que llegué a mi casa. En serio, llegué a mi casa con No, no, no me van a creer. Llegué a mi casa con un",0.08979318567680711
3535,3,0.2642437699088402,11,11_hijos_mamá_papá_hijo,0.1183817378783239,16.0,16_comida_comer_dieta_mamá,0.0772332973945236,Javiera Contador,2020,2020,11,11_hijos_mamá_papá_hijo,"igual. Ah, es cosa de costumbre. De de los de las presentes los presentes, ¿cuántos son papás o mamás que levanten la mano? Mira, igual poquito Está muy pasado ",0.0411484404838003
4010,3,0.616918717876549,14,14_ho_ho ho_aplauso_muchas,0.4635123572696876,22.0,22_verdad_agradecer_emocionado_quiero agradecer,0.0771812764826634,Fabrizio Copano,2023,2020,14,14_ho_ho ho_aplauso_muchas,"Grande, Fabricio, representante de la nueva generación de comediantes, pero también que triunfa en el extranjero. Así que, ¿cómo le agradecemos al público? ¿En ",0.38633108078702416
3547,3,0.4151036470956011,11,11_hijos_mamá_papá_hijo,0.2801921539127018,16.0,16_comida_comer_dieta_mamá,0.0771456350822092,Javiera Contador,2020,2020,11,11_hijos_mamá_papá_hijo,"osada, ¿cachái? Uno se va transformando lentamente en un chancho. Eh, así es la vida y los primeros síntomas son como acá arriba, ¿cachái? Entonces, no. Ella no",0.2030465188304926
1153,3,0.2314967522272257,17,17_natalia_chiqui_alison_javiera,0.0983178199834911,3.0,3_humor_quinta_quinta vergara_vergara,0.0770059510156945,Gloria Benavides,2002,2000,6,6_quinta_vergara_público_quinta vergara,"la gotita hace ya largos años. Y que un día decidió, a pesar de su timidez, convertirse en humorista, en comediante, en actriz. Señoras y señores, no sé si si e",0.02131186896779659
4095,3,0.2184439782556465,17,17_natalia_chiqui_alison_javiera,0.086091684240239,3.0,3_humor_quinta_quinta vergara_vergara,0.0769022052164054,Luis Slimming,2024,2020,5,5_colegio_niños_papá_hijo,"yo había venido ya acá a la Quinta Vergara acompañando a otros humoristas, po. Y yo venía así como de guionista, nada más, pues sigo, ah, sí. Ahí está el refran",0.009189479023833602
2069,3,0.2244552071466645,17,17_natalia_chiqui_alison_javiera,0.0948431254652498,3.0,3_humor_quinta_quinta vergara_vergara,0.0768660857025207,Hermógenes Conache,2013,2010,17,17_natalia_chiqui_alison_javiera,"a todos los estudiantes y los trabajadores. Hermógenes con H, tremenda presentación abriendo el género del humor, el difícil oficio de hacer reír en este y en c",0.017977039762729102
4165,3,0.446157606185551,6,6_quinta_vergara_público_quinta vergara,0.3170035964073632,14.0,14_ho_ho ho_aplauso_muchas,0.0765335977123667,Lucho Miranda,2024,2020,6,6_quinta_vergara_público_quinta vergara,¿Cómo que no ibas a levantar la gallota Lucho ah? Levántala de nuevo para que la gente lo vea. Una bulla para Lucho que se sienta ¡Vamos Quinta Vergara! Muchas ,0.2404699986949965
4385,3,0.3626706023302194,27,27_soltera_bebé_arturo vidal_tinder,0.2225763777515082,24.0,24_amor_dije_pa_pa pa,0.0765089240669148,Edo Caroe,2025,2020,11,11_hijos_mamá_papá_hijo,"Entonces, ¿qué pasa conmigo? Empiezo a dudar de mi sexualidad porque yo voy a llegar yo voy a llegar a esta mesa como sea, culiao. Yo creo que dudar de la sexua",0.1460674536845934
2096,3,0.23631371386352817,9,9_auto_dijo dijo_micro_carabineros,0.0848886991656295,0.0,0_presidente_país_huevón_pesos,0.0763663481928506,Los Atletas de la Risa,2013,2010,20,20_hermana_fea_curado_marihuana,"Ay, señor. Yo claro no sé por qué los atletas de la risa somos quemados. El año pasado por ahí por agosto nos confirmaron que estábamos listos para el festival ",0.008522350972778897
2435,3,0.3440476220474717,11,11_hijos_mamá_papá_hijo,0.2003852347707765,16.0,16_comida_comer_dieta_mamá,0.0759676435306065,Centella,2015,2010,11,11_hijos_mamá_papá_hijo,"Estábamos en Estábamos yo ahí naciendo. Yo nací tan feo. Yo fui una movida de de papá y mamá. Yo soy de allá de la Patagonia, donde hace tanto frío. La temperat",0.12441759124016999
4485,3,0.2869743809766017,24,24_amor_dije_pa_pa pa,0.1592415042753052,27.0,27_soltera_bebé_arturo vidal_tinder,0.0759183766699478,Pam Pam,2025,2020,11,11_hijos_mamá_papá_hijo,"Hizo un podcast en pandemia ehm, un podcast que se llama No soy yo, eres tú. Porque obviamente el otro tiene la culpa, no yo. No, le pusimos así y en verdad era",0.0833231276053574
1203,3,0.2545865295579629,22,22_verdad_agradecer_emocionado_quiero agradecer,0.1196029846623812,21.0,21_buenas noches_noches_buenas_pecadora,0.0758821276521096,Sandy,2004,2000,13,13_ay ay_salta salta_salta_ay,"Gracias. Viene otro. Roberto, qué alegría de verte. ¿Cómo estás? Aparte de gangoso era tartamudo. ¿Y qué andas haciendo últimamente? Mi bicicleta, no, mi mi Bib",0.043720857010271605
4345,3,0.40992731714676384,11,11_hijos_mamá_papá_hijo,0.2818466009545996,16.0,16_comida_comer_dieta_mamá,0.0754442985176717,"Daniela ""Chiqui"" Aguayo",2025,2020,11,11_hijos_mamá_papá_hijo,"amigas que tenía que ya las mamás, pues. Y le empezaba a preguntar, oiga, chiquilla, ¿ustedes creen que la sexualidad a ustedes le afectó la maternidad? Y se re",0.20640230243692792
2925,3,0.5330546193956944,23,23_amante_marido_mujer_matrimonio,0.3846230270853063,15.0,15_hombres_mujeres_mujer_hombre,0.0749357322400202,"Daniela ""Chiqui"" Aguayo",2017,2010,23,23_amante_marido_mujer_matrimonio,"Hubiera sido honestidad total. Oye, yo les quiero contar, no es por quebrarme, yo sé que hoy día hay harta mujer caliente, perdón, harta mujer romántica. No por",0.3096872948452861
39,3,0.2210284515796297,24,24_amor_dije_pa_pa pa,0.0956169757859455,20.0,20_hermana_fea_curado_marihuana,0.0748716861575355,Hugo Goodman,1974,1970,9,9_auto_dijo dijo_micro_carabineros,"Como el otro día, a un señor le dijeron que la señora lo estaba engañando, se va corriendo al departamento, se pone a buscar por todos lados, nadie se mete a bu",0.02074528962840999
4089,3,0.2118320433561541,14,14_ho_ho ho_aplauso_muchas,0.0769570800178412,6.0,6_quinta_vergara_público_quinta vergara,0.0747499136134302,Javiera Contador,2024,2020,17,17_natalia_chiqui_alison_javiera,"Salga con el fuego. Muchas gracias, piña. Te tocó la noche más difícil, Javi. 29 años de exitosa carrera profesional. Venga para acá. Te presento a Panchito Saa",0.002207166404411001
3287,3,0.30820577905095237,29,29_reggaeton_calmado_dale_ten,0.166697157155909,13.0,13_ay ay_salta salta_salta_ay,0.0741362261252403,Stefan Kramer,2018,2010,29,29_reggaeton_calmado_dale_ten,"Soy un chico tranquilo. Tratando de ser mal. Y sé buen amigo. Sí, sí. ¿Has visto algo más asqueroso que yo bailando reggaeton? I am very happy to you. ¿Se la cr",0.09256093103066869
1866,3,0.21243693069543979,6,6_quinta_vergara_público_quinta vergara,0.0849622553281315,14.0,14_ho_ho ho_aplauso_muchas,0.0739962778841111,Óscar Gangas,2011,2010,6,6_quinta_vergara_público_quinta vergara,"Muchas gracias. Qué alegría, emoción. No hay palabras para describir lo que este hombre está sintiendo en estos momentos aquí en la Quinta Vergara. Después de u",0.010965977444020392
3974,3,0.35391971896393637,11,11_hijos_mamá_papá_hijo,0.2122257392340527,16.0,16_comida_comer_dieta_mamá,0.0737988123568475,Fabrizio Copano,2023,2020,11,11_hijos_mamá_papá_hijo,"Estoy orgullosa de usted, hijo. Y su hermana aprendió a manejar. Y yo, puta, pero mamá, tuve que aprender inglés, me tuve que ir de Chile y ella, sí, pero ella ",0.1384269268772052
4286,3,0.2586823963708266,6,6_quinta_vergara_público_quinta vergara,0.1159424257325087,14.0,14_ho_ho ho_aplauso_muchas,0.0737754028975294,George Harris,2025,2020,6,6_quinta_vergara_público_quinta vergara,Queremos agradecer la presentación de George Harris. Sabemos que el público de Viña es un público diverso que se manifiesta. Sabemos que no todos entendemos el ,0.04216702283497929
436,3,0.2635639283687631,3,3_humor_quinta_quinta vergara_vergara,0.1210419561518437,17.0,17_natalia_chiqui_alison_javiera,0.0733185796116683,Jappening con ja,1995,1990,3,3_humor_quinta_quinta vergara_vergara,Lo más importante en la vida es sonreír. Y esta noche el Happening con Ja nos trajo esa sonrisa que el mundo necesita y que a nosotros nos hace tanto bien. 18 a,0.0477233765401754
822,3,0.24891857431609782,22,22_verdad_agradecer_emocionado_quiero agradecer,0.1086193702662277,14.0,14_ho_ho ho_aplauso_muchas,0.0731637227061426,Sandy,1999,1990,21,21_buenas noches_noches_buenas_pecadora,"Gracias. Gracias, Chile lindo. Les pertenezco. Y ahora quisiera hablarles cómo me conocieron. Tanto me lo han pedido esta talla que tengo",0.035455647560085096
4541,3,0.22844858177045502,14,14_ho_ho ho_aplauso_muchas,0.088598388548282,22.0,22_verdad_agradecer_emocionado_quiero agradecer,0.0731377831277233,Pedro Ruminot,2025,2020,6,6_quinta_vergara_público_quinta vergara,A pedido del público ahí gaviota de plata. ¡Cuántas gracias! Aprende a aprender.,0.015460605420558701
4487,3,0.1997265058231017,11,11_hijos_mamá_papá_hijo,0.0760746637288035,5.0,5_colegio_niños_papá_hijo,0.0730012866685158,Pam Pam,2025,2020,9,9_auto_dijo dijo_micro_carabineros,"Gracias, chiquillos, se pasaron. Oigan, no, hay muchas razones, a mí a mí me da miedo porque de verdad quiero ser una mamá ejemplar y ya no lo soy porque me ima",0.0030733770602877075
750,3,0.45062125394945696,27,27_soltera_bebé_arturo vidal_tinder,0.3103282704455166,25.0,25_bailar_fiesta_bailemos_baile,0.0729822817074551,Gloria Benavides,1998,1990,8,8_anthony_amas_your_you,"yo. Más abandonada. Me siento abandonada, más abandonada que el chofer del presidente. Porque pasa volando nomás. Ni usa el auto. Me he quedado sola, yo no quie",0.23734598873806148
1356,3,0.3853216916540453,6,6_quinta_vergara_público_quinta vergara,0.2578019144971841,14.0,14_ho_ho ho_aplauso_muchas,0.0729771469013751,Paulo Iglesias,2005,2000,6,6_quinta_vergara_público_quinta vergara,Doblemente importante. Doblemente importante tu antorcha de plata el día de hoy. Hay conquistado el público de la quinta. Esta noche hay antorcha de plata para ,0.184824767595809
3618,3,0.24995073654486988,6,6_quinta_vergara_público_quinta vergara,0.11625843475622,14.0,14_ho_ho ho_aplauso_muchas,0.072395957919261,Ernesto Belloni,2020,2020,6,6_quinta_vergara_público_quinta vergara,"tengas miedo de mirarlo a él. Chiquillos, muchas gracias a todos ustedes. Ay, qué lindo. Hola, de la revista y el café concert, un ícono de la bohemia nacional.",0.043862476836959
4562,3,0.2012163353610397,14,14_ho_ho ho_aplauso_muchas,0.0762746901899042,6.0,6_quinta_vergara_público_quinta vergara,0.0721811439082421,Pedro Ruminot,2025,2020,6,6_quinta_vergara_público_quinta vergara,"El niño de ap. El niño de ap. Finalmente le entrega la corneta de oro a Pedro Rubirosa. Un Maravilloso reconocimiento a una carrera tan larga. Así es, Rafa. Bue",0.0040935462816621
2550,3,0.2998307902471428,2,2_chiste_programa_hoy hoy_chistes,0.1711787729898026,10.0,10_maestro_hora hora_ruperto_hora,0.0714945977207256,Arturo Ruiz-Tagle,2015,2010,2,2_chiste_programa_hoy hoy_chistes,"Para, para, para, para. No, porque ustedes después de decir, ""Ruiz Tyler es homofóbico."" Yo no soy homofóbico porque yo soy actor. Si fuera homofóbico me quedo ",0.09968417526907701
3973,3,0.2822806409987881,2,2_chiste_programa_hoy hoy_chistes,0.1576750209146412,10.0,10_maestro_hora hora_ruperto_hora,0.0706078831829254,Fabrizio Copano,2023,2020,2,2_chiste_programa_hoy hoy_chistes,"Muchas gracias, muchas gracias. Fue este programa eh y lo que hice lo primero que hago el chileno haría que es llamar a tu mamá, ¿no? Y contarle a tu mamá cómo ",0.0870671377317158
4335,3,0.2141229472000939,5,5_colegio_niños_papá_hijo,0.0924195357741161,11.0,11_hijos_mamá_papá_hijo,0.0702070490194507,"Daniela ""Chiqui"" Aguayo",2025,2020,16,16_comida_comer_dieta_mamá,"Qué vergüenza. Mira, yo no sé si hay profesores presente hoy día acá. Miren, les quiero hacer uno No sé por qué están todos sentados allá, huevón. Puta la hueva",0.022212486754665403
1898,3,0.3118523975212949,6,6_quinta_vergara_público_quinta vergara,0.1872375052428136,14.0,14_ho_ho ho_aplauso_muchas,0.0702062262981759,Dinamita Show,2012,2010,6,6_quinta_vergara_público_quinta vergara,"Bien, vamos a empezar a trabajar. Les voy a presentar a mi compañero como él se merece. Pero, querida Quinta Vergara, yo quiero que ustedes lo reciban con un fu",0.1170312789446377
1601,3,0.2590869540350023,19,19_través_mar_viña_viña mar,0.1338974821784817,3.0,3_humor_quinta_quinta vergara_vergara,0.0701149131426815,Álvaro Salas,2007,2000,19,19_través_mar_viña_viña mar,"¿Sí? Se me quedó en el tinto entero. ¿Qué pasa? Mire. Vamos a Que se pase. Seguimos Álvaro con Ya. Sí. Sí, seguimos. Vamos entonces Atención con Álvaro nuevamen",0.06378256903580021
2262,3,0.4411589403230068,27,27_soltera_bebé_arturo vidal_tinder,0.3093517921823379,23.0,23_amante_marido_mujer_matrimonio,0.0698810899891188,Jorge Alís,2014,2010,15,15_hombres_mujeres_mujer_hombre,"verdad. Es como... es como que tengo un enano adentro. Pasa una mina y dice: 'Mirale el culo a esa mina'. 'No quiero, soy casado'. '¡Miráselo igual!'. ¿Y cómo u",0.2394707021932191
1322,3,0.5011739347743248,6,6_quinta_vergara_público_quinta vergara,0.3726561252672307,14.0,14_ho_ho ho_aplauso_muchas,0.0697960572826302,Felo,2005,2000,6,6_quinta_vergara_público_quinta vergara,"popular. Muchas gracias. Esto ha sido una gran noche para Felo Domínguez, conquistado el corazón de toda la Quinta Vergara. Es su primera vez en la Quinta Verga",0.30286006798460047
2022,3,0.1971241678974783,0,0_presidente_país_huevón_pesos,0.0742236056866138,18.0,18_doctor_farmacia_examen_consulta,0.0697003052256005,Bombo Fica,2012,2010,0,0_presidente_país_huevón_pesos,"Y me dice: ""Oiga, ¿usted tiene tarjeta Mastercard?"". ""Sí"", le dije yo, ""y con dos seguros, ¿por qué?"". ""No"", me dice, ""porque si usted tiene la tarjeta Masterca",0.004523300461013305
2476,3,0.5121602347720551,25,25_bailar_fiesta_bailemos_baile,0.3882444146378155,29.0,29_reggaeton_calmado_dale_ten,0.0696129809079082,Huaso Filomeno,2015,2010,25,25_bailar_fiesta_bailemos_baile,"Se murió. Era viejita, güey. De verdad. Mi hijo, todavía tengo este día en el corazón que yo dije, ""Tengo que tomar una decisión con urgencia, mi hijo."" Diganch",0.3186314337299073
901,3,0.2020470470340221,19,19_través_mar_viña_viña mar,0.0742523714862573,17.0,17_natalia_chiqui_alison_javiera,0.0696102316519963,Álvaro Salas,2000,2000,3,3_humor_quinta_quinta vergara_vergara,"Alvarito, felicidades. Todos hemos traído la pantalla fue testigo con mucho sabor a ti esta noche, mucha sonrisa en Piña del Mar. Vamos a seguir avanzando, la n",0.004642139834260997
2946,3,0.22599299038504073,23,23_amante_marido_mujer_matrimonio,0.0951800566237181,27.0,27_soltera_bebé_arturo vidal_tinder,0.0695907537980092,"Daniela ""Chiqui"" Aguayo",2017,2010,15,15_hombres_mujeres_mujer_hombre,"muy de mierda, que hago una invitación en el día de hoy para que hombres y mujeres no las volvamos a repetir nunca más. Por ejemplo, una frase que yo detesto mu",0.0255893028257089
3194,3,0.4065549753076403,7,7_vieja_suegra_abuela_abuelita,0.2861631039603893,16.0,16_comida_comer_dieta_mamá,0.0693756751523292,Bombo Fica,2018,2010,7,7_vieja_suegra_abuela_abuelita,"en la mañana, ""Oh, mi abuelita, ah, no agradece nada, nada, mala."" ¿Por qué? Porque ella cree que uno tiene que pensar como ella y no es así. Los cerebros son d",0.2167874288080601
3911,3,0.22457268180008488,5,5_colegio_niños_papá_hijo,0.1014631518310132,11.0,11_hijos_mamá_papá_hijo,0.0693388720553564,Belén Mora,2023,2020,5,5_colegio_niños_papá_hijo,En esta etapa de la maternidad aparecen las consolas. Levanten la mano quiénes tienen hijos menores de 5 años. Cómprenle una consola. Es lo mejor que hay. No le,0.03212427977565681
922,3,0.20017965724702358,1,1_canción_almas_cantar_vivo vivo,0.0799209325833303,10.0,10_maestro_hora hora_ruperto_hora,0.0692825852427967,Memo Bunke,2000,2000,13,13_ay ay_salta salta_salta_ay,"Duele puntear. Hay guitarrista hoy día. Se han... Imagínense al Rey del Rock, Elvis Presley, cantando La Mosca diría... Ya, sin movimiento mejor, sin movimiento",0.010638347340533608
3385,3,0.2404790202607589,23,23_amante_marido_mujer_matrimonio,0.116451263116863,24.0,24_amor_dije_pa_pa pa,0.0691614720486048,Alejandra Azcárate,2018,2010,13,13_ay ay_salta salta_salta_ay,"Pero la noche no es eterna y tristemente llega la mañana. Uno se voltea y mira aquello. Ya eso al día siguiente es una masa morfa. Mitad humano, mitad medusa. C",0.0472897910682582
763,3,0.2045644341355336,3,3_humor_quinta_quinta vergara_vergara,0.0838253432678231,17.0,17_natalia_chiqui_alison_javiera,0.0690597901664683,Gloria Benavides,1998,1990,3,3_humor_quinta_quinta vergara_vergara,En perfecta comunión con todos nosotros las cuatro dientes. Ha reivindicado el humor en la Quinta Vergara y lo ha hecho un artista nacional en esta cuarta jorna,0.0147655531013548
401,3,0.4339580884341999,3,3_humor_quinta_quinta vergara_vergara,0.3034455335262008,19.0,19_través_mar_viña_viña mar,0.0690457171071445,"Jorge ""Chino"" Navarrete",1994,1990,3,3_humor_quinta_quinta vergara_vergara,"De la histeria universal, porque nuestra historia tiene muchos personajes. Y esta noche el humor una vez más conquistó la Quinta Vergara. Chilena, la radio del ",0.2343998164190563
3611,3,0.2024866385407181,18,18_doctor_farmacia_examen_consulta,0.077277359974929,0.0,0_presidente_país_huevón_pesos,0.0690089589413939,Ernesto Belloni,2020,2020,0,0_presidente_país_huevón_pesos,"Lo malo de una pime: que nadie pagaba, todo ""me lo anota, me lo anota"". Mira, aquí tengo una libreta, chiquillo, donde han venido todos los... Mira: dos cajas d",0.0082684010335351
2325,3,0.36955558228944463,3,3_humor_quinta_quinta vergara_vergara,0.2411590025591106,17.0,17_natalia_chiqui_alison_javiera,0.0689825068458967,Payahop,2014,2010,3,3_humor_quinta_quinta vergara_vergara,Tiene lo que viene a continuación es la posibilidad de reírnos porque se presenta nuevamente el humor en La Quinta Vergara. Y para eso hemos invitado a dos jóve,0.17217649571321392
2578,3,0.34008700423672633,2,2_chiste_programa_hoy hoy_chistes,0.2130370680186151,10.0,10_maestro_hora hora_ruperto_hora,0.0689639484500311,Edo Caroe,2016,2010,2,2_chiste_programa_hoy hoy_chistes,"Oye, he ido a cuanto casting había, huevón. De hecho, estuve a punto de ser protagonista, huevón, de una película para cabros chicos, huevón. Eh... para mí que ",0.14407311956858398
2598,3,0.257173505224316,2,2_chiste_programa_hoy hoy_chistes,0.1380246828291589,10.0,10_maestro_hora hora_ruperto_hora,0.0688418830849971,Edo Caroe,2016,2010,2,2_chiste_programa_hoy hoy_chistes,"pero para el artista. Así que, si alguno de ustedes considera que estoy haciendo humor muy pasado, que no... que se equivocaron de de de noche, que no es lo suy",0.06918279974416179
125,3,0.412682631910633,14,14_ho_ho ho_aplauso_muchas,0.2859825115063005,22.0,22_verdad_agradecer_emocionado_quiero agradecer,0.0687800669371923,Carlos Helo,1979,1970,14,14_ho_ho ho_aplauso_muchas,"Muy buenas noches, muchas gracias. Amigos de Panamá, buenas noches, gracias. Amigos de Argentina, de Perú, de Bolivia y de todos los países que también de Telev",0.2172024445691082
2329,3,0.3383982326001965,1,1_canción_almas_cantar_vivo vivo,0.2056501244311018,29.0,29_reggaeton_calmado_dale_ten,0.0684523052332753,Payahop,2014,2010,1,1_canción_almas_cantar_vivo vivo,"Sigo yo rapeando, para que te compadre que viene escuchando, no va parando con los tambores. Tengo chalicos paredes zapadores del amigo, compañero güeys que piñ",0.1371978191978265
653,3,0.2376467356893801,23,23_amante_marido_mujer_matrimonio,0.1146068759777476,24.0,24_amor_dije_pa_pa pa,0.0683250909523888,Palta Meléndez,1997,1990,18,18_doctor_farmacia_examen_consulta,"Incluso cachaba que estaba la de la de la casa crujía, si le las sabía todas. Llega a la habitación y ve a su esposa que está durmiendo a atravesar la cama. Apo",0.046281785025358804
1351,3,0.3645506243371423,6,6_quinta_vergara_público_quinta vergara,0.2443299199975237,14.0,14_ho_ho ho_aplauso_muchas,0.0682526063030205,Paulo Iglesias,2005,2000,6,6_quinta_vergara_público_quinta vergara,"Esta noche en la quinta Pablo Iglesias. Su simpatía, su rapidez han quitado un aplauso general y grande en la quinta Vergara. ¿Quiere que vuelva? Que regrese Pa",0.1760773136945032
2153,3,0.3132643977273013,2,2_chiste_programa_hoy hoy_chistes,0.1837005251831465,10.0,10_maestro_hora hora_ruperto_hora,0.0682044052015883,Bastián Paz,2013,2010,2,2_chiste_programa_hoy hoy_chistes,"Sí. ¿Te ha cambiado la vida, Bastián? Sí. Ah, está andando en medio. ¿Y? ¿Y ahora? También. Antes yo salía a la calle y la gente me decía: «Ahí va Bastián». ¿Y ",0.1154961199815582
1236,3,0.1911627134306744,23,23_amante_marido_mujer_matrimonio,0.0702808182958667,27.0,27_soltera_bebé_arturo vidal_tinder,0.0681993925745748,Natalia Cuevas,2004,2000,15,15_hombres_mujeres_mujer_hombre,"Realmente los problemas que nosotros tenemos de incomunicación, porque por ejemplo él hizo un gesto nomás, él hace un gesto nomás que no le gusta. Pero uno nunc",0.002081425721291899
4202,3,0.2069087653111501,9,9_auto_dijo dijo_micro_carabineros,0.0762239318223649,0.0,0_presidente_país_huevón_pesos,0.0681451029988067,Sergio Freire,2024,2020,4,4_chileno_chile_argentino_chilenos,"Lo encuentro supermal, supermal. Disculpa pública, disculpa Disculpa pública. pública Oye. Oye, Sergio, mira. Es muy simpático, mira, mira cómo se viste, mira e",0.00807882882355819
2869,3,0.2023159843876892,0,0_presidente_país_huevón_pesos,0.0802534603978092,18.0,18_doctor_farmacia_examen_consulta,0.06810794364909,Juan Pablo López,2017,2010,0,0_presidente_país_huevón_pesos,"Te lo anoto eso así. Te lo anoto, pues, huevón. Y la mina anota, pues, huevón. Es capaz de hacerte un Excel en una servilleta. No, ella es super cobradora. Buen",0.012145516748719207
193,3,0.2318243578124348,13,13_ay ay_salta salta_salta_ay,0.105018346406537,29.0,29_reggaeton_calmado_dale_ten,0.0680538679752653,Hugo Varela,1989,1980,24,24_amor_dije_pa_pa pa,Y vamos a crear la ambientación de la ambientación campesina. Así algunos... esto es... esto le va a gustar a esto. Haciendo algunos soniditos de animales del c,0.036964478431271694
3010,3,0.21952894459259212,5,5_colegio_niños_papá_hijo,0.0996746937754796,26.0,26_celular_pegado_teléfono_whatsapp,0.0680027304584351,"Juan Luis ""Jajá"" Calderón",2017,2010,5,5_colegio_niños_papá_hijo,"¡Uh! El niñito empezó a ir al... al... ""Mamita, ¿puedo jugar con la calculadora?"". ""Bueno, está bien. Juega con la calculadora"". ""Mamita, ¿puedo jugar con el co",0.0316719633170445
1072,3,0.208172826029802,6,6_quinta_vergara_público_quinta vergara,0.0778206294210776,22.0,22_verdad_agradecer_emocionado_quiero agradecer,0.0675729433772795,Memo Bunke y Natalia Cuevas,2001,2000,6,6_quinta_vergara_público_quinta vergara,"Parece que hay gaviota de oro para Natalia Cuevas y Memo Abunquer. La verdad es que estamos más que feliz de poderles entregado lo que nosotros somos, unos arti",0.01024768604379811
1992,3,0.198580552900685,0,0_presidente_país_huevón_pesos,0.0775513368098886,18.0,18_doctor_farmacia_examen_consulta,0.067270084179926,Bombo Fica,2012,2010,0,0_presidente_país_huevón_pesos,"tarjeta es muy importante, porque usted la necesita, yo la necesito, todos la necesitamos. Llévela ahora ya. Dije yo, me acordé hoy y que nosotros somos tan con",0.0102812526299626
4315,3,0.2160752169883179,11,11_hijos_mamá_papá_hijo,0.091765369660275,5.0,5_colegio_niños_papá_hijo,0.0669428633013716,"Daniela ""Chiqui"" Aguayo",2025,2020,5,5_colegio_niños_papá_hijo,"procesos se me han dado difíciles, absolutamente todos los procesos se me han dado difíciles. Por ejemplo, me acuerdo el tema de dejar los pañales. Me acuerdo q",0.0248225063589034
660,3,0.1959577720924792,14,14_ho_ho ho_aplauso_muchas,0.0713586875712826,6.0,6_quinta_vergara_público_quinta vergara,0.0667839032778537,Palta Meléndez,1997,1990,21,21_buenas noches_noches_buenas_pecadora,"Eso sería todo. Eso sería todo. Después seguimos conversando. ¿Cómo diste bien, chica? 5 años carebado. Yo me diré 17 no va. Este sí que es care raja. Buenas no",0.004574784293428891
635,3,0.3122442767383877,3,3_humor_quinta_quinta vergara_vergara,0.1822323227570261,17.0,17_natalia_chiqui_alison_javiera,0.0666577124010845,Jorge Pérez,1997,1990,3,3_humor_quinta_quinta vergara_vergara,"Y lo próximo es comenzar a sonreír con un artista que ya lleva 15 años en el escenario compartiendo siempre en grupo: primero Los Multifacéticos, luego Contrati",0.1155746103559416
1998,3,0.1976645027101952,18,18_doctor_farmacia_examen_consulta,0.0681946278202368,9.0,9_auto_dijo dijo_micro_carabineros,0.0666513620859124,Bombo Fica,2012,2010,0,0_presidente_país_huevón_pesos,"que en este país uno trata hacer las cosas bien no puede. Yo me acuerdo que tenía andaba cargado el billete, andaba con 10 lucas en este bolsillo. No, yo cuando",0.0015432657343244088
3435,3,0.356902177503802,2,2_chiste_programa_hoy hoy_chistes,0.2330410642063364,28.0,28_puta puta_noticias_puta_ta,0.0666139338601475,Jani Dueñas,2019,2010,2,2_chiste_programa_hoy hoy_chistes,"pasaron, de verdad. Esto es mucho menos espeluznante de lo que todo el mundo dice. Esta cuestión es como estar en casa, es increíble. Ahora, igual yo sé que no ",0.16642713034618892
1991,3,0.1984235066667071,9,9_auto_dijo dijo_micro_carabineros,0.0716639270735472,0.0,0_presidente_país_huevón_pesos,0.0664289249329251,Bombo Fica,2012,2010,0,0_presidente_país_huevón_pesos,"antes de terminar el show. No, no, no. Oye, la verdad que se han perdido los grados de confianza. Uno ya no confía en los sistemas financieros; no es que la gen",0.0052350021406221
2071,3,0.1999994914723012,24,24_amor_dije_pa_pa pa,0.081331725703358,12.0,12_perro_perrito_selva_lobo,0.0663598935104201,Los Atletas de la Risa,2013,2010,10,10_maestro_hora hora_ruperto_hora,"Yo por fielito, ¿cuál es el caballero? ¿Cuál? Es medio feíto el amigo que está allá. ¿A dónde, weón? Allá estamos. Uy, el weón feo, weón. Si no es tan feo, está",0.014971832192937906
3246,3,0.354766979396009,27,27_soltera_bebé_arturo vidal_tinder,0.2328332516134372,24.0,24_amor_dije_pa_pa pa,0.0661963927134393,Jenny Cavallo,2018,2010,24,24_amor_dije_pa_pa pa,"Con solo pensar en eso me da una flojera. Pero bueno, si te separáis, nada po. Tenéis que vivir el duelo, después en algún punto te dan ganas de nuevo de conoce",0.1666368588999979
2924,3,0.201119418306263,15,15_hombres_mujeres_mujer_hombre,0.0723633748672701,23.0,23_amante_marido_mujer_matrimonio,0.0660799710712639,"Daniela ""Chiqui"" Aguayo",2017,2010,15,15_hombres_mujeres_mujer_hombre,"Bueno, hay una cosa que yo le debo reconocer a ustedes los hombres que nos llevan años luz de ventaja, que es que pueden diferenciar tener sexo con enojarse. Qu",0.006283403796006198
910,3,0.2669072559545849,12,12_perro_perrito_selva_lobo,0.1460543850720106,24.0,24_amor_dije_pa_pa pa,0.0660788690632069,"Daniel Muñoz ""El Malo""",2000,2000,12,12_perro_perrito_selva_lobo,"Negro. Chao, compadre. Oye, déjame bajar un poquito, loco. ¿Sabes qué más? Chao, chaela. No estoy ni ahí, compadre. Y ahora tendrían que haber aparecido cualqui",0.0799755160088037
4504,3,0.19183774842707052,18,18_doctor_farmacia_examen_consulta,0.0728041344953227,0.0,0_presidente_país_huevón_pesos,0.0660628908472899,Pedro Ruminot,2025,2020,0,0_presidente_país_huevón_pesos,"No hicimos marcha, no hicimos ni una huevada, no salimos a la calle, dijeron, ""Se acabaron las bolsas plásticas."" ¿Por qué se acabaron las bolsas plásticas? Por",0.006741243648032802
1994,3,0.1981899916417497,0,0_presidente_país_huevón_pesos,0.0784645918777427,18.0,18_doctor_farmacia_examen_consulta,0.0660432786104179,Bombo Fica,2012,2010,0,0_presidente_país_huevón_pesos,"yo quiero que usted en este instante me borre de la tarjeta Mastercard, no la necesito"". ""Ningún problema, caballero, mejor me da su RUT"". Le doy el RUT y yo me",0.012421313267324804
3461,3,0.2135058515528613,5,5_colegio_niños_papá_hijo,0.0940756122699276,26.0,26_celular_pegado_teléfono_whatsapp,0.0659363450237225,Jorge Alís,2019,2010,5,5_colegio_niños_papá_hijo,"Hay una que está muy operada, entonces yo la veo y empiezo ""Ah, está ahí."" Le pone la boca al toca así, ""Ah, está ahí."" Lo voy a buscar a la tarde a mi hijo y d",0.028139267246205094
1755,3,0.5480878408845329,15,15_hombres_mujeres_mujer_hombre,0.42371173093635,23.0,23_amante_marido_mujer_matrimonio,0.0659146819436101,Dinamita Show,2009,2000,15,15_hombres_mujeres_mujer_hombre,"Sí. Del lado femenino. Tú deberías de explotar tu lado femenino. Eso es todo. Chao de acá. Te ¿Y vas? ¿Y quién lo Fuera de aquí. ¿Y quién lo dice? La noche. Ah,",0.3577970489927399
3370,3,0.2198252762800838,15,15_hombres_mujeres_mujer_hombre,0.0979234235668271,27.0,27_soltera_bebé_arturo vidal_tinder,0.0658881917417099,Alejandra Azcárate,2018,2010,15,15_hombres_mujeres_mujer_hombre,¿Y cómo les parece a los hombres que nos acompañan esta noche? Muy a mi placer. Que a nosotras también nos rasca. Nos pica igual. Y ustedes nunca verán a una mu,0.032035231825117194
4078,3,0.4114888660256017,25,25_bailar_fiesta_bailemos_baile,0.2933071724135623,29.0,29_reggaeton_calmado_dale_ten,0.0658758296408242,Javiera Contador,2024,2020,25,25_bailar_fiesta_bailemos_baile,"Muchas gracias, muchas gracias. Gracias. Te amo. Oye, escúchenme, por favor, solo y con esto quiero decir, no soy quién para dar consejos, pero quiero compartir",0.2274313427727381
2695,3,0.2313869141817478,23,23_amante_marido_mujer_matrimonio,0.1110046189058075,15.0,15_hombres_mujeres_mujer_hombre,0.0658645183935808,Natalia Valdebenito,2016,2010,11,11_hijos_mamá_papá_hijo,"con los cuerpos, yo creo que está todo pasando. Bueno, por culpa de esta retención constante, existe este fenómeno llamado tránsito lento. Cuidado, yo no quiero",0.045140100512226694
3550,3,0.4065524577573216,11,11_hijos_mamá_papá_hijo,0.2796829077030813,16.0,16_comida_comer_dieta_mamá,0.0658457562654405,Javiera Contador,2020,2020,11,11_hijos_mamá_papá_hijo,"No, mi amor, de verdad que tu mamá no te deja. Mi amor, de verdad, anda a jugar con algo que jugaste, vaya a jugar con pasito afuera. Ya va ya va ya va ya va ya",0.21383715143764082
4475,3,0.1845186632123019,27,27_soltera_bebé_arturo vidal_tinder,0.068165849348939,15.0,15_hombres_mujeres_mujer_hombre,0.0658400749149547,Juan Pablo López,2025,2020,4,4_chileno_chile_argentino_chilenos,Me caen mal los weones que trotan. Me caen mal los que trotan. Sé que este país se está cayendo a pedazos. Hay gente que trota. Me caen mal este que sale a trot,0.0023257744339843095
72,3,0.2171929221368271,22,22_verdad_agradecer_emocionado_quiero agradecer,0.0924748813899777,21.0,21_buenas noches_noches_buenas_pecadora,0.0657299382329061,Gloria Benavides,1977,1970,14,14_ho_ho ho_aplauso_muchas,"Muchas gracias, muchas gracias en nombre de Florcita Motúa y en el mío. Y ahora... para que empiecen a asustarse todos. Miren lo que tengo aquí. Miren lo que te",0.0267449431570716
392,3,0.2084218218855872,27,27_soltera_bebé_arturo vidal_tinder,0.0838997958057393,15.0,15_hombres_mujeres_mujer_hombre,0.0654628327751026,"Jorge ""Chino"" Navarrete",1994,1990,15,15_hombres_mujeres_mujer_hombre,"Claro, pero el caso más patético, no sé si lo vieron ustedes de la señora que dejó como la chiste al marido, ah, le cortó la la tristeza. Claro, ella era muy in",0.01843696303063669
1651,3,0.2233961568132013,15,15_hombres_mujeres_mujer_hombre,0.1042464689571897,23.0,23_amante_marido_mujer_matrimonio,0.0653604832238879,Palta Meléndez,2007,2000,15,15_hombres_mujeres_mujer_hombre,quieren agarrarte. Son tan raros los hombres que nunca le achuntan a los regalos. La ropa interior bonita les da lo mismo. Distinguen solo colores primarios. Ju,0.03888598573330179
1631,3,0.2465542342325826,12,12_perro_perrito_selva_lobo,0.1245900589850615,24.0,24_amor_dije_pa_pa pa,0.0652321308710774,Palta Meléndez,2007,2000,12,12_perro_perrito_selva_lobo,"El Augusto Cárcamo Carpio, presidente del Centro Alumni aquel entonces. No, el Augusto Cárcamo era buen compañero, un buen derecho. ¿Se murió o sí? ¿Se murió ha",0.05935792811398409
3649,3,0.19626961660692482,14,14_ho_ho ho_aplauso_muchas,0.0685781907977601,6.0,6_quinta_vergara_público_quinta vergara,0.0647597362105077,Fusión Humor,2020,2020,11,11_hijos_mamá_papá_hijo,¿Cuánto? Hasta cuatro. Pues voy a ser así. Me estáis voyando. ¿Por qué? ¿No se contaba hasta tres? Pero en la música se cuenta hasta cuatro. ¿No te costaba habe,0.0038184545872523984
1515,3,0.1977898471080029,3,3_humor_quinta_quinta vergara_vergara,0.073810390979411,17.0,17_natalia_chiqui_alison_javiera,0.064596291934433,Coco Legrand,2006,2000,3,3_humor_quinta_quinta vergara_vergara,"desde siempre, desde todos los tiempos, Coco Legrand ha estado junto a nosotros haciéndonos a través de la risa más grandes y mejores. Extraordinaria presentaci",0.009214099044977997
3557,3,0.2209647432335356,5,5_colegio_niños_papá_hijo,0.1012600908449345,26.0,26_celular_pegado_teléfono_whatsapp,0.0645879362678645,Javiera Contador,2020,2020,5,5_colegio_niños_papá_hijo,"tranquilízese, controle ese señora, tengo 6 años y yo como Y yo no sabía qué hacer, me quería morir y vuelve mi hijo corriendo con el robot amarillo con el bumb",0.03667215457706999
3190,3,0.214992254906087,10,10_maestro_hora hora_ruperto_hora,0.0968791461988417,24.0,24_amor_dije_pa_pa pa,0.0645872030525429,Bombo Fica,2018,2010,10,10_maestro_hora hora_ruperto_hora,"Ahí dije yo, no, esta cuestión no va para más, me voy para la casa. Está bueno y aquí estoy para hacerte feliz. No, me toques. Stop. Nada hacía presagiar lo que",0.03229194314629881
2791,3,0.1971647566408269,0,0_presidente_país_huevón_pesos,0.0704384983053962,9.0,9_auto_dijo dijo_micro_carabineros,0.0645249464237673,Los Locos del Humor,2016,2010,0,0_presidente_país_huevón_pesos,"Estuve toda la noche chupando. Y de vez en cuando me tomaba un copete. Claro, no, no, no, no. Pero si así está la juventud, po. Pero nunca están así, Hugo, por ",0.005913551881628898
2943,3,0.1882161102666711,24,24_amor_dije_pa_pa pa,0.0688376255791658,16.0,16_comida_comer_dieta_mamá,0.0644773571434646,"Daniela ""Chiqui"" Aguayo",2017,2010,1,1_canción_almas_cantar_vivo vivo,"porque en el mismo momento que se lo le di la mano, se lo presenté, ahí mismo el huevón lo asaltó. Nunca más llevo un pololo para la casa. Había una obsesión co",0.004360268435701198
662,3,0.1873596990445596,4,4_chileno_chile_argentino_chilenos,0.0665590975975827,9.0,9_auto_dijo dijo_micro_carabineros,0.0643886858869418,Palta Meléndez,1997,1990,4,4_chileno_chile_argentino_chilenos,"¿Y qué anda haciendo aquí? Bueno, la verdad de las cosas como ministro de obras públicas ando evaluando el impacto ambiental del del del platillo volador. A pro",0.0021704117106409043
515,3,0.19362760243457872,4,4_chileno_chile_argentino_chilenos,0.0764263551962305,9.0,9_auto_dijo dijo_micro_carabineros,0.0642818865404867,Dino Gordillo,1996,1990,18,18_doctor_farmacia_examen_consulta,"Buenos días, mirando, dice, ""Buenos días, señor. Buenos días. Vengo a que me haga una unión técnica en la naní. Pero y cómo lo te veré la semana pasada. Ni me n",0.012144468655743812
2518,3,0.1967516119853022,22,22_verdad_agradecer_emocionado_quiero agradecer,0.0708423739132259,14.0,14_ho_ho ho_aplauso_muchas,0.0642761908145779,León Murillo,2015,2010,3,3_humor_quinta_quinta vergara_vergara,"Ya, León. Esto es verdaderamente un sueño. Ni en mis mejores sueños realmente estuvo esto. León tiene esa esa prestancia de hombre rudo, pero en el fondo aquí h",0.006566183098647996
3394,3,0.3439950587722602,2,2_chiste_programa_hoy hoy_chistes,0.2235735193154893,10.0,10_maestro_hora hora_ruperto_hora,0.0642665695372465,Felipe Avello,2019,2010,2,2_chiste_programa_hoy hoy_chistes,"Hola, buenas noches. Un gusto. Muchas gracias. ¿Se me ve algo? Bueno, amigos, estoy feliz de que me hayan invitado, que me hayan considerado. Eh, vengo saliendo",0.15930694977824278
1414,3,0.2423423120549481,24,24_amor_dije_pa_pa pa,0.1145751342800966,20.0,20_hermana_fea_curado_marihuana,0.0641864620322935,Carlos García,2006,2000,13,13_ay ay_salta salta_salta_ay,"Y el novio, el que oye su marido, para darle la sorpresa a la noche boda, se hace tatuar. Se hace tatuar: en la pierna izquierda la cara de Sandro y en la piern",0.05038867224780309
2222,3,0.1940910490668995,22,22_verdad_agradecer_emocionado_quiero agradecer,0.0670234309110531,14.0,14_ho_ho ho_aplauso_muchas,0.0640338884862634,Los Locos del Humor,2014,2010,6,6_quinta_vergara_público_quinta vergara,"Sí, gracias. Gracias. Gracias, hermano, de verdad. Qué rico, rico, rico. Porque el público de la Quinta Vergara así lo quiere, porque cumplieron sus sueños. Esc",0.0029895424247897012
2700,3,0.38502072885816,27,27_soltera_bebé_arturo vidal_tinder,0.2680215479775506,25.0,25_bailar_fiesta_bailemos_baile,0.0639332581219767,Natalia Valdebenito,2016,2010,27,27_soltera_bebé_arturo vidal_tinder,"Sé que ustedes no son celosas, solo yo. Cuando te atrapan los celos es cuático porque te invita en un lugar público y se supone que lo vayas a pasar bien, ¿cach",0.20408828985557392
604,3,0.25071820000707123,23,23_amante_marido_mujer_matrimonio,0.1332555224764452,24.0,24_amor_dije_pa_pa pa,0.0638999018735884,Dino Gordillo,1997,1990,23,23_amante_marido_mujer_matrimonio,"casa cocido llegaba todo cochino. Hoy en día llegan elegante. Ese que llegó a las 5 de la mañana la mujer afirmaba la puerta. ¿Estás en hora de llegar, desgraci",0.0693556206028568
516,3,0.2980300041269123,5,5_colegio_niños_papá_hijo,0.1804711903693049,11.0,11_hijos_mamá_papá_hijo,0.0638787099290743,Dino Gordillo,1996,1990,5,5_colegio_niños_papá_hijo,"y partió el baboso a comprar esas cunas corral, esas con mallita para que la guagua te la vean de lejos. Y se han dado cuenta que no hay guagua fea. Y hoy en dí",0.1165924804402306
4109,3,0.4562583294001409,3,3_humor_quinta_quinta vergara_vergara,0.33743867015342,17.0,17_natalia_chiqui_alison_javiera,0.0636886035048924,Luis Slimming,2024,2020,3,3_humor_quinta_quinta vergara_vergara,"Cuando se confirmó que yo venía al festival de Viña, mi papá me dijo, ""¿Por qué no te contáis unos chistes de gangoso?"", me dijo. ¿Por qué no te contáis unos bu",0.2737500666485276
3019,3,0.2004966959637523,16,16_comida_comer_dieta_mamá,0.0816488632170636,7.0,7_vieja_suegra_abuela_abuelita,0.0636830411511282,"Juan Luis ""Jajá"" Calderón",2017,2010,7,7_vieja_suegra_abuela_abuelita,"Y ella de alguna forma tomó un rol muy importante dentro de la familia. Y tener 7 8 años y no saber qué pasó con tu padre, no entendía nada. De hecho, mi madre ",0.017965822065935402
2364,3,0.3804323385376996,27,27_soltera_bebé_arturo vidal_tinder,0.2651658601258941,24.0,24_amor_dije_pa_pa pa,0.0635831024191569,Dinamita Show,2015,2010,10,10_maestro_hora hora_ruperto_hora,"Aquí está el tarro salsa. El indio. Te ves super bien. El indio. Venga, mi guagua. Venga, acérquese. No, no, no, no. Acérquese, señor. No, señor. ¿Por qué no? N",0.2015827577067372
1945,3,0.3197085844368626,6,6_quinta_vergara_público_quinta vergara,0.2052218017216739,14.0,14_ho_ho ho_aplauso_muchas,0.0635371536695164,Dinamita Show,2012,2010,6,6_quinta_vergara_público_quinta vergara,"Oye, ¿y que esa no fue la boloco? Buenas noches, Buenas noches, muchas noches. Tremenda presentación, gran regreso a la Quinta Vergara, el escenario que los vio",0.1416846480521575
2978,3,0.2180383441717901,23,23_amante_marido_mujer_matrimonio,0.0966867456200147,24.0,24_amor_dije_pa_pa pa,0.0634354780875591,"Carlos ""El Mono"" Sánchez",2017,2010,15,15_hombres_mujeres_mujer_hombre,"En la repetición tal vez lo hagas. No conozco el primer macho chileno, varón que se levante a las 3 de la mañana a hacer pipí por esas cuestiones de la próstata",0.033251267532455595
3970,3,0.1890671956596039,19,19_través_mar_viña_viña mar,0.0728196226419255,6.0,6_quinta_vergara_público_quinta vergara,0.0630857101138273,Rodrigo Villegas,2023,2020,3,3_humor_quinta_quinta vergara_vergara,"chiste, su creatividad, su carisma, su música. Les pedimos a gran Rodrigo Villegas. Se lo llevó a todo y tan merecido y sobre todo el gran cariño de la Quinta V",0.009733912528098201
1896,3,0.32800304212956966,3,3_humor_quinta_quinta vergara_vergara,0.2046492375873455,17.0,17_natalia_chiqui_alison_javiera,0.0629647754543323,Dinamita Show,2012,2010,3,3_humor_quinta_quinta vergara_vergara,"Nuestros siguientes invitados tienen una tremenda conexión con este escenario y con esta ciudad, porque es aquí donde comenzaron a escribir una historia maravil",0.1416844621330132
4397,3,0.23061151648372918,23,23_amante_marido_mujer_matrimonio,0.1088683314216628,15.0,15_hombres_mujeres_mujer_hombre,0.0629341434240191,Edo Caroe,2025,2020,1,1_canción_almas_cantar_vivo vivo,Estuve. Estuve investigando el porqué pasa esto y aprovechando que hay varias mujeres en el lugar me gustaría hacer un pequeño catastro. O en este caso un cacas,0.045934187997643705
4317,3,0.1958421995540902,11,11_hijos_mamá_papá_hijo,0.0741241509147162,5.0,5_colegio_niños_papá_hijo,0.0629180398866533,"Daniela ""Chiqui"" Aguayo",2025,2020,16,16_comida_comer_dieta_mamá,"Muchas gracias. Estaba enojada, mi marido me decía, ""Oye, igual cómo le decís a esa mujer."" Yo le digo, ""Bueno, no sé."" le dije yo. ¿Sabes qué? No es tan fácil ",0.011206111028062904
2953,3,0.5371251899951086,27,27_soltera_bebé_arturo vidal_tinder,0.4241938121467822,23.0,23_amante_marido_mujer_matrimonio,0.0628770654453722,"Daniela ""Chiqui"" Aguayo",2017,2010,27,27_soltera_bebé_arturo vidal_tinder,"Te voy a tener que contar que es sumamente importante, es relevante. Porque cuando una amiga sale con alguien, lo primero que uno le pregunta, ""Ey, ¿cómo lo tie",0.36131674670141
950,3,0.4244138247455519,7,7_vieja_suegra_abuela_abuelita,0.3072783368993303,16.0,16_comida_comer_dieta_mamá,0.0628334798548459,Coco Legrand,2000,2000,7,7_vieja_suegra_abuela_abuelita,"Hasta morirse ya en este país no tiene el mismo nivel que tenía antes. Antes tú te morías y huevón porrasca que fuera y te hacían unos felorios a todo cachete, ",0.24444485704448443
2415,3,0.1994535800284229,12,12_perro_perrito_selva_lobo,0.082458259925706,10.0,10_maestro_hora hora_ruperto_hora,0.0626250233795479,Dinamita Show,2015,2010,12,12_perro_perrito_selva_lobo,"Flaquito, flaquito, tampoco. No, no. Flaco, ven. No, tú eres una persona inocente y por eso la gente cree que que tú eres así como demasiado tierno y... y... y ",0.01983323654615811
2729,3,0.2103797165681211,3,3_humor_quinta_quinta vergara_vergara,0.0876394739999895,17.0,17_natalia_chiqui_alison_javiera,0.0625041554087052,Pedro Ruminot,2016,2010,3,3_humor_quinta_quinta vergara_vergara,"Ya estamos de regreso aquí en Villa 2016, porque queremos seguir disfrutando de esta cuarta noche de festival. Lo vimos ya en el backstage y ya está acá sobre e",0.025135318591284303
4477,3,0.1879150768985108,24,24_amor_dije_pa_pa pa,0.0658821329444407,27.0,27_soltera_bebé_arturo vidal_tinder,0.0624590165861655,Juan Pablo López,2025,2020,7,7_vieja_suegra_abuela_abuelita,"Desperté y como Y lo más triste todo que tu pareja se da cuenta que te está lloriqueando y no hace ni una huevada. No hace nada, no te hace así, no te te graba,",0.003423116358275205
45,3,0.2013167448184196,12,12_perro_perrito_selva_lobo,0.0880162327081818,24.0,24_amor_dije_pa_pa pa,0.0623233460315497,Hugo Goodman,1974,1970,23,23_amante_marido_mujer_matrimonio,"Vamos ahora a proseguir. Fíjese que les voy a decir una cosa, chiquillos. Hace más o menos 17 años que falto y me he encontrado con gente tan simpática. Allá te",0.025692886676632103
1811,3,0.19497689920576688,24,24_amor_dije_pa_pa pa,0.0768883878428682,12.0,12_perro_perrito_selva_lobo,0.0622569451137106,Coco Legrand,2010,2010,16,16_comida_comer_dieta_mamá,"A propósito, ¿cómo se llama esto que no que no quieren comer? Sí, que se me olvidé el nombre. ¿Cómo dijo? Anoréxico, gracias por ¿Se sabe el show también? Anoré",0.014631442729157597
979,3,0.2310326553689273,3,3_humor_quinta_quinta vergara_vergara,0.1140268321143431,17.0,17_natalia_chiqui_alison_javiera,0.0621498270141545,Coco Legrand,2000,2000,3,3_humor_quinta_quinta vergara_vergara,"Fuerte y cariñoso el aplauso para Coco Lebrán, que ha traído su agudo singular humor a la Quinta Vergara en esta noche monumental, donde una vez más triunfa en ",0.0518770051001886
3,3,0.20221971409436568,3,3_humor_quinta_quinta vergara_vergara,0.0831005536930779,17.0,17_natalia_chiqui_alison_javiera,0.062120887093893,Tato Cifuentes,1973,1970,3,3_humor_quinta_quinta vergara_vergara,"Sus cualidades artísticas. Le conocimos hace muchos años con un personaje muy querido por todos los niños de esa época: Copucha, el colegial. Estuvo como invita",0.020979666599184897
394,3,0.2009134670635016,18,18_doctor_farmacia_examen_consulta,0.0832601188676064,0.0,0_presidente_país_huevón_pesos,0.0620289954069002,"Jorge ""Chino"" Navarrete",1994,1990,0,0_presidente_país_huevón_pesos,"Este cheque de 50 000 pesos es falso. Falso, entonces le violaron. Ahora tenemos Tenemos que ahora asaltar un banco y llegar y pensar, ¿esto es un asalto? ¿Con ",0.0212311234607062
1435,3,0.2003415168658301,22,22_verdad_agradecer_emocionado_quiero agradecer,0.0864210967632991,14.0,14_ho_ho ho_aplauso_muchas,0.0620264655693571,Carlos García,2006,2000,6,6_quinta_vergara_público_quinta vergara,"de honor, abrir todo el pecho, tachar ese grito. ¡Qué lindo que es Viña, palabra de honor! Sí, señor, muchas gracias. ""Soy la reina de la tierra, soy la reina d",0.024394631193941994
4023,3,0.2236705249874452,15,15_hombres_mujeres_mujer_hombre,0.1075002382217032,23.0,23_amante_marido_mujer_matrimonio,0.061981603583395,Alison Mandel,2024,2020,15,15_hombres_mujeres_mujer_hombre,"como el pico. Es que sabes que yo de verdad no entiendo por qué uno a veces como que no calza con la suegra porque yo calzo como con las mujeres, las mujeres so",0.04551863463830819
1044,3,0.368113544976653,3,3_humor_quinta_quinta vergara_vergara,0.2541284323571041,17.0,17_natalia_chiqui_alison_javiera,0.0619693713137709,Memo Bunke y Natalia Cuevas,2001,2000,3,3_humor_quinta_quinta vergara_vergara,"Muy bien, amigos. Llega el momento del humor esta noche en la Quinta Vergara. Una sociedad perfecta para encontrarnos con dos artistas de excepción. Él es de la",0.1921590610433332
4444,3,0.2004587770104343,0,0_presidente_país_huevón_pesos,0.0804253425144707,18.0,18_doctor_farmacia_examen_consulta,0.0619600961623446,Juan Pablo López,2025,2020,0,0_presidente_país_huevón_pesos,"Me me me carga ese concepto de alguna empresa, ese concepto de autoservicio que finalmente le deja la responsabilidad a las personas de terminar la pega. No sé,",0.018465246352126097
3651,3,0.27325567512689247,12,12_perro_perrito_selva_lobo,0.157349512482206,24.0,24_amor_dije_pa_pa pa,0.0619288225054156,Fusión Humor,2020,2020,12,12_perro_perrito_selva_lobo,"Eh. Eh. Márcame el ritmo. Va, eso, vamos. Para, para, para, para, para, me has pasado a poto, hermano, perdón. Está bien. Está pasado a poto, hermano. Aguita co",0.0954206899767904
215,3,0.18556192914074782,9,9_auto_dijo dijo_micro_carabineros,0.0674240178862413,0.0,0_presidente_país_huevón_pesos,0.061917750337322,Pujillay,1990,1990,0,0_presidente_país_huevón_pesos,"Sí, de menta o de fruta, señor. Salimos a la confitería. Hasta allí llegó bien. Al lado de la confitería, ahí está el correo. Llega el correo, un tipo más tonto",0.005506267548919308
3480,3,0.197706343640983,18,18_doctor_farmacia_examen_consulta,0.0743474044799273,9.0,9_auto_dijo dijo_micro_carabineros,0.0618694068875295,Mauricio Palma,2019,2010,0,0_presidente_país_huevón_pesos,"micro de repente y llega un compadre en esta volá y ""Buenas tardes, me he tenido que subirme a este medio de locomoción colectiva para poder llevar el sustento ",0.012477997592397795
2111,3,0.2114446047867225,5,5_colegio_niños_papá_hijo,0.0907796754564723,11.0,11_hijos_mamá_papá_hijo,0.0618664948659493,Nancho Parra,2013,2010,5,5_colegio_niños_papá_hijo,"Gracias. El niñito va pasando por la pieza, los papás como a las 3 de la mañana, mira por un hoyito que había en la puerta, saca el ojo y dice, ""Y a mí me quier",0.028913180590522995
3347,3,0.2205740326010529,10,10_maestro_hora hora_ruperto_hora,0.0990663529315501,2.0,2_chiste_programa_hoy hoy_chistes,0.0618194009891845,Alison Mandel,2018,2010,11,11_hijos_mamá_papá_hijo,"Y mi marido dentro de todas sus buenas decisiones se le ocurrió entrar a estudiar de nuevo, qué amoroso, pero no una carrera que dura 2 años, no, derecho. Y com",0.037246951942365596
1960,3,0.2051322813977173,5,5_colegio_niños_papá_hijo,0.0891814548877273,26.0,26_celular_pegado_teléfono_whatsapp,0.0617833050113356,Zip-Zup,2012,2010,5,5_colegio_niños_papá_hijo,"Ahí se enojó. Ahí se enojó. Ay. Oye, ah Uno cortito de niños. Se levanta el niño chico, va a las 4 de la mañana para la pieza a los papás. Despierta la mamá y l",0.0273981498763917
3161,3,0.24721295515303152,24,24_amor_dije_pa_pa pa,0.1275410309856057,27.0,27_soltera_bebé_arturo vidal_tinder,0.0617822497637535,Bombo Fica,2018,2010,0,0_presidente_país_huevón_pesos,"conchados conmigo para acá, nos saludamos, de aquí nos vamos a la vuelta, damos la vuelta y nos vamos a un parquecito que está a la vuelta, donde hay un sector ",0.0657587812218522
2387,3,0.1838074620948172,9,9_auto_dijo dijo_micro_carabineros,0.0696921615120093,18.0,18_doctor_farmacia_examen_consulta,0.0617304181170369,Dinamita Show,2015,2010,0,0_presidente_país_huevón_pesos,"dije yo, po. Sí, po. Oye, pana, ¿fuiste a pie al motel? Sí, po. Qué ordinario. ¿Cómo vas a ir a pie a un motel? Así es la cosa la vida ahora. Está duro, duro, d",0.007961743394972395
1495,3,0.1965336665534293,0,0_presidente_país_huevón_pesos,0.0817897266469363,9.0,9_auto_dijo dijo_micro_carabineros,0.0616595167037684,Coco Legrand,2006,2000,0,0_presidente_país_huevón_pesos,"tribunales de justicia. Está lleno su huevón porque está fijado que siempre salen unos titulares de juez human, se declara incompetente. Es incompetente la poli",0.0201302099431679
3387,3,0.3063620045863686,15,15_hombres_mujeres_mujer_hombre,0.1859785478044927,23.0,23_amante_marido_mujer_matrimonio,0.0616487605534664,Alejandra Azcárate,2018,2010,15,15_hombres_mujeres_mujer_hombre,"Las alitas y el motor. Y empieza uno a convivir y ahí entiende la magia de la pareja que se resume en esperar. A eso se reduce nuestra vida, a esperar. A que su",0.12432978725102628
1592,3,0.205103925022263,0,0_presidente_país_huevón_pesos,0.0881755114134153,9.0,9_auto_dijo dijo_micro_carabineros,0.0614531075168306,Álvaro Salas,2007,2000,0,0_presidente_país_huevón_pesos,El gobierno se comprometió con la comunidad gay de nuestro país a implementar en su nuevo exclusivo sistema de previsión social donde se podrán afiliar entre el,0.0267224038965847
135,3,0.2001580237706273,19,19_través_mar_viña_viña mar,0.0866719400588455,17.0,17_natalia_chiqui_alison_javiera,0.0614202913792009,Jorge Romero,1979,1970,19,19_través_mar_viña_viña mar,"mejor artista extranjero, el mejor intérprete nacional, el tercer lugar equivalente a $1500 más la gaviota de plata, $2500 para el segundo lugar y la gaviota de",0.0252516486796446
2132,3,0.1864142176020577,14,14_ho_ho ho_aplauso_muchas,0.0644633724096938,6.0,6_quinta_vergara_público_quinta vergara,0.0613344679534892,Nancho Parra,2013,2010,6,6_quinta_vergara_público_quinta vergara,"Sabemos todo y está al lado de tu corazón. ¿De quién es ese carnet, Nacho? Espérate, espérate, que el guardia de antes me pidió la credencial para subir al esce",0.0031289044562045967
1993,3,0.2021481045740275,0,0_presidente_país_huevón_pesos,0.0846748042197519,18.0,18_doctor_farmacia_examen_consulta,0.0613257711664612,Bombo Fica,2012,2010,0,0_presidente_país_huevón_pesos,"eran 600 pesos. Pero yo dije: ""Voy a arreglar esta cuestión porque a lo mejor se equivocaron"". Llegué allá, me atendió una señorita; le dije: ""Buenas tardes, se",0.023349033053290703
838,3,0.1907232020668112,13,13_ay ay_salta salta_salta_ay,0.0780852595540689,10.0,10_maestro_hora hora_ruperto_hora,0.0612596513753319,Sandy,1999,1990,13,13_ay ay_salta salta_salta_ay,"Seguimos y nos vamos para hacer algo de Guantanamera. Mira, chicos. Guantanamera. Guajira, Guantanamera. Guajira, Guantanamera. Guantanamera. Guajira, Guantanam",0.016825608178737003
2138,3,0.253031265394166,12,12_perro_perrito_selva_lobo,0.1378970590515379,24.0,24_amor_dije_pa_pa pa,0.0611877178427793,Nancho Parra,2013,2010,12,12_perro_perrito_selva_lobo,"Y se comió la abuelita por el lado oscuro de la fuerza. De Topron. De pronto. La Telienca, la coqueta, la cara de Damier, la bonita de alma, la nague para el ne",0.07670934120875861
3050,3,0.1933488144099397,6,6_quinta_vergara_público_quinta vergara,0.0725960365927551,14.0,14_ho_ho ho_aplauso_muchas,0.0611814746810248,"Juan Luis ""Jajá"" Calderón",2017,2010,6,6_quinta_vergara_público_quinta vergara,"Muchas gracias. De verdad, muchas gracias. Estoy muy emocionado pararse en este escenario, me ha significado un buen tiempo porque yo quisiera que algún día ter",0.011414561911730299
2400,3,0.3965164396051995,25,25_bailar_fiesta_bailemos_baile,0.2824807824155045,29.0,29_reggaeton_calmado_dale_ten,0.0611588371220386,Dinamita Show,2015,2010,25,25_bailar_fiesta_bailemos_baile,"Ya habla. Esta mina la tengo lista. La tengo lista. Ahora DJ, sálvame y tírame un tema romantiquito. Vamos a bailar Vamos a bailar tú. Ah. Oye, son cuatro que l",0.2213219452934659
1492,3,0.2536574291818677,12,12_perro_perrito_selva_lobo,0.1376748101459237,24.0,24_amor_dije_pa_pa pa,0.0611338877437786,Coco Legrand,2006,2000,12,12_perro_perrito_selva_lobo,"en el en el bosque, huevón, y en vez de mandarle un un un médico, huevón, porque la vieja estaba para con neta, huevón, le le le mando un pastel, huevón. Por es",0.0765409224021451
4503,3,0.175316399966231,9,9_auto_dijo dijo_micro_carabineros,0.0629153878191541,0.0,0_presidente_país_huevón_pesos,0.061109382820243,Pedro Ruminot,2025,2020,0,0_presidente_país_huevón_pesos,"Por huevón. Muchas gracias. Somos hueones en Chile. Somos hueones, le depositamos plata en allá fácil para pagar al pueblo, somos hueones. Con cariño, no se vay",0.0018060049989110927
541,3,0.1968065059082427,24,24_amor_dije_pa_pa pa,0.078083022049581,12.0,12_perro_perrito_selva_lobo,0.0610528071879042,Los Indolatinos,1996,1990,5,5_colegio_niños_papá_hijo,"Ah, yo estoy bien, pero no importa, me aguanto. A ti te lo daba alegre y se alegra contento, feliz últimamente. ¿A cómo me oculta tú? Le sale la alegría por los",0.017030214861676794
521,3,0.22642606431709592,5,5_colegio_niños_papá_hijo,0.1124649112297672,26.0,26_celular_pegado_teléfono_whatsapp,0.0610131871258165,Dino Gordillo,1996,1990,5,5_colegio_niños_papá_hijo,"los carros de aluminio caliente, que la trompa se me da a llegar vueltas y se va hacia africano. Y más o menos de poche me dan unos ulpos de harina. Bien aguado",0.051451724103950706
4040,3,0.2960808996628085,11,11_hijos_mamá_papá_hijo,0.1807959659906688,16.0,16_comida_comer_dieta_mamá,0.0609363732182228,Alison Mandel,2024,2020,11,11_hijos_mamá_papá_hijo,"Mi maridito. Oye, yo de verdad no quiero que piensen que es una rutina donde yo hablo mal de mi marido, no porque sabéis que es un hombre bien astuto, porque él",0.119859592772446
1270,3,0.3264524339018594,3,3_humor_quinta_quinta vergara_vergara,0.2151068574513223,17.0,17_natalia_chiqui_alison_javiera,0.0609202772678165,Los Indolatinos,2004,2000,3,3_humor_quinta_quinta vergara_vergara,"De esa manera se despide el humor de Quinta Vergara con Los Cindolatinos. Una excelente presentación. Muy bien, Los Cindolatinos pusieron la nota de humor. Vamo",0.15418658018350578
4316,3,0.19455148355411472,11,11_hijos_mamá_papá_hijo,0.0767199954585494,16.0,16_comida_comer_dieta_mamá,0.0609195529753851,"Daniela ""Chiqui"" Aguayo",2025,2020,11,11_hijos_mamá_papá_hijo,"Mira, solamente para no fracasar tuve que bajarle la edad y le dije, ""Dos años o ocho."" Le las dos soluciones. Mira, tuvo harto tiempo dos años o ocho, pero com",0.015800442483164305
2694,3,0.2196536739051859,23,23_amante_marido_mujer_matrimonio,0.0996516545636698,15.0,15_hombres_mujeres_mujer_hombre,0.0608906347840841,Natalia Valdebenito,2016,2010,15,15_hombres_mujeres_mujer_hombre,"que que vamos así. O sea, una raya más para esta cebra. Y yo creo que todo el mundo es un poco así, ¿cachái? Porque la verdad es que uno por amor, sobre todo mu",0.038761019779585695
2085,3,0.2234028727873151,10,10_maestro_hora hora_ruperto_hora,0.107282009917971,24.0,24_amor_dije_pa_pa pa,0.0608814577590319,Los Atletas de la Risa,2013,2010,10,10_maestro_hora hora_ruperto_hora,"Aló, mi amor. Sí, mi amor, sí. No, amor, ¿puedes seguir conversando? Eh, me estoy quemando la uña. Mira cómo te dejaste en la oreja. Por ser así tan especial, C",0.0464005521589391
2351,3,0.3306347093675726,1,1_canción_almas_cantar_vivo vivo,0.2093436497449675,29.0,29_reggaeton_calmado_dale_ten,0.0608715772355869,Payahop,2014,2010,1,1_canción_almas_cantar_vivo vivo,"A todos los que trabajan en las micros para ellos dedicados, chiquillos, desde la población para el mundo. Mira, Ya aquí, a ver, espérate. Vamos a ver, vamos a ",0.1484720725093806
1113,3,0.1931512743185348,12,12_perro_perrito_selva_lobo,0.0817849943085196,10.0,10_maestro_hora hora_ruperto_hora,0.060846848059372,Arturo Ruiz-Tagle,2002,2000,13,13_ay ay_salta salta_salta_ay,"—No, Miguel. ¡Ay, que no! Ya, ya, te... Dime, ¿sí o no? —No. —¿Estás segura? —Sí. —Entonces, sí. —No. —¿Y por qué no? —Porque sí, entonces, sí. —No. —Ya, entonc",0.020938146249147596
1134,3,0.1932384106289677,22,22_verdad_agradecer_emocionado_quiero agradecer,0.0748136186676669,21.0,21_buenas noches_noches_buenas_pecadora,0.0606458958706537,Gloria Benavides,2002,2000,22,22_verdad_agradecer_emocionado_quiero agradecer,"Cara dura, cara dura, en la buena, en la mala, y en la dura. Tu vida es en caja, porque tú eres un cara dura, cara dura, cara dura. Okay, usted gana. Usted ganó",0.014167722797013206
4452,3,0.18553491286241292,4,4_chileno_chile_argentino_chilenos,0.0717459277180527,9.0,9_auto_dijo dijo_micro_carabineros,0.0606138112756255,Juan Pablo López,2025,2020,7,7_vieja_suegra_abuela_abuelita,"Viví Viví en un barrio muy conflictivo, eh barrio May. Barrio de los chinos allá en Santiago. Era un buen barrio, debo decirlo, era un buen barrio. Estaban los ",0.011132116442427203
3095,3,0.3793990431458998,1,1_canción_almas_cantar_vivo vivo,0.2584692630715522,29.0,29_reggaeton_calmado_dale_ten,0.0605882222715642,Rodrigo Villegas,2017,2010,1,1_canción_almas_cantar_vivo vivo,"Esa me la tiró mi amigo Bici de Argentina. ¿Se dan cuenta cómo tergiversamos las cosas, señoras y señores? Sí, tenemos podemos tergiversar las cosas. Miren, hay",0.19788104079998803
2352,3,0.3645344100660431,1,1_canción_almas_cantar_vivo vivo,0.2449900473812898,13.0,13_ay ay_salta salta_salta_ay,0.0605864440659545,Payahop,2014,2010,1,1_canción_almas_cantar_vivo vivo,"Dale. Seguimos. Hola, papito. ¿Cómo usted le va? La Carmencita, el que está acá, el jefe ahí, el de Congreso, ¿te acordás de los días cuando estoy Somos presos,",0.18440360331533528
3258,3,0.1877812299354146,27,27_soltera_bebé_arturo vidal_tinder,0.0742426295733923,15.0,15_hombres_mujeres_mujer_hombre,0.0605519432314556,Jenny Cavallo,2018,2010,17,17_natalia_chiqui_alison_javiera,"puesto tu sello, tu estilo, tu observación y tu ritmo. Sigue sobre el escenario de la Quinta Vergara, Jenny Caballo. Muchas gracias, amigos y amigas. Todo esto ",0.013690686341936695
2104,3,0.3220607227598864,9,9_auto_dijo dijo_micro_carabineros,0.2112292891826215,18.0,18_doctor_farmacia_examen_consulta,0.0605433241043265,Nancho Parra,2013,2010,9,9_auto_dijo dijo_micro_carabineros,Y espero que esta noche no me envíen al órgano reproductor de mi progenitora. Nadie me calla. ¿Ustedes creen que me mandaron en avión de Consepac Mentira. En bo,0.150685965078295
4060,3,0.4122977644523237,6,6_quinta_vergara_público_quinta vergara,0.2929598997295954,17.0,17_natalia_chiqui_alison_javiera,0.0602691954083426,Alison Mandel,2024,2020,6,6_quinta_vergara_público_quinta vergara,Que se escuche hasta el Valki en tu casa porque le van a contar un día que qué dice la quinta Vergara. Le van a contar que su mamá triunfó en la quinta Vergara.,0.2326907043212528
777,3,0.2370166229112775,5,5_colegio_niños_papá_hijo,0.1209047033202199,11.0,11_hijos_mamá_papá_hijo,0.0602635417976034,Dino Gordillo,1998,1990,5,5_colegio_niños_papá_hijo,"Porque todo cambia, hasta los niños han cambiado. Ahora yo miro el chico mío, oye, es verdad, están tan delicado y prepotente. A final de año llegó el mío con u",0.0606411615226165
110,3,0.17952831528099872,6,6_quinta_vergara_público_quinta vergara,0.0622711119344791,22.0,22_verdad_agradecer_emocionado_quiero agradecer,0.0602444428915848,Edmundo Arrocet,1978,1970,17,17_natalia_chiqui_alison_javiera,"Esta noche esta noche se nos había olvidado después de de facilitar y quiero decir presentar a todo el jurado, presentar a otro jurado más que acaba de llegar, ",0.002026669042894301
2326,3,0.34294771756336473,1,1_canción_almas_cantar_vivo vivo,0.22331384859308,13.0,13_ay ay_salta salta_salta_ay,0.0602332554049339,Payahop,2014,2010,1,1_canción_almas_cantar_vivo vivo,"¡Eh! ¡Eh! ¡Eh! ¡Eh! ¡Eh! ¡Chile! Soy chileno, esto es bueno, ¿quién es chileno? Es bueno. Es nacional, para la gente por apañar en viña de mar, yo cantando, bue",0.1630805931881461
566,3,0.1748328594416225,4,4_chileno_chile_argentino_chilenos,0.0631891740938438,9.0,9_auto_dijo dijo_micro_carabineros,0.0602294290565503,Dinamita Show,1996,1990,0,0_presidente_país_huevón_pesos,"Pero apréndete a toda esta gente que trabaja, gente que se esfuerza. Sí. Sí, yo también tengo dos trabajos. Ah. Por supuesto. Aquí contigo y después la noche te",0.0029597450372934944
2717,3,0.3220808023446535,9,9_auto_dijo dijo_micro_carabineros,0.2117516470031516,18.0,18_doctor_farmacia_examen_consulta,0.0602179430873612,Natalia Valdebenito,2016,2010,9,9_auto_dijo dijo_micro_carabineros,"La cuestión es que ya, tú decís, ""Ya, sí, lo voy a chupar nomás."" Y ya me la da el cuello, me la da el poto. Sí, lo ya. Ya estoy aquí, ya, ¿qué tanto? La vi en ",0.1515337039157904
4492,3,0.18000101475463032,3,3_humor_quinta_quinta vergara_vergara,0.0637539603353158,17.0,17_natalia_chiqui_alison_javiera,0.0600959814737244,Pam Pam,2025,2020,3,3_humor_quinta_quinta vergara_vergara,"nos acompañan. ¿Sí? Nos separamos. Ya viene Eladio Carrión. Ya viene Kid Budu. Seguimos la fiesta aquí en Viña 2025. El aplauso para Pom Pam Vino Vino. Gracias,",0.0036579788615914016
537,3,0.3183110143667794,3,3_humor_quinta_quinta vergara_vergara,0.207086500054495,17.0,17_natalia_chiqui_alison_javiera,0.060083777138452,Los Indolatinos,1996,1990,3,3_humor_quinta_quinta vergara_vergara,"Y ahora acompáñenos: usted en la Quinta Vergara y ustedes a través de la pantalla de Megavisión, porque vamos a comenzar a sonreír. María José, ¿te gusta el hum",0.147002722916043
4196,3,0.2453491420869824,1,1_canción_almas_cantar_vivo vivo,0.1329115445015799,29.0,29_reggaeton_calmado_dale_ten,0.0600808753107916,Sergio Freire,2024,2020,1,1_canción_almas_cantar_vivo vivo,"supersimple, tarayines con loboñesa. Yo pensé que iba a ser algo más chileno, como unos toropos con mansa zorra, no sé. Yo sigo en comunicación con la juventud,",0.07283066919078832
2018,3,0.2092224443913497,0,0_presidente_país_huevón_pesos,0.0956305337674644,9.0,9_auto_dijo dijo_micro_carabineros,0.0600645963695055,Bombo Fica,2012,2010,0,0_presidente_país_huevón_pesos,"preguntar: ""¿Y a dónde tenéis la lista?"". ""En almacenes por allí"". Y partís corriendo para llegar de los primeros, porque llegar de los primeros, queridos amigo",0.0355659373979589
408,3,0.1792434646476056,4,4_chileno_chile_argentino_chilenos,0.0609540592430166,9.0,9_auto_dijo dijo_micro_carabineros,0.0600566136095248,"Jorge ""Chino"" Navarrete",1994,1990,4,4_chileno_chile_argentino_chilenos,"alegante, oye! Hermoso. Ah, es un puente maravilloso que se hizo con puro huevón, puro huevón. Primera huevada grande que se hace en Chile; la última es la de C",0.0008974456334917974
341,3,0.213784140879461,5,5_colegio_niños_papá_hijo,0.0940206317640261,26.0,26_celular_pegado_teléfono_whatsapp,0.0599072900058682,Sandy,1993,1990,5,5_colegio_niños_papá_hijo,"A ustedes, a ustedes, gracias. Gracias, chiquillos míos. Oiga, y no han sido muy santos los cuentos, ¿no? Habían algunos medio picarones, pero tampoco se puede ",0.0341133417581579
1529,3,0.2148279405684431,2,2_chiste_programa_hoy hoy_chistes,0.1042793419223324,10.0,10_maestro_hora hora_ruperto_hora,0.0598778401536519,Ruperto,2006,2000,2,2_chiste_programa_hoy hoy_chistes,"No, mañana. Ya, mañana lo veo entonces. Ya, no, no, no. No, no, no, no, ya, ya. Okay, el escenario es tuyo, el público los está escuchando, ¿quiere realmente co",0.044401501768680504
4472,3,0.30610170264693026,2,2_chiste_programa_hoy hoy_chistes,0.1869420460828937,10.0,10_maestro_hora hora_ruperto_hora,0.0596459287793946,Juan Pablo López,2025,2020,2,2_chiste_programa_hoy hoy_chistes,"Pueden aguata pelada, yo me caluga, yo no músculo te dice, ""¿Quieres tener estas calugas?"" Entonces, haz esto. Qué rabia. Me gusta ver programas de salud, veo m",0.1272961173034991
2328,3,0.37337647459347223,1,1_canción_almas_cantar_vivo vivo,0.2582436098514466,13.0,13_ay ay_salta salta_salta_ay,0.0593969406150323,Payahop,2014,2010,1,1_canción_almas_cantar_vivo vivo,"Jabalí. Ya. Ya, compadre, un poquito de arriba. Ahora sí, sí, sí. Los palos tenemos para arriba. Los palos. Sigo rapeando, no vas parando. Va, todas las que te ",0.1988466692364143
2299,3,0.1876697041348131,6,6_quinta_vergara_público_quinta vergara,0.0696628501603482,22.0,22_verdad_agradecer_emocionado_quiero agradecer,0.0593727526604919,Gigi Martin,2014,2010,6,6_quinta_vergara_público_quinta vergara,"No, estoy muy nervioso; vengo después de un monstruo y enfrentar otro monstruo, vengo al medio de los dos. Así que no es nada fácil, ¿no? Va a haber que que luc",0.010290097499856307
2468,3,0.3251145485155547,5,5_colegio_niños_papá_hijo,0.215357370818719,11.0,11_hijos_mamá_papá_hijo,0.0593269742470491,Huaso Filomeno,2015,2010,5,5_colegio_niños_papá_hijo,"No, no me vengan con cuestiones, mijo. Oiga, me acordé, me pasó una talla el otro día. Oiga, como le digo, creen que el guaso huevón llegó un profesor de la cap",0.1560303965716699
3224,3,0.1879080730922142,27,27_soltera_bebé_arturo vidal_tinder,0.0762738674191281,23.0,23_amante_marido_mujer_matrimonio,0.0592753173230112,Jenny Cavallo,2018,2010,15,15_hombres_mujeres_mujer_hombre,"Es heavy. El nosotras no formamos parte de su equipo de trabajo porque el hombre no soporta que cuando hace algo mal una le diga: «Te dije». Por ejemplo, de bue",0.0169985500961169
3380,3,0.39551900567153203,23,23_amante_marido_mujer_matrimonio,0.2830385710122386,7.0,7_vieja_suegra_abuela_abuelita,0.0592392787918278,Alejandra Azcárate,2018,2010,28,28_puta puta_noticias_puta_ta,"Le ponen a uno el anillo artesanal, uno cree que es simbólico. Se casa. Cuando uno se casa, por fin aprende a ver su vida con una absoluta claridad. Va agarrada",0.2237992922204108
3712,3,0.3314385955222209,2,2_chiste_programa_hoy hoy_chistes,0.2196428092632937,28.0,28_puta puta_noticias_puta_ta,0.0591725667166435,"Paul Vásquez ""El Flaco""",2020,2020,2,2_chiste_programa_hoy hoy_chistes,"Pégate, concha de tu madre. ¿Ven? Esa es Esa es mi misión como personaje ficticio. Dibujarte una sonrisa en tu rostro. Mi alma se llena de gozo si logro sacarte",0.16047024254665018
2240,3,0.3053333197091665,9,9_auto_dijo dijo_micro_carabineros,0.1928179311785497,18.0,18_doctor_farmacia_examen_consulta,0.0591685226959154,Jorge Alís,2014,2010,9,9_auto_dijo dijo_micro_carabineros,"nada. Le agradezco, buen señor. ¡Ah! ""Soy la única que trabaja."", me dijo en este banco. Estoy todo el rato trabajando. Mire, las cajeras titulares no hacen nad",0.1336494084826343
3228,3,0.1922484277547823,23,23_amante_marido_mujer_matrimonio,0.0808096859553342,24.0,24_amor_dije_pa_pa pa,0.0591237489636061,Jenny Cavallo,2018,2010,11,11_hijos_mamá_papá_hijo,"hacer las dos cosas a la vez. En esta necesidad de hacer siempre pipí, recorrí millones de baños públicos, millones y me llama la atención por qué el baño públi",0.021685936991728105
3475,3,0.18745376880588951,0,0_presidente_país_huevón_pesos,0.0704076549328821,4.0,4_chileno_chile_argentino_chilenos,0.0590826500197448,Mauricio Palma,2019,2010,0,0_presidente_país_huevón_pesos,"¿Sí o no? ¿Chile es bacán? Puede los cachés medio tituviantes. Como que no sé, las mujeres gritaron bien y todo, pero a lo mejor hay algo que molesta, no sé, ya",0.011325004913137302
2825,3,0.2056249096674147,0,0_presidente_país_huevón_pesos,0.0927717565699229,9.0,9_auto_dijo dijo_micro_carabineros,0.0588586160660062,Ricardo Meruane,2016,2010,0,0_presidente_país_huevón_pesos,¿Por qué lo hizo en el Antártida como allá y está ya cagar de frío de una? Ahora he comprado también un producto que te lo encarga la mujer no se país y es para,0.033913140503916694
4552,3,0.3397059402508898,9,9_auto_dijo dijo_micro_carabineros,0.2298118671389075,18.0,18_doctor_farmacia_examen_consulta,0.058820074158547,Pedro Ruminot,2025,2020,9,9_auto_dijo dijo_micro_carabineros,estuvo en una micro y se subió el huevón que se hacía el sordo mudo y dejaba calendario en las piernas de la gente. Y después pasaba recogiéndolo. Si nadie sabí,0.1709917929803605
3115,3,0.18821211815016942,25,25_bailar_fiesta_bailemos_baile,0.0779577910589138,24.0,24_amor_dije_pa_pa pa,0.0588053387840638,Fabrizio Copano,2017,2010,20,20_hermana_fea_curado_marihuana,"Más bonito. Y lo que sí me oyó el Tinder que alguien alguna vez acá ha salido con alguien de otra clase social, porque en Chile las clases sociales son tan marc",0.019152452274850004
189,3,0.2821476821785333,12,12_perro_perrito_selva_lobo,0.1673391746034274,24.0,24_amor_dije_pa_pa pa,0.0587960880237599,Hugo Varela,1989,1980,12,12_perro_perrito_selva_lobo,"Y vamos a comenzar por el folklore del norte, pero bien al norte. Ya en el límite. En el límite con con Canadá. Yo soy el indio tití. Yo nací en el Humagwaca. C",0.10854308657966749
2253,3,0.2023305957632805,23,23_amante_marido_mujer_matrimonio,0.0878330064287124,24.0,24_amor_dije_pa_pa pa,0.0587938711125103,Jorge Alís,2014,2010,15,15_hombres_mujeres_mujer_hombre,"salpicarlo. ¿Cómo hacés a las 5 de la mañana con el muñeco ahí? ¿Ah? No, acá. 5 de la mañana el inodoro ahí. Tenés que hacer yoga, boludo, para no mear la tapa ",0.029039135316202107
1754,3,0.1808588224271877,23,23_amante_marido_mujer_matrimonio,0.0689782037596751,24.0,24_amor_dije_pa_pa pa,0.058765218052818,Dinamita Show,2009,2000,24,24_amor_dije_pa_pa pa,"otra forma más cara dura del hombre de Engranaje. Cuando van caminando por la Costanera. Por la Costanera. Mira, ¿quién no ha ido a a pasear por la Costanera, p",0.010212985706857101
1341,3,0.187906467285262,11,11_hijos_mamá_papá_hijo,0.0739339791196964,5.0,5_colegio_niños_papá_hijo,0.0587446378472115,Paulo Iglesias,2005,2000,11,11_hijos_mamá_papá_hijo,"ya, anota. 09695 Gracias. No, y las familias, por ejemplo, ustedes verán que las familias viven juntas, pero ya ni se conocen ya, ¿no? Los matrimonios duermen j",0.015189341272484905
3204,3,0.541752490480017,6,6_quinta_vergara_público_quinta vergara,0.4298256951368433,14.0,14_ho_ho ho_aplauso_muchas,0.0587344681588111,Bombo Fica,2018,2010,6,6_quinta_vergara_público_quinta vergara,"El público a la que está Vergara está aquí, mueve sus manitos, crece el corazón, crece la pasión, crece este cariño por ti, porque tú sabes qué. Esta noche lo c",0.3710912269780322
1181,3,0.2731499871206443,1,1_canción_almas_cantar_vivo vivo,0.1639256145449011,13.0,13_ay ay_salta salta_salta_ay,0.0587256121788022,Natalia Cuevas,2003,2000,1,1_canción_almas_cantar_vivo vivo,"el ACREG y si no se sabe la letra, la Mar Jonathan nos ayuda con un karaoke, ¿okay? Vamos. Gloria Simonetti en vivo. Mira cómo se avecina a la vuelta de la esqu",0.10520000236609889
4500,3,0.2992306406326922,9,9_auto_dijo dijo_micro_carabineros,0.1892885996950967,18.0,18_doctor_farmacia_examen_consulta,0.058718214750098,Pedro Ruminot,2025,2020,9,9_auto_dijo dijo_micro_carabineros,"con chaleco antibala, pasa montaña, puta, eh, casco, rodillera, completo ahí y tanto huevón para cuidar unos aceites emulsionados, yo que entro que es mucho. Y ",0.1305703849449987
1480,3,0.2535602261053325,15,15_hombres_mujeres_mujer_hombre,0.137281672814787,23.0,23_amante_marido_mujer_matrimonio,0.0587012289335999,Coco Legrand,2006,2000,15,15_hombres_mujeres_mujer_hombre,"hagan el amor con su marido. Después del polo, no le hablen. Porque ya Juan cumplió el objetivo, ¿me entendiste? Ya, ya, ya, no hay más que déjelo que duerma, q",0.07858044388118711
3450,3,0.1878503333858394,18,18_doctor_farmacia_examen_consulta,0.0714239773058871,0.0,0_presidente_país_huevón_pesos,0.0586995902924096,Jani Dueñas,2019,2010,0,0_presidente_país_huevón_pesos,"Sí, bueno. ¿Se acuerdan cuando se promulgó la ley de aborto en tres causales? ¿Se acuerdan? Que estábamos todas felices, todas contentas porque íbamos a poder d",0.012724387013477508
3972,3,0.18661502545105318,14,14_ho_ho ho_aplauso_muchas,0.0757719686609423,22.0,22_verdad_agradecer_emocionado_quiero agradecer,0.0586617943685212,Fabrizio Copano,2023,2020,14,14_ho_ho ho_aplauso_muchas,"Buenas noches, Quinta Vergara. Buenas noches, festival. Buenas noches, Villa. Muy buenas noches, amigos, ¿cómo están? Oye, qué alegría estar acá. Un aplauso par",0.017110174292421093
3627,3,0.5674070759829207,3,3_humor_quinta_quinta vergara_vergara,0.4521448267923835,19.0,19_través_mar_viña_viña mar,0.0584884029208742,Fusión Humor,2020,2020,3,3_humor_quinta_quinta vergara_vergara,Seguimos en la cuarta noche de festival donde 15 000 personas disfrutan aquí en la Quinta Vergara y en todas las regiones de nuestro país. Están siguiendo a tra,0.3936564238715093
264,3,0.3604186121617645,1,1_canción_almas_cantar_vivo vivo,0.244917783596964,13.0,13_ay ay_salta salta_salta_ay,0.0584243635466742,Palta Meléndez,1991,1990,1,1_canción_almas_cantar_vivo vivo,"Gracias que estés muy bien. Y nos estamos viendo en otra canción. Adiós. Gracias. Bueno, la verdad las cosas que la política siempre está presente en la vida na",0.1864934200502898
980,3,0.1795837484676573,17,17_natalia_chiqui_alison_javiera,0.0628537955740524,19.0,19_través_mar_viña_viña mar,0.0583837107039071,Coco Legrand,2000,2000,3,3_humor_quinta_quinta vergara_vergara,"Así le pedimos a Coco Legrán esta noche. Nuestra quinta noche en Piña del Mar. En directo para todo el país a través de la parilla de Canal 13, conjuntamente co",0.004470084870145309
1917,3,0.24103951533146828,12,12_perro_perrito_selva_lobo,0.1277856202858854,24.0,24_amor_dije_pa_pa pa,0.0583576158221587,Dinamita Show,2012,2010,12,12_perro_perrito_selva_lobo,"así que Nieblina. Nieblina. Escudo. Corazón, soy capitán planeta. ¿Te sientes bien? No, hace frío. Está helado. Mabri, ven. Estoy apagando el incendio, cuando d",0.06942800446372668
533,3,0.3529821572856719,9,9_auto_dijo dijo_micro_carabineros,0.2436104348997417,18.0,18_doctor_farmacia_examen_consulta,0.0583290403725718,Dino Gordillo,1996,1990,9,9_auto_dijo dijo_micro_carabineros,"Por Curicó, ya veníamos todos chapirando. Oye, ¿para qué te digo dónde te habíamos mojado? Empapado, ahogado como 40 grados de calor adentro del bus. Me paré as",0.1852813945271699
4399,3,0.43893738592327614,11,11_hijos_mamá_papá_hijo,0.3303500817528579,16.0,16_comida_comer_dieta_mamá,0.0583160266283294,Edo Caroe,2025,2020,11,11_hijos_mamá_papá_hijo,"el último tiempo. Una de las cosas más raras que he vivido es que ahora soy suegro. Soy suegro de una manera más oficial. Sí, mi hija tuvo esa relación con esta",0.2720340551245285
1621,3,0.3383941627760131,9,9_auto_dijo dijo_micro_carabineros,0.2293291267723559,18.0,18_doctor_farmacia_examen_consulta,0.0582476007152375,Palta Meléndez,2007,2000,9,9_auto_dijo dijo_micro_carabineros,"Puta, el San Santiago nos tiene locos los estudiantes, no sé qué vamos a hacer mañana. Mañana entramos 300 000 estudiantes a clase. Yo voy a hacer las lanchas y",0.1710815260571184
2830,3,0.2108045328779682,0,0_presidente_país_huevón_pesos,0.0998201378065699,9.0,9_auto_dijo dijo_micro_carabineros,0.0581598896864973,Ricardo Meruane,2016,2010,0,0_presidente_país_huevón_pesos,"está en la caja, en el supermercado. Está en la caja y la cajera me dijo: ""¿Donaría parte su vuelto para ayudar a María?"". Claro, po, huevón. Agarró las monedas",0.041660248120072595
2900,3,0.2248001494145855,10,10_maestro_hora hora_ruperto_hora,0.1161065491370884,2.0,2_chiste_programa_hoy hoy_chistes,0.0581002027295646,Juan Pablo López,2017,2010,10,10_maestro_hora hora_ruperto_hora,"No, de tu madre, a ver si le puede ir a prender la tele para que mire este momento. Claro, pensó que como había repetido tres veces primero medio, pensó que acá",0.0580063464075238
2817,3,0.1887514669481269,27,27_soltera_bebé_arturo vidal_tinder,0.0732724345952411,23.0,23_amante_marido_mujer_matrimonio,0.0580104024309806,Los Locos del Humor,2016,2010,18,18_doctor_farmacia_examen_consulta,"No, no, no, no, no. Oye, supe que estabas ahí muy molesto, ¿ah? ¿Estoy molesto, compadre? ¿Qué te pasó? Con la sociedad. ¿Por qué con la sociedad? ¿Qué pasó aho",0.015262032164260503
3229,3,0.2071206009963554,23,23_amante_marido_mujer_matrimonio,0.0918982316126174,24.0,24_amor_dije_pa_pa pa,0.057988799218723,Jenny Cavallo,2018,2010,15,15_hombres_mujeres_mujer_hombre,Y a esa altura ya sentís que está todo lleno de caca. Y que está lleno de una pesadilla con tu cartera puesta. Y estáis sufriendo ahí de repente sentís en la es,0.0339094323938944
798,3,0.343634351390069,3,3_humor_quinta_quinta vergara_vergara,0.2326026633477033,17.0,17_natalia_chiqui_alison_javiera,0.0578768151560943,Los Indolatinos,1999,1990,3,3_humor_quinta_quinta vergara_vergara,"Y este es el instante en que se va a dibujar en el rostro de cada uno de ustedes una tremenda sonrisa. Antonio, ¿tú sabías una cosa? ¿Tú te imaginas que dentro ",0.174725848191609
4543,3,0.1770606250405676,17,17_natalia_chiqui_alison_javiera,0.066487377827932,3.0,3_humor_quinta_quinta vergara_vergara,0.0578431093743116,Pedro Ruminot,2025,2020,3,3_humor_quinta_quinta vergara_vergara,Es evidente. La Quinta Vergara está feliz. La Quinta Vergara está gozando. Vino a hacernos reír y nos ha hecho reír de buena gana. Nos ha hecho participar a tod,0.008644268453620402
3662,3,0.2590696369502438,2,2_chiste_programa_hoy hoy_chistes,0.1485967387917683,10.0,10_maestro_hora hora_ruperto_hora,0.0578296551773109,Fusión Humor,2020,2020,2,2_chiste_programa_hoy hoy_chistes,"No le mientas a la gente. Me estás diciendo porque soy negro, hermano. Me estás diciendo porque soy negro, hermano. Vos no sois negro, negro tenés los tobillos,",0.0907670836144574
3916,3,0.244082685787822,12,12_perro_perrito_selva_lobo,0.130632610940938,20.0,20_hermana_fea_curado_marihuana,0.0578275731221559,Belén Mora,2023,2020,12,12_perro_perrito_selva_lobo,"Pero ese mismo que te rajó la concha de Arica Punta Arena, ese te odia. Ser madre de un adolescente es peligroso, pero no se compara a lo que les voy a decir. E",0.07280503781878211
2295,3,0.2058800291720705,3,3_humor_quinta_quinta vergara_vergara,0.0909706458213843,17.0,17_natalia_chiqui_alison_javiera,0.0577526053413076,Rudy Rey,2014,2010,3,3_humor_quinta_quinta vergara_vergara,"Esa fue la presentación de Rudy Rey aquí en la Quinta Vergara. El humor musical de este comediante, de este cantante, de este actor, de este músico que tuvo el ",0.0332180404800767
52,3,0.2045655330624207,3,3_humor_quinta_quinta vergara_vergara,0.092054342257038,17.0,17_natalia_chiqui_alison_javiera,0.0576593764305629,Hugo Goodman,1974,1970,3,3_humor_quinta_quinta vergara_vergara,Hay un premio y un reconocimiento para este gran humorista chileno que hace muchos años triunfa en el extranjero y que esta noche también es aplaudido la quinta,0.034394965826475096
916,3,0.1877583273661966,10,10_maestro_hora hora_ruperto_hora,0.0771538867143067,13.0,13_ay ay_salta salta_salta_ay,0.0576008057720608,Memo Bunke,2000,2000,12,12_perro_perrito_selva_lobo,"Buenas noches. Con esa va... con esa cosa no va a llegar a ningún lado, tiene que ser con ganas. ¿Cómo estás? Me parece... La primera canción",0.0195530809422459
2543,3,0.2430262244136672,23,23_amante_marido_mujer_matrimonio,0.1284756804067014,27.0,27_soltera_bebé_arturo vidal_tinder,0.0575547358832938,Arturo Ruiz-Tagle,2015,2010,15,15_hombres_mujeres_mujer_hombre,"Que la mujer soltera, ejecutiva, joven, profesional, independiente, cuando quiere tener sexo, ya no espera el artista después del show. Cuando quiere tener sexo",0.07092094452340761
3917,3,0.2316406276076678,12,12_perro_perrito_selva_lobo,0.1188418738544975,20.0,20_hermana_fea_curado_marihuana,0.0575405189837974,Belén Mora,2023,2020,12,12_perro_perrito_selva_lobo,"Es esa mamá bacán, es esa mamá perfecta. Es esa mamá que al día y a la hora que tú pases por el colegio, la huevona está ahí. Tú pasas el primero de enero a las",0.061301354870700105
3230,3,0.204653356755995,23,23_amante_marido_mujer_matrimonio,0.0901056180837997,24.0,24_amor_dije_pa_pa pa,0.0575245018134067,Jenny Cavallo,2018,2010,15,15_hombres_mujeres_mujer_hombre,"O sea, el hombre puede hacer pipí en cualquier parte ahí, sin agitarse. Lo tiene como localizado. Tú, por ejemplo, Chuster. Bien envuelto que está ahí, tú podrí",0.032581116270393
2734,3,0.1788846318592367,15,15_hombres_mujeres_mujer_hombre,0.0669382633874693,23.0,23_amante_marido_mujer_matrimonio,0.0574870992174826,Pedro Ruminot,2016,2010,4,4_chileno_chile_argentino_chilenos,"De hecho, a mis compañeros le decían a mis compañeras, ""Oye, vamos a los curitos."" Ya llegan todos los buenos a tirar al lado mío. Era una práctica habitual que",0.009451164169986703
322,3,0.2233168825530657,10,10_maestro_hora hora_ruperto_hora,0.1128968470943423,2.0,2_chiste_programa_hoy hoy_chistes,0.0574148654804965,Sandy,1993,1990,10,10_maestro_hora hora_ruperto_hora,"Bueno, bueno, bueno, gracias, gracias. Y ahora tengo que contar un cuento judío. ¡Qué destino los judíos! Ni bien nada se le están sacando el cuero, ¿vio? ""Hola",0.05548198161384581
323,3,0.1995256775236953,19,19_través_mar_viña_viña mar,0.0872893419212346,22.0,22_verdad_agradecer_emocionado_quiero agradecer,0.0571761184308984,Sandy,1993,1990,1,1_canción_almas_cantar_vivo vivo,"Qué lindo. Vamos a vivir para el lado de España, ¿les gustaría ir? Con una guitarra y un par de palillos, nació el paso doble flamenco y cañí. Y dice la histori",0.030113223490336197
3921,3,0.2508369618096328,12,12_perro_perrito_selva_lobo,0.1381718882145774,20.0,20_hermana_fea_curado_marihuana,0.0570625459735465,Belén Mora,2023,2020,12,12_perro_perrito_selva_lobo,"Que va a la reunión y como todavía vivimos en una sociedad machista, ¿qué pensamos las otras animalas cuando lo vemos entrar? Y lo mandó a él. Después en esta s",0.0811093422410309
3443,3,0.19575399151583311,27,27_soltera_bebé_arturo vidal_tinder,0.0835245674309972,23.0,23_amante_marido_mujer_matrimonio,0.0570348849767419,Jani Dueñas,2019,2010,11,11_hijos_mamá_papá_hijo,¿Saben por qué estoy esperando el momento de ser vieja? Porque quiero que llegue ese minuto en que sobre todo las mujeres podamos dejar la esclavitud de todas e,0.026489682454255307
700,3,0.22523188341270078,5,5_colegio_niños_papá_hijo,0.1161331056609643,11.0,11_hijos_mamá_papá_hijo,0.0569221583604808,Melón y Melame,1998,1990,5,5_colegio_niños_papá_hijo,"Y yo me gustaría, en esta quinta verdad, pedir un aplauso para los niños y la juventud de este país para que sean contantes y contentos. En la vida hay que ser ",0.0592109473004835
332,3,0.1664497235130756,18,18_doctor_farmacia_examen_consulta,0.0579077536719376,9.0,9_auto_dijo dijo_micro_carabineros,0.0569116113449758,Sandy,1993,1990,0,0_presidente_país_huevón_pesos,"tan lindo para él, eh de nos está viendo con toda seguridad. Y observé con tantos cubanos que hay en Miami que entra un cubano en un drug store. Farmacias que v",0.0009961423269618033
3513,3,0.1693492652545076,6,6_quinta_vergara_público_quinta vergara,0.062205854645702,17.0,17_natalia_chiqui_alison_javiera,0.0568170270334686,Mauricio Palma,2019,2010,3,3_humor_quinta_quinta vergara_vergara,"La verdad es que hoy tenemos un gran invitado, pero quiero invitarlos a este momento de integración con un artista de talla mundial. Un hombre que es la confirm",0.005388827612233395
2248,3,0.24013639997348168,15,15_hombres_mujeres_mujer_hombre,0.1317370108813222,23.0,23_amante_marido_mujer_matrimonio,0.0567216409823611,Jorge Alís,2014,2010,15,15_hombres_mujeres_mujer_hombre,Las minas cambiaron mucho. No servimos para nada los hombres. Las minas cambiaron mucho. Las mujeres de antes ni hablaban. ¿Ustedes se piensan que la mina de Cr,0.0750153698989611
4026,3,0.3805418932511323,27,27_soltera_bebé_arturo vidal_tinder,0.2719756611011933,23.0,23_amante_marido_mujer_matrimonio,0.0566823296709214,Alison Mandel,2024,2020,27,27_soltera_bebé_arturo vidal_tinder,"Oye, esa misma amiga llega una semana después, ""Huevona, ¿qué pasó? ¿Qué pasó?"" Le digo a ella, ""Es que mi ex está saliendo con una mina y es preciosa."" A ver, ",0.2152933314302719
2891,3,0.1712122448109536,9,9_auto_dijo dijo_micro_carabineros,0.0602828062102945,4.0,4_chileno_chile_argentino_chilenos,0.0566767169076182,Juan Pablo López,2017,2010,0,0_presidente_país_huevón_pesos,"Permiso, mi capitán, para hacerme el puf. Con con todos sus antecedentes me tendrían confianza para defender el país. Bueno, a mí me torturan con polen y cago. ",0.0036060893026763005
770,3,0.19112917398907162,3,3_humor_quinta_quinta vergara_vergara,0.0812841479837507,19.0,19_través_mar_viña_viña mar,0.0565943416938994,Dino Gordillo,1998,1990,3,3_humor_quinta_quinta vergara_vergara,"Y ahora les invito a dibujar una sonrisa en el rostro de cada uno de ustedes, porque llegó el momento del humor. Y el buen humor viene del sur, viene de Chiguay",0.024689806289851304
4375,3,0.314723937480809,2,2_chiste_programa_hoy hoy_chistes,0.206330036317175,28.0,28_puta puta_noticias_puta_ta,0.0563916278467609,Edo Caroe,2025,2020,2,2_chiste_programa_hoy hoy_chistes,"Invité a mi a Don Carter, a mi show en el Movistar Arena, en el quinto. Eh, se ve esto en Venezuela porque si no se va a enojar el otro weón. Eh, Sí, invitado D",0.14993840847041412
2963,3,0.2272336365902165,15,15_hombres_mujeres_mujer_hombre,0.1145748296704819,23.0,23_amante_marido_mujer_matrimonio,0.056362600655858,"Daniela ""Chiqui"" Aguayo",2017,2010,1,1_canción_almas_cantar_vivo vivo,"mujeres que aprovechando que la vemos harta mujer hoy día, no nos ponemos de acuerdo en otras cosas y ponemos otras modas e imponemos. Por ejemplo, para este ve",0.0582122290146239
3308,3,0.2265792422965321,12,12_perro_perrito_selva_lobo,0.1160688516986437,24.0,24_amor_dije_pa_pa pa,0.0563267594223169,Stefan Kramer,2018,2010,12,12_perro_perrito_selva_lobo,"backstage con Diana Boloco. Diana, ¿estás ahí? Diana. Gracias, chiquillos. Hola, hola. Hola, Diana. ¿Dónde te encuentras? Recuerdo que nos hemos trasladado hast",0.0597420922763268
2451,3,0.19899359577232278,3,3_humor_quinta_quinta vergara_vergara,0.0894165589381309,19.0,19_través_mar_viña_viña mar,0.0563224294671138,Huaso Filomeno,2015,2010,3,3_humor_quinta_quinta vergara_vergara,"Y continuamos con Viña 2015. Ahora es el momento de presentar a un artista nacional, un Hoy día viene a cumplir el sueño de hacer reír a toda la Quinta Vergara.",0.0330941294710171
3918,3,0.2535533312345108,12,12_perro_perrito_selva_lobo,0.1420196103782445,20.0,20_hermana_fea_curado_marihuana,0.0562378274686036,Belén Mora,2023,2020,12,12_perro_perrito_selva_lobo,"animales carroñeros que saben que jamás se van a poder sentar en el trono de la mamá leona y se arrastran al poder. Al fondo de la sala, en la penumbra, donde y",0.08578178290964092
3766,3,0.3424302404082309,7,7_vieja_suegra_abuela_abuelita,0.2358727964722354,16.0,16_comida_comer_dieta_mamá,0.0561034649817293,Pedro Ruminot,2020,2020,7,7_vieja_suegra_abuela_abuelita,"Bernarda Torres Araneda Búsquenla. Pancho, búscala. Búscala. Búsquenla. Tiene como cinco Facebook, se olvida la clave sin más huevadas. Yo la amo. Ahí está, ahí",0.1797693314905061
3362,3,0.3639917129364269,2,2_chiste_programa_hoy hoy_chistes,0.2575607078055177,3.0,3_humor_quinta_quinta vergara_vergara,0.0560680770632507,Alejandra Azcárate,2018,2010,2,2_chiste_programa_hoy hoy_chistes,"ejercicio actoral que vengo haciendo ya hace algún tiempo, a través del cual presento mi propia visión de cómo siento que somos las mujeres, cómo me da la sensa",0.201492630742267
3931,3,0.2484103658191886,12,12_perro_perrito_selva_lobo,0.1375913910493437,20.0,20_hermana_fea_curado_marihuana,0.0559093851424939,Belén Mora,2023,2020,12,12_perro_perrito_selva_lobo,"La leona, la jirafa, la serpiente, todos esperándome y el trono al medio. 12:26 del mediodía, podía oler la mal de cariente de ese trono. Y antes de sentarme me",0.0816820059068498
2800,3,0.1881461110504506,0,0_presidente_país_huevón_pesos,0.0775294366261361,4.0,4_chileno_chile_argentino_chilenos,0.05590437272183,Los Locos del Humor,2016,2010,7,7_vieja_suegra_abuela_abuelita,"Si este país no te sirve ¿por qué no te devuelve el tuyo? Muy bien dicho. Y el chino dice, ""No, no, no, no, no, no, no. Este país no tiene No, pero por favor Es",0.021625063904306095
1562,3,0.2249305991198424,3,3_humor_quinta_quinta vergara_vergara,0.1155570651207785,17.0,17_natalia_chiqui_alison_javiera,0.0558499332771547,Álvaro Salas,2007,2000,3,3_humor_quinta_quinta vergara_vergara,"Señoras y señores, lo que viene es el momento del humor en Viña 2007. Bueno, quiero presentar a un hombre, un artista corpulento, como lo ven, sexy, guapetón qu",0.0597071318436238
429,3,0.2085232194353395,19,19_través_mar_viña_viña mar,0.0969097025076212,22.0,22_verdad_agradecer_emocionado_quiero agradecer,0.0558196486734942,Jappening con ja,1995,1990,13,13_ay ay_salta salta_salta_ay,Y ahorita somos los Chilapué. ¿Qué hacen aquí? Vamos a dar un homenaje a la canción latinoamericana y eso. ¡Uh! ¡Mal! ¡Mal!,0.041090053834127
4471,3,0.2282960040379164,15,15_hombres_mujeres_mujer_hombre,0.1180266108472445,23.0,23_amante_marido_mujer_matrimonio,0.0558161249816237,Juan Pablo López,2025,2020,15,15_hombres_mujeres_mujer_hombre,"Un proceso, cuesta igual, no. Uno tiene sus guatitas, sus tetitas. Plante la mano a los hombres que tienen tetas. Levanta la mano, amigo. Es penca tener tetita,",0.0622104858656208
3210,3,0.16695485020194328,20,20_hermana_fea_curado_marihuana,0.0584881805030704,16.0,16_comida_comer_dieta_mamá,0.0557578964618468,Bombo Fica,2018,2010,12,12_perro_perrito_selva_lobo,con toda la doma al empeá así. Y la mamá mirando y mirando. Y de empeá le sacó toda la doma a mi papá así. Y la mamá mirando. Y de empeá se agacha. Y le empeá a,0.0027302840412236004
2128,3,0.2604457692139876,12,12_perro_perrito_selva_lobo,0.1494025023216264,20.0,20_hermana_fea_curado_marihuana,0.0556981516101316,Nancho Parra,2013,2010,12,12_perro_perrito_selva_lobo,"tenía ganas de conejar, así que fue donde la tía coneja, en Conce la tía se llama Olga. En Rancagua, Ruth, en Santiago, Carlina. Y le dice tía Olga coneja, quie",0.09370435071149481
2862,3,0.1833368231772149,9,9_auto_dijo dijo_micro_carabineros,0.0741233935106817,0.0,0_presidente_país_huevón_pesos,0.055595075949898,Juan Pablo López,2017,2010,0,0_presidente_país_huevón_pesos,"Por un lado positivo, por otro lado negativo, es hueá del. Vivimos en un estrés contante día a día. Gente que se levanta a trabajar de verdad, estresado con el ",0.0185283175607837
1983,3,0.3618210009688117,9,9_auto_dijo dijo_micro_carabineros,0.2555551523601246,18.0,18_doctor_farmacia_examen_consulta,0.0555571034190273,Bombo Fica,2012,2010,9,9_auto_dijo dijo_micro_carabineros,"para mí que fue la pura punta, porque de tecnología nada. Yo en lo personal he hecho de menos las microamarillas. ¿Se acuerdan esas que tenía Eran rasca, sí, er",0.1999980489410973
1675,3,0.1691939265398567,15,15_hombres_mujeres_mujer_hombre,0.0625264652494387,23.0,23_amante_marido_mujer_matrimonio,0.0555267487134007,Stefan Kramer,2008,2000,23,23_amante_marido_mujer_matrimonio,"Tírate la cuatro. ¿Cuál es esa, güey? Está al lado la cinco, ahuevonado. A tu mujer tienes que amarla. Por sobre todas las cosas. ¿Por qué es chilena? Ya. Y la ",0.006999716536037995
3922,3,0.2459212896071611,12,12_perro_perrito_selva_lobo,0.1355695844722015,20.0,20_hermana_fea_curado_marihuana,0.0555209028047927,Belén Mora,2023,2020,12,12_perro_perrito_selva_lobo,"¡Gracias! Y por último, pero no menos importante (les estoy mencionando los animales principales de la selva, son miles); por último, pero no menos importante, ",0.08004868166740879
986,3,0.2142619844286263,19,19_través_mar_viña_viña mar,0.1054375675160265,17.0,17_natalia_chiqui_alison_javiera,0.0554801618038905,Coco Legrand,2000,2000,3,3_humor_quinta_quinta vergara_vergara,Felicidades. Qué lindo tiempo esta noche para el humor nacional y para un artista de 30 años de cena. En un momento llega el ritmo de nuevo a la Quinta Vergara.,0.04995740571213599
2755,3,0.17097706346946528,9,9_auto_dijo dijo_micro_carabineros,0.0612215701556213,0.0,0_presidente_país_huevón_pesos,0.0554148124069226,Pedro Ruminot,2016,2010,10,10_maestro_hora hora_ruperto_hora,"Me cae la raja, Arturo, me cae la raja. Porque tocó un Ferrari de 300 millones que se compró él, cuando lo chocó yo aplaudía, huevón, grande maestro, ganamos lo",0.005806757748698696
510,3,0.1859476856778723,6,6_quinta_vergara_público_quinta vergara,0.0786635204799839,14.0,14_ho_ho ho_aplauso_muchas,0.055337368980705,El Pampero,1995,1990,27,27_soltera_bebé_arturo vidal_tinder,"Era la fiesta de Antamua. Después le toca al oso y el oso dice, ""De que listo, ya."" Y llega allá y empieza, ""De que me da un bebé, bebé, bebé, bebé, bebé."" De q",0.0233261514992789
3653,3,0.2066887571113294,0,0_presidente_país_huevón_pesos,0.0995199504950274,9.0,9_auto_dijo dijo_micro_carabineros,0.0552465905505516,Fusión Humor,2020,2020,0,0_presidente_país_huevón_pesos,"Yo dije, ""Va, tengo un perro vegano, vegetariano, contribuye con el ecosistema."" Dije, ""Está cooperando."" Sí, le estáis dando quinoa. Igual le va a enseñar la d",0.0442733599444758
3320,3,0.2304709302317676,27,27_soltera_bebé_arturo vidal_tinder,0.1243509745398986,15.0,15_hombres_mujeres_mujer_hombre,0.0551720264881515,Alison Mandel,2018,2010,7,7_vieja_suegra_abuela_abuelita,"Siento una energía femenina. Y descubrí algo de nosotras. Las mujeres no sabemos resumir una historia. No sabemos contar nada en cortito. Tu amiga te dice, ""Hue",0.0691789480517471
921,3,0.44697398279512524,13,13_ay ay_salta salta_salta_ay,0.3413354785117571,1.0,1_canción_almas_cantar_vivo vivo,0.0551364731900984,Memo Bunke,2000,2000,13,13_ay ay_salta salta_salta_ay,"Mira, te voy a decir lo que ven el día sábado. Y se la saben completa. Ahora imagínense ustedes cómo sonaría la voz que en twist, me ayudan en el coro. Pedí pal",0.2861990053216587
1076,3,0.1715657767871401,6,6_quinta_vergara_público_quinta vergara,0.0624816738795044,19.0,19_través_mar_viña_viña mar,0.0550733015032181,Memo Bunke y Natalia Cuevas,2001,2000,1,1_canción_almas_cantar_vivo vivo,"¡Grande, grande! Gracias, señora Gloria. ¡Hoy espectacular! Espectacular. ¿Sale Olivio? Bonita, bonita, bonita. Pero hay otro artista que también está aquí pres",0.007408372376286304
4035,3,0.2094342713534878,10,10_maestro_hora hora_ruperto_hora,0.1030453555408582,8.0,8_anthony_amas_your_you,0.0550534733108466,Alison Mandel,2024,2020,22,22_verdad_agradecer_emocionado_quiero agradecer,"Oye, que estoy feliz de estar acá. Me encantan, me encantan, esperé mucho rato a este momento. Me pone muy muy feliz. Ya, pero no quiero llorar porque estoy com",0.0479918822300116
2498,3,0.208680159398953,0,0_presidente_país_huevón_pesos,0.1028377947460412,9.0,9_auto_dijo dijo_micro_carabineros,0.0550113566099164,León Murillo,2015,2010,0,0_presidente_país_huevón_pesos,"de tribunales que son los mismos huevones además, ¿no? Porque te te te te te has dado cuenta que el único el único contento en este país con la FP es Pellegrini",0.0478264381361248
2059,3,0.1627597400626242,2,2_chiste_programa_hoy hoy_chistes,0.0570853320468567,19.0,19_través_mar_viña_viña mar,0.0550075454732617,Hermógenes Conache,2013,2010,15,15_hombres_mujeres_mujer_hombre,"Será verdad que cuando nació Maradona pesó 3 kg, 2 g. Llegó el día el día domingo siguiente el cura otra vez. Me gustaría que todos los aplausos fueran uno solo",0.002077786573595003
591,3,0.17251153470054958,0,0_presidente_país_huevón_pesos,0.0632445065639877,9.0,9_auto_dijo dijo_micro_carabineros,0.0548090531404861,Dino Gordillo,1997,1990,4,4_chileno_chile_argentino_chilenos,"6 meses dejando el canasto me dejaron aquí. Bueno, no soy el único, hasta el presidente no se lo dieron. Ojalá que Nalo no vea el ovni, si no agarra papa y part",0.008435453423501597
2402,3,0.1657238160171072,19,19_través_mar_viña_viña mar,0.060539988421683,2.0,2_chiste_programa_hoy hoy_chistes,0.0547742332571746,Dinamita Show,2015,2010,25,25_bailar_fiesta_bailemos_baile,"Oye. ¿Estás lento? Oye, ¿te gusta la cumbia villera? Oh, sí, yo estuve viviendo en Argentina por muchos años, ¿oíste? Sí, yo saludo a Temperley. Y saludo a a to",0.005765755164508397
1526,3,0.2171568959544637,10,10_maestro_hora hora_ruperto_hora,0.1099032064243174,24.0,24_amor_dije_pa_pa pa,0.0547054401519272,Ruperto,2006,2000,10,10_maestro_hora hora_ruperto_hora,"Me está... me está molestando, ¿no? Usted... usted me quiere embarrar acá, no, usted me está molestando, ¿no? No, no, no, porque lo ponemos claro de inmediato. ",0.0551977662723902
2573,3,0.2285494591605634,3,3_humor_quinta_quinta vergara_vergara,0.120125661511755,17.0,17_natalia_chiqui_alison_javiera,0.0544914321829923,Edo Caroe,2016,2010,3,3_humor_quinta_quinta vergara_vergara,"Ya estamos de regreso en Viña 2016, porque ahora vamos a dar paso a los artistas que llegó del sur. Un joven que diseñó su carrera de abogado para dedicarse a s",0.0656342293287627
691,3,0.2634121745669035,2,2_chiste_programa_hoy hoy_chistes,0.1559555013905276,28.0,28_puta puta_noticias_puta_ta,0.0544611305670751,Melón y Melame,1998,1990,2,2_chiste_programa_hoy hoy_chistes,No hay Atari. Salía el Nintendo 64 se quedó en el Atari. Y la amiga también incluso mandan a rentar películas a los padres. Y cuando piden los títulos son basta,0.1014943708234525
4414,3,0.4086556405411604,1,1_canción_almas_cantar_vivo vivo,0.2998166578871906,13.0,13_ay ay_salta salta_salta_ay,0.0544581713961235,Edo Caroe,2025,2020,1,1_canción_almas_cantar_vivo vivo,"y había algún acto del colegio y quedaba un micrófono encendido. Y como que uno se acercaba así como venía y decía como, ""Te pongo en cuarto, te lo meto. Corre,",0.2453584864910671
3035,3,0.2149023960038573,12,12_perro_perrito_selva_lobo,0.1062388230395034,24.0,24_amor_dije_pa_pa pa,0.0544395076017994,"Juan Luis ""Jajá"" Calderón",2017,2010,4,4_chileno_chile_argentino_chilenos,"Dije, ""¿Sabés qué más, huevón? Este es la última vez que te cobro las 300 lucas."" Puta, que bueno, me teníais tan aburrido, huevón. Así, huevón. Y en este grupo",0.051799315437704
682,3,0.1649523170682782,3,3_humor_quinta_quinta vergara_vergara,0.058175621880848,19.0,19_través_mar_viña_viña mar,0.0543523818420568,Pancho del Sur,1997,1990,3,3_humor_quinta_quinta vergara_vergara,"Pancho Reciba el estímulo de piña del mar. Felicidades. Quiero darle un besito a la Valeria Masa. Como regalo, Valeria, por favor, para Pancho del Sur. Guaso, p",0.003823240038791205
1369,3,0.2507552362526359,3,3_humor_quinta_quinta vergara_vergara,0.1422888130659648,17.0,17_natalia_chiqui_alison_javiera,0.0543430262544148,Carlos García,2006,2000,3,3_humor_quinta_quinta vergara_vergara,"Muy bien. Y este aplauso, y esta gratitud, y por supuesto estas ganas de seguir participando en una noche muy caliente, tiene un momento especial a continuación",0.08794578681155
1276,3,0.1678712259487024,19,19_través_mar_viña_viña mar,0.0614341249493131,2.0,2_chiste_programa_hoy hoy_chistes,0.0543017177838201,Hugo Varela,2005,2000,22,22_verdad_agradecer_emocionado_quiero agradecer,"Bueno, a mí me gusta dialogar con el público, me gusta charlar, comunicarme, cambiar ideas. Y hoy como los veo muy sueltos, muy dados a todos. Yo voy a aprovech",0.007132407165493002
3730,3,0.19011599615517022,9,9_auto_dijo dijo_micro_carabineros,0.0842522764612726,4.0,4_chileno_chile_argentino_chilenos,0.0542254213737237,"Paul Vásquez ""El Flaco""",2020,2020,0,0_presidente_país_huevón_pesos,"el loro. Tenía la mansa cagada, hermano. De repente sale una vecina y le dice, ""Loro violentista."" Y el loro se ha vuelto y le dice, ""Violento yo. Yo te voy a d",0.030026855087548904
2816,3,0.1886276830254007,24,24_amor_dije_pa_pa pa,0.0836304923736067,23.0,23_amante_marido_mujer_matrimonio,0.0539215531371974,Los Locos del Humor,2016,2010,23,23_amante_marido_mujer_matrimonio,"Uno solo y retomamos. No, la otra vez... no, no, si no, es suave, no sé eso. Ah, está sorda. Sí, no, la otra vez. Ya, que vamos la caga. Ya, ya, ya, pero no tan",0.0297089392364093
1260,3,0.3921603895248083,3,3_humor_quinta_quinta vergara_vergara,0.2864520618126944,17.0,17_natalia_chiqui_alison_javiera,0.0539192460029674,Los Indolatinos,2004,2000,3,3_humor_quinta_quinta vergara_vergara,"Camacho. Juan y Luis, los indo-latinos esta noche pusieron el humor en la Quinta Vergara. Partieron haciendo música latinoamericana y hoy es están haciéndonos r",0.23253281580972698
2236,3,0.2001691564848763,9,9_auto_dijo dijo_micro_carabineros,0.0948096414359662,18.0,18_doctor_farmacia_examen_consulta,0.0537902292317959,Jorge Alís,2014,2010,0,0_presidente_país_huevón_pesos,"Cuando tengo plata en el bolsillo, es porque me olvidé de pagar algo. Ahorrar ni cagando. La única tarjeta que me dieron fue la tarjeta de esta tienda, llevar, ",0.0410194122041703
1525,3,0.2027263904645995,10,10_maestro_hora hora_ruperto_hora,0.0984260615053109,12.0,12_perro_perrito_selva_lobo,0.0537601401350958,Ruperto,2006,2000,10,10_maestro_hora hora_ruperto_hora,"Pero ¿qué está haciendo? ¿Qué quiere hacer? ¿A quién le no puede tratar al público, por favor. A ver, D. Villarrica. No, no, Lagos. Este no es su meta, este es ",0.0446659213702151
683,3,0.3067446294299984,3,3_humor_quinta_quinta vergara_vergara,0.203029621210359,17.0,17_natalia_chiqui_alison_javiera,0.0535670050538847,Melón y Melame,1998,1990,3,3_humor_quinta_quinta vergara_vergara,"Y llegamos a otro momento entretenido en esta primera noche de festival. Un momento para reírnos porque viene Gigi y Mauricio, Gigi Martin y Mauricio Flores. El",0.1494626161564743
3809,3,0.175625561315504,18,18_doctor_farmacia_examen_consulta,0.0697523229254218,0.0,0_presidente_país_huevón_pesos,0.0535508380879098,Pamela Leiva,2023,2020,5,5_colegio_niños_papá_hijo,"pura foto de mina flaca. La Diana voló, con la silla voló con mi cara en mi pieza, así. Está pisado. Y también el audiolibro hablaba de que había que armarse un",0.016201484837512
4360,3,0.16318895204996559,19,19_través_mar_viña_viña mar,0.0586701006620726,6.0,6_quinta_vergara_público_quinta vergara,0.0534516128390891,Edo Caroe,2025,2020,4,4_chileno_chile_argentino_chilenos,"bastante. Me dijo tan bien que podría pagar clases particulares de Marcela Cubillo a ese nivel. No, en serio, weón, yo en en Santiago he llenado lugares grandes",0.005218487822983502
3718,3,0.1884420379591669,3,3_humor_quinta_quinta vergara_vergara,0.0850475355961398,17.0,17_natalia_chiqui_alison_javiera,0.0533497028415991,"Paul Vásquez ""El Flaco""",2020,2020,3,3_humor_quinta_quinta vergara_vergara,"con Viña del Mar, una combinación infalible junto a este hombre que creció haciendo humor entre los Viñamarinos. Y desde este escenario te hiciste, querido, en ",0.031697832754540696
861,3,0.2092234454158161,16,16_comida_comer_dieta_mamá,0.1055405951110519,11.0,11_hijos_mamá_papá_hijo,0.0533411416804419,Melón y Melame,1999,1990,7,7_vieja_suegra_abuela_abuelita,"No es lo mismo en todo caso decir ""un pájaro de alto abuelo"" que ""el pájaro a tu abuelo"". ¿Qué viene con mi abuelo, hombre? O sea, que no es lo mismo dos tazas ",0.052199453430610006
2015,3,0.1913942998583131,12,12_perro_perrito_selva_lobo,0.0871511351980117,10.0,10_maestro_hora hora_ruperto_hora,0.053113180230426,Bombo Fica,2012,2010,5,5_colegio_niños_papá_hijo,"Gracias, gracias. Quiero decirles que hay cosas que uno no olvida, estamos todos... se nos acaba el verano y uno indudablemente guarda recuerdos tan lindos del ",0.034037954967585694
2915,3,0.3211600969705086,2,2_chiste_programa_hoy hoy_chistes,0.2164263620989462,10.0,10_maestro_hora hora_ruperto_hora,0.0531105205639621,"Daniela ""Chiqui"" Aguayo",2017,2010,2,2_chiste_programa_hoy hoy_chistes,"Muchas gracias. Oye, para estar sexy el día del día de hoy he inventado cosas nuevas. Probé cosas que nunca había imaginado probar en mi vida. La semana pasada ",0.1633158415349841
3722,3,0.158709722299136,19,19_través_mar_viña_viña mar,0.054660096106506,22.0,22_verdad_agradecer_emocionado_quiero agradecer,0.0525519450244459,"Paul Vásquez ""El Flaco""",2020,2020,6,6_quinta_vergara_público_quinta vergara,"Gracias, Chile, con Chile y Chile. La Chile sí. Siente este canto. Gracias, gracias. Tu historia Tu historia está en la quinta fracción. ¿Qué significa Sí. para",0.0021081510820600974
673,3,0.630077878990783,3,3_humor_quinta_quinta vergara_vergara,0.5263613184445808,19.0,19_través_mar_viña_viña mar,0.0524676130566446,Palta Meléndez,1997,1990,3,3_humor_quinta_quinta vergara_vergara,Los personajes de esta noche los trajo el Salta Meléndez. El humor en la quinta Vergara a través de todo el país la pantalla de Megavision recorriendo el mundo ,0.4738937053879362
3327,3,0.19205949881770099,18,18_doctor_farmacia_examen_consulta,0.0893824670391456,24.0,24_amor_dije_pa_pa pa,0.0524576131740524,Alison Mandel,2018,2010,18,18_doctor_farmacia_examen_consulta,"de la relación me transformé en su mamá un poquito. O sea, es que de verdad no lo dejo ir al doctor solo porque siento que no le va a decir todos los síntomas. ",0.0369248538650932
109,3,0.15643503432357592,3,3_humor_quinta_quinta vergara_vergara,0.0535234841899454,6.0,6_quinta_vergara_público_quinta vergara,0.0523064831525724,Edmundo Arrocet,1978,1970,3,3_humor_quinta_quinta vergara_vergara,El reencuentro con la quinta verga de Gigante a Rosés.,0.0012170010373730028
3101,3,0.195202201568936,0,0_presidente_país_huevón_pesos,0.0919055780875894,4.0,4_chileno_chile_argentino_chilenos,0.0522590544833662,Fabrizio Copano,2017,2010,0,0_presidente_país_huevón_pesos,"hacer una cosa. Yo voy a poner luca a los Bomberos de Chile cada vez que yo diga una chucha. ¿Okay? Entonces, una chucha, una luca. Igual yo creo, igual yo creo",0.039646523604223195
2781,3,0.2512548153559343,13,13_ay ay_salta salta_salta_ay,0.1479542715094812,1.0,1_canción_almas_cantar_vivo vivo,0.0521227109094774,Los Locos del Humor,2016,2010,13,13_ay ay_salta salta_salta_ay,"¿Cómo dice? ¿Cómo dice? Vamos, arriba. Esa galería, vamos a ver. ¡Ahí las piernas! ¿Y las piernas? Ay, no más la música. Deja bailar, huevón. Hola, ¿cómo están?",0.0958315606000038
3992,3,0.1913371342537688,25,25_bailar_fiesta_bailemos_baile,0.0893337627392326,24.0,24_amor_dije_pa_pa pa,0.0518690642545135,Fabrizio Copano,2023,2020,4,4_chileno_chile_argentino_chilenos,"y los carretes malos, los carretes de mierda. Y cachaba ese carrete que llegáis y hay un animador de discoteca. Cachaba cuando entráis a una discoteca y yo me q",0.0374646984847191
1078,3,0.4082022201437555,3,3_humor_quinta_quinta vergara_vergara,0.3063723785661291,17.0,17_natalia_chiqui_alison_javiera,0.0518081282446115,Millenium Show,2001,2000,3,3_humor_quinta_quinta vergara_vergara,"Llega el momento del humor y esta es una historia muy especial. Dos amigos, Julio y Mario —Julio y Turrón, como ustedes quieran—. Se conocieron hace 10 años a l",0.2545642503215176
3847,3,0.1845020995982837,29,29_reggaeton_calmado_dale_ten,0.0810826318028335,1.0,1_canción_almas_cantar_vivo vivo,0.0518072971532666,Diego Urrutia,2023,2020,25,25_bailar_fiesta_bailemos_baile,"Mentira, no tengo TikTok. No, a ver si tengo. Tengo, pero nunca he hecho un baile. ¿Has visto los bailes TikTok cómo son? Todo iguales, siempre son como pum, ca",0.029275334649566893
963,3,0.16372639515516949,18,18_doctor_farmacia_examen_consulta,0.0613980627212895,0.0,0_presidente_país_huevón_pesos,0.051755793810783,Coco Legrand,2000,2000,11,11_hijos_mamá_papá_hijo,"El paciente la 4:40 que lo despachaste es tan rápido. Tenía 100 lucas nomás. Yo dije, ""¿Cómo lo voy a hacer?"" Ay, Dios mío, hombre, ahí me acuerdo llegué al ter",0.009642268910506499
4224,3,0.18931155874592148,16,16_comida_comer_dieta_mamá,0.0874391326038063,7.0,7_vieja_suegra_abuela_abuelita,0.0513145643154175,Alex Ortiz,2024,2020,11,11_hijos_mamá_papá_hijo,"por por este momento. ¿Se escucha bonito? ¿Sí? ¿Sabéis qué? Me gusta mi mamá, me encanta, la amo, de hecho anda por ahí y yo sabéis lo que pasa? Que de un momen",0.0361245682883888
1266,3,0.4875792106463706,3,3_humor_quinta_quinta vergara_vergara,0.3850386474356361,19.0,19_través_mar_viña_viña mar,0.0513037937268487,Los Indolatinos,2004,2000,3,3_humor_quinta_quinta vergara_vergara,El humor y el carisma de los indo latinos en la Quinta Vergara recibe como tributo el aplauso de todos nosotros. Una buena rutina para una buena presentación es,0.3337348537087874
2220,3,0.2966313085958197,12,12_perro_perrito_selva_lobo,0.1954371334655084,24.0,24_amor_dije_pa_pa pa,0.0511826474796938,Los Locos del Humor,2014,2010,12,12_perro_perrito_selva_lobo,"te espero acá. Disculpa, señorita, ¿dónde iba? No sé, huevón, yo acabé en la rotonda. Venía un conejo. Un conejo. No, eh, no me jalo eso. Está el mono fumando l",0.14425448598581458
3541,3,0.1749698738424595,5,5_colegio_niños_papá_hijo,0.0735780264858034,26.0,26_celular_pegado_teléfono_whatsapp,0.0509155441603592,Javiera Contador,2020,2020,5,5_colegio_niños_papá_hijo,"My Little Pony. Y yo, a mí no me gusta nada que sea exclusivo para niños o para niñas. No creo en esas cosas, no creo en los monitos animados para niños o para ",0.022662482325444204
2866,2,0.3416336853844158,23,23_amante_marido_mujer_matrimonio,0.1967031762631294,15.0,15_hombres_mujeres_mujer_hombre,0.1449305091212864,Juan Pablo López,2017,2010,5,5_colegio_niños_papá_hijo,"sin ni uno, pero con reparación profunda el huevón, ¿eh? No, sin putas partidas. Porque la mujer puede ganar menos que el hombre, incluso por la misma pega. Per",0.051772667141842976
1321,2,0.271863911986175,21,21_buenas noches_noches_buenas_pecadora,0.1452112878068891,22.0,22_verdad_agradecer_emocionado_quiero agradecer,0.1266526241792859,Felo,2005,2000,21,21_buenas noches_noches_buenas_pecadora,"Me está gustando. Pero la verdad que la canción termina sin rima, termina sencillamente así: ""Si quiere usted su jardín cuanto antes, venga al burrito y le arre",0.018558663627603195
2638,2,0.300976730634767,21,21_buenas noches_noches_buenas_pecadora,0.1833295696663805,22.0,22_verdad_agradecer_emocionado_quiero agradecer,0.1176471609683865,Edo Caroe,2016,2010,21,21_buenas noches_noches_buenas_pecadora,"Ya, muchas gracias, Viña, por este momento. Nos vemos en una próxima oportunidad.",0.06568240869799401
1073,2,0.3070823708612787,21,21_buenas noches_noches_buenas_pecadora,0.1900615963512134,22.0,22_verdad_agradecer_emocionado_quiero agradecer,0.1170207745100653,Memo Bunke y Natalia Cuevas,2001,2000,21,21_buenas noches_noches_buenas_pecadora,"Gracias. El aplauso, el aplauso vino de arriba y también de abajo esta noche. Muchas gracias. Queda algo para despedirnos. Queda algo para despedirse. Porque es",0.07304082184114809
2306,2,0.3385692301841098,27,27_soltera_bebé_arturo vidal_tinder,0.22618626517869,25.0,25_bailar_fiesta_bailemos_baile,0.1123829650054198,Gigi Martin,2014,2010,25,25_bailar_fiesta_bailemos_baile,"la huevada así. Y siempre la vista abajo, ah, siempre te mirás y le apuntás los zapatos y los tacos, ahí no va. Ahí. Por una falta de personalidad, por la cabez",0.1138033001732702
1880,2,0.23781649355915568,21,21_buenas noches_noches_buenas_pecadora,0.1283292890489745,22.0,22_verdad_agradecer_emocionado_quiero agradecer,0.1094872045101812,Ricardo Meruane,2011,2010,21,21_buenas noches_noches_buenas_pecadora,"Así, ah, gracias, chico, no se molesta, ¿ah? Pero historias que no se pueden dejar de contar, ¿no? Muy amable, gracias, gracias. Historias que no se pueden deja",0.01884208453879331
2619,2,0.3154151992894144,21,21_buenas noches_noches_buenas_pecadora,0.2097630360429193,22.0,22_verdad_agradecer_emocionado_quiero agradecer,0.1056521632464951,Edo Caroe,2016,2010,21,21_buenas noches_noches_buenas_pecadora,"Tengo más rutina. Muchas gracias, pero tengo más rutina. ¡Qué bonito!",0.1041108727964242
3082,2,0.3867301933483204,27,27_soltera_bebé_arturo vidal_tinder,0.2823298606345337,25.0,25_bailar_fiesta_bailemos_baile,0.1044003327137867,Rodrigo Villegas,2017,2010,27,27_soltera_bebé_arturo vidal_tinder,"Pero con respeto, vamos que se puede, vamos que se puede. Que nadie esté los guatones, no tenemos éxito con las mujeres y ese silencio otorga. Yo voy, por ejemp",0.177929527920747
1642,2,0.5544199449422137,21,21_buenas noches_noches_buenas_pecadora,0.4519524445725801,22.0,22_verdad_agradecer_emocionado_quiero agradecer,0.1024675003696336,Palta Meléndez,2007,2000,21,21_buenas noches_noches_buenas_pecadora,...historia de la gente. ¡Viva el gobierno político! Gracias. Aquí queda demostrado que se puede hacer un gobierno con altura de mira. Muy buenas noches. Muchas,0.3494849442029465
343,2,0.34346818799832324,21,21_buenas noches_noches_buenas_pecadora,0.2414223295056414,22.0,22_verdad_agradecer_emocionado_quiero agradecer,0.1020458584926818,Sandy,1993,1990,21,21_buenas noches_noches_buenas_pecadora,"Vamos a estar nuevamente con toda seguridad. Mil gracias por esta receptividad, de verdad, que me hayan escuchado. Gracias, gracias. Gracias que me hayan escuch",0.1393764710129596
2545,2,0.38659694551930646,29,29_reggaeton_calmado_dale_ten,0.2876471090072373,25.0,25_bailar_fiesta_bailemos_baile,0.0989498365120692,Arturo Ruiz-Tagle,2015,2010,9,9_auto_dijo dijo_micro_carabineros,"Los cabros de ahora no bailan lento. ¿Y para qué, po? Si al primer reggaeton, ¡fa! Al muslo. Con esa letra, ""Esta noche va a ser mi señora, va a ser mi señora.""",0.18869727249516807
1875,2,0.48021065668527385,21,21_buenas noches_noches_buenas_pecadora,0.3819738225133548,22.0,22_verdad_agradecer_emocionado_quiero agradecer,0.098236834171919,Ricardo Meruane,2011,2010,21,21_buenas noches_noches_buenas_pecadora,"¿Cómo están? Buenas noches. ¿Qué tal? Hola. ¿Cómo están? Buenas noches. ¿Qué tal? Hola, ¿qué tal? ¿Cómo están? ¿Cómo están? ¿Cómo estamos? Hola, loco. ¿Cómo est",0.2837369883414358
968,2,0.2218901395704227,7,7_vieja_suegra_abuela_abuelita,0.1236573217412653,23.0,23_amante_marido_mujer_matrimonio,0.0982328178291574,Coco Legrand,2000,2000,7,7_vieja_suegra_abuela_abuelita,"No, si no era tan buena la vieja mía para serte franco. No era para silbarla. La que iba mirando Dice, ""¿No te vas a vestir?"" Pues ¿por qué? ¿Cómo que por qué? ",0.025424503912107904
2971,2,0.2065949343435168,15,15_hombres_mujeres_mujer_hombre,0.1091658507024994,23.0,23_amante_marido_mujer_matrimonio,0.0974290836410174,"Carlos ""El Mono"" Sánchez",2017,2010,15,15_hombres_mujeres_mujer_hombre,"Muchas gracias. La valentía del macho, señora, que usted tiene en la casa, esa valentía de hombre que camina con usted en la mano, sacando pecho, sintiéndose mu",0.011736767061481995
2064,2,0.2121863960316658,10,10_maestro_hora hora_ruperto_hora,0.1148772882044637,2.0,2_chiste_programa_hoy hoy_chistes,0.0973091078272021,Hermógenes Conache,2013,2010,2,2_chiste_programa_hoy hoy_chistes,"buenas noches, muy amable y gracias. Ahora sí me voy feliz que voy a antorcha que me va a alumbrar estos destinos de mi familia ahí mío. Oiga. ¿Cómo? De nuevo. ",0.0175681803772616
4544,2,0.3268733870291164,21,21_buenas noches_noches_buenas_pecadora,0.2313143166987786,22.0,22_verdad_agradecer_emocionado_quiero agradecer,0.0955590703303378,Pedro Ruminot,2025,2020,21,21_buenas noches_noches_buenas_pecadora,"Gracias, Chile. Gracias, niña, de verdad. De verdad. Eh, estoy súper súper me me me me emocioné porque Claro que se lo merece, pues.",0.13575524636844083
2014,2,0.1949219015004836,22,22_verdad_agradecer_emocionado_quiero agradecer,0.0998511762386531,21.0,21_buenas noches_noches_buenas_pecadora,0.0950707252618305,Bombo Fica,2012,2010,4,4_chileno_chile_argentino_chilenos,"Ya ahí no más la wea que cantamos medio apurada, ya. No, pero tenemos cosas lindas que hay que destacar, este país tiene cosas lindas, no todo es triste. Todaví",0.0047804509768226006
2991,2,0.2501130246807446,25,25_bailar_fiesta_bailemos_baile,0.1554718042572624,29.0,29_reggaeton_calmado_dale_ten,0.0946412204234822,"Carlos ""El Mono"" Sánchez",2017,2010,25,25_bailar_fiesta_bailemos_baile,"bien parado el tipo, y ella le hizo... él la miró y le dijo: ""No me diga más, la operó el Dr. Rodríguez, ¿verdad?"". Y aprendimos a bailar para conquistarlas. Ap",0.06083058383378019
3170,2,0.2063258969224761,1,1_canción_almas_cantar_vivo vivo,0.1117668314586409,13.0,13_ay ay_salta salta_salta_ay,0.0945590654638352,Bombo Fica,2018,2010,1,1_canción_almas_cantar_vivo vivo,"Lo mismo digo yo, por favor, retírese, despéjeme el ambiente, por favor. Oiga, eh, que sea corto, sí, porque para no llamar a cara dinero, digo yo, no hay que Q",0.017207765994805696
3608,2,0.4756592959412151,21,21_buenas noches_noches_buenas_pecadora,0.3813638064889141,22.0,22_verdad_agradecer_emocionado_quiero agradecer,0.094295489452301,Ernesto Belloni,2020,2020,21,21_buenas noches_noches_buenas_pecadora,"Me parece tan importante esto, chiquillo. Muchas gracias. Muchas gracias a ustedes. Se lo voy a decir que a los que están allá arriba, gracias. Se cumplió el de",0.2870683170366131
176,2,0.2391835394430404,1,1_canción_almas_cantar_vivo vivo,0.1454795401606477,13.0,13_ay ay_salta salta_salta_ay,0.0937039992823927,Hugo Varela,1989,1980,1,1_canción_almas_cantar_vivo vivo,"No, porque yo los escucho bárbaro a ustedes, ¿eh? Bueno, vamos es una canción que tiene un coro muy divertido que dice así el coro, ah les va a encantar este co",0.051775540878255005
4171,2,0.2203561285551977,22,22_verdad_agradecer_emocionado_quiero agradecer,0.1266662743682845,21.0,21_buenas noches_noches_buenas_pecadora,0.0936898541869132,Lucho Miranda,2024,2020,22,22_verdad_agradecer_emocionado_quiero agradecer,"No, muchas gracias, la verdad que estoy muy feliz, muy contento. Eh, y nada, si si una persona busca la felicidad la va a encontrar; a veces hay camino más fáci",0.03297642018137131
638,2,0.193956680138742,10,10_maestro_hora hora_ruperto_hora,0.100343621562224,2.0,2_chiste_programa_hoy hoy_chistes,0.093613058576518,Jorge Pérez,1997,1990,2,2_chiste_programa_hoy hoy_chistes,"Y para despedirme, maestro Horacio Saavedra, yo quiero pedirle un favor: después de 15 años de trayectoria anónima, quiero desvestirme y transformarme en quién ",0.006730562985705998
1662,2,0.1983736708222432,22,22_verdad_agradecer_emocionado_quiero agradecer,0.1056544367547547,21.0,21_buenas noches_noches_buenas_pecadora,0.0927192340674885,Stefan Kramer,2008,2000,21,21_buenas noches_noches_buenas_pecadora,"Muchísimas gracias, Viña. ¿Qué tal? Qué harta gente, ¿ah?",0.012935202687266195
1281,2,0.2224941301743246,1,1_canción_almas_cantar_vivo vivo,0.1302478334453768,13.0,13_ay ay_salta salta_salta_ay,0.0922462967289478,Hugo Varela,2005,2000,1,1_canción_almas_cantar_vivo vivo,"Esto no lo tenemos que olvidar, ¿eh? ¿Sabes qué? Sé que claro, la gente cuando está ahí sentada lo ve al tipo que está acá, ¿no? Lo miran, pero uno de acá tambi",0.038001536716429
2243,2,0.1888071639726468,23,23_amante_marido_mujer_matrimonio,0.0973604969744951,15.0,15_hombres_mujeres_mujer_hombre,0.0914466669981517,Jorge Alís,2014,2010,15,15_hombres_mujeres_mujer_hombre,"le vaya bonito, chaíto'. Y agarré la plata. Y ustedes se dieron cuenta que el hombre... porque los hombres sufrimos esta historia de que las mujeres ganan más q",0.005913829976343404
1088,2,0.1848280882411297,24,24_amor_dije_pa_pa pa,0.0934139847583751,27.0,27_soltera_bebé_arturo vidal_tinder,0.0914141034827546,Millenium Show,2001,2000,5,5_colegio_niños_papá_hijo,"¿Dónde están ubicados? Aquí, mira: 1, 2, 3, 4. Dime los saltados. 1, 2, 3, 4. Siempre lo mismo, en todas partes es lo mismo, compadre, lo mismo. Deja el ridícul",0.0019998812756205075
4356,2,0.4068811693687802,21,21_buenas noches_noches_buenas_pecadora,0.3160719511751578,22.0,22_verdad_agradecer_emocionado_quiero agradecer,0.0908092181936224,Edo Caroe,2025,2020,21,21_buenas noches_noches_buenas_pecadora,"¿Qué tal la gente? ¡Buenas noches, mi niño del mar! ¿Qué tal? ¿Cómo están por acá? Hola, hola. Muchas gracias, muchas gracias por ese recibimiento.",0.22526273298153537
1179,2,0.2265764217195605,21,21_buenas noches_noches_buenas_pecadora,0.136056001697295,22.0,22_verdad_agradecer_emocionado_quiero agradecer,0.0905204200222655,Natalia Cuevas,2003,2000,22,22_verdad_agradecer_emocionado_quiero agradecer,"Yo estaré contigo para seguir. No mandando, a mandando. A mandando. A mandando. Muchísimas gracias.",0.04553558167502951
461,2,0.2130271212122073,1,1_canción_almas_cantar_vivo vivo,0.1226735624354984,13.0,13_ay ay_salta salta_salta_ay,0.0903535587767089,Gloria Benavides,1995,1990,1,1_canción_almas_cantar_vivo vivo,"¿verdad? ¡Eso! Si quieres tener una ilusión y sentir feliz tu corazón, si estás en un color es lo mejor. Si tu corazón ya no puede bailar y tu voz ya no puede c",0.032320003658789495
348,2,0.213010378469906,13,13_ay ay_salta salta_salta_ay,0.1229134580549897,29.0,29_reggaeton_calmado_dale_ten,0.0900969204149163,Piña Colada,1993,1990,17,17_natalia_chiqui_alison_javiera,"¡Piña Colada! ¡Piña Colada! ¡Piña Colada! ¡Piña Colada! A ver la palma. ¡Piña Colada! ¡Anda! ¡Piña Colada! ¡Piña Colada! El negro de la población, Piña Colada. ",0.03281653764007339
4297,2,0.2317564753573083,1,1_canción_almas_cantar_vivo vivo,0.1422118629498823,13.0,13_ay ay_salta salta_salta_ay,0.089544612407426,George Harris,2025,2020,1,1_canción_almas_cantar_vivo vivo,"Parecía que ellos ya eran una mujer disfrazada completica. Tú, por supuesto, le pedías una canción más alegre para que la vaina no fuera tan triste. Y ya para c",0.0526672505424563
4028,2,0.2106687840728983,24,24_amor_dije_pa_pa pa,0.1216508439746963,27.0,27_soltera_bebé_arturo vidal_tinder,0.089017940098202,Alison Mandel,2024,2020,27,27_soltera_bebé_arturo vidal_tinder,"Y aquí a mí me da rabia porque sabéis que era llegar y buscar, porque posiblemente su ex ya subió una foto con el nuevo huevón, etiquetándolo para cuando llegar",0.0326329038764943
2735,2,0.2515716698234559,2,2_chiste_programa_hoy hoy_chistes,0.1626340358481758,28.0,28_puta puta_noticias_puta_ta,0.0889376339752801,Pedro Ruminot,2016,2010,2,2_chiste_programa_hoy hoy_chistes,"me discriminaron. Y ustedes dirán, ""Pero cómo, si está acá."" Me discriminaron. ¿Vieron los comerciales del jueves 25? ¿Los vieron? Jueves 25 de febrero, Lionel ",0.0736964018728957
4137,2,0.2667242371119139,2,2_chiste_programa_hoy hoy_chistes,0.1778079956561442,28.0,28_puta puta_noticias_puta_ta,0.0889162414557697,Lucho Miranda,2024,2020,2,2_chiste_programa_hoy hoy_chistes,"no, Felipe Bello. No, mi referente es Luperto. Y yo tuve 8 minutos y no sé que 8 minutos, 8 minutos caleta. Y yo me hice muy conocido en redes sociales. Me hice",0.08889175420037448
4155,2,0.2627527306121765,2,2_chiste_programa_hoy hoy_chistes,0.1743547946251072,28.0,28_puta puta_noticias_puta_ta,0.0883979359870693,Lucho Miranda,2024,2020,2,2_chiste_programa_hoy hoy_chistes,"También lo otro que lo otro que se pensaba mucho, lo otro que se pensaba mucho es que la gente con discapacidad solamente se podía relacionar sexo efectivamente",0.0859568586380379
4082,2,0.43430610037515005,25,25_bailar_fiesta_bailemos_baile,0.3459735359713487,29.0,29_reggaeton_calmado_dale_ten,0.0883325644038013,Javiera Contador,2024,2020,25,25_bailar_fiesta_bailemos_baile,"Yo ñuño ñuño, me lo estoy sacando, no toque instrumento en el aire, pero yo te aplaudo para bailar y también es antiguo aplaudir. Every body. Yeah, yeah. Y por ",0.2576409715675474
403,2,0.2089187503581127,11,11_hijos_mamá_papá_hijo,0.1206174262867239,16.0,16_comida_comer_dieta_mamá,0.0883013240713888,"Jorge ""Chino"" Navarrete",1994,1990,18,18_doctor_farmacia_examen_consulta,"no habla de eso. Es que resulta que yo de la cuna salté a la cama de dos plazas al tío. Sí. Mi mamá me dio pecho hasta los 2 años, de ahí para adelante me dio l",0.032316102215335096
4031,2,0.238647692925627,24,24_amor_dije_pa_pa pa,0.1509810490474501,27.0,27_soltera_bebé_arturo vidal_tinder,0.0876666438781769,Alison Mandel,2024,2020,15,15_hombres_mujeres_mujer_hombre,"Pero sí quiero decir que lo amo, que me enamoré de él la primera vez que lo vi. O sea, yo sé que ustedes piensan al tiro obvio por su atractivo físico. No sé po",0.06331440516927321
849,2,0.198800396761638,19,19_través_mar_viña_viña mar,0.1114002145048041,17.0,17_natalia_chiqui_alison_javiera,0.0874001822568339,Sandy,1999,1990,19,19_través_mar_viña_viña mar,"Acompáñenme. ¡Viva Chile, mierda! Gracias, Sandy. El humor sano de un artista internacional. La verdad que Sandy está contentísimo, tenía mucho miedo de actuar ",0.024000032247970204
624,2,0.2289823528020008,1,1_canción_almas_cantar_vivo vivo,0.1416185882524354,13.0,13_ay ay_salta salta_salta_ay,0.0873637645495654,Gilberto Gless,1997,1990,1,1_canción_almas_cantar_vivo vivo,"No los oigo. Más arriba, más fuerte, los de arriba no los oigo. Más fuerte quiero con ustedes, pero yo quiero que que baile que baile conmigo que baile. Eh. ¿Us",0.05425482370286999
4136,2,0.2670457213372811,2,2_chiste_programa_hoy hoy_chistes,0.1797184811287876,28.0,28_puta puta_noticias_puta_ta,0.0873272402084935,Lucho Miranda,2024,2020,2,2_chiste_programa_hoy hoy_chistes,"no me conocen, para estar por lo ácido. Me presento, me llamo Luchumianda, soy comediante y para la gente que no me conoce, eh no. No estoy curado. Tengo tengo ",0.0923912409202941
1331,2,0.2564702344998791,10,10_maestro_hora hora_ruperto_hora,0.1703035986526662,2.0,2_chiste_programa_hoy hoy_chistes,0.0861666358472129,Felo,2005,2000,10,10_maestro_hora hora_ruperto_hora,No sabe que pasa realmente un gran gran momento. La quinta de pie de estudio Apelo.,0.0841369628054533
1207,2,0.1837641591946761,19,19_través_mar_viña_viña mar,0.0980044886057148,17.0,17_natalia_chiqui_alison_javiera,0.0857596705889613,Sandy,2004,2000,19,19_través_mar_viña_viña mar,"El gran cambio esta noche estuvo en Villa del Mar. 40º Festival Nacional de la canción saludando a un artista tiene todo el cariño del pueblo, chileno. El caris",0.012244818016753492
3429,2,0.2044160307175794,14,14_ho_ho ho_aplauso_muchas,0.1187791291630727,22.0,22_verdad_agradecer_emocionado_quiero agradecer,0.0856369015545067,Felipe Avello,2019,2010,21,21_buenas noches_noches_buenas_pecadora,Bien. Muchas gracias. Perdona. Amigos. Muchas gracias. ¡Nieve! ¡No! ¡Nieve! De esta Me voy en sangre. Me voy en sangre. Un gran aplauso para Augusto Chuster. Pa,0.033142227608566
3257,2,0.1994548060406764,22,22_verdad_agradecer_emocionado_quiero agradecer,0.1150327555455487,14.0,14_ho_ho ho_aplauso_muchas,0.0844220504951277,Jenny Cavallo,2018,2010,17,17_natalia_chiqui_alison_javiera,"de plata para Jenny. Recíbela con mucho cariño, tal como recibiste la invitación a formar parte por primera vez de este magno espectáculo. ¿Aceptaste el desafío",0.030610705050421003
1444,2,0.2449067141632548,1,1_canción_almas_cantar_vivo vivo,0.1611339305726515,13.0,13_ay ay_salta salta_salta_ay,0.0837727835906033,Julio Sabala,2006,2000,1,1_canción_almas_cantar_vivo vivo,"y no, bailamos. Eso es gritito para dar ánimo. Yo no lo sé. Señores, ¿cómo fue que no lo creí? En español. También cantando versos en inglés. Lo dan de vivir de",0.07736114698204818
3818,2,0.1822370427986472,16,16_comida_comer_dieta_mamá,0.0988996363204088,11.0,11_hijos_mamá_papá_hijo,0.0833374064782384,Pamela Leiva,2023,2020,11,11_hijos_mamá_papá_hijo,"Tengo una noticia muy importante que darte, mamá. Mamita, escucha. Soy la nueva participante de un reality show de Canal 13, mamá, que lo anima Raquel Argandoña",0.0155622298421704
3965,2,0.17701345398631518,6,6_quinta_vergara_público_quinta vergara,0.093988944152986,14.0,14_ho_ho ho_aplauso_muchas,0.0830245098333292,Rodrigo Villegas,2023,2020,6,6_quinta_vergara_público_quinta vergara,"Propongo que lo hagamos de forma distinta. Que la gaviota la pidan, pero la pidan así. Vamos, los tres. Señoras y señores, en menos de 1 minuto. Se lleva. Ya ha",0.01096443431965681
4512,2,0.18053779162683808,22,22_verdad_agradecer_emocionado_quiero agradecer,0.0975304105592,14.0,14_ho_ho ho_aplauso_muchas,0.0830073810676381,Pedro Ruminot,2025,2020,6,6_quinta_vergara_público_quinta vergara,"En este show si a mí me va muy bien, very well. Al final la gente grita por un premio. Tú tienes que parar es la corneta de plata. ¿Ya? Y después la corneta de ",0.014523029491561909
1104,2,0.1723781878933155,17,17_natalia_chiqui_alison_javiera,0.0894421221038024,6.0,6_quinta_vergara_público_quinta vergara,0.0829360657895131,Millenium Show,2001,2000,3,3_humor_quinta_quinta vergara_vergara,"Linda Vergara. Con rutinas que marcan, que marcan toda la experiencia de tantos años en la calle. Su escenario: el Paseo Omar, la Plaza de Armas, pasando una ma",0.006506056314289299
4149,2,0.2705561716962159,10,10_maestro_hora hora_ruperto_hora,0.1878361106952099,2.0,2_chiste_programa_hoy hoy_chistes,0.082720061001006,Lucho Miranda,2024,2020,10,10_maestro_hora hora_ruperto_hora,"En 8 años nunca hice una factura, nunca hice una declaración de renta unida, mientras que en 4 años estándar, en 4 años de stand-up ya estoy en el festival con ",0.10511604969420389
3538,2,0.2270458592192136,11,11_hijos_mamá_papá_hijo,0.1443280928621682,16.0,16_comida_comer_dieta_mamá,0.0827177663570454,Javiera Contador,2020,2020,11,11_hijos_mamá_papá_hijo,"de cuatro hermanos, nosotros somos cuatro hijos de tres papás, ¿ya? No se queden callados, huevón, no juzguen a mi mamá. Hey. Hey, mi mamá es la mejor mamá del ",0.061610326505122784
294,2,0.17245088973648842,3,3_humor_quinta_quinta vergara_vergara,0.0905323764775041,17.0,17_natalia_chiqui_alison_javiera,0.0819185132589843,Hermógenes Conache,1991,1990,3,3_humor_quinta_quinta vergara_vergara,El aplauso cariñoso de la Quinta Vergara. Cuando el humor triunfa ante un espectáculo de tal magnitud como es el Festival de Viña. Una mujer que ha vivido junto,0.008613863218519799
171,2,0.2334549130741096,22,22_verdad_agradecer_emocionado_quiero agradecer,0.1515505516255142,21.0,21_buenas noches_noches_buenas_pecadora,0.0819043614485954,Hugo Varela,1989,1980,22,22_verdad_agradecer_emocionado_quiero agradecer,"¡Amigas y amigos! ¡Amigas y amigos! Tengan todos ustedes muy buenas noches. Buenas noches. De pie... No, no, no, no, está bien. Bueno, es una alegría enorme par",0.0696461901769188
3248,2,0.2590808704882057,11,11_hijos_mamá_papá_hijo,0.1772373350877422,16.0,16_comida_comer_dieta_mamá,0.0818435354004635,Jenny Cavallo,2018,2010,11,11_hijos_mamá_papá_hijo,"Ya pues mijita, ya, vaya a sacudir el chuapino. ¿Qué? Y tu mamá es como, ya pues mi amor, ya pues, córtala, ya. Calla, culear. La misma señora que a los 18 te l",0.0953937996872787
991,2,0.18830793883926328,2,2_chiste_programa_hoy hoy_chistes,0.106467150277318,10.0,10_maestro_hora hora_ruperto_hora,0.0818407885619453,Dino Gordillo,2000,2000,2,2_chiste_programa_hoy hoy_chistes,"había un negrito que estaba agonizando, el pobre negro, tenía miedo de morir, no sabía para dónde se iba a ir. Y la familia le dijo: «Mira, no te preocupes, hij",0.024626361715372705
2116,2,0.1697337401666894,13,13_ay ay_salta salta_salta_ay,0.0879801806281892,29.0,29_reggaeton_calmado_dale_ten,0.0817535595385002,Nancho Parra,2013,2010,25,25_bailar_fiesta_bailemos_baile,"Calambres en un testículo, espérate, para, para. Ahí se fue, ahí, ahí y pasó. Un día una fiesta aquí en la prisión, la gente de los presos se empezó a tocar, su",0.006226621089688994
1763,2,0.2890307110276049,6,6_quinta_vergara_público_quinta vergara,0.2073395762447573,14.0,14_ho_ho ho_aplauso_muchas,0.0816911347828476,Dinamita Show,2009,2000,6,6_quinta_vergara_público_quinta vergara,"Un aplauso más grande, más cariñoso, un reencuentro tan esperado, un momento tan lindo que hemos vivido esta noche aquí en la Quinta Vergara. Estamos muy felice",0.12564844146190968
3710,2,0.2586434804428919,2,2_chiste_programa_hoy hoy_chistes,0.1773307281414689,28.0,28_puta puta_noticias_puta_ta,0.081312752301423,"Paul Vásquez ""El Flaco""",2020,2020,2,2_chiste_programa_hoy hoy_chistes,"cebolla morá, queso cabra, chocapic y para bajar todo eso que comen 2 L de día. En la noche, bueno, como era 11 comía, se acuestan temprano con la guata liviani",0.09601797584004591
4117,2,0.1928362522450976,11,11_hijos_mamá_papá_hijo,0.1120665932997029,16.0,16_comida_comer_dieta_mamá,0.0807696589453947,Luis Slimming,2024,2020,5,5_colegio_niños_papá_hijo,"está o está muerto o está preso? Porque es más fácil le decía al niño, ""Oye, ¿te acordás de tu papá? No, entonces soy yo, po, huevón."" Photoshop que hay un par ",0.03129693435430819
3617,2,0.1738634752747769,5,5_colegio_niños_papá_hijo,0.0933997088081506,11.0,11_hijos_mamá_papá_hijo,0.0804637664666263,Ernesto Belloni,2020,2020,11,11_hijos_mamá_papá_hijo,"aquí. Yo sé. Pero, ¿sabéis por qué? Por culpa del copete. Pero cuando me cambió la cosa... cuando nace mi primer hijo. Cuando nació mi primer hijo me cambió tod",0.0129359423415243
318,2,0.1895317792738378,1,1_canción_almas_cantar_vivo vivo,0.1091525871016915,13.0,13_ay ay_salta salta_salta_ay,0.0803791921721463,Sandy,1993,1990,1,1_canción_almas_cantar_vivo vivo,"que es un pueblo que llora de alegría y canta de dolor, ¿les parece bien? Para después contarles los chistecitos. Si, por ejemplo, usted escucha que están canta",0.0287733949295452
4139,2,0.24806388006849223,2,2_chiste_programa_hoy hoy_chistes,0.1677177419148586,28.0,28_puta puta_noticias_puta_ta,0.0803461381536336,Lucho Miranda,2024,2020,2,2_chiste_programa_hoy hoy_chistes,"llegar a todos ustedes y decirles que yo soy uno más. Así que dicho eso, comenzamos con los juegos de Navidad. Gracias. Gracias. Gracias. Gracias. Ya. Se calma.",0.087371603761225
345,2,0.2720556112219006,10,10_maestro_hora hora_ruperto_hora,0.1918276485123145,2.0,2_chiste_programa_hoy hoy_chistes,0.0802279627095861,Sandy,1993,1990,10,10_maestro_hora hora_ruperto_hora,"y el doctor dijo: 'Que pase el que sigue'. Y ustedes han sido tan buenos. Sale del sopor de la anestesia: ""¿Cómo salió de la operación, doctor?"". ""Yo no soy doc",0.11159968580272842
25,2,0.23323993042697572,1,1_canción_almas_cantar_vivo vivo,0.1530671267551478,13.0,13_ay ay_salta salta_salta_ay,0.0801728036718279,Los Acetatos,1973,1970,1,1_canción_almas_cantar_vivo vivo,"Otra. ¿Sí? Pues ya lo ven, vuelven solos, ¿ah? Ustedes seguramente habrán escuchado ""Concierto para una sola voz"", pero nunca en la versión de esta voz única en",0.0728943230833199
2783,2,0.16657973802895149,23,23_amante_marido_mujer_matrimonio,0.0864816513420142,24.0,24_amor_dije_pa_pa pa,0.0800980866869373,Los Locos del Humor,2016,2010,7,7_vieja_suegra_abuela_abuelita,"¿Cómo está la gente de Villa Alemana? ¿Quién fue? Belloto. La alegría, ¿cómo está? Va el paraíso. Buena, compadre. Puente alto, Recoleta, Santiago. La pintana, ",0.006383564655076904
2996,2,0.3269014588790326,15,15_hombres_mujeres_mujer_hombre,0.2469611803384045,23.0,23_amante_marido_mujer_matrimonio,0.0799402785406281,"Carlos ""El Mono"" Sánchez",2017,2010,15,15_hombres_mujeres_mujer_hombre,"Porque las mujeres, con todo respeto, van de a cinco al baño, orinan con la puerta abierta, conversan mientras mean, pero nunca pegan los cachetes a la taza. La",0.1670209017977764
1650,2,0.496368857652414,15,15_hombres_mujeres_mujer_hombre,0.4164467481687006,23.0,23_amante_marido_mujer_matrimonio,0.0799221094837134,Palta Meléndez,2007,2000,15,15_hombres_mujeres_mujer_hombre,Y me han llegado las quejas a la oficina de las mujeres diciendo que los hombres son raros porque los hombres son tan raros porque se rascan y se acomodan las b,0.33652463868498717
471,2,0.4073065399918693,27,27_soltera_bebé_arturo vidal_tinder,0.3274374741703562,25.0,25_bailar_fiesta_bailemos_baile,0.0798690658215131,Paulo Iglesias,1995,1990,1,1_canción_almas_cantar_vivo vivo,"Otra cosa que está de moda: el acoso sexual. Todos los días llegan más señoras a la comisaría. «Ay, mire. He sido víctima de un acoso sexual». «¿Sabe quién fue,",0.24756840834884308
944,2,0.1761038718883875,23,23_amante_marido_mujer_matrimonio,0.0965662100774929,7.0,7_vieja_suegra_abuela_abuelita,0.0795376618108946,Coco Legrand,2000,2000,11,11_hijos_mamá_papá_hijo,"La que tuvo que mamarse más de 10 años de toque de queda por culpa de gestiones de algunos ineptos y tuve que mamarme 10 años de toque de queda, huevón. Puta, s",0.017028548266598303
4116,2,0.1771719895282547,11,11_hijos_mamá_papá_hijo,0.0979048685241451,16.0,16_comida_comer_dieta_mamá,0.0792671210041096,Luis Slimming,2024,2020,11,11_hijos_mamá_papá_hijo,"Sí. Encima yo la Mati, a mi hija, Matilda yo la conocí cuando ella tenía 4 años. Ya llevaba 4 años llamándose Matilda. Nadie me preguntó. Claro, porque no la co",0.018637747520035497
2812,2,0.1665905395706883,14,14_ho_ho ho_aplauso_muchas,0.0873414790420494,22.0,22_verdad_agradecer_emocionado_quiero agradecer,0.0792490605286389,Los Locos del Humor,2016,2010,6,6_quinta_vergara_público_quinta vergara,"Su gaviota de plata. Gracias, amor. Muchas gracias. Oh, ya. Aprovecha en este momento disfrútelo. Este es un público que se manifiesta, que quiere entregarle y ",0.008092418513410499
827,2,0.24987705192162263,1,1_canción_almas_cantar_vivo vivo,0.170663374851019,13.0,13_ay ay_salta salta_salta_ay,0.0792136770706036,Sandy,1999,1990,1,1_canción_almas_cantar_vivo vivo,"De la Sierra Morena, Cielito Lindo, viene bajando un par de ojitos negros, Cielito originado de color. Ahora, conmigo: «Ay, ay, ay, ay. Canta y no llores, porqu",0.09144969778041541
4154,2,0.3002500416629337,2,2_chiste_programa_hoy hoy_chistes,0.2212224997580051,28.0,28_puta puta_noticias_puta_ta,0.0790275419049286,Lucho Miranda,2024,2020,2,2_chiste_programa_hoy hoy_chistes,"Y he podido hablar de discapacidad sin ese tabú, sin esa pena, sin ese Ay, pobrecito. No, yo mi show de stand up, jamás queda pena, jamás queda lástima. Entonce",0.1421949578530765
1659,2,0.1882826311598773,2,2_chiste_programa_hoy hoy_chistes,0.1092919881468585,10.0,10_maestro_hora hora_ruperto_hora,0.0789906430130188,Stefan Kramer,2008,2000,2,2_chiste_programa_hoy hoy_chistes,"Muy bien. Ya tengo mi antorcha en la mano para presentar este próximo número, que es lo que todos estamos esperando. J., okay. La historia de nuestro siguiente ",0.03030134513383971
1291,2,0.2204806917764579,1,1_canción_almas_cantar_vivo vivo,0.1416217669434002,13.0,13_ay ay_salta salta_salta_ay,0.0788589248330577,Hugo Varela,2005,2000,1,1_canción_almas_cantar_vivo vivo,"Oh. Este, yo no quiero abusar de la fina presencia de ustedes, pero me gustaría hacer algo para ponerle un colofón a esto. No sé si cabe la palabra. Este... así",0.0627628421103425
768,2,0.1827852851428396,22,22_verdad_agradecer_emocionado_quiero agradecer,0.1040342146688497,14.0,14_ho_ho ho_aplauso_muchas,0.0787510704739899,Gloria Benavides,1998,1990,3,3_humor_quinta_quinta vergara_vergara,"Quizás algún día volvamos a encontrarnos. En algún escenario tal vez o en una pantalla grande. Al payaso, cantante, amiga y mamá, mujer. A Dios no quiero decir ",0.025283144194859802
1211,2,0.1638210034774361,19,19_través_mar_viña_viña mar,0.0852538957612323,17.0,17_natalia_chiqui_alison_javiera,0.0785671077162038,Sandy,2004,2000,19,19_través_mar_viña_viña mar,cuidaremos. No le queremos más a Sandy; ya nos regaló su humor. Ustedes disfrutaron de la presencia de este artista.,0.006686788045028494
1869,2,0.1586965933694447,22,22_verdad_agradecer_emocionado_quiero agradecer,0.0804015565048498,21.0,21_buenas noches_noches_buenas_pecadora,0.0782950368645949,Óscar Gangas,2011,2010,22,22_verdad_agradecer_emocionado_quiero agradecer,"Hay que escuchar al pueblo. Oye, de verdad. Me quieren. Muchas gracias. Me han dejado sin palabra, de verdad.",0.002106519640254906
353,2,0.3518443415661757,27,27_soltera_bebé_arturo vidal_tinder,0.2735640406043131,25.0,25_bailar_fiesta_bailemos_baile,0.0782803009618626,Piña Colada,1993,1990,27,27_soltera_bebé_arturo vidal_tinder,"Le damos chuchoca entonces, vos. Oye, chiquillos, vamos a seguir entonces con el baile, ¡ah! Primero, primero, las damas; esas son las que engrandecen Chile. De",0.1952837396424505
4115,2,0.1710356358364695,11,11_hijos_mamá_papá_hijo,0.0928046005326952,16.0,16_comida_comer_dieta_mamá,0.0782310353037743,Luis Slimming,2024,2020,11,11_hijos_mamá_papá_hijo,"¿Por qué Luis está lavando la loza y usted vaya a acostarse? Y yo, ah, ya. ¿Por qué bailo así en mi casa? No, pero en la raja de mi suegra me ayuda a cuidar a m",0.014573565228920893
3941,2,0.1658148352792826,17,17_natalia_chiqui_alison_javiera,0.0877020349991331,6.0,6_quinta_vergara_público_quinta vergara,0.0781128002801495,Belén Mora,2023,2020,17,17_natalia_chiqui_alison_javiera,"Buenas noches, Quinta Vergara. Muchísimas, muchísimas gracias. Muy buenas noches a Belén Mora Belenazza. Más de 10 años de carrera haciendo reír, un aplauso por",0.009589234718983597
2548,2,0.1699969155006744,12,12_perro_perrito_selva_lobo,0.0922561750861395,24.0,24_amor_dije_pa_pa pa,0.0777407404145349,Arturo Ruiz-Tagle,2015,2010,15,15_hombres_mujeres_mujer_hombre,"No, yo no soy Pokémon. Ah, no, no, yo soy emo. ¿Y por qué? Porque tengo emociones. Ahuevonado. Los góticos, unos gallos que se visten de negro, 40 grados calor,",0.014515434671604599
4045,2,0.2509944867939175,15,15_hombres_mujeres_mujer_hombre,0.1732843916682038,23.0,23_amante_marido_mujer_matrimonio,0.0777100951257137,Alison Mandel,2024,2020,15,15_hombres_mujeres_mujer_hombre,"Y después yo estaba tan enojada y no entendía por qué está tan, tan enojada, tan enojada con la situación y me di cuenta que no tenemos que enojarnos tanto con ",0.09557429654249011
3011,2,0.16865670884358408,5,5_colegio_niños_papá_hijo,0.091017773648472,11.0,11_hijos_mamá_papá_hijo,0.0776389351951121,"Juan Luis ""Jajá"" Calderón",2017,2010,5,5_colegio_niños_papá_hijo,"hijos. Miren lo que pasó con Camila Vallejo que cuando lleva a su hija al congreso, todos pusieron el grito en el cielo. Oye. No, pero Mira, mal que mal es una ",0.013378838453359895
1856,2,0.157255737205412,4,4_chileno_chile_argentino_chilenos,0.0796500404531411,9.0,9_auto_dijo dijo_micro_carabineros,0.0776056967522709,Óscar Gangas,2011,2010,5,5_colegio_niños_papá_hijo,"El guaso chileno. Si compadre que andaba haciendo una encuesta en el campo dijo: «Buenas tardes, señor. Andamos haciendo una encuesta. ¿Usted tiene hijos?». «Sí",0.0020443437008701992
4328,2,0.23986739968116438,5,5_colegio_niños_papá_hijo,0.1623742628862499,11.0,11_hijos_mamá_papá_hijo,0.0774931367949145,"Daniela ""Chiqui"" Aguayo",2025,2020,5,5_colegio_niños_papá_hijo,"yo no estaríamos viendo. ¿Sabes que igual salimos de la entrevista, papá? Y yo igual tuve una reflexión importante ese día, porque salimos y le dije a mi marido",0.0848811260913354
67,2,0.2847228467419357,10,10_maestro_hora hora_ruperto_hora,0.2073541616119001,2.0,2_chiste_programa_hoy hoy_chistes,0.0773686851300356,Gloria Benavides,1977,1970,10,10_maestro_hora hora_ruperto_hora,"¡Ay, casi me saco la peluca! Bueno, la verdad de las cosas, fíjate que yo soy un poquito como celosa. Hola, Albert. No sufras, luego te iré a verte. Como le iba",0.12998547648186448
3811,2,0.17349359103182382,16,16_comida_comer_dieta_mamá,0.0962838863247505,11.0,11_hijos_mamá_papá_hijo,0.0772097047070733,Pamela Leiva,2023,2020,11,11_hijos_mamá_papá_hijo,"Llegué a la casa de mi mamá con este secreto, no sabía quién contarle. Le conté a mi sobrina de 13 años en ese momento, le dije, ""Hijita, mira el dilema que est",0.019074181617677197
199,2,0.16935115291296687,29,29_reggaeton_calmado_dale_ten,0.0921535937463182,13.0,13_ay ay_salta salta_salta_ay,0.0771975591666487,Hugo Varela,1989,1980,1,1_canción_almas_cantar_vivo vivo,"No sé si usted no sería como ir de cuerpo, no. Eh, cada uno, o sea, desde su sitio va a trabajar pero con la mitad del cuerpo, o sea, de la cintura para arriba.",0.0149560345796695
1146,2,0.1590188110886192,6,6_quinta_vergara_público_quinta vergara,0.0818863722724825,14.0,14_ho_ho ho_aplauso_muchas,0.0771324388161367,Gloria Benavides,2002,2000,14,14_ho_ho ho_aplauso_muchas,"Si pudiera decir lo que sintiendo estoy... En este escenario en el 2002, una emoción invade mi corazón y sus aplausos llevan por donde yo voy. Tal vez en Panamá",0.004753933456345796
2445,2,0.3686711071072376,27,27_soltera_bebé_arturo vidal_tinder,0.2915451777919572,25.0,25_bailar_fiesta_bailemos_baile,0.0771259293152804,Centella,2015,2010,15,15_hombres_mujeres_mujer_hombre,"feliz. Dice, ""Sí, hoy día vamos a tener una fiesta."" Y al personal más alegre todavía, ""Bien, esos son jefes. Yuhu. Bien, jefe. Fiesta, mierda. El jefe dijo, ""L",0.21441924847667682
1204,2,0.15663750230932538,17,17_natalia_chiqui_alison_javiera,0.0795581769736474,19.0,19_través_mar_viña_viña mar,0.077079325335678,Sandy,2004,2000,19,19_través_mar_viña_viña mar,"Mi querido Sandy, feliz esta noche en Alegria. Gracias. Ha vuelto un escenario que lo ha consagrado en tres oportunidades. Y este público ha vuelto a reír con e",0.00247885163796939
347,2,0.173586078749557,3,3_humor_quinta_quinta vergara_vergara,0.0965103434835901,19.0,19_través_mar_viña_viña mar,0.0770757352659669,Piña Colada,1993,1990,3,3_humor_quinta_quinta vergara_vergara,Lo próximo es un artista nacional. Un hombre que cumple ya dos sueños en esta oportunidad: presentarse por primera vez en la televisión y debutar en el escenari,0.019434608217623203
2427,2,0.3008876689764974,21,21_buenas noches_noches_buenas_pecadora,0.2238754378441244,22.0,22_verdad_agradecer_emocionado_quiero agradecer,0.077012231132373,Centella,2015,2010,21,21_buenas noches_noches_buenas_pecadora,"Gracias. Gracias. Me me hace bien escuchar esos aplausos, la verdad, las cosas están bien asustados porque sí. Les confieso Dos guapetones en la misma noche no ",0.1468632067117514
4036,2,0.34413968268280615,11,11_hijos_mamá_papá_hijo,0.2678228621227519,16.0,16_comida_comer_dieta_mamá,0.0763168205600542,Alison Mandel,2024,2020,11,11_hijos_mamá_papá_hijo,"Pero el Pedro cumplía con todo esto y yo no sé si ustedes sabían que el Pedro, eh, tenía dos hijitos antes de conocerme. Mira, yo en algún momento le dije a Dio",0.1915060415626977
850,2,0.2550017286371886,10,10_maestro_hora hora_ruperto_hora,0.178700322871339,2.0,2_chiste_programa_hoy hoy_chistes,0.0763014057658496,Sandy,1999,1990,10,10_maestro_hora hora_ruperto_hora,"Dios los bendiga, gracias de todo corazón. Sale del soporte de la anestesia dice, ""¿Cómo salí de la operación, doctor?"" Yo no soy doctor, soy San Pedro. Con raz",0.1023989171054894
2079,2,0.4558739297272103,7,7_vieja_suegra_abuela_abuelita,0.3795736555365901,23.0,23_amante_marido_mujer_matrimonio,0.0763002741906202,Los Atletas de la Risa,2013,2010,7,7_vieja_suegra_abuela_abuelita,"¿Sabes qué más? Estoy pensando seriamente en vender a mi señora. ¿Vais a vender a tu señora? Chino, te la vendo. ¿Y para qué la quiero vender? Bueno, pues usted",0.30327338134596993
4368,2,0.19306686500506448,4,4_chileno_chile_argentino_chilenos,0.1169738411168632,0.0,0_presidente_país_huevón_pesos,0.0760930238882013,Edo Caroe,2025,2020,0,0_presidente_país_huevón_pesos,"Muchas gracias. Muchas gracias. Me gustó hacer humor en España, pero no puedo dejar de hacer humor en este país. Es impresionante las huevadas que pasan en Chil",0.040880817228661895
350,2,0.20806377904633883,13,13_ay ay_salta salta_salta_ay,0.1321779022890499,29.0,29_reggaeton_calmado_dale_ten,0.0758858767572889,Piña Colada,1993,1990,13,13_ay ay_salta salta_salta_ay,"A ver, vamos a ver. Se ven con ganas de sacotear, parece, ¿ah? A ver, vamos a ver. Vamos a cambiar con el grupo Corteza. Yo voy a decir «bailaste» y ustedes van",0.056292025531761006
217,2,0.1650643716919017,12,12_perro_perrito_selva_lobo,0.0892599197556852,24.0,24_amor_dije_pa_pa pa,0.0758044519362165,Pujillay,1990,1990,17,17_natalia_chiqui_alison_javiera,"Andrea, puros caníbales, llenos de caníbales. Llega la mujer caníbal a la carnicería de caníbales: «Diga nomás, señora caníbal». «Me da medio kilo explorador, p",0.0134554678194687
4003,2,0.1719455459442796,10,10_maestro_hora hora_ruperto_hora,0.0961678181125918,2.0,2_chiste_programa_hoy hoy_chistes,0.0757777278316878,Fabrizio Copano,2023,2020,2,2_chiste_programa_hoy hoy_chistes,"Eh, ah no, por ahí está, por ahí está Luisito. ¿Dónde está Luisito? Comunica. No se comunica, Luisito, ¿dónde? Comunícate. Comunícate, Luisito. No. La cosa es q",0.020390090280903994
631,2,0.20917339788039951,1,1_canción_almas_cantar_vivo vivo,0.1335571864014643,13.0,13_ay ay_salta salta_salta_ay,0.0756162114789352,Gilberto Gless,1997,1990,1,1_canción_almas_cantar_vivo vivo,¿Qué es lo que pasa cuando te sientes solo? ¿Qué es lo que pasa cuando te sientes solo? ¿Qué es lo que pasa cuando te sientes solo? ¿Qué es lo que te sientes cu,0.0579409749225291
1731,2,0.1639799973053703,6,6_quinta_vergara_público_quinta vergara,0.0883646954719929,14.0,14_ho_ho ho_aplauso_muchas,0.0756153018333774,Profesor Salomón y Tutu-Tutu,2008,2000,13,13_ay ay_salta salta_salta_ay,"este cordial aplauso. Muchas gracias. Vamos a hacer una pequeña pausa comercial, pero sin antes decirles que ya se acerca Coti, nuestro jurado, que va a hacer u",0.012749393638615492
2261,2,0.1664877197998446,27,27_soltera_bebé_arturo vidal_tinder,0.0916459181955803,24.0,24_amor_dije_pa_pa pa,0.0748418016042643,Jorge Alís,2014,2010,6,6_quinta_vergara_público_quinta vergara,"pide que sigas. Por lo tanto, Jorge, te dejamos sobre el escenario la Quinta Vergara. ¡Jorge Alice! ¿Dónde mierda estaba? El hombre no mira los culos, mujeres. ",0.01680411659131599
4419,2,0.2004211133326059,22,22_verdad_agradecer_emocionado_quiero agradecer,0.1256276225764269,14.0,14_ho_ho ho_aplauso_muchas,0.074793490756179,Juan Pablo López,2025,2020,22,22_verdad_agradecer_emocionado_quiero agradecer,"Muy buenas noches, Villa. ¡Qué gran aplauso, qué gran recibimiento! Muchas gracias, estoy muy contento, estoy muy emocionado de estar esta noche acá. Lo espero ",0.0508341318202479
1434,2,0.15914625399821258,13,13_ay ay_salta salta_salta_ay,0.0844202669038569,1.0,1_canción_almas_cantar_vivo vivo,0.0747259870943557,Carlos García,2006,2000,1,1_canción_almas_cantar_vivo vivo,"¡Ay, ay, ay, ay! ¡Ja, ja! El idioma te agradece. Me sale del alma: gritar con valor, abrir todo el pecho, echar este grito. Él no es calizo, palabra",0.009694279809501202
1772,2,0.1526205691955258,16,16_comida_comer_dieta_mamá,0.0781013016469589,11.0,11_hijos_mamá_papá_hijo,0.0745192675485669,Manpoval,2009,2000,11,11_hijos_mamá_papá_hijo,"«Mamá, mamá, no me esperen esta noche». «¿Y por qué, hijo?». «Porque ya llegué». Vamos a reír, a reír, a reír, vamos a jugar, a jugar con los chistecitos que tr",0.0035820340983920007
2293,2,0.22312119016402948,1,1_canción_almas_cantar_vivo vivo,0.1486131895860591,13.0,13_ay ay_salta salta_salta_ay,0.0745080005779704,Rudy Rey,2014,2010,1,1_canción_almas_cantar_vivo vivo,"Y las palmas arriba. Directamente de los Estados Unidos, el tema que la está rompiendo New York y cantada en inglés pues por Américo. en the window open the doo",0.0741051890080887
817,2,0.15243097887995521,24,24_amor_dije_pa_pa pa,0.0780026425939597,12.0,12_perro_perrito_selva_lobo,0.0744283362859955,Los Indolatinos,1999,1990,9,9_auto_dijo dijo_micro_carabineros,"uno normal y el otro jorobado. Hola, jorobado, ¿cómo estáis? Bien, pues. Oye, ¿qué estáis haciendo ahora? Estudiando derecho. Ah, ¿y andáis de vacaciones? El je",0.003574306307964195
597,2,0.2370434321847355,11,11_hijos_mamá_papá_hijo,0.162776371277703,16.0,16_comida_comer_dieta_mamá,0.0742670609070325,Dino Gordillo,1997,1990,11,11_hijos_mamá_papá_hijo,"esa pega no la puede hacer tu papá. No, tiene que ser el toro. Gracias, muy amable. Gracias, muchísimas gracias por ese cariño. Y son así como esas dos guagüita",0.0885093103706705
3597,2,0.2331097927866109,24,24_amor_dije_pa_pa pa,0.1590808257418139,27.0,27_soltera_bebé_arturo vidal_tinder,0.074028967044797,Ernesto Belloni,2020,2020,24,24_amor_dije_pa_pa pa,"hermoso. Esos son... A mí la primera polla me dijo: ""Ay"", me dijo, ""¿te parece que vayamos caminando a la playa a mirar la puesta de sol? ¿Nos sentamos en la ar",0.0850518586970169
182,2,0.2496269600234296,1,1_canción_almas_cantar_vivo vivo,0.1756570850947271,13.0,13_ay ay_salta salta_salta_ay,0.0739698749287025,Hugo Varela,1989,1980,1,1_canción_almas_cantar_vivo vivo,"Gracias, muchacho. Si tus ojos negros me quieren pisar... si en mi corazón para no es tu risa leve... ¿Quién es el cantante? ¿Quién es aquí? ¿Quién es tu herman",0.10168721016602461
1653,2,0.6283489758410865,15,15_hombres_mujeres_mujer_hombre,0.5544664345772328,23.0,23_amante_marido_mujer_matrimonio,0.0738825412638537,Palta Meléndez,2007,2000,15,15_hombres_mujeres_mujer_hombre,Y me han llegado cartas de los hombres diciendo que las mujeres son raras porque Siempre van juntas al baño. Hacen pipí sentadas. Tienen la sonrisa vertical. ¿L,0.4805838933133791
4,2,0.19034080936698988,2,2_chiste_programa_hoy hoy_chistes,0.1166065070043308,10.0,10_maestro_hora hora_ruperto_hora,0.0737343023626591,Tato Cifuentes,1973,1970,2,2_chiste_programa_hoy hoy_chistes,"Les voy a hacer una invitación de un personaje o de algo que tenemos todos los seres humanos, porque mientras más años uno vive, más se da cuenta que todos los ",0.0428722046416717
2338,2,0.15671863196168861,1,1_canción_almas_cantar_vivo vivo,0.0838678407714023,13.0,13_ay ay_salta salta_salta_ay,0.0728507911902863,Payahop,2014,2010,1,1_canción_almas_cantar_vivo vivo,"hermano, nivel, Dios. Hey hey hey, que no pare la fiesta. Hey hey hey, la gente la que no pare la fiesta. Oye. Hey hey hey, acá. Oye oye oye no no no no. Chiqui",0.011017049581116004
4006,2,0.1801093790536673,22,22_verdad_agradecer_emocionado_quiero agradecer,0.1074546752606142,14.0,14_ho_ho ho_aplauso_muchas,0.0726547037930531,Fabrizio Copano,2023,2020,22,22_verdad_agradecer_emocionado_quiero agradecer,"muchas gracias. Es bacán sentir su energía y también a los que están acá abajo, por supuesto, pero a los que están allá lejos, los que nos ven chiquititos, much",0.0347999714675611
4029,2,0.16763265320260712,12,12_perro_perrito_selva_lobo,0.0950134863845995,24.0,24_amor_dije_pa_pa pa,0.0726191668180076,Alison Mandel,2024,2020,27,27_soltera_bebé_arturo vidal_tinder,"«Ay, aquí está el nuevo huevón. A ver, muéstrame la foto, pues, huevón. Ahí está». Y el amigo de toda la vida agarra el teléfono y hace esto: «Oh. Hasta yo te c",0.022394319566591894
4349,2,0.199806750765967,5,5_colegio_niños_papá_hijo,0.1274540245614178,11.0,11_hijos_mamá_papá_hijo,0.0723527262045492,"Daniela ""Chiqui"" Aguayo",2025,2020,5,5_colegio_niños_papá_hijo,colegio había una mamá que escribía cuento. Yo sé que perdió todas las competencias de maternidad y esta no la voy a perder. ¿Qué hay tan difícil puede ser escr,0.0551012983568686
4506,2,0.155257196580513,0,0_presidente_país_huevón_pesos,0.0832646488840625,9.0,9_auto_dijo dijo_micro_carabineros,0.0719925476964505,Pedro Ruminot,2025,2020,9,9_auto_dijo dijo_micro_carabineros,"Hace unos años inventaron otra ley, la ley de los chalecos amarillos. Todos comprando chalecos amarillos. Huevones que no tenían ni auto con chaleco amarillo. H",0.011272101187612002
1788,2,0.5047173989607266,2,2_chiste_programa_hoy hoy_chistes,0.4328397438458556,10.0,10_maestro_hora hora_ruperto_hora,0.071877655114871,Coco Legrand,2010,2010,2,2_chiste_programa_hoy hoy_chistes,Hace 20 años atrás construí una sala de espectáculo que se llama Circus OK. Providencia 1176. Su casa. Y lo hice porque siempre pensé que para poder ser artista,0.3609620887309846
3211,2,0.1495712240948558,14,14_ho_ho ho_aplauso_muchas,0.07788884364092,6.0,6_quinta_vergara_público_quinta vergara,0.0716823804539358,Bombo Fica,2018,2010,6,6_quinta_vergara_público_quinta vergara,"Sé que disfrutas mirando el ballet, las luces, el brillo y tú ese glamour. Sospechas también. Fuerte el aplauso, mi amor, estamos felices de estar acá muy agrad",0.006206463186984201
151,2,0.1601418238445638,14,14_ho_ho ho_aplauso_muchas,0.0885247436331575,6.0,6_quinta_vergara_público_quinta vergara,0.0716170802114063,Coco Legrand,1980,1980,3,3_humor_quinta_quinta vergara_vergara,"es el aplauso de todos ustedes. Llegamos a un momento estelar, momento de premiación en Viña del Mar frente a la orquesta el maestro Horacio Saavedra.",0.016907663421751207
1458,2,0.14869907994692988,20,20_hermana_fea_curado_marihuana,0.0771861229307719,24.0,24_amor_dije_pa_pa pa,0.071512957016158,Julio Sabala,2006,2000,20,20_hermana_fea_curado_marihuana,"Ne grita mi hermana, o la de papel volando, ne grita mi hermana. Ne grita mi hermana. Pero no le digas cuando así me dijiste a mí. Por eso vivo penando. 3 7 0 4",0.005673165914613906
4447,2,0.4059689058145152,2,2_chiste_programa_hoy hoy_chistes,0.3347111901972412,28.0,28_puta puta_noticias_puta_ta,0.071257715617274,Juan Pablo López,2025,2020,2,2_chiste_programa_hoy hoy_chistes,"No. Ni siquiera aprovechamos la la tecnología, ni siquiera aprovechamos bien las redes sociales. Siento que hay mucha gente que aporta a las redes sociales que ",0.2634534745799672
3755,2,0.1549046558074931,5,5_colegio_niños_papá_hijo,0.0837324910419209,11.0,11_hijos_mamá_papá_hijo,0.0711721647655722,Pedro Ruminot,2020,2020,5,5_colegio_niños_papá_hijo,"Gracias, viña. Así que vamos a tener un hijo, como le decía, mi señora rubia, ojos claros, yo moreno, ¿qué vamos a tener? Un sunita. El Pedrito claro. Va a ser ",0.012560326276348704
381,2,0.22767565629163472,1,1_canción_almas_cantar_vivo vivo,0.1566093128688972,13.0,13_ay ay_salta salta_salta_ay,0.0710663434227375,Julio Sabala,1994,1990,1,1_canción_almas_cantar_vivo vivo,"Welcome to New York, New York. Welcome to New York, New York. Star Straight in the News I'm living today. I want to see a fire with New York, New York. Things I",0.0855429694461597
1682,2,0.2192933096223646,2,2_chiste_programa_hoy hoy_chistes,0.1484222838850122,10.0,10_maestro_hora hora_ruperto_hora,0.0708710257373524,Stefan Kramer,2008,2000,2,2_chiste_programa_hoy hoy_chistes,"No, si yo veo teles, fanático, fanático de la tele. ¿Te cuento algo? Fanático, veo mucha tele, mucho, mucho Lucho. Soy un chico tranquilo. Tratando de no ser ma",0.07755125814765979
2542,2,0.3249541181362908,15,15_hombres_mujeres_mujer_hombre,0.2541428525479029,23.0,23_amante_marido_mujer_matrimonio,0.0708112655883879,Arturo Ruiz-Tagle,2015,2010,15,15_hombres_mujeres_mujer_hombre,"Ustedes que tienen mujer ahora, péguense una piedra en los dientes, es muy difícil tener mujer porque ahora las mujeres tienen el poder, cacha que elegimos para",0.183331586959515
2657,2,0.1506887013635574,27,27_soltera_bebé_arturo vidal_tinder,0.0800421967492773,24.0,24_amor_dije_pa_pa pa,0.0706465046142801,Rodrigo González,2016,2010,11,11_hijos_mamá_papá_hijo,"La última vez, hace 1 año. Yo me he separado más veces que los prisioneros, huevón. La última vez hace 1 año y salir al mercado sexual a los 47 años con esta ca",0.009395692134997205
3333,2,0.1484356203889995,24,24_amor_dije_pa_pa pa,0.0778283132673265,27.0,27_soltera_bebé_arturo vidal_tinder,0.070607307121673,Alison Mandel,2018,2010,15,15_hombres_mujeres_mujer_hombre,"y al lado de él, mi marido. Que es más chiquitito que si sale a la calle y hace pipí y se lo llevan preso. Y lo primero que uno hace cuando le gusta a alguien e",0.007221006145653505
1932,2,0.2550922368615962,10,10_maestro_hora hora_ruperto_hora,0.1847576074825012,2.0,2_chiste_programa_hoy hoy_chistes,0.070334629379095,Dinamita Show,2012,2010,10,10_maestro_hora hora_ruperto_hora,"Me dio sed. Improvisa con eso, mira, una bebida cola. Una bebida cola. Todos saben qué bebida es, porque tuvimos que sacarle la cuestión porque la producción di",0.1144229781034062
33,2,0.1641191676380827,5,5_colegio_niños_papá_hijo,0.0938026891334845,11.0,11_hijos_mamá_papá_hijo,0.0703164785045982,Tato Cifuentes,1974,1970,5,5_colegio_niños_papá_hijo,"Mira, yo te he dicho muchas veces que los niños no hacen ciertas preguntas. No, papito, no. Usted siempre me ha dicho que los niñitos cuando no saben tienen que",0.023486210628886298
2272,2,0.1963564884592382,21,21_buenas noches_noches_buenas_pecadora,0.1260413404913521,22.0,22_verdad_agradecer_emocionado_quiero agradecer,0.0703151479678861,Jorge Alís,2014,2010,15,15_hombres_mujeres_mujer_hombre,"acá en la prueba de sonido que fue extraordinaria. Espero que estén calientes, che. Así que nos ponen calientes, más calientes a nosotros. Chao, les quiero much",0.055726192523466
3268,2,0.178768446161769,2,2_chiste_programa_hoy hoy_chistes,0.1087578544529423,10.0,10_maestro_hora hora_ruperto_hora,0.0700105917088267,Stefan Kramer,2018,2010,2,2_chiste_programa_hoy hoy_chistes,Quiero mandarle un saludo muy especial al canal histórico del Festival Internacional de la Canción de Viña del Mar y los quiero invitar para que vean un espectá,0.03874726274411559
382,2,0.1704851792664745,21,21_buenas noches_noches_buenas_pecadora,0.1004971856335016,22.0,22_verdad_agradecer_emocionado_quiero agradecer,0.0699879936329729,Julio Sabala,1994,1990,1,1_canción_almas_cantar_vivo vivo,"Ah, gracias por eso de vez. Wanna make it that I wanna make it. Anyway, estoy feliz. Lo estoy en piña, lo estoy. Ah, gracias, mi amor. Gracias, gracias, thank y",0.030509192000528707
3923,2,0.22818829476269642,11,11_hijos_mamá_papá_hijo,0.1582036309192846,16.0,16_comida_comer_dieta_mamá,0.0699846638434118,Belén Mora,2023,2020,11,11_hijos_mamá_papá_hijo,"Porque quiero ser la mejor mamá del mundo. No por mi hijo, me importa un pico lo que piensa ese huevón. Yo quiero ser la mejor mamá del mundo porque quiero ser ",0.0882189670758728
2564,2,0.1777583608640603,2,2_chiste_programa_hoy hoy_chistes,0.1077739343200018,10.0,10_maestro_hora hora_ruperto_hora,0.0699844265440585,Arturo Ruiz-Tagle,2015,2010,2,2_chiste_programa_hoy hoy_chistes,"su ética, su moral, sus buenas costumbres, si ofendí mancillé el honor de algún ídolo o algún líder de ustedes, créanme que lo hice de todo corazón. Buenas noch",0.03778950777594331
3473,2,0.14470739255855208,5,5_colegio_niños_papá_hijo,0.0748302786664893,18.0,18_doctor_farmacia_examen_consulta,0.0698771138920628,Mauricio Palma,2019,2010,5,5_colegio_niños_papá_hijo,"aplauso para todos ustedes. Muchas gracias por esta invitación, de verdad. Pero yo no siempre me dediqué a esto. Yo soy psicólogo. ¿No me creen? ¿No? No, yo soy",0.004953164774426491
2316,2,0.1470753556834284,17,17_natalia_chiqui_alison_javiera,0.0772793332187383,3.0,3_humor_quinta_quinta vergara_vergara,0.0697960224646901,Gigi Martin,2014,2010,3,3_humor_quinta_quinta vergara_vergara,"Piña del Mar le entrega todo el cariño a Chichi Martin. Que esta noche los conquistó, conquistó el monstruo de la Quinta Vergara. Él estaba nervioso, estaba ans",0.007483310754048192
1885,2,0.2743571424244048,21,21_buenas noches_noches_buenas_pecadora,0.2046173691697314,22.0,22_verdad_agradecer_emocionado_quiero agradecer,0.0697397732546734,Ricardo Meruane,2011,2010,21,21_buenas noches_noches_buenas_pecadora,"Gracias, gracias, muy amable, gracias, gracias, muy amable, gracias, así nomás. Se acepta todo. Gracias por el apoyo a los muristas chilenos, muy amable, gracia",0.134877595915058
3928,2,0.157047130491351,18,18_doctor_farmacia_examen_consulta,0.0875626177980139,9.0,9_auto_dijo dijo_micro_carabineros,0.0694845126933371,Belén Mora,2023,2020,11,11_hijos_mamá_papá_hijo,"estamos chatas de cocinar, cuando ya no queremos más guerra después del 18. La nunca bien ponderada papa. Dígalo fuerte, vos. Papa. Me quedó tan linda la ensala",0.018078105104676806
2952,2,0.2698492844203161,15,15_hombres_mujeres_mujer_hombre,0.2004990254438884,23.0,23_amante_marido_mujer_matrimonio,0.0693502589764277,"Daniela ""Chiqui"" Aguayo",2017,2010,15,15_hombres_mujeres_mujer_hombre,"Y en el baño de mujeres hay otro momento que se manifiesta la solidaridad, porque tú nunca vas a ver a una mujer en el baño vomitando sola, nunca. Uno siempre v",0.1311487664674607
1357,2,0.13862349893011588,0,0_presidente_país_huevón_pesos,0.069320002380441,9.0,9_auto_dijo dijo_micro_carabineros,0.0693034965496749,Paulo Iglesias,2005,2000,9,9_auto_dijo dijo_micro_carabineros,"Felicidades, gracias. Oye, la verdad que nuestro país es un país que se está modernizando, ¿no? Para eso traemos inventos de afuera, para modernizar nuestro paí",1.6505830766108676e-05
776,2,0.1619589129052558,24,24_amor_dije_pa_pa pa,0.0926881463831671,12.0,12_perro_perrito_selva_lobo,0.0692707665220887,Dino Gordillo,1998,1990,16,16_comida_comer_dieta_mamá,"Uno que tiene cabra de 15 años que hay andar con los que porque los andan volando ya. Llegáis cansado a la casa bien día, ya aspirando, queréis llegar a tu casa",0.02341737986107839
362,2,0.1547118106480629,13,13_ay ay_salta salta_salta_ay,0.0855232266497824,1.0,1_canción_almas_cantar_vivo vivo,0.0691885839982805,Piña Colada,1993,1990,13,13_ay ay_salta salta_salta_ay,"Despacito. Este es para todas las chiquillas de la Quinta del Cara. Ojo, pongan oídos, dice: de los artistas que hay aquí, todos le gustan en general. ¡Anda, gu",0.016334642651501904
3840,2,0.1617118848999249,14,14_ho_ho ho_aplauso_muchas,0.0925837722815974,6.0,6_quinta_vergara_público_quinta vergara,0.0691281126183275,Pamela Leiva,2023,2020,6,6_quinta_vergara_público_quinta vergara,"Perseguiste tus sueños. Esa noche lo lograste, aunque muchos no lo creían. Apoyada por tu familia, por la Sra. María viéndote en la casa, por el Gine aquí. ¿Cóm",0.0234556596632699
3769,2,0.2349447106631802,7,7_vieja_suegra_abuela_abuelita,0.1658930085407867,16.0,16_comida_comer_dieta_mamá,0.0690517021223935,Pedro Ruminot,2020,2020,7,7_vieja_suegra_abuela_abuelita,"no tienen nada. El periodista insiste y le dice, ""Señora, ¿cuál era su gran dolor?"" Uy, mi tía, huevón. Mi tía es la clásica señora que cuando matan a alguien e",0.0968413064183932
2673,2,0.1411210396787798,5,5_colegio_niños_papá_hijo,0.0720945270537619,26.0,26_celular_pegado_teléfono_whatsapp,0.0690265126250179,Rodrigo González,2016,2010,9,9_auto_dijo dijo_micro_carabineros,"Los tiempos cambiaron y no sé si para mejor. Antes uno jugaba en la calle en pasajes sin rejas. sin guardias, sin al sin alambrado. No parecía Colonia 1. No. La",0.0030680144287440064
642,2,0.20606098117740201,2,2_chiste_programa_hoy hoy_chistes,0.137065046239112,10.0,10_maestro_hora hora_ruperto_hora,0.06899593493829,Palta Meléndez,1997,1990,2,2_chiste_programa_hoy hoy_chistes,"Yes. Me tiré en reñir que vine a caer aquí. Yes. Estoy más machucado. Tranquilo, muchachos. Tranquilo. Yes. La verdad de las cosas que mi tío en Reñaca viene a ",0.06806911130082201
1664,2,0.1832994187850588,2,2_chiste_programa_hoy hoy_chistes,0.1143194565848396,28.0,28_puta puta_noticias_puta_ta,0.0689799622002192,Stefan Kramer,2008,2000,2,2_chiste_programa_hoy hoy_chistes,"¿Quién no te sigue el Comparini? Eh, y yo lo encontré una gran idea, eh, un animador sin grandes novedades, distinto, alternativo, pero ojo, que también tengo l",0.0453394943846204
3525,2,0.2075767186224074,2,2_chiste_programa_hoy hoy_chistes,0.1386897777801062,10.0,10_maestro_hora hora_ruperto_hora,0.0688869408423012,Mauricio Palma,2019,2010,2,2_chiste_programa_hoy hoy_chistes,"Oye, chiquillo, de verdad, muchas gracias. Violento Parra, ¿le gustó Violento Parra? ¿En serio? Oye, es una locura, la verdad es que ahora hoy no sé qué hueá vo",0.069802836937805
4314,2,0.14716195457885978,11,11_hijos_mamá_papá_hijo,0.078599536946232,16.0,16_comida_comer_dieta_mamá,0.0685624176326278,"Daniela ""Chiqui"" Aguayo",2025,2020,11,11_hijos_mamá_papá_hijo,"y 9 años después de mucho intento, me acuerdo, como si fuera hoy día, cuando fui a ver el test, todo meado, emocionado. Mira, con la misma mamá no pedí hora al ",0.010037119313604195
577,2,0.2111110124420884,12,12_perro_perrito_selva_lobo,0.1426832741949323,24.0,24_amor_dije_pa_pa pa,0.0684277382471561,Dinamita Show,1996,1990,12,12_perro_perrito_selva_lobo,"Calmado, loco, y al final ando bien. Hola, ¿qué pasa? Estamos con los cabros forestales, mira flores arriba del paraíso, pues loco ahí. Ya, ya, tranquilo. Mucho",0.07425553594777619
1280,2,0.15823621925276898,1,1_canción_almas_cantar_vivo vivo,0.0898460869063375,13.0,13_ay ay_salta salta_salta_ay,0.0683901323464315,Hugo Varela,2005,2000,1,1_canción_almas_cantar_vivo vivo,día que me quieras no habrá más que armonía. Será clara la aurora y alegre el mar ardiente. Te enciende la brisa rumor de melodías y nos hará su canto de crista,0.021455954559905996
3522,2,0.2530422911550703,1,1_canción_almas_cantar_vivo vivo,0.1847125639205239,13.0,13_ay ay_salta salta_salta_ay,0.0683297272345464,Mauricio Palma,2019,2010,1,1_canción_almas_cantar_vivo vivo,"Me prendí. ¿Quiere cantar? De mi proyecto King: ""tricycle, tricycle, I want to ride my tricycle"". ¿Lo oigan, no? Oh, Salut Sia, Salut Sia, Salut Sia Never Go. G",0.1163828366859775
55,2,0.17726079779747028,12,12_perro_perrito_selva_lobo,0.1089488820569027,24.0,24_amor_dije_pa_pa pa,0.0683119157405676,Los Muleros,1976,1970,12,12_perro_perrito_selva_lobo,"Dije: «Chao». Dije: «Chao, pero chao, chao, chao». Dije: «Chao, pero chao, chao, chao». Dije: «Chao, pero chao, chao, chao». Dije: «Chao». Quedé instalado en un",0.04063696631633511
3060,2,0.1440663117301933,18,18_doctor_farmacia_examen_consulta,0.075771911317332,5.0,5_colegio_niños_papá_hijo,0.0682944004128613,Rodrigo Villegas,2017,2010,18,18_doctor_farmacia_examen_consulta,"Hace el América, huevón, no estamos todos ajá. De verdad, y me hizo un examen raro. Me hizo la curva de la insulina, la curva de la glucosa y me hizo un examen ",0.0074775109044706994
304,2,0.21512087992896078,10,10_maestro_hora hora_ruperto_hora,0.1468457159022791,2.0,2_chiste_programa_hoy hoy_chistes,0.0682751640266817,Lucho Navarro,1992,1990,10,10_maestro_hora hora_ruperto_hora,"Le voy a decir la verdad, muchas gracias. Yo no quiero hacer los ruidos porque que se empiezo no va a faltar el que diga, ""Otra vez siempre hace lo mismo."" Pero",0.0785705518755974
13,2,0.2579517670283437,1,1_canción_almas_cantar_vivo vivo,0.1897558866900503,13.0,13_ay ay_salta salta_salta_ay,0.0681958803382934,Los Acetatos,1973,1970,1,1_canción_almas_cantar_vivo vivo,"Y cumpliendo numerosas peticiones, ahora le voy a cantar un bolero, ""Dos almas"". Dame todo, Nubo. Ajá. Dos almas que unidas yo... Dos almas que se amaban. Eso e",0.12156000635175691
555,2,0.1472547969076976,22,22_verdad_agradecer_emocionado_quiero agradecer,0.0790644896661219,14.0,14_ho_ho ho_aplauso_muchas,0.0681903072415757,Dinamita Show,1996,1990,6,6_quinta_vergara_público_quinta vergara,Ahora sí. Ahora saluda. Él dice que está muy contento de volver acá a Chile y que es la primera vez que trabaja después de que lo operaron. Dice que gracias. ¡A,0.0108741824245462
3704,2,0.1608625326805765,25,25_bailar_fiesta_bailemos_baile,0.0927010566839486,29.0,29_reggaeton_calmado_dale_ten,0.0681614759966279,"Paul Vásquez ""El Flaco""",2020,2020,25,25_bailar_fiesta_bailemos_baile,vamos a ir a perrear. A perrear en el 78. Esa palabra del perreo era una perra con un perro. Y cuando te invitaban a perrear era ir a tirarle agua cuando quedan,0.024539580687320692
4220,2,0.22208280995425222,7,7_vieja_suegra_abuela_abuelita,0.1539215370597155,16.0,16_comida_comer_dieta_mamá,0.0681612728945367,Alex Ortiz,2024,2020,7,7_vieja_suegra_abuela_abuelita,"la experiencia... de repente la la pillaba mi vieja mirando por la ventana. ""¿Qué está haciendo, mamita, con la escoba?"". ""No, estoy mirando"". ""Pero ¿qué está m",0.0857602641651788
972,2,0.4126976253194697,25,25_bailar_fiesta_bailemos_baile,0.3446566322330375,27.0,27_soltera_bebé_arturo vidal_tinder,0.0680409930864322,Coco Legrand,2000,2000,25,25_bailar_fiesta_bailemos_baile,"Y tú te dais cuenta ahí, mira, la fiesta puede ser más o menos, pero lo que realmente llama la atención es la ceremonia religiosa. Oh. Como el chileno agrandado",0.2766156391466053
367,2,0.24867242154929392,1,1_canción_almas_cantar_vivo vivo,0.1806615471888937,13.0,13_ay ay_salta salta_salta_ay,0.0680108743604002,Piña Colada,1993,1990,1,1_canción_almas_cantar_vivo vivo,"...estás aquí. Yo te canto a ti, hermosa, alegremente. Esta canción es mi... «Para cantar, merengue para gozar, merengue, merengue. Merengue para cantar...». El",0.11265067282849352
1059,2,0.2628660944030733,1,1_canción_almas_cantar_vivo vivo,0.1948934574403919,13.0,13_ay ay_salta salta_salta_ay,0.0679726369626814,Memo Bunke y Natalia Cuevas,2001,2000,1,1_canción_almas_cantar_vivo vivo,"No sí. La yegua. La yegua. La yegua. La yegua. La zona Sancho que parpadeó. La canción que nunca cante. Aquí la luna en la playa. Canta su fulgor platino, el fa",0.12692082047771053
2166,2,0.1850629632717578,2,2_chiste_programa_hoy hoy_chistes,0.1171558834271518,10.0,10_maestro_hora hora_ruperto_hora,0.067907079844606,Bastián Paz,2013,2010,2,2_chiste_programa_hoy hoy_chistes,"¿Qué le dijo el burro, el burro al plasma de 43 pulgadas? El burro al plasma de 43 pulgadas. ¿Qué le dijo? El de 43 pulgadas: «Yo, amigo, tú eres puro pantalla»",0.0492488035825458
4401,2,0.2590115580533766,5,5_colegio_niños_papá_hijo,0.1911105231250368,11.0,11_hijos_mamá_papá_hijo,0.0679010349283398,Edo Caroe,2025,2020,5,5_colegio_niños_papá_hijo,"Entonces, claro, es como perfecto, todo lo sé. Es verdad, es inteligente, es inteligente, muy inteligente, de hecho, Martín va a la universidad, fue a la univer",0.12320948819669698
1147,2,0.1484214985761224,14,14_ho_ho ho_aplauso_muchas,0.0805708059224465,6.0,6_quinta_vergara_público_quinta vergara,0.0678506926536759,Gloria Benavides,2002,2000,3,3_humor_quinta_quinta vergara_vergara,"que estuvieron con el anito. Gracias a todos por este cariño, maestro. Perdón, maestro. Quisiera pedirle un favor. Hoy es un día muy especial para mí. Esta es m",0.012720113268770608
1018,2,0.1419261724527019,13,13_ay ay_salta salta_salta_ay,0.0741355114692984,10.0,10_maestro_hora hora_ruperto_hora,0.0677906609834035,"Daniel Muñoz ""El Carmelo""",2001,2000,1,1_canción_almas_cantar_vivo vivo,"¡Párate! Salude a tu güelito, te agradece, te agradece, te agradece. ¡Apele! Vamos a ver aquí, la quita está llena de chilenos, mire. ¡Uy! ¡Uy! ¡Uy! ¡Uy, ahora ",0.006344850485894907
107,2,0.2236426444546277,1,1_canción_almas_cantar_vivo vivo,0.1558949564910542,13.0,13_ay ay_salta salta_salta_ay,0.0677476879635735,Edmundo Arrocet,1978,1970,1,1_canción_almas_cantar_vivo vivo,Esta noche vamos a recordar a un cantante norteamericano que se nos fue para siempre de todos de nosotros. Siempre hay un año en que nos pasan cosas tristes. Va,0.0881472685274807
295,2,0.1374654961666484,6,6_quinta_vergara_público_quinta vergara,0.0697521917088808,14.0,14_ho_ho ho_aplauso_muchas,0.0677133044577676,Hermógenes Conache,1991,1990,26,26_celular_pegado_teléfono_whatsapp,"Muchas gracias. Realmente, muchas gracias. La Este cuento que voy a relatar a continuación, con todo respeto, lo voy a hacer al pedido general de una sola perso",0.002038887251113203
568,2,0.5248761739757966,2,2_chiste_programa_hoy hoy_chistes,0.4573412338517851,10.0,10_maestro_hora hora_ruperto_hora,0.0675349401240115,Dinamita Show,1996,1990,2,2_chiste_programa_hoy hoy_chistes,"Escúchame, no importa que no tengas dinero porque uno en el teatro hace que todo que es pero no es. O sea, es una fantasía. Es pero no es. ¿Vale? Todo es como e",0.3898062937277736
3672,2,0.1671801068204991,13,13_ay ay_salta salta_salta_ay,0.0996608875617849,29.0,29_reggaeton_calmado_dale_ten,0.0675192192587142,"Paul Vásquez ""El Flaco""",2020,2020,3,3_humor_quinta_quinta vergara_vergara,"Metiéndole al plaquito, al plaquito, un bailoteo en cada que está de coraje y no te sale. Plaquito, plaquito, metiéndole al bum, dándole al bum, gritándole plaq",0.032141668303070706
1929,2,0.2203056532888231,10,10_maestro_hora hora_ruperto_hora,0.152904205765723,2.0,2_chiste_programa_hoy hoy_chistes,0.0674014475231001,Dinamita Show,2012,2010,10,10_maestro_hora hora_ruperto_hora,"el hospital, po. Enfermito. Así que tengo que ir a buscar pega a una agencia de publicidad. Y fui a hacerme y fui a hacerme un casting en Denver. No, no, no, un",0.0855027582426229
3752,2,0.4933797316759746,11,11_hijos_mamá_papá_hijo,0.4260389167430591,16.0,16_comida_comer_dieta_mamá,0.0673408149329155,Pedro Ruminot,2020,2020,11,11_hijos_mamá_papá_hijo,"poder quedar embarazada, ahora van a nacer en cualquier momento. Cruz para el cielo que nace en cualquier momento. De hecho, la verdad que estén haciendo ahora.",0.3586981018101436
1273,2,0.25522392481384404,1,1_canción_almas_cantar_vivo vivo,0.1879290776364548,13.0,13_ay ay_salta salta_salta_ay,0.0672948471773892,Hugo Varela,2005,2000,1,1_canción_almas_cantar_vivo vivo,"que ver con el humor, pero fundamentalmente tiene que ver con la música y ya, sin pérdida de tiempo, voy a comenzar la parte cantable cantando una... claro, no ",0.1206342304590656
1560,2,0.16395971947583332,14,14_ho_ho ho_aplauso_muchas,0.0968542680248992,22.0,22_verdad_agradecer_emocionado_quiero agradecer,0.0671054514509341,Ruperto,2006,2000,14,14_ho_ho ho_aplauso_muchas,Como Carlitos celo. La verdad que grandes maestros para mí son están muy muy arriba y en especial quisiera agradecerle a todos ustedes por haberme dado esa opor,0.029748816573965095
4225,2,0.13938336820975689,11,11_hijos_mamá_papá_hijo,0.0723783180461335,16.0,16_comida_comer_dieta_mamá,0.0670050501636234,Alex Ortiz,2024,2020,5,5_colegio_niños_papá_hijo,"poner que le cargan los gatos en un grupo donde aman a los gatos. Es para debatir, huevón, me dice. Y la queso, dice, ""Ah."" Pero ¿sabes qué? Es bonito, bonito p",0.005373267882510094
201,2,0.15257781724548192,13,13_ay ay_salta salta_salta_ay,0.0857134546787195,29.0,29_reggaeton_calmado_dale_ten,0.0668643625667624,Hugo Varela,1989,1980,19,19_través_mar_viña_viña mar,"palmas, después agarrar los remos, nada de todo lo que va. Un, dos, tres, va. A gozar. Agüita de carrera, agua de coco. Agua rara, me hicieron. Agua rara, no. S",0.018849092111957108
3361,2,0.15511429942743848,22,22_verdad_agradecer_emocionado_quiero agradecer,0.0882563123927221,14.0,14_ho_ho ho_aplauso_muchas,0.0668579870347164,Alejandra Azcárate,2018,2010,6,6_quinta_vergara_público_quinta vergara,"Muy buenas noches, Viña. Muchas, muchas gracias y buenas noches a Colombia de mi alma. Gracias. Gracias por este regalo que me dan de poder pisar este escenario",0.02139832535800569
3966,2,0.2596934792188756,5,5_colegio_niños_papá_hijo,0.1928401949110462,11.0,11_hijos_mamá_papá_hijo,0.0668532843078294,Rodrigo Villegas,2023,2020,5,5_colegio_niños_papá_hijo,"¿5 minutos más o qué? Gracias. Oye, mi hijo hace como 4 años me dijo, ""Papá, quiero dar la PSU."" La raja le dijo, ""Hijo, de verdad, encantado la vida. Me gusta ",0.12598691060321682
3892,2,0.4218985083444332,2,2_chiste_programa_hoy hoy_chistes,0.3552141967057616,28.0,28_puta puta_noticias_puta_ta,0.0666843116386716,Belén Mora,2023,2020,2,2_chiste_programa_hoy hoy_chistes,"Hermano, yo te veo a la Carmen Gloria en el canal en el que estés. Yo la sigo, me acuerdo cuando la echaron de un canal y yo dije, ""No, cagaron."" Son huevones, ",0.28852988506709
4222,2,0.1592349349372465,16,16_comida_comer_dieta_mamá,0.0927229401738577,11.0,11_hijos_mamá_papá_hijo,0.0665119947633888,Alex Ortiz,2024,2020,16,16_comida_comer_dieta_mamá,"¿Qué pasa, mamá? Tenéis mala voluntad, huevón. Puta, que tenéis mala voluntad. Soy igual a tu papá, huevón. Muchas gracias, amigos. Soy igual a ese huevón pago ",0.026210945410468894
92,2,0.2646661685221084,20,20_hermana_fea_curado_marihuana,0.19817980775155,24.0,24_amor_dije_pa_pa pa,0.0664863607705584,Edmundo Arrocet,1978,1970,8,8_anthony_amas_your_you,"El verso y traidor, van a más de las piñas, me gritan por borrachos los brocas del barrio, allá en la población. Para más de las piñas, me gritan por borrachos ",0.1316934469809916
1390,2,0.2369973355459968,1,1_canción_almas_cantar_vivo vivo,0.1705182680777526,13.0,13_ay ay_salta salta_salta_ay,0.0664790674682442,Carlos García,2006,2000,1,1_canción_almas_cantar_vivo vivo,"Esa es la canción, es hermoso tema, que se llama Marta. Pero me voy a acomodar porque realmente una gran empresa que me acompaña, Jabones de Lavar La Rosa. Seño",0.10403920060950841
3069,2,0.1478692733028811,16,16_comida_comer_dieta_mamá,0.0814061418835412,11.0,11_hijos_mamá_papá_hijo,0.0664631314193399,Rodrigo Villegas,2017,2010,5,5_colegio_niños_papá_hijo,"Mi mamá una vez me llevó a la feria, me llevó a la feria y yo no sé, tenía una estupidez en la cabeza. Yo veía a los tipos que llevaban sandía al hombro y los m",0.014943010464201295
668,2,0.1697444664480858,14,14_ho_ho ho_aplauso_muchas,0.1033438589343167,6.0,6_quinta_vergara_público_quinta vergara,0.0664006075137691,Palta Meléndez,1997,1990,6,6_quinta_vergara_público_quinta vergara,"él siempre regala las antorchas y nosotros nunca al público le hemos regalado una antorcha. Mi doble, venga para acá, Antonio, que vamos a hacer entrega de la a",0.03694325142054761
1804,2,0.16006218011591378,10,10_maestro_hora hora_ruperto_hora,0.0936643244700377,2.0,2_chiste_programa_hoy hoy_chistes,0.0663978556458761,Coco Legrand,2010,2010,2,2_chiste_programa_hoy hoy_chistes,"Se lo digo porque quise hacer tantas cosas en mi vida que nunca pude ser. Quise ser cura, weón, pero era muy caliente. Después me di cuenta que no era precisame",0.027266468824161602
2789,2,0.1403704460025736,5,5_colegio_niños_papá_hijo,0.0740827823560356,26.0,26_celular_pegado_teléfono_whatsapp,0.066287663646538,Los Locos del Humor,2016,2010,5,5_colegio_niños_papá_hijo,"otra sociedad que era. Los niños. Los mismos cabros chicos que están en la quinta de la güeá. Oye, cuiden a... a la juventud, weón. Puta, que han salido cabros ",0.007795118709497603
3305,2,0.1979308675827784,22,22_verdad_agradecer_emocionado_quiero agradecer,0.1316651417511299,14.0,14_ho_ho ho_aplauso_muchas,0.0662657258316485,Stefan Kramer,2018,2010,22,22_verdad_agradecer_emocionado_quiero agradecer,"Gracias. Cara dura. Sí, bueno, le agradezco a todo el público. Estoy muy emocionado y le agradezco de corazón. Gracias. Mi prima. Este es Frank Cramer en su pri",0.0653994159194814
4230,2,0.1499525033058858,11,11_hijos_mamá_papá_hijo,0.0837292142903739,16.0,16_comida_comer_dieta_mamá,0.0662232890155119,Alex Ortiz,2024,2020,26,26_celular_pegado_teléfono_whatsapp,"lo quiera, tome, mamá, guárdelo en la cartera, porque la delincuencia igual está brígida, guárdelo en la cartera, en la ánfora, que yo también le regalé. Ahí, g",0.017505925274862
3369,2,0.2988005855065363,15,15_hombres_mujeres_mujer_hombre,0.23259046897414,23.0,23_amante_marido_mujer_matrimonio,0.0662101165323963,Alejandra Azcárate,2018,2010,15,15_hombres_mujeres_mujer_hombre,"En el caso nuestro es diferente, porque si nosotras las mujeres estamos en esta misma etapa de la vida y sentimos este mismo calor de malas. A las mujeres nos r",0.1663803524417437
1343,2,0.1567643798780779,23,23_amante_marido_mujer_matrimonio,0.0906849286194081,27.0,27_soltera_bebé_arturo vidal_tinder,0.0660794512586698,Paulo Iglesias,2005,2000,18,18_doctor_farmacia_examen_consulta,"tanta incomunicación que usted no sabe la cantidad de mujeres que están yendo al psiquiatra por culpa de la incomunicación. Llega al psiquiatra, le dice el psiq",0.0246054773607383
636,2,0.24522561823431532,10,10_maestro_hora hora_ruperto_hora,0.1791505891845671,2.0,2_chiste_programa_hoy hoy_chistes,0.0660750290497482,Jorge Pérez,1997,1990,10,10_maestro_hora hora_ruperto_hora,"Buenas noches. Buenas noches, dije. ¿Cómo está don eh don Antonio? No va a llegar nada al micrófono. No vino No Jorge Pérez Pero yo en todo caso lo puedo reempl",0.11307556013481891
2062,2,0.17037025247456972,2,2_chiste_programa_hoy hoy_chistes,0.1043043877312607,10.0,10_maestro_hora hora_ruperto_hora,0.066065864743309,Hermógenes Conache,2013,2010,2,2_chiste_programa_hoy hoy_chistes,"El reencuentro de la quinta vernada. de Hermógenes con H. Oiga, tiene tanta prisa que se me va yendo todo el rato. ¿Tiene algo que hacer ahora, don Hermógenes? ",0.038238522987951704
1150,2,0.1364739224383917,6,6_quinta_vergara_público_quinta vergara,0.0704758584815906,14.0,14_ho_ho ho_aplauso_muchas,0.0659980639568011,Gloria Benavides,2002,2000,19,19_través_mar_viña_viña mar,Me sorprendió. Ni siquiera yo sabía que estaba pensando en despedir a la Cuatro de este escenario. Y con la Cuatro también se va un poco el ánimo. El símbolo de,0.004477794524789497
2203,2,0.16796376371155142,23,23_amante_marido_mujer_matrimonio,0.102144481045723,7.0,7_vieja_suegra_abuela_abuelita,0.0658192826658284,Los Locos del Humor,2014,2010,0,0_presidente_país_huevón_pesos,"estoy harto. Ay, ahora está el embarraco, esta cuestión de lo de lo de lo de lo de la de la esa cuestión de las de que se ha se ha acabado el mundo, esa cuestió",0.036325198379894605
3935,2,0.1471284844640661,6,6_quinta_vergara_público_quinta vergara,0.0813725105928618,17.0,17_natalia_chiqui_alison_javiera,0.0657559738712043,Belén Mora,2023,2020,6,6_quinta_vergara_público_quinta vergara,"la quinta Vergara. ¡Ay! ¡Ay, gaviota de plata para Belén Mora! Ahí viene la gaviota Se roba la gaviota. Ahí viene, ahí viene. Ahí viene, ahí viene. Más fuerte e",0.015616536721657498
370,2,0.22388006514476622,1,1_canción_almas_cantar_vivo vivo,0.1582780999903336,13.0,13_ay ay_salta salta_salta_ay,0.0656019651544326,Julio Sabala,1994,1990,1,1_canción_almas_cantar_vivo vivo,¿Quién se da que ¿Quién se da que ¿Quién se da que ¿Quién se da que canción. Por mi canción. Puedas sentir la hermosa sensación de sonreír como sonrío yo. Sorpr,0.092676134835901
2188,2,0.1868939974105131,20,20_hermana_fea_curado_marihuana,0.1214113843993074,16.0,16_comida_comer_dieta_mamá,0.0654826130112057,Los Locos del Humor,2014,2010,16,16_comida_comer_dieta_mamá,"banana, sale. ¿Cómo se te ocurre estar hablando esas cosas? Estamos en un festival internacional. ¿Qué va a pensar la gente en sus casas? Que tu mamá vende, po.",0.055928771388101706
1036,2,0.18968795203605499,12,12_perro_perrito_selva_lobo,0.1242252882615702,24.0,24_amor_dije_pa_pa pa,0.0654626637744848,"Daniel Muñoz ""El Carmelo""",2001,2000,12,12_perro_perrito_selva_lobo,"¡Uh! Vuelve. Ya con esta me despido, se va yendo este negrito. Ya con esta me despido, se va yendo este negrito. Mañana me voy para la playa para seguir viendo ",0.0587626244870854
3705,2,0.24112024090409923,25,25_bailar_fiesta_bailemos_baile,0.1756713621349922,29.0,29_reggaeton_calmado_dale_ten,0.065448878769107,"Paul Vásquez ""El Flaco""",2020,2020,25,25_bailar_fiesta_bailemos_baile,"Boncito. Hola, tía Carmen. Dice mi mami, ""Si le puede anotar una bebida y una ramita."" Y uno se pasaba para la punta y una oblea. Bocado. ¿Qué bebía, Cris Cabro",0.11022248336588521
84,2,0.1309057792498115,14,14_ho_ho ho_aplauso_muchas,0.0655242066132299,6.0,6_quinta_vergara_público_quinta vergara,0.0653815726365816,Gloria Benavides,1977,1970,6,6_quinta_vergara_público_quinta vergara,Fue la presencia de Gloria Benavides como la Cuatro Dientes y también como Gloria Benavides la vimos esta noche. Se lleva un lindo recuerdo de la Quinta Vergara,0.00014263397664829314
62,2,0.23712192820194108,10,10_maestro_hora hora_ruperto_hora,0.1717724644510271,2.0,2_chiste_programa_hoy hoy_chistes,0.065349463750914,Gloria Benavides,1977,1970,10,10_maestro_hora hora_ruperto_hora,"Oye, Anthony, en realidad te he llamado para que admires la venta que que estoy tirando, ¿me entiendes? Hoy día para que ustedes seban luz con nueva venta. Tiro",0.1064230007001131
4320,2,0.18285006259754077,11,11_hijos_mamá_papá_hijo,0.1175472543262814,16.0,16_comida_comer_dieta_mamá,0.0653028082712594,"Daniela ""Chiqui"" Aguayo",2025,2020,5,5_colegio_niños_papá_hijo,"Así que me vi en la obligación de llamar al único referente que yo tengo de maternidad, que es mi propia mamá, que yo la quiero, yo la adoro, pero sabes que sie",0.052244446055022
829,2,0.145614160770413,29,29_reggaeton_calmado_dale_ten,0.080434038658853,25.0,25_bailar_fiesta_bailemos_baile,0.06518012211156,Sandy,1999,1990,25,25_bailar_fiesta_bailemos_baile,"Lindo. Entra en una cantina mexicanote que era tan chueco, chueco, le decía por lo chueco que «caca mama». Se enfrenta una chaparrita cuerpo de uva y dice: «¿Qu",0.015253916547292995
797,2,0.1322833006343465,14,14_ho_ho ho_aplauso_muchas,0.0671285540748895,19.0,19_través_mar_viña_viña mar,0.065154746559457,Dino Gordillo,1998,1990,21,21_buenas noches_noches_buenas_pecadora,"Buenas noches, Dino Gordillo. Buenas noches, amigos. Hay mucho más para esta reunión.",0.00197380751543251
1385,2,0.30807487154528,13,13_ay ay_salta salta_salta_ay,0.2431402999117287,29.0,29_reggaeton_calmado_dale_ten,0.0649345716335513,Carlos García,2006,2000,13,13_ay ay_salta salta_salta_ay,Los jóvenes de toda América bailan esa música para farnálica que no hace falta ni instrumentos. Están toda la noche así.,0.17820572827817738
1632,2,0.14088025617139321,10,10_maestro_hora hora_ruperto_hora,0.075955710515789,2.0,2_chiste_programa_hoy hoy_chistes,0.0649245456556042,Palta Meléndez,2007,2000,0,0_presidente_país_huevón_pesos,"Sí, yo huevón, capaz que se me aparezca de golpe y borrazo. Porque yo creo en estas cuestiones de estoplástica, huevón, estas cosas esotérica, huevón. Y aquí vi",0.011031164860184808
955,2,0.1360758644849488,24,24_amor_dije_pa_pa pa,0.0712550595910946,12.0,12_perro_perrito_selva_lobo,0.0648208048938542,Coco Legrand,2000,2000,9,9_auto_dijo dijo_micro_carabineros,"Disculpe que lo haya llamado, está orado, doctora. Buenas noches, gracias. A la media hora la vieja vuelve, a llamar. Dice, ""Doctor, estoy desesperada, mire, No",0.006434254697240405
1855,2,0.34899782929174383,2,2_chiste_programa_hoy hoy_chistes,0.284282806251129,28.0,28_puta puta_noticias_puta_ta,0.0647150230406148,Óscar Gangas,2011,2010,2,2_chiste_programa_hoy hoy_chistes,"...no puede. ¿Qué hay que hacer? Ante esa posibilidad, viejo, hay que puro reírse. Hay que puro de reírse. Gracias, chiquillos lindos. Cuéntame que me costó lle",0.2195677832105142
1305,2,0.2329666343984535,1,1_canción_almas_cantar_vivo vivo,0.1682789589134765,13.0,13_ay ay_salta salta_salta_ay,0.064687675484977,Felo,2005,2000,1,1_canción_almas_cantar_vivo vivo,"Cariño para ustedes en este día tan hermoso, es una verdadera fiesta popular. Yo quiero empezar con una canción de amor. Hace pocos días estuvimos celebrando un",0.10359128342849949
2714,2,0.5449110636362222,27,27_soltera_bebé_arturo vidal_tinder,0.4803503566370937,25.0,25_bailar_fiesta_bailemos_baile,0.0645607069991285,Natalia Valdebenito,2016,2010,27,27_soltera_bebé_arturo vidal_tinder,"No voy a preguntar si hay mujer soltera acá, no más. Pero hay diferencias entre ser soltera y sola. La soltera, la soltera lo pasa bien. La soltera lo pasa bien",0.41578964963796516
2239,2,0.1368820018742867,9,9_auto_dijo dijo_micro_carabineros,0.0724288163184694,0.0,0_presidente_país_huevón_pesos,0.0644531855558173,Jorge Alís,2014,2010,25,25_bailar_fiesta_bailemos_baile,"vienen y pasan los huevones, vienen y pasan. Y nosotros ahí sufriendo, digo: 'No pueden poner otra cajera para nosotros, los no titulares, los pobres'. Digo: 'M",0.007975630762652092
156,2,0.1772342555214076,12,12_perro_perrito_selva_lobo,0.1128167857117735,24.0,24_amor_dije_pa_pa pa,0.0644174698096341,"Esteban ""Ronco"" Retes",1984,1980,4,4_chileno_chile_argentino_chilenos,"quietera, dos lentes. Flor. Me estoy equivocando. Va sobrevolando un avión en el Mato Grosso en pleno Brasil y de repente el avión capota y cae en el medio de l",0.0483993159021394
508,2,0.1573042856214212,29,29_reggaeton_calmado_dale_ten,0.0930641594963171,25.0,25_bailar_fiesta_bailemos_baile,0.0642401261251041,El Pampero,1995,1990,25,25_bailar_fiesta_bailemos_baile,"Aquí en Viña pasa de todo, anoche para relajarme me fui a meter una fiesta y por equivocación me fui a meter una fiesta de tartamudo. Todo el mundo era tartamud",0.028824033371213004
1955,2,0.1459162349588225,7,7_vieja_suegra_abuela_abuelita,0.0817350411819442,20.0,20_hermana_fea_curado_marihuana,0.0641811937768783,Zip-Zup,2012,2010,7,7_vieja_suegra_abuela_abuelita,"comprar un auto bacán, 0 km convertible, nuevecito, el auto no me interesa. Aquí viene la parte importante, yo voy a sacar a mi suegra a pasear en mi auto nuevo",0.01755384740506591
4306,2,0.3354757910545446,2,2_chiste_programa_hoy hoy_chistes,0.2713158453869534,28.0,28_puta puta_noticias_puta_ta,0.0641599456675912,"Daniela ""Chiqui"" Aguayo",2025,2020,2,2_chiste_programa_hoy hoy_chistes,"además hacer reír sin garabato. Y yo digo: ""Huevón, esa huevada será para vuestro país, es donde la gente vive feliz, no este país que todo funciona como la hue",0.2071558997193622
1296,2,0.142288207471435,13,13_ay ay_salta salta_salta_ay,0.0781338983992486,10.0,10_maestro_hora hora_ruperto_hora,0.0641543090721864,Hugo Varela,2005,2000,13,13_ay ay_salta salta_salta_ay,"8022 y solamente ustedes, a los demás ignórenlo. ¿Sabes lo sabes lo que van a hacer? Déjame déjame pensar déjame pensar. Tapires. Lindos tapires. Y ese es uno d",0.013979589327062197
2077,2,0.5968788292514848,7,7_vieja_suegra_abuela_abuelita,0.5327329652920111,23.0,23_amante_marido_mujer_matrimonio,0.0641458639594737,Los Atletas de la Risa,2013,2010,7,7_vieja_suegra_abuela_abuelita,"Tonto. Tengo puro problema con mi señora, chino. Ah, sí. Tú sabes que a mi señora hace un tiempo atrás le vino un accidente vascular. O sea, se cayó el báculo. ",0.4685871013325374
1068,2,0.1385808030541515,14,14_ho_ho ho_aplauso_muchas,0.074437896982387,22.0,22_verdad_agradecer_emocionado_quiero agradecer,0.0641429060717645,Memo Bunke y Natalia Cuevas,2001,2000,6,6_quinta_vergara_público_quinta vergara,"Un aplauso grande, por favor. Muchas gracias. Muchas gracias. Buenas noches, queridos amigos. Esta noche es un placer para mí llegar a la Quinta por primera vez",0.010294990910622498
1302,2,0.1417306029667298,3,3_humor_quinta_quinta vergara_vergara,0.0776140352125293,17.0,17_natalia_chiqui_alison_javiera,0.0641165677542005,Hugo Varela,2005,2000,3,3_humor_quinta_quinta vergara_vergara,"Esta ha sido la excelente presentación de Hugo Varela y con su humildad, con su humor divertidísimo, sus monólogos y sus originales instrumentos.",0.01349746745832879
2118,2,0.3497041902332937,13,13_ay ay_salta salta_salta_ay,0.2856279160211777,29.0,29_reggaeton_calmado_dale_ten,0.064076274212116,Nancho Parra,2013,2010,13,13_ay ay_salta salta_salta_ay,"Ahí viene la flauta, la palma fuerte, le gusta bailar, la palma fuerte. Y cuando está tocando el acorde, es la reina del lugar. Esta se la sabe todo dice, ""De c",0.22155164180906173
1426,2,0.14186980100661772,14,14_ho_ho ho_aplauso_muchas,0.0779288213919672,22.0,22_verdad_agradecer_emocionado_quiero agradecer,0.0639409796146505,Carlos García,2006,2000,3,3_humor_quinta_quinta vergara_vergara,"Estamos buscando señal con satélites argentinos. Perfecto. ¡Atento!, estoy atento. Los tres tenores, último concierto de su vida aquí en Viña, junto conmigo. ¡D",0.013987841777316698
2099,2,0.1568914672375099,14,14_ho_ho ho_aplauso_muchas,0.0930640744732892,6.0,6_quinta_vergara_público_quinta vergara,0.0638273927642207,Los Atletas de la Risa,2013,2010,14,14_ho_ho ho_aplauso_muchas,Felicitaciones. Muchas gracias. Yo sé que tú le querías dedicar Muchas gracias. junto a tus amigos este show a alguien Muchas gracias. Valió la pena el sacrific,0.0292366817090685
2197,2,0.14096500561497022,26,26_celular_pegado_teléfono_whatsapp,0.0771484895790341,5.0,5_colegio_niños_papá_hijo,0.0638165160359361,Los Locos del Humor,2014,2010,5,5_colegio_niños_papá_hijo,"¿Sabes que pongo la película en el Blue Ray? ¿Ya sabes que empieza la película? Van al espacio, le llega ese rayo, después se vienen de vuelta para la Tierra. ¿",0.013331973543097994
1488,2,0.4176156507218829,7,7_vieja_suegra_abuela_abuelita,0.3538044973366386,23.0,23_amante_marido_mujer_matrimonio,0.0638111533852443,Coco Legrand,2006,2000,7,7_vieja_suegra_abuela_abuelita,"Francisco. Se sacó la papada todo, huevón. Ahora el huevón es más joven que yo, huevón. No, yo te juro, francamente, yo jamás me voy a tener ni el pelo ni me vo",0.2899933439513943
3903,2,0.34195063429832484,11,11_hijos_mamá_papá_hijo,0.278163302111591,16.0,16_comida_comer_dieta_mamá,0.0637873321867338,Belén Mora,2023,2020,11,11_hijos_mamá_papá_hijo,"Y voy a decir algo que quizá no va a ser políticamente correcto, pero es la verdad. Ser madre es la experiencia más maravillosa para una mujer que desea hacerlo",0.21437596992485722
2135,2,0.1787081903020287,22,22_verdad_agradecer_emocionado_quiero agradecer,0.1149753212879389,14.0,14_ho_ho ho_aplauso_muchas,0.0637328690140898,Nancho Parra,2013,2010,22,22_verdad_agradecer_emocionado_quiero agradecer,"Ah, de Conce, la fanática. Muchísimas gracias, a todas las fanáticas de Miguel Bosé y de los Jonas que están esta noche hoy día. En realidad, es superdifícil en",0.051242452273849104
310,2,0.2234299431008302,24,24_amor_dije_pa_pa pa,0.1597111061331395,27.0,27_soltera_bebé_arturo vidal_tinder,0.0637188369676907,Lucho Navarro,1992,1990,11,11_hijos_mamá_papá_hijo,"No, por no. Uy. No, por No, por Pero para chupar en el amor, muchacho, no hay que desanimarse a la primera. Como dicen los gringos, ""Try again."" Que no quiere d",0.09599226916544878
2536,2,0.13147513347706152,0,0_presidente_país_huevón_pesos,0.0677843075068914,4.0,4_chileno_chile_argentino_chilenos,0.0636908259701701,Arturo Ruiz-Tagle,2015,2010,0,0_presidente_país_huevón_pesos,es oportunidad. Todo está en crisis. Por ahí existen esas teorías de la conspiración que dicen que estas enfermedades como el sida son creadas por cierto grupo ,0.004093481536721302
3937,2,0.24318323950355009,5,5_colegio_niños_papá_hijo,0.1797178998601815,11.0,11_hijos_mamá_papá_hijo,0.0634653396433686,Belén Mora,2023,2020,5,5_colegio_niños_papá_hijo,"Oye chiquillos, muchas gracias, de verdad, estoy emocionadísima. Eh, no lloro para hacérmela fuerte no más, tomé clases con Gonzalo de actuación, así que Gonzal",0.11625256021681289
2802,2,0.13170880486875902,23,23_amante_marido_mujer_matrimonio,0.0683135663833439,24.0,24_amor_dije_pa_pa pa,0.0633952384854151,Los Locos del Humor,2016,2010,7,7_vieja_suegra_abuela_abuelita,"Oye, huevón. Oye, esa idea tuvo que uno de los problemas que están pasando más... estamos... eh... sufriendo mucho la ciudad... la ciudadanía es por la... Pero ",0.004918327897928801
3357,2,0.135321668503537,0,0_presidente_país_huevón_pesos,0.0719533430803528,18.0,18_doctor_farmacia_examen_consulta,0.0633683254231842,Alison Mandel,2018,2010,0,0_presidente_país_huevón_pesos,Pero sé que yo también me doy cuenta que hay veces que lo hago sentir inseguro porque el otro día nos fuimos a comprar un mueble y me vendieron el mueble desarm,0.008585017657168598
934,2,0.22052277841356177,24,24_amor_dije_pa_pa pa,0.1571741866817148,27.0,27_soltera_bebé_arturo vidal_tinder,0.063348591731847,Memo Bunke,2000,2000,24,24_amor_dije_pa_pa pa,"Y te propongo y te propongo. Ella me miró seria y me dijo, ""Yo no soy esa que tú te imaginas, una señorita dale no más."" Buena onda, estamos en confianza. Fue a",0.0938255949498678
2950,2,0.20824213595182522,15,15_hombres_mujeres_mujer_hombre,0.145034219254696,23.0,23_amante_marido_mujer_matrimonio,0.0632079166971292,"Daniela ""Chiqui"" Aguayo",2017,2010,15,15_hombres_mujeres_mujer_hombre,lugar El baño de mujeres de una discotec es un lugar que me encanta porque aparece la verdadera solidaridad femenina. En el baño somos todas amigas. No tenéis R,0.0818263025575668
3241,2,0.53099876728779,16,16_comida_comer_dieta_mamá,0.4678945504585697,11.0,11_hijos_mamá_papá_hijo,0.0631042168292204,Jenny Cavallo,2018,2010,16,16_comida_comer_dieta_mamá,"Pero si yo no cocino, él no come. Si yo no cocino, él se caga de hambre. ¿Y qué onda la auto Valencia? Digo yo: «¿Qué pasa?». Y ahí uno se empieza a a acordar c",0.4047903336293493
1254,2,0.242187380936622,10,10_maestro_hora hora_ruperto_hora,0.1791342034383856,2.0,2_chiste_programa_hoy hoy_chistes,0.0630531774982364,Los Indolatinos,2004,2000,10,10_maestro_hora hora_ruperto_hora,"Eh, qué bonito el coro. A lo mejor de pago. Fíjate que... y es un un viejito en un tren, ¿ah? Y frente al viejito iba un punk, un punk. Esos lolo que usan aro, ",0.1160810259401492
2993,2,0.1961727832358781,15,15_hombres_mujeres_mujer_hombre,0.1333406440458621,23.0,23_amante_marido_mujer_matrimonio,0.062832139190016,"Carlos ""El Mono"" Sánchez",2017,2010,15,15_hombres_mujeres_mujer_hombre,"Porque ustedes, mujeres, con todo el respeto que me merecen, ustedes no se defienden, se atacan, se atacan, no se ayudan. Una mujer puede estar aquí de pie y si",0.0705085048558461
1271,2,0.138072162189978,3,3_humor_quinta_quinta vergara_vergara,0.0752442911690965,17.0,17_natalia_chiqui_alison_javiera,0.0628278710208815,Hugo Varela,2005,2000,3,3_humor_quinta_quinta vergara_vergara,"Bueno, nuestro próximo invitado es un artista multifacético. Él es comediante, es mimo y esta noche viene a la Quinta Vergara para hacernos reír con historias d",0.012416420148215007
2584,2,0.2350076326284074,5,5_colegio_niños_papá_hijo,0.1722229845541698,11.0,11_hijos_mamá_papá_hijo,0.0627846480742376,Edo Caroe,2016,2010,5,5_colegio_niños_papá_hijo,"me decía: ""Hijo, lo más importante es la introducción"". Ella fue actriz porno, así que sabe de lo que habla. Eh... A propósito de porno debo confesar que uno es",0.10943833647993219
583,2,0.2467405906107441,12,12_perro_perrito_selva_lobo,0.1840125089434952,24.0,24_amor_dije_pa_pa pa,0.0627280816672489,Dinamita Show,1996,1990,12,12_perro_perrito_selva_lobo,¿En la parra da uva? ¿Y el tiempo? Pasa. ¿En qué se parece una actriz a un auto? ¿En qué? En que el actor hace teatro. ¿Y el auto? Te atropella. Bien. ¿En qué s,0.12128442727624629
1217,2,0.1477295622458915,27,27_soltera_bebé_arturo vidal_tinder,0.0850757095808262,24.0,24_amor_dije_pa_pa pa,0.0626538526650653,Palta Meléndez,2004,2000,16,16_comida_comer_dieta_mamá,"Y capaz que me acusen de acoso sexual porque pedí relaciones aquí y ahora. Y así pues, voy a ir hoy a un proceso. Oiga, sabe una cosa, con usted no se puede hab",0.0224218569157609
2509,2,0.5461862022974904,15,15_hombres_mujeres_mujer_hombre,0.4836258806769399,23.0,23_amante_marido_mujer_matrimonio,0.0625603216205505,León Murillo,2015,2010,15,15_hombres_mujeres_mujer_hombre,lo distinto lo diferente que somos hombres y mujeres la misma cosa para el hombre y la mujer el el notebook por ejemplo el notebook para el hombre computaciones,0.4210655590563894
4438,2,0.1262455469641247,26,26_celular_pegado_teléfono_whatsapp,0.0637102303032639,5.0,5_colegio_niños_papá_hijo,0.0625353166608608,Juan Pablo López,2025,2020,5,5_colegio_niños_papá_hijo,"Play. Ah, no quiere estudiar, te quito la Play. Un día me dijo, ""Papá, me saqué un siete en matemáticas, te quito la Play por soberbio."" Yo me pregunto, ¿tanto ",0.0011749136424031026
234,2,0.3104751565083492,1,1_canción_almas_cantar_vivo vivo,0.2479808210049945,13.0,13_ay ay_salta salta_salta_ay,0.0624943355033547,Pujillay,1990,1990,1,1_canción_almas_cantar_vivo vivo,¿Cantemos mejor? Cantemos. Ya se murió la negrito. Y nape para el brepo grone. La metió dentro un cajón. Con cago también te grone. No prendieron ni una vela. D,0.1854864855016398
1950,2,0.15533704801841092,6,6_quinta_vergara_público_quinta vergara,0.0928853789973057,14.0,14_ho_ho ho_aplauso_muchas,0.0624516690211052,Dinamita Show,2012,2010,19,19_través_mar_viña_viña mar,"de que ellos se llevan todos los premios. Seguimos avanzando la noche. Nos separamos brevemente. Un aplauso tremendo para Dinamita, un espectáculo extraordinari",0.0304337099762005
4318,2,0.1259528965390967,16,16_comida_comer_dieta_mamá,0.0635662653664818,11.0,11_hijos_mamá_papá_hijo,0.0623866311726149,"Daniela ""Chiqui"" Aguayo",2025,2020,11,11_hijos_mamá_papá_hijo,"Entonces, yo le hablé con la mamita y le dije, ""Usted, mamita, que se se nota que usted que se se envuelve bien en esto de la maternidad, me podría dar su Whats",0.0011796341938669005
2990,2,0.2077954417800254,7,7_vieja_suegra_abuela_abuelita,0.145479097036191,23.0,23_amante_marido_mujer_matrimonio,0.0623163447438344,"Carlos ""El Mono"" Sánchez",2017,2010,7,7_vieja_suegra_abuela_abuelita,"Las operaciones están de moda, antes el sostén era una sola talla, ahora el sostén viene en copa A, B, C, D, E, F. Copa A, algo. Copa B, buenas. Copa C, caramba",0.08316275229235659
4182,2,0.1371900798918929,11,11_hijos_mamá_papá_hijo,0.0750884176108451,5.0,5_colegio_niños_papá_hijo,0.0621016622810478,Sergio Freire,2024,2020,5,5_colegio_niños_papá_hijo,"Las marchas partieron cuando él tenía 2 años. Me acuerdo que lo tomo, lo pongo aquí en los hombros y le dije, ""Vamos a ir a una marcha."" Fuimos a la marcha, lo ",0.012986755329797303
2655,2,0.2578947999816136,5,5_colegio_niños_papá_hijo,0.1957980082118761,11.0,11_hijos_mamá_papá_hijo,0.0620967917697375,Rodrigo González,2016,2010,5,5_colegio_niños_papá_hijo,"en antropología, una carrera con mucho futuro la huevón. Pero tengo un cabro chico de 4 años que va al jardín y por el cual pago 120 lucas al mes. 120 lucas al ",0.1337012164421386
301,2,0.1450898512314412,3,3_humor_quinta_quinta vergara_vergara,0.0830290858745331,17.0,17_natalia_chiqui_alison_javiera,0.0620607653569081,Lucho Navarro,1992,1990,3,3_humor_quinta_quinta vergara_vergara,"ser humano es muy difícil, pero a uno le llena el alma. Y tenemos más chistes de Lucho Navarro, esos chistes rápidos, esos chistes entretenidos o no. ¿Sí o no? ",0.020968320517625004
4381,2,0.1451615109503972,5,5_colegio_niños_papá_hijo,0.0831749954564773,11.0,11_hijos_mamá_papá_hijo,0.0619865154939199,Edo Caroe,2025,2020,11,11_hijos_mamá_papá_hijo,"Eh, le dije: ""Okay, okay; voy a estar más atento a las señales que me está dando mi hija porque parece que no basta con querer ser un buen papá, resulta que tam",0.021188479962557405
1,2,0.1335823540799644,1,1_canción_almas_cantar_vivo vivo,0.0716085566134762,13.0,13_ay ay_salta salta_salta_ay,0.0619737974664882,Edmundo Arrocet,1971,1970,8,8_anthony_amas_your_you,"Señora, señora, andiamo a interpretar una canzonata. ¿A chi si chiama la canzone? ¿Come si chiama, bambino? ""Il trotamondo"". Allora, cavalieri, aspettiamo... Qu",0.009634759146988005
1891,2,0.1408149484663031,5,5_colegio_niños_papá_hijo,0.0788699353389861,26.0,26_celular_pegado_teléfono_whatsapp,0.061945013127317,Ricardo Meruane,2011,2010,5,5_colegio_niños_papá_hijo,"tan recurrida y repetida por los demás, ¿no? Esa frase que dice: ""¿Cómo han cambiado los niños?"". Para mi gusto los niños de ahora son como de otro mundo, guagu",0.016924922211669108
3754,2,0.1697871319659974,11,11_hijos_mamá_papá_hijo,0.107863811735224,16.0,16_comida_comer_dieta_mamá,0.0619233202307734,Pedro Ruminot,2020,2020,18,18_doctor_farmacia_examen_consulta,"Próxima vez que venga voy a poner ahí el examen. 7,5 y abajo pusieron el equivalente a un caballo. El doctor nos dice, ""Alison, tú eres fértil, Pedro, tú eres f",0.0459404915044506
4253,2,0.1662858563177515,5,5_colegio_niños_papá_hijo,0.1043896504216799,11.0,11_hijos_mamá_papá_hijo,0.0618962058960716,Alex Ortiz,2024,2020,5,5_colegio_niños_papá_hijo,"Tengo, como le conté un hijo de 19 años, él jamás va a saber lo que realmente a mí me ha costado, pero ¿sabéis qué? Quiero romper esos patrones que a los hijos ",0.0424934445256083
2356,2,0.18330726957064158,22,22_verdad_agradecer_emocionado_quiero agradecer,0.1214514660804447,14.0,14_ho_ho ho_aplauso_muchas,0.0618558034901969,Payahop,2014,2010,14,14_ho_ho ho_aplauso_muchas,"El elegido, hermano, a toda la producción, a las chiquillas que están en peluquería, a las que están desmaquillando, a todas ellas, las amo a todas. Yo le quier",0.0595956625902478
1787,2,0.3088269646318989,2,2_chiste_programa_hoy hoy_chistes,0.246998248716892,28.0,28_puta puta_noticias_puta_ta,0.0618287159150069,Coco Legrand,2010,2010,2,2_chiste_programa_hoy hoy_chistes,"Yo me estremecí. Me acuerdo que me acerqué y le dije, ""Discúlpame, simplemente quiero felicitarte. Yo estoy haciendo un espectáculo con mi hijo que se llama Los",0.18516953280188508
1148,2,0.1650818576694763,22,22_verdad_agradecer_emocionado_quiero agradecer,0.1032865342408477,14.0,14_ho_ho ho_aplauso_muchas,0.0617953234286286,Gloria Benavides,2002,2000,3,3_humor_quinta_quinta vergara_vergara,"Mañana comienza el resto de mi vida. Quizás algún día volvamos a encontrarnos. En algún escenario tal vez o en una pantalla veral. Al payaso, cantante, amiga y,",0.041491210812219105
3393,2,0.1488984806890547,3,3_humor_quinta_quinta vergara_vergara,0.0871930613865724,17.0,17_natalia_chiqui_alison_javiera,0.0617054193024823,Felipe Avello,2019,2010,3,3_humor_quinta_quinta vergara_vergara,"Ya estamos de regreso. ¿Cómo está el público? Seguimos avanzando, María. Y esta primera noche trae sorpresas. Vamos a comenzar con todo. Viene el humor. Una fig",0.0254876420840901
3823,2,0.1241520812344231,24,24_amor_dije_pa_pa pa,0.062449386534944,27.0,27_soltera_bebé_arturo vidal_tinder,0.0617026946994791,Pamela Leiva,2023,2020,8,8_anthony_amas_your_you,"La gente me señala, me apunta con el dedo, susurra mis espaldas, ya ni me importa un bledo. Porque será si soy distinta a ellos, no soy de nadie, no tengo dueño",0.0007466918354648994
1889,2,0.1634757224381152,21,21_buenas noches_noches_buenas_pecadora,0.1017986149046343,22.0,22_verdad_agradecer_emocionado_quiero agradecer,0.0616771075334809,Ricardo Meruane,2011,2010,21,21_buenas noches_noches_buenas_pecadora,"Ítalo, te tengo un regalo, ahí te lo paso. Qué cosa, gracias por este chico, gracias, muy amable. Y ese compadre que andaba bien cocido, huevón. Bien cocido, ah",0.04012150737115339
4217,2,0.1415617672107633,6,6_quinta_vergara_público_quinta vergara,0.0798871155156206,14.0,14_ho_ho ho_aplauso_muchas,0.0616746516951427,Alex Ortiz,2024,2020,6,6_quinta_vergara_público_quinta vergara,"Buenas noches, Quinta Vergara. Amigos ahí arriba, ¿cómo está todo? Hoy acá, amigos, oye, muchas gracias. Muchas gracias, amigos, gracias por la por la por el re",0.0182124638204779
2903,2,0.1283517929653253,0,0_presidente_país_huevón_pesos,0.0668473207458128,18.0,18_doctor_farmacia_examen_consulta,0.0615044722195125,Juan Pablo López,2017,2010,0,0_presidente_país_huevón_pesos,"Me dijeron, ""No, tiene que ir a esa tienda donde lo hace usted mismo."" Y partí, ¿dónde el especialista? El especialista. ¿Dónde está el especialista? Andaba cag",0.005342848526300299
1275,2,0.1717475122747985,27,27_soltera_bebé_arturo vidal_tinder,0.1103226069870975,25.0,25_bailar_fiesta_bailemos_baile,0.061424905287701,Hugo Varela,2005,2000,1,1_canción_almas_cantar_vivo vivo,"Las mujeres. Todos recuerdan el día que Bartolo pega un grito por orinar en la plaza. Un perro le mordió el piri pi pi pi pi pi Los hombres, piri pi pi pi pi pi",0.04889770169939651
198,2,0.1869985059965813,13,13_ay ay_salta salta_salta_ay,0.1255955685968973,1.0,1_canción_almas_cantar_vivo vivo,0.061402937399684,Hugo Varela,1989,1980,1,1_canción_almas_cantar_vivo vivo,"Bueno, eh Yo no quisiera este despedirme sin antes intentar hacer un tema para que para que participen todos y en esta ocasión ¡Ahí va! ¡Ahí vuelve! En esta oca",0.0641926311972133
2283,2,0.1322880494362752,3,3_humor_quinta_quinta vergara_vergara,0.0709704511570235,19.0,19_través_mar_viña_viña mar,0.0613175982792517,Rudy Rey,2014,2010,12,12_perro_perrito_selva_lobo,"en la casa, la minina. Dale de a poco porque si no lastima, ¿quién quiere leche, quién quiere leche, quién quiere leche? Y continuamos con el ranking de Rudy Re",0.009652852877771796
926,2,0.1286897549259294,1,1_canción_almas_cantar_vivo vivo,0.0674097787309308,29.0,29_reggaeton_calmado_dale_ten,0.0612799761949986,Memo Bunke,2000,2000,1,1_canción_almas_cantar_vivo vivo,"Puede ser. O por ejemplo, hay un tipo de rock... Muchas gracias. Hay un tipo de rock... Trazas. Hay un tipo de rock que le gusta mucho a alguna juventud que es ",0.006129802535932205
339,2,0.2432237205756806,19,19_través_mar_viña_viña mar,0.1819793694046307,17.0,17_natalia_chiqui_alison_javiera,0.0612443511710499,Sandy,1993,1990,19,19_través_mar_viña_viña mar,"cuarto Festival Internacional de la Canción. Tercera noche, noche final para la música folclórica. Sandy, venga por favor. Le vamos a hacer entrega de este recu",0.1207350182335808
906,2,0.12300631803065,23,23_amante_marido_mujer_matrimonio,0.061766357031094,24.0,24_amor_dije_pa_pa pa,0.061239960999556,"Daniel Muñoz ""El Malo""",2000,2000,1,1_canción_almas_cantar_vivo vivo,"La envidia. Vaya, vaya. Por esta loca me caso yo luego.",0.0005263960315380067
2580,2,0.1623892673959819,2,2_chiste_programa_hoy hoy_chistes,0.1011944673153289,10.0,10_maestro_hora hora_ruperto_hora,0.061194800080653,Edo Caroe,2016,2010,2,2_chiste_programa_hoy hoy_chistes,"Buenas noches, viña. Buenas noches, monstruo. ¿Cómo va ahí arriba? ¿Qué fue? ¿Ah? ¿Qué fue esa ¿El beso? No no teníamos No preparado esto. Amigo, ya no no hemos",0.0399996672346759
640,2,0.1397432971734676,19,19_través_mar_viña_viña mar,0.078555517390186,17.0,17_natalia_chiqui_alison_javiera,0.0611877797832816,Jorge Pérez,1997,1990,19,19_través_mar_viña_viña mar,"Buenas noches, muchísimas gracias, felicidades, adiós hasta siempre. Jorge Pérez, su mejor intento de humor esta noche en Viña del Mar. Nos separamos un instant",0.017367737606904403
529,2,0.3598713530718765,7,7_vieja_suegra_abuela_abuelita,0.2988423880491992,23.0,23_amante_marido_mujer_matrimonio,0.0610289650226773,Dino Gordillo,1996,1990,7,7_vieja_suegra_abuela_abuelita,"Oye, ¿tanto le vemos? Porque el chileno siempre va a ser así, ¿ah? Y en todas partes que voy yo, hay cosas anecdóticas como en el barrio donde yo vivía habían t",0.23781342302652192
3569,2,0.1666201125243828,5,5_colegio_niños_papá_hijo,0.1056661857366722,11.0,11_hijos_mamá_papá_hijo,0.0609539267877106,Javiera Contador,2020,2020,5,5_colegio_niños_papá_hijo,"Pasamos, nos llamó la atención que no había ningún niño tan chico como los de nosotros, pero también que niño chico se come 85 minutos de espera, hora y media y",0.04471225894896161
197,2,0.1678358126959866,10,10_maestro_hora hora_ruperto_hora,0.1069686013028455,13.0,13_ay ay_salta salta_salta_ay,0.0608672113931411,Hugo Varela,1989,1980,10,10_maestro_hora hora_ruperto_hora,No te muevo. A ver a palmita.,0.046101389909704395
2562,2,0.1361023135152217,0,0_presidente_país_huevón_pesos,0.0752422759701591,4.0,4_chileno_chile_argentino_chilenos,0.0608600375450626,Arturo Ruiz-Tagle,2015,2010,4,4_chileno_chile_argentino_chilenos,"No. Tengo tengo muchas teorías de la conspiración, del fin del mundo. Hay muchas teorías, dicen que Obama es Osama depilado. Se llama ¿Caché cómo se llama? Bara",0.014382238425096505
4030,2,0.1682719162599301,27,27_soltera_bebé_arturo vidal_tinder,0.1074281667416135,23.0,23_amante_marido_mujer_matrimonio,0.0608437495183166,Alison Mandel,2024,2020,23,23_amante_marido_mujer_matrimonio,"Oye, yo quiero decir, antes de continuar con esta rutina, que yo, eh, amo a mi marido. No, porque a veces dicen: «Ay, que las mujeres que critican a los hombres",0.0465844172232969
2730,2,0.1706712231681283,22,22_verdad_agradecer_emocionado_quiero agradecer,0.1100946867941856,14.0,14_ho_ho ho_aplauso_muchas,0.0605765363739427,Pedro Ruminot,2016,2010,21,21_buenas noches_noches_buenas_pecadora,"con mucho cariño al señor Pedro Rubí. ¡Buenas noches! ¡Buenas noches, Viña! ¡Buenas noches, Chile! Muchas gracias por este recibimiento. Muchas gracias, muchas ",0.0495181504202429
860,2,0.13049193745504659,13,13_ay ay_salta salta_salta_ay,0.0699401847763473,10.0,10_maestro_hora hora_ruperto_hora,0.0605517526786993,Melón y Melame,1999,1990,11,11_hijos_mamá_papá_hijo,"Muchas gracias, eh. Gracias. Un niño. Sí. La galería. ¡La galería! Sí. Los árboles arriba y la gente de la platea, los periodistas, todo el mundo en fiesta y fe",0.009388432097647996
2772,2,0.1403399938967759,3,3_humor_quinta_quinta vergara_vergara,0.0799384297850676,17.0,17_natalia_chiqui_alison_javiera,0.0604015641117083,Pedro Ruminot,2016,2010,3,3_humor_quinta_quinta vergara_vergara,vamos a pedir más humor sobre el escenario de la Quinta Vergara. Los dejamos con Pedro Rubí. Muchas gracias.,0.0195368656733593
3687,2,0.1213030997354557,24,24_amor_dije_pa_pa pa,0.0610097249493859,23.0,23_amante_marido_mujer_matrimonio,0.0602933747860698,"Paul Vásquez ""El Flaco""",2020,2020,27,27_soltera_bebé_arturo vidal_tinder,"Hermano, ya pues estamos en la parte del relax, ya sabes cuando conversáis y cuando nos volvemos a ver. ¿Le pegaron una pata a la puerta? Hermano, así, pa. Un l",0.0007163501633160943
1975,2,0.12828374450995889,9,9_auto_dijo dijo_micro_carabineros,0.0680185561220759,18.0,18_doctor_farmacia_examen_consulta,0.060265188387883,Zip-Zup,2012,2010,9,9_auto_dijo dijo_micro_carabineros,"No, yo soy ayudante mi compadre, Juan. No saben que por estar acá debajo del puente tienen que pagar una multa. Lo espero en la mañana ya al día lunes a las 7:3",0.007753367734192898
3880,2,0.1235376158272006,3,3_humor_quinta_quinta vergara_vergara,0.063332868550982,19.0,19_través_mar_viña_viña mar,0.0602047472762186,Diego Urrutia,2023,2020,3,3_humor_quinta_quinta vergara_vergara,...gran de Viña. ¡Muy buenas noches! De Temuco a Viña del Mar. Y ahora todo Chile. Millones ríen en sus casas por este tremendo comediante. Gracias por el arroj,0.003128121274763397
4069,2,0.1640563076368589,5,5_colegio_niños_papá_hijo,0.1039224017488174,11.0,11_hijos_mamá_papá_hijo,0.0601339058880415,Javiera Contador,2024,2020,25,25_bailar_fiesta_bailemos_baile,"tampoco, o sea, o sea, o sea, es que habría que entrar como a profundizar, ¿quieres ser buen papá? O sea, él se sabe los nombres de los dos niños eh una vez fue",0.04378849586077589
1156,2,0.1204610489265382,14,14_ho_ho ho_aplauso_muchas,0.0603728054954506,6.0,6_quinta_vergara_público_quinta vergara,0.0600882434310876,Gloria Benavides,2002,2000,19,19_través_mar_viña_viña mar,Seoras y señores querida Gloria Benavides. Y nosotros nos separamos un instante para volver con algo más del show internacional en esta quinta noche de festival,0.0002845620643629962
4185,2,0.183220339960713,0,0_presidente_país_huevón_pesos,0.1232539517830228,9.0,9_auto_dijo dijo_micro_carabineros,0.0599663881776902,Sergio Freire,2024,2020,5,5_colegio_niños_papá_hijo,"Technology. Propongo que no le compremos más computadores a los extranjeros, nunca más. Dejemos de comprar computadores afuera, empecemos a hacer computadores e",0.06328756360533261
3150,2,0.13052891321905652,24,24_amor_dije_pa_pa pa,0.0706118928758546,27.0,27_soltera_bebé_arturo vidal_tinder,0.0599170203432019,Bombo Fica,2018,2010,2,2_chiste_programa_hoy hoy_chistes,"Yo no estoy expuesto a todo. Oye, si ni siquiera en esta plataforma del espectáculo, yo no puedo contar chistes ni de guatones, pues, huevón. No, hay un guatón ",0.010694872532652708
1008,2,0.5187041973449209,19,19_través_mar_viña_viña mar,0.4588415312631854,3.0,3_humor_quinta_quinta vergara_vergara,0.0598626660817355,Dino Gordillo,2000,2000,19,19_través_mar_viña_viña mar,A través de las pantallas de Canal 13 para todo Chile y América a través de internet www.canal13.cl. A través de Radio Cooperativa para todo el país y a través ,0.39897886518144987
3850,2,0.1254333714956432,9,9_auto_dijo dijo_micro_carabineros,0.0657227902168491,4.0,4_chileno_chile_argentino_chilenos,0.0597105812787941,Diego Urrutia,2023,2020,4,4_chileno_chile_argentino_chilenos,"...con los mapuches, cosas así, la araucaria... Siempre me tiraban la talla y el año pasado me dio tanta vergüenza una noticia que pasó en Temuco, no sé si la v",0.006012208938055
4118,2,0.14831524139404179,11,11_hijos_mamá_papá_hijo,0.0886942100696969,5.0,5_colegio_niños_papá_hijo,0.0596210313243449,Luis Slimming,2024,2020,11,11_hijos_mamá_papá_hijo,"No, es broma, me encanta Macilda. Ah, muchas gracias. Ya, y ahora vamos a hablar otros temas, un tema quizás un poco más delicado. Amiga y amigos, ¿a qué edad e",0.029073178745351994
3399,2,0.2049750258353189,22,22_verdad_agradecer_emocionado_quiero agradecer,0.1453634159515759,21.0,21_buenas noches_noches_buenas_pecadora,0.059611609883743,Felipe Avello,2019,2010,21,21_buenas noches_noches_buenas_pecadora,"Lo hemos pasado bien, ¿ah? Muchas gracias, amigos. Hablando súper en serio, mira, yo no soy actor, para mí sería muy difícil fingir una emoción que no tengo. Lo",0.08575180606783289
4387,2,0.1474029282135358,11,11_hijos_mamá_papá_hijo,0.0878147665091803,16.0,16_comida_comer_dieta_mamá,0.0595881617043555,Edo Caroe,2025,2020,11,11_hijos_mamá_papá_hijo,"Muy difícil dormir con las cosas que uno ve, con las películas, con las series, como que uno se queda soñando, pero tienen que saber que después de los 30 años ",0.0282266048048248
1471,2,0.2952252863485605,7,7_vieja_suegra_abuela_abuelita,0.2356412527330846,23.0,23_amante_marido_mujer_matrimonio,0.0595840336154759,Coco Legrand,2006,2000,7,7_vieja_suegra_abuela_abuelita,"Era una diosa. Ahora la huevona es odiosa. Antiguamente erótica, ahora es neurótica. Todo ha ido cambiando. Yo mismo noto, huevón, que no soy el mismo de antes,",0.1760572191176087
1565,2,0.1263647011867474,0,0_presidente_país_huevón_pesos,0.0667886855474768,4.0,4_chileno_chile_argentino_chilenos,0.0595760156392706,Álvaro Salas,2007,2000,0,0_presidente_país_huevón_pesos,"no voces ni una sonrisa, le digo sinceramente. Incluso es dramático. Fui invitado por la colonia chilena residente a actuar a Nueva York en septiembre en nuestr",0.007212669908206203
23,2,0.12445980265009701,29,29_reggaeton_calmado_dale_ten,0.0648842138238619,13.0,13_ay ay_salta salta_salta_ay,0.0595755888262351,Los Acetatos,1973,1970,25,25_bailar_fiesta_bailemos_baile,"Os quiero bailar en mañana, mañana.",0.0053086249976268055
3539,2,0.19116888933901938,11,11_hijos_mamá_papá_hijo,0.1316128697980758,16.0,16_comida_comer_dieta_mamá,0.0595560195409436,Javiera Contador,2020,2020,11,11_hijos_mamá_papá_hijo,"Claro, nosotros estamos reproduciendo el modelo, ¿cachái? Con mi hermano. Pero resulta que yo con Diego, Diego es mi pareja y coincidentemente también es el pap",0.0720568502571322
1377,2,0.1674212868182833,27,27_soltera_bebé_arturo vidal_tinder,0.1079456441473341,15.0,15_hombres_mujeres_mujer_hombre,0.0594756426709492,Carlos García,2006,2000,1,1_canción_almas_cantar_vivo vivo,"¡Vamos! Yo soy el aventurero y el mundo me importa poco. Cuando una mujer me gusta, me gusta a pesar de todo. Me gustan las altas y las chaparritas, las flacas,",0.048470001476384895
405,2,0.124296205762532,9,9_auto_dijo dijo_micro_carabineros,0.064834012832746,4.0,4_chileno_chile_argentino_chilenos,0.059462192929786,"Jorge ""Chino"" Navarrete",1994,1990,9,9_auto_dijo dijo_micro_carabineros,"casa en un poste. Me dijo, ""Esto no va a quedar así, po."" Claro que no va a quedar así, po."" le dije. ""Te va a salir el mal socoto."" le dije. Y me puse una cami",0.005371819902959991
372,2,0.2369596449121035,1,1_canción_almas_cantar_vivo vivo,0.1775560994950578,13.0,13_ay ay_salta salta_salta_ay,0.0594035454170457,Julio Sabala,1994,1990,1,1_canción_almas_cantar_vivo vivo,"Y es que si al cantar yo sacase a relucir alguna voz de su predilección, les rogaría no lo tomen a mal. No, no, no, no, no, no. Es broma y nada más. Y yo quiero",0.11815255407801209
451,2,0.2210443107732175,1,1_canción_almas_cantar_vivo vivo,0.1617648332898971,13.0,13_ay ay_salta salta_salta_ay,0.0592794774833204,Gloria Benavides,1995,1990,1,1_canción_almas_cantar_vivo vivo,"Ah, por Kiribul. Eso eres tú. Ah, por Kiribul. Soy tu mami. Vámonos para acá. Amor imposible. Es que para gente no será un túnel de luz, vete para acá. Porque s",0.1024853558065767
1733,2,0.3981227740506777,6,6_quinta_vergara_público_quinta vergara,0.3388962886395276,14.0,14_ho_ho ho_aplauso_muchas,0.0592264854111501,Dinamita Show,2009,2000,6,6_quinta_vergara_público_quinta vergara,"Oye, qué impresionante. Esta invitación a nosotros nos encantó; son 50 años. Ustedes saben que celebrar 50 años para todos es súper importante. Sobre todo para ",0.2796698032283775
2455,2,0.1201279106408911,11,11_hijos_mamá_papá_hijo,0.060933669577649,5.0,5_colegio_niños_papá_hijo,0.0591942410632421,Huaso Filomeno,2015,2010,26,26_celular_pegado_teléfono_whatsapp,"Mi nieta me decía, ""Abuelo, yo lo quiero grabarlo, cómpreme un celular."" Ya mi hijo le compré uno. Me dijo, ""No, este es muy poco, este es un iPhone necesito."" ",0.0017394285144069002
975,2,0.1471267195731616,27,27_soltera_bebé_arturo vidal_tinder,0.0879381538311525,24.0,24_amor_dije_pa_pa pa,0.0591885657420091,Coco Legrand,2000,2000,9,9_auto_dijo dijo_micro_carabineros,"Y vos mirá y no cachallune y no falle ese viejo flaco, weón. Con menos potaje y chuzo el compadre, ese weón. Yo sigo para el lado. Se ve que es caballero, pero ",0.0287495880891434
3094,2,0.14657548160255812,1,1_canción_almas_cantar_vivo vivo,0.0873886036403854,29.0,29_reggaeton_calmado_dale_ten,0.0591868779621727,Rodrigo Villegas,2017,2010,13,13_ay ay_salta salta_salta_ay,"Y empecé a investigar esto del miedo y me encontré con mensajes subliminales en las canciones, señoras y señores. ¿Ustedes conocen a Topolollo? ¿Se acuerdan de ",0.028201725678212705
1922,2,0.1305491578505562,23,23_amante_marido_mujer_matrimonio,0.0713648329958923,24.0,24_amor_dije_pa_pa pa,0.0591843248546639,Dinamita Show,2012,2010,25,25_bailar_fiesta_bailemos_baile,"Para. Para. O sea, podríamos afirmar fehacientemente que la energía llamada electricidad también podría tener el nombre de cualquiera de tus seis esposas. Porqu",0.012180508141228404
363,2,0.1956889753297399,13,13_ay ay_salta salta_salta_ay,0.1365635901496973,29.0,29_reggaeton_calmado_dale_ten,0.0591253851800426,Piña Colada,1993,1990,13,13_ay ay_salta salta_salta_ay,"Y ahora, con mucho respeto, para el general. ¿Cuál? ¿Cuál? ¿Cuál? El pan negro que está allá adentro. «Muévelo, muévelo. Ven a bailar. Ven a bailar». ¿No se esc",0.0774382049696547
4478,2,0.4803402197637206,7,7_vieja_suegra_abuela_abuelita,0.4213151030530234,23.0,23_amante_marido_mujer_matrimonio,0.0590251167106972,Juan Pablo López,2025,2020,7,7_vieja_suegra_abuela_abuelita,¿Vieron que entre más adultas son las personas más duermen con la boca abierta? Mi mamá duerme así. ¿Vieron que los adultos mayores no meten bulla para dormir? ,0.3622899863423262
4175,2,0.1546241016760433,2,2_chiste_programa_hoy hoy_chistes,0.0956601397334644,10.0,10_maestro_hora hora_ruperto_hora,0.0589639619425789,Sergio Freire,2024,2020,2,2_chiste_programa_hoy hoy_chistes,"con Freddie. Freddie, Freddie, Freddie, ¡oh! Freddie, Freddie, Freddie, ¡oh! Freddie, Freddie, ¡oh! Freddie, Freddie, Freddie, ¡oh! Freddie está en mi alma. All",0.036696177790885506
4022,2,0.1868718449217861,7,7_vieja_suegra_abuela_abuelita,0.1279668724071231,16.0,16_comida_comer_dieta_mamá,0.058904972514663,Alison Mandel,2024,2020,7,7_vieja_suegra_abuela_abuelita,"«Baltasar, ¿con qué emoción te sientes identificado en este momento?». Y dice ahí que justo ese día había ido mi suegra a la casa y mi suegra... no vamos a deci",0.06906189989246009
2745,2,0.1195529346717478,18,18_doctor_farmacia_examen_consulta,0.0606696899739082,16.0,16_comida_comer_dieta_mamá,0.0588832446978396,Pedro Ruminot,2016,2010,11,11_hijos_mamá_papá_hijo,"y ella va y me dice, ""¿Cómo tú con las quimio?"" Terrible. Terrible lo que me dijo, terrible. Mucha gente quizás no lo sabe, pero yo hace 9 años tuve un cáncer e",0.001786445276068603
3471,2,0.1219614630831274,3,3_humor_quinta_quinta vergara_vergara,0.0631505795297231,17.0,17_natalia_chiqui_alison_javiera,0.0588108835534043,Mauricio Palma,2019,2010,3,3_humor_quinta_quinta vergara_vergara,"Quita Vergara, vamos a apelar ahora al sentido común, al respeto para recibir a un tremendo artista, un referente del stand up. Lleva 15 años en la comedia, no ",0.004339695976318794
3284,2,0.4287096265493995,2,2_chiste_programa_hoy hoy_chistes,0.3699394913414537,28.0,28_puta puta_noticias_puta_ta,0.0587701352079458,Stefan Kramer,2018,2010,2,2_chiste_programa_hoy hoy_chistes,"Si no hay nada más encachado cuando te hace reír un roto. De ahí, del Kike me paso a ver Fox Premium, el expediente fútbol con Araujo. La viene el Chileno, José",0.31116935613350793
1912,2,0.1385741175975458,12,12_perro_perrito_selva_lobo,0.0798700839664831,10.0,10_maestro_hora hora_ruperto_hora,0.0587040336310627,Dinamita Show,2012,2010,9,9_auto_dijo dijo_micro_carabineros,"en el cuartel, indio. Sí. y esperar que caigan los tonos. Oy, no entendimos nada. A ver, ¿cuántos bomberos hay aquí? Firme. Bien. Pero la demás gente no entiend",0.0211660503354204
2168,2,0.12405940033518159,26,26_celular_pegado_teléfono_whatsapp,0.0653784366355954,5.0,5_colegio_niños_papá_hijo,0.0586809636995862,Bastián Paz,2013,2010,11,11_hijos_mamá_papá_hijo,"¿Está? Sí. Mira, la redita de abajo y dijo: «Oye, que el pito llama a tu mamá». ¿Cuál es el chiste ese del clásico de la paloma tatuada? Que había una niñita, y",0.006697472936009197
202,2,0.1250617353627338,3,3_humor_quinta_quinta vergara_vergara,0.0664847943994011,17.0,17_natalia_chiqui_alison_javiera,0.0585769409633327,Hugo Varela,1989,1980,3,3_humor_quinta_quinta vergara_vergara,"Esa fue la actuación de Hugo Varela con un humor distinto, pero que ha hecho participar al público. Ustedes realmente han disfrutado de la rutina de este gran h",0.007907853436068396
1172,2,0.13848718622908618,23,23_amante_marido_mujer_matrimonio,0.0799500980306602,7.0,7_vieja_suegra_abuela_abuelita,0.058537088198426,Natalia Cuevas,2003,2000,2,2_chiste_programa_hoy hoy_chistes,"Entonces, después uno dice: ""Sí, pero la oferta está buena, había que rellévala"". De todas maneras, chiquillo, yo le digo a la señora Natalia que ella no se hag",0.021413009832234195
2918,2,0.2704960007757736,24,24_amor_dije_pa_pa pa,0.2119637011064383,27.0,27_soltera_bebé_arturo vidal_tinder,0.0585322996693353,"Daniela ""Chiqui"" Aguayo",2017,2010,24,24_amor_dije_pa_pa pa,"que yo nunca pensé que podía suceder algo así, lo quiero celebrar hoy día con ustedes. Pero no he dicho nada, pues bueno, sobreactuen tampoco. Un huevón se enam",0.15343140143710302
783,2,0.1584956337232295,19,19_través_mar_viña_viña mar,0.1000071002225228,3.0,3_humor_quinta_quinta vergara_vergara,0.0584885335007067,Dino Gordillo,1998,1990,19,19_través_mar_viña_viña mar,"Buenas noches, muchísimas gracias, que Dios los bendiga. Adiós. Vino Verrillo en Viña del Mar por tercer año consecutivo. ¿Cómo ha crecido este artista nacional",0.04151856672181609
4177,2,0.1473300508186487,22,22_verdad_agradecer_emocionado_quiero agradecer,0.0889568226082704,21.0,21_buenas noches_noches_buenas_pecadora,0.0583732282103783,Sergio Freire,2024,2020,6,6_quinta_vergara_público_quinta vergara,"y de verdad estaban reciclando. Mi gaviota de oro dice, ""Grande Ricardo Meruane."" Así que de verdad estaban reciclando. Oye, muy feliz, muy feliz de estar acá d",0.0305835943978921
589,2,0.1492453676008345,3,3_humor_quinta_quinta vergara_vergara,0.0909014481653921,19.0,19_través_mar_viña_viña mar,0.0583439194354424,Dino Gordillo,1997,1990,3,3_humor_quinta_quinta vergara_vergara,"Y la noche es nuestra para seguir compartiendo con alegría y dijimos al comienzo de esta reunión, el humor también está presente. Nuestro próximo invitado es un",0.0325575287299497
4112,2,0.4155105845645897,2,2_chiste_programa_hoy hoy_chistes,0.3571913610439491,28.0,28_puta puta_noticias_puta_ta,0.0583192235206406,Luis Slimming,2024,2020,2,2_chiste_programa_hoy hoy_chistes,"solo privilegio de algunos. No, no. No, estoy bueno. Pero, ¿sabes qué? Existe mucha ignorancia con respecto al tema de las discapacidades. Hay cosas que uno tie",0.2988721375233085
2860,2,0.134001386621287,0,0_presidente_país_huevón_pesos,0.0756983616854962,9.0,9_auto_dijo dijo_micro_carabineros,0.0583030249357908,Juan Pablo López,2017,2010,0,0_presidente_país_huevón_pesos,"esto los huevones con así un rollo Confort. Un que parece lija la huevada. Entráis al baño, salís depilado. Eso es pelarse el culo trabajando, vos, huevón. Grac",0.017395336749705392
1425,2,0.22619006559025,10,10_maestro_hora hora_ruperto_hora,0.1679284644470776,2.0,2_chiste_programa_hoy hoy_chistes,0.0582616011431724,Carlos García,2006,2000,10,10_maestro_hora hora_ruperto_hora,"Después termino esta y la gente siempre dice: ""¡Otra, otra, otra!"". Y vuelvo a pedido el público. No sé si va para acá, pero siempre... total, me voy, ¡quién sa",0.1096668633039052
1949,2,0.1811416637559085,22,22_verdad_agradecer_emocionado_quiero agradecer,0.1229014578210389,14.0,14_ho_ho ho_aplauso_muchas,0.0582402059348696,Dinamita Show,2012,2010,22,22_verdad_agradecer_emocionado_quiero agradecer,"A ver. Yo le quiero agradecer de corazón porque hay mucha emoción ahora. Yo le quiero agradecer porque Qué increíble, ah. Ustedes lo dijeron. Venían con una rut",0.0646612518861693
2480,2,0.152466764026292,22,22_verdad_agradecer_emocionado_quiero agradecer,0.0942904946754598,14.0,14_ho_ho ho_aplauso_muchas,0.0581762693508322,Huaso Filomeno,2015,2010,4,4_chileno_chile_argentino_chilenos,"Es increíble, de verdad. Yo estoy muy contento y... saludos para Victoria, gachas, está todo Victoria metida allá arriba, gacho. Gracias, Victoria también por t",0.0361142253246276
468,2,0.3074234626477828,3,3_humor_quinta_quinta vergara_vergara,0.2492505455810888,19.0,19_través_mar_viña_viña mar,0.058172917066694,Paulo Iglesias,1995,1990,3,3_humor_quinta_quinta vergara_vergara,Y lo próximo es dibujar en el rostro de cada uno de ustedes una sonrisa. Vamos a saludar a un joven artista nacional que ya en dos oportunidades ha triunfado en,0.1910776285143948
3219,2,0.2661948665905196,11,11_hijos_mamá_papá_hijo,0.208043755082709,16.0,16_comida_comer_dieta_mamá,0.0581511115078106,Jenny Cavallo,2018,2010,11,11_hijos_mamá_papá_hijo,"¿Cómo se siente, mamite? No hable, no hable que se va a llenar de gases, mamite. ¿Qué es esa huevada? ¿Qué es esa de las mamitas. Porque yo me siento mujer con ",0.1498926435748984
3599,2,0.2576035900137762,7,7_vieja_suegra_abuela_abuelita,0.199484074308275,16.0,16_comida_comer_dieta_mamá,0.0581195157055012,Ernesto Belloni,2020,2020,7,7_vieja_suegra_abuela_abuelita,"Bueno. Se me pasó por la mente, chiquillo. Y lo digo por mi abuelo. Bueno. Si quieren un consejo, chiquillo, cásense. ¿Sabes por qué? Porque vienen los hijos y ",0.1413645586027738
4346,2,0.3789061152149704,11,11_hijos_mamá_papá_hijo,0.3208584752493102,16.0,16_comida_comer_dieta_mamá,0.0580476399656602,"Daniela ""Chiqui"" Aguayo",2025,2020,11,11_hijos_mamá_papá_hijo,"y el el se la carga mental de los papás, qué más lo que cuesta que se concrete el acto sexual mismo, que en el acto sexual mismo. Uno sí que quiere seguir traba",0.26281083528365
1831,2,0.2860472034044476,5,5_colegio_niños_papá_hijo,0.2280411989860108,11.0,11_hijos_mamá_papá_hijo,0.0580060044184368,Dino Gordillo,2011,2010,5,5_colegio_niños_papá_hijo,"Me tocó trabajar en Aster Mechián y me di cuenta, señoras y señores, que los cabros chicos a los 5 años saben esquiar. Pero explican a decir, ""Es bote raro con ",0.170035194567574
2660,2,0.121731226784386,26,26_celular_pegado_teléfono_whatsapp,0.0637610868619916,5.0,5_colegio_niños_papá_hijo,0.0579701399223944,Rodrigo González,2016,2010,5,5_colegio_niños_papá_hijo,"6:00 de la tarde con mi fonsi, mi fricola, mi pluma, mi polera de patán, toqué el timbre, me abre mi suegro y le digo, ""Hola, tío."" ¿Cómo que tío, huevón? Soy m",0.005790946939597197
877,2,0.1391353781772129,11,11_hijos_mamá_papá_hijo,0.081201225145603,16.0,16_comida_comer_dieta_mamá,0.0579341530316099,Melón y Melame,1999,1990,11,11_hijos_mamá_papá_hijo,"Pero mono, Pero en todo caso En todo caso, yo debo reconocer ante todos ustedes, señoras y señores, que yo esto lo hago por mi señora y mis hijos. Está bien, es",0.023267072113993106
3853,2,0.3297495509156849,2,2_chiste_programa_hoy hoy_chistes,0.271821176917086,28.0,28_puta puta_noticias_puta_ta,0.0579283739985989,Diego Urrutia,2023,2020,2,2_chiste_programa_hoy hoy_chistes,"Sí, y qué bueno, porque para ser periodista igual tenés que ser como un tipo serio, muy compuesto. Cambio yo me cago de la risa todo el rato. ¿Cachái? Yo no me ",0.2138928029184871
4377,2,0.1189716269905295,11,11_hijos_mamá_papá_hijo,0.0610929988143548,16.0,16_comida_comer_dieta_mamá,0.0578786281761747,Edo Caroe,2025,2020,16,16_comida_comer_dieta_mamá,Te imaginas a tu viejo cuando le daba esa rabieta en el mall y se iba enojado hacia delante. Y toda la familia triste peregrina atrás así como Te imaginas a tu ,0.0032143706381801
4319,2,0.5040568922413886,16,16_comida_comer_dieta_mamá,0.4462585313981628,11.0,11_hijos_mamá_papá_hijo,0.0577983608432258,"Daniela ""Chiqui"" Aguayo",2025,2020,16,16_comida_comer_dieta_mamá,"para que no sabes lo que están diciendo, le dije, ""Sí, dígame."" Me dijo, ""Mamita, le vamos a pedir que, por favor, no mande más chubi ni M&M ni nada de eso de c",0.388460170554937
3074,2,0.19903649356958208,10,10_maestro_hora hora_ruperto_hora,0.1412434287352978,13.0,13_ay ay_salta salta_salta_ay,0.0577930648342843,Rodrigo Villegas,2017,2010,26,26_celular_pegado_teléfono_whatsapp,"Ah, perdón, ya. A ver, ¿quién es lo que quiere? ¿Quién es lo que quiere? Ay, ay, ay. No sé qué pasó. Vamos, señoras y señores. ¡Hagamos la ola, señoras y señore",0.0834503639010135
3300,2,0.2686652341442437,12,12_perro_perrito_selva_lobo,0.2109201323894926,24.0,24_amor_dije_pa_pa pa,0.0577451017547511,Stefan Kramer,2018,2010,12,12_perro_perrito_selva_lobo,"Hola, soy el Nico. Están volando a la raja. La raja me están volando. Esto es cuando él... Estoy sintiendo la pelota, cuando siento la pelota se va va ese huevó",0.15317503063474147
1225,2,0.1361786323419177,12,12_perro_perrito_selva_lobo,0.0785248266726677,24.0,24_amor_dije_pa_pa pa,0.05765380566925,Palta Meléndez,2004,2000,18,18_doctor_farmacia_examen_consulta,"¿Cómo es la lechera hoy? Bueno, era ahí así. Parece que fuiste al mismo sauna. A él, tóquese la de nuevo, a él. A él.",0.020871021003417707
4555,2,0.12151560798969219,3,3_humor_quinta_quinta vergara_vergara,0.0639693967925971,19.0,19_través_mar_viña_viña mar,0.0575462111970951,Pedro Ruminot,2025,2020,17,17_natalia_chiqui_alison_javiera,"con dos mundiales porque la mamá no es chilena. Le decían la chilena. Porque era mechera en Londres. Muy buenas noches. Muchas gracias. Chao, chao. Ese fue el s",0.006423185595502
1380,2,0.1731834500082046,22,22_verdad_agradecer_emocionado_quiero agradecer,0.1157005634669456,21.0,21_buenas noches_noches_buenas_pecadora,0.057482886541259,Carlos García,2006,2000,10,10_maestro_hora hora_ruperto_hora,"Yo sé que la gran mayoría, la gran mayoría del público no me conoce, pero el corazón de un artista palpita cuando ve que hay una minoría que tampoco me conoce..",0.0582176769256866
628,2,0.1927173381888237,1,1_canción_almas_cantar_vivo vivo,0.1353144384867775,13.0,13_ay ay_salta salta_salta_ay,0.0574028997020462,Gilberto Gless,1997,1990,1,1_canción_almas_cantar_vivo vivo,"Antes de irme, si me lo permiten, quiero que cantemos esto que maestro si me permite. Querida, ¿cómo están? Ya se cansaron. No oigo. Querida Es que cuando yo di",0.07791153878473128
1876,2,0.1227098009578516,12,12_perro_perrito_selva_lobo,0.06539205861693,24.0,24_amor_dije_pa_pa pa,0.0573177423409216,Ricardo Meruane,2011,2010,10,10_maestro_hora hora_ruperto_hora,"Si quieres se los voy a buscar al hotel, no sé si le... Le puedo pedir el celular, lo llamamos en la semana, como guste, señor. Bueno, ¿cómo estamos? Ahí, ¿buen",0.008074316276008395
2238,2,0.1485742881429272,9,9_auto_dijo dijo_micro_carabineros,0.0912841157861582,18.0,18_doctor_farmacia_examen_consulta,0.057290172356769,Jorge Alís,2014,2010,9,9_auto_dijo dijo_micro_carabineros,"estando todas esas pelotudeces, 45 minutos en la fila del banco. ¿Me entendés? Cuando estás a punto de pasar, alguien viene y te toca la espalda. El guardia de ",0.033993943429389196
847,2,0.1307464754643747,12,12_perro_perrito_selva_lobo,0.0734713122161999,24.0,24_amor_dije_pa_pa pa,0.0572751632481748,Sandy,1999,1990,9,9_auto_dijo dijo_micro_carabineros,"Y este era tan tarta Era tan tartamudo que llega al consultorio y ve uno medio amigo y dice, ""¿Qué qué qué ¿Qué tenés? Cistitis. ¿Y eso qué? Lo mismo que lo tuy",0.016196148968025105
4566,2,0.1469547654730777,14,14_ho_ho ho_aplauso_muchas,0.0897201961549486,22.0,22_verdad_agradecer_emocionado_quiero agradecer,0.0572345693181291,Pedro Ruminot,2025,2020,14,14_ho_ho ho_aplauso_muchas,"Gracias a todos los que participaron. Gracias a la amiga de Venezuela, gracias a la amiga de Argentina, gracias a Benes. Gracias a Jorge, a Pancho, a mi esposa ",0.0324856268368195
1995,2,0.1248781232941529,18,18_doctor_farmacia_examen_consulta,0.0676529137837966,0.0,0_presidente_país_huevón_pesos,0.0572252095103563,Bombo Fica,2012,2010,0,0_presidente_país_huevón_pesos,"No, no. Y no es chiste. Me fui, pasó el tiempo y un día le tuve que hacer un cheque a la nana que tenía que ir a comprar la feria; le hice un cheque por 600 000",0.010427704273440308
3173,2,0.1177608292176307,6,6_quinta_vergara_público_quinta vergara,0.0606213075920724,14.0,14_ho_ho ho_aplauso_muchas,0.0571395216255583,Bombo Fica,2018,2010,14,14_ho_ho ho_aplauso_muchas,"Fuerte, fuerte, démosle fuerte el aplauso, por favor, fuerte el aplauso para esta artista que ha mostrado su espectáculo aquí la señorita Mariela Montero. Fuert",0.003481785966514099
432,2,0.1467703145762899,28,28_puta puta_noticias_puta_ta,0.0896421149630101,2.0,2_chiste_programa_hoy hoy_chistes,0.0571281996132798,Jappening con ja,1995,1990,28,28_puta puta_noticias_puta_ta,"Rica fe, rica fe, rica fe, rica... Cambia la uva, se hace pasa; piña crece cada vez; pero lo que nunca cambia: el Marga Marga y su edoncés. Hacia los animadores",0.0325139153497303
3089,2,0.1223684316190577,14,14_ho_ho ho_aplauso_muchas,0.0652736460628521,22.0,22_verdad_agradecer_emocionado_quiero agradecer,0.0570947855562056,Rodrigo Villegas,2017,2010,6,6_quinta_vergara_público_quinta vergara,"Muchas gracias, señoras y señores. Muchas gracias. Toda para ti. Papá, esto es para ti, papá. Lo conversamos este tema con Rodrigo en diciembre en una una escen",0.008178860506646506
598,2,0.1192085149904224,24,24_amor_dije_pa_pa pa,0.0621198322724424,12.0,12_perro_perrito_selva_lobo,0.05708868271798,Dino Gordillo,1997,1990,24,24_amor_dije_pa_pa pa,"¿Viste? Que tengo a zapatito celeste. Porque el niño siempre ha sido tierno. Ahora mismo llegué ayer al hotel, me vine dos días antes realmente para para conoce",0.005031149554462405
2027,2,0.27115116291307284,22,22_verdad_agradecer_emocionado_quiero agradecer,0.2140775688711445,14.0,14_ho_ho ho_aplauso_muchas,0.0570735940419283,Bombo Fica,2012,2010,14,14_ho_ho ho_aplauso_muchas,"Pero me llevo el aplauso, me llevo el cariño, tan bonita la antorcha, pero más más me llevo su aplauso, su cariño, su risa, está bien. Eso me lo llevo. Parece q",0.15700397482921621
238,2,0.1601919721948111,9,9_auto_dijo dijo_micro_carabineros,0.1031442377446912,4.0,4_chileno_chile_argentino_chilenos,0.0570477344501199,Palta Meléndez,1991,1990,9,9_auto_dijo dijo_micro_carabineros,"Chile. Chile del Chile. Y así está la cosa. Yo, por ejemplo, en Santiago que ustedes se han dado cuenta que nosotros tenemos un aire salvaje aquí en Viña del Ma",0.046096503294571295
4257,2,0.38295585909580554,13,13_ay ay_salta salta_salta_ay,0.3259373222460896,29.0,29_reggaeton_calmado_dale_ten,0.0570185368497159,Alex Ortiz,2024,2020,13,13_ay ay_salta salta_salta_ay,la música la fiesta la fiesta,0.2689187853963737
2389,2,0.119246267071624,23,23_amante_marido_mujer_matrimonio,0.0622962270034884,24.0,24_amor_dije_pa_pa pa,0.0569500400681356,Dinamita Show,2015,2010,24,24_amor_dije_pa_pa pa,"Mientras tanto, me saqué la ropa, toda la cuestión; me saqué la ropa que dice: ""No, como ya somos adultos"", dije yo. Me tiro a la cama de los platos y no dista.",0.005346186935352798
513,2,0.1254079949700318,3,3_humor_quinta_quinta vergara_vergara,0.0684767214839035,19.0,19_través_mar_viña_viña mar,0.0569312734861283,Dino Gordillo,1996,1990,3,3_humor_quinta_quinta vergara_vergara,"Por todo lo que le ha dado a un país, por esa entrega desinteresada, por esa acción social a través de su programa L de caso se ha ganado el cariño de todos de ",0.011545447997775203
3824,2,0.231285491439479,17,17_natalia_chiqui_alison_javiera,0.1743632821321951,6.0,6_quinta_vergara_público_quinta vergara,0.0569222093072839,Pamela Leiva,2023,2020,17,17_natalia_chiqui_alison_javiera,"Vamos a seguir. Aprovechando este momento, yo les quiero contar, yo estuve en un colegio en un colegio de monjas. Gracias. Gracias. Yo estuve en un colegio de m",0.1174410728249112
3047,2,0.16568990678202672,0,0_presidente_país_huevón_pesos,0.1088331148460106,9.0,9_auto_dijo dijo_micro_carabineros,0.0568567919360161,"Juan Luis ""Jajá"" Calderón",2017,2010,0,0_presidente_país_huevón_pesos,"Pero para los que son de provincia, quiero contarles que en Santiago tenemos el famoso TAC, o sea, teníamos autopistas gratis, TAC. Y el TAC tiene dos problemas",0.0519763229099945
3078,2,0.2331174023692507,10,10_maestro_hora hora_ruperto_hora,0.1762657461728435,2.0,2_chiste_programa_hoy hoy_chistes,0.0568516561964072,Rodrigo Villegas,2017,2010,10,10_maestro_hora hora_ruperto_hora,"está pasando bien, está contigo, está disfrutando de tu show. Quiero que nos confirmen a ver si tenemos solucionado ya el problema para poder seguir disfrutando",0.1194140899764363
1054,2,0.1551096635186108,1,1_canción_almas_cantar_vivo vivo,0.0982791519557444,22.0,22_verdad_agradecer_emocionado_quiero agradecer,0.0568305115628664,Memo Bunke y Natalia Cuevas,2001,2000,7,7_vieja_suegra_abuela_abuelita,"La suegra querida. Que viva mi suegra. Que viva mi suegra. Pero que viva bien lejos. En el polosura a veces se le congela la lengua a la vieja. Oye, voy a prese",0.041448640392877996
1538,2,0.4358791817413608,1,1_canción_almas_cantar_vivo vivo,0.379127315358596,13.0,13_ay ay_salta salta_salta_ay,0.0567518663827648,Ruperto,2006,2000,1,1_canción_almas_cantar_vivo vivo,"cuando era chiquitita así, la escuchaba yo. Es es una gran canción, claro. Es muy linda, muy popular. ¿La conoce? Es muy linda la canción. Es linda, ¿cierto? Cl",0.3223754489758312
4119,2,0.1790774501472937,11,11_hijos_mamá_papá_hijo,0.1223500140627737,16.0,16_comida_comer_dieta_mamá,0.05672743608452,Luis Slimming,2024,2020,7,7_vieja_suegra_abuela_abuelita,"No sé si esto le pasará a todas las parejas. Muchas gracias. Muchas gracias. No sé si esto le pasará a todas las parejas, pero pasa que en mi casa mi señora me ",0.06562257797825369
3956,2,0.1192602802075078,24,24_amor_dije_pa_pa pa,0.0625425187149459,12.0,12_perro_perrito_selva_lobo,0.0567177614925619,Rodrigo Villegas,2023,2020,4,4_chileno_chile_argentino_chilenos,"Nadie se rió. Todos con careculo. Después me enteré que el hermano de mi señora se llama Brian pues, weón, pero Yo no sabía esa weón, pues, weón. Entonces me pu",0.005824757222384
328,2,0.1202789913299902,21,21_buenas noches_noches_buenas_pecadora,0.0635908557177832,22.0,22_verdad_agradecer_emocionado_quiero agradecer,0.056688135612207,Sandy,1993,1990,13,13_ay ay_salta salta_salta_ay,"cariño este homenaje para ustedes, ¿sí? A ver cómo sale la cosa. Mire, mire.",0.006902720105576195
957,2,0.18101435166319252,29,29_reggaeton_calmado_dale_ten,0.1243382812425348,25.0,25_bailar_fiesta_bailemos_baile,0.0566760704206577,Coco Legrand,2000,2000,1,1_canción_almas_cantar_vivo vivo,Me excitan las parvularias. ¿Con qué amor pueden envenenar la cabeza de sus futuros degeneretes? Con esas canciones tan tiernas de amor a ser a ser los maderos ,0.06766221082187711
3945,2,0.176687738967986,23,23_amante_marido_mujer_matrimonio,0.120085306125354,27.0,27_soltera_bebé_arturo vidal_tinder,0.056602432842632,Rodrigo Villegas,2023,2020,16,16_comida_comer_dieta_mamá,"levantemos la mano, las parejas enamoradas. Fuerte el aplauso para el amor, que se escuche en todo Chile. Oye, a mí me gustan las parejas, porque uno cuando cua",0.063482873282722
420,2,0.12581772392775492,10,10_maestro_hora hora_ruperto_hora,0.0692352919094247,22.0,22_verdad_agradecer_emocionado_quiero agradecer,0.0565824320183302,Jappening con ja,1995,1990,10,10_maestro_hora hora_ruperto_hora,"¡Ay, ay, ay! Perdón, maestro, pare para la música. Al parecer, Gloria Trevi ha tenido algún problema. Es lamentable: tantos ensayos, tanta preparación para para",0.012652859891094506
3420,2,0.1299888845707191,6,6_quinta_vergara_público_quinta vergara,0.0735287045482371,22.0,22_verdad_agradecer_emocionado_quiero agradecer,0.056460180022482,Felipe Avello,2019,2010,6,6_quinta_vergara_público_quinta vergara,"Mira. Hola, ¿cómo han estado? Hola, ¿qué Está haciendo un personaje, ahora es la persona. ¿Cómo está? Me desdoblé, los actores son. Mira, mira, ven, ponte acá e",0.017068524525755094
851,2,0.1137783775100521,27,27_soltera_bebé_arturo vidal_tinder,0.0573229180094929,23.0,23_amante_marido_mujer_matrimonio,0.0564554595005592,Sandy,1999,1990,24,24_amor_dije_pa_pa pa,"el notor, mi mujer me pega. Me vive pegando. Y yo vivo en un piso y se escuchan los lapos de afuera. Los sopapos, los manotazos que me da. Y la gente cuando sal",0.0008674585089337022
2457,2,0.149310007685436,26,26_celular_pegado_teléfono_whatsapp,0.0928657702525112,5.0,5_colegio_niños_papá_hijo,0.0564442374329248,Huaso Filomeno,2015,2010,5,5_colegio_niños_papá_hijo,"Era así la cosa. Mijo, hoy día gacho. Los cabros chicos, dígame usted si no. Tienen mejor celular que uno, huevón. Y no la han trabajado un día a nadie, huevón.",0.036421532819586405
500,2,0.1208696242092899,24,24_amor_dije_pa_pa pa,0.0644388871914494,23.0,23_amante_marido_mujer_matrimonio,0.0564307370178405,El Pampero,1995,1990,7,7_vieja_suegra_abuela_abuelita,"Después llegué a la playa. Me fui a meter aquí a a línea a la playa, qué rico. Y se estaba bajando una vieja, compadre, y nadie pescaba a la pobre vieja. La vie",0.008008150173608897
1663,2,0.1353448423002333,2,2_chiste_programa_hoy hoy_chistes,0.0789243461831341,10.0,10_maestro_hora hora_ruperto_hora,0.0564204961170992,Stefan Kramer,2008,2000,2,2_chiste_programa_hoy hoy_chistes,"Muchas gracias. Bueno, desde que supe que... ¿Qué tal? Desde que supe que iba a estar en Viña que no, no he dormido; no, no, no he dejado de pensar un solo inst",0.0225038500660349
1756,2,0.11677521109106101,24,24_amor_dije_pa_pa pa,0.0603629062203406,12.0,12_perro_perrito_selva_lobo,0.0564123048707204,Dinamita Show,2009,2000,12,12_perro_perrito_selva_lobo,"Se palpan. Mira, flaco, ¿dónde estás? Y me solté el cabello, me vestí de rey no. Me puse con esa cinta y era fe, que mi no se la puerta se escuché gritarme, per",0.003950601349620199
1413,2,0.1384005344411018,19,19_través_mar_viña_viña mar,0.0820369166430835,3.0,3_humor_quinta_quinta vergara_vergara,0.0563636177980183,Carlos García,2006,2000,1,1_canción_almas_cantar_vivo vivo,"Entiende lo que le tiré, entiéndelo, es impresionante. Mucho mejor que el festival de San Remo. ¿De San Remo? ¡Qué de San Remo! Lucía Cueva que toda su vida, pe",0.025673298845065202
1782,2,0.11398013750752509,24,24_amor_dije_pa_pa pa,0.057630810785204,23.0,23_amante_marido_mujer_matrimonio,0.0563493267223211,Coco Legrand,2010,2010,23,23_amante_marido_mujer_matrimonio,"rechaza la prótesis. No hay que llegar y ponerse un bifocal progresivo. Ah, veo la raja. No, pues, eso por lo menos entre dos a a 3 meses de acostumbrando. Para",0.0012814840628828997
1952,2,0.1916727525989498,24,24_amor_dije_pa_pa pa,0.1353460066780554,27.0,27_soltera_bebé_arturo vidal_tinder,0.0563267459208944,Zip-Zup,2012,2010,7,7_vieja_suegra_abuela_abuelita,"A ver, no, no, no, un momentito, un momentito, a ver. Damas, ¿le gustaron los aplausos? Pero es lo que hay nomás, pues ya. La verdad que se juntó toda la gente ",0.07901926075716101
2561,2,0.1178857786422066,4,4_chileno_chile_argentino_chilenos,0.0616098376866009,0.0,0_presidente_país_huevón_pesos,0.0562759409556057,Arturo Ruiz-Tagle,2015,2010,28,28_puta puta_noticias_puta_ta,"¿Cuántas películas? Esperaste ese momento que decían que el 21 de diciembre del 2012 se acababa el mundo. Lo decía los mayas. Nostradamus, salfate. Oye, yo toda",0.0053338967309951996
525,2,0.5446180739985798,23,23_amante_marido_mujer_matrimonio,0.4883458936883595,15.0,15_hombres_mujeres_mujer_hombre,0.0562721803102202,Dino Gordillo,1996,1990,23,23_amante_marido_mujer_matrimonio,No le entiendo. No le entiendo y en la casa por Luke y media va a salir igual. Y esa amante hoy en día y esas que te las lleváis por ahí donde venden mote con h,0.4320737133781393
1751,2,0.2712203715897355,13,13_ay ay_salta salta_salta_ay,0.2149513585758608,29.0,29_reggaeton_calmado_dale_ten,0.0562690130138747,Dinamita Show,2009,2000,13,13_ay ay_salta salta_salta_ay,"Ven para acá. Aquí esta música, vamos a poner una música de Ghost. Okay. Mira, qué lindo. Mira. No, esta va a ser la hora, mira. Aquí va a estar los pececillos.",0.15868234556198613
1095,2,0.11545222696034299,22,22_verdad_agradecer_emocionado_quiero agradecer,0.0592547581508014,14.0,14_ho_ho ho_aplauso_muchas,0.0561974688095416,Millenium Show,2001,2000,13,13_ay ay_salta salta_salta_ay,"Saquemos un grito de corazón por el campeón, por el campeón, saquemos un grito de corazón por el campeón, por el campeón, saquemos un grito de corazón. Uno, dos",0.003057289341259796
2274,2,0.1594197662510555,13,13_ay ay_salta salta_salta_ay,0.1032265741081815,1.0,1_canción_almas_cantar_vivo vivo,0.056193192142874,Rudy Rey,2014,2010,13,13_ay ay_salta salta_salta_ay,"Quinta Vergara, aquí comienza el ranking musical de Rudy Rey. Dejamos en este escenario, desde Puerto Rico, ¡Chayanne! ¡Eh, eh, eh! ¡2, 3! ¡2, 3! ¡2, 3! ¿Cómo e",0.04703338196530751
743,2,0.1375159243654381,14,14_ho_ho ho_aplauso_muchas,0.0814180438256563,6.0,6_quinta_vergara_público_quinta vergara,0.0560978805397818,Gloria Benavides,1998,1990,6,6_quinta_vergara_público_quinta vergara,"Cuatro. ¿Qué? A usted, pues. ¿A quién? A usted le digo. ¿Quién me llama? ¿Quién me está hablando? ¿Por dónde? ¿Quién me dice que ya no me reconoce la voz? ¿Por ",0.025320163285874504
2834,2,0.14393567118746942,22,22_verdad_agradecer_emocionado_quiero agradecer,0.0878402789058873,21.0,21_buenas noches_noches_buenas_pecadora,0.0560953922815821,Ricardo Meruane,2016,2010,0,0_presidente_país_huevón_pesos,"acá. Amigos. Sí, nomás. Gracias por este apoyo. Oye. Vamos a agarrar la luz ahí luego. ¿Cómo estamos allá arriba? ¿Bien? Oye, oye, independiente. Independiente.",0.031744886624305205
3594,2,0.11258226371497479,17,17_natalia_chiqui_alison_javiera,0.0565426964925752,19.0,19_través_mar_viña_viña mar,0.0560395672223996,Ernesto Belloni,2020,2020,17,17_natalia_chiqui_alison_javiera,"Con sus zapatillas así de vodka, gin, whisky, qué sé yo. He elegido la mejor noche para estar en el Festival de Viña en la Quinta Vergara y es esta noche, el me",0.0005031292701756021
3988,2,0.1745672511855519,1,1_canción_almas_cantar_vivo vivo,0.1185307312046218,29.0,29_reggaeton_calmado_dale_ten,0.0560365199809301,Fabrizio Copano,2023,2020,1,1_canción_almas_cantar_vivo vivo,"gusta el género urbano? Eh, hay gente que le echa la culpa a la delincuencia y el género urbano nada que ver, ellos están cantando la realidad que viven, nomás,",0.062494211223691705
3270,2,0.14210342257967812,2,2_chiste_programa_hoy hoy_chistes,0.0861285230848587,10.0,10_maestro_hora hora_ruperto_hora,0.0559748994948194,Stefan Kramer,2018,2010,2,2_chiste_programa_hoy hoy_chistes,"¡Ah! Muchísimas gracias, Viña. ¿Qué tal? ¡Qué harta gente! ¿Ah? Muchas gracias. Bueno, desde que supe que... ¿Qué tal? Desde que supe que iba a estar en Viña qu",0.0301536235900393
2198,2,0.24851657480501702,5,5_colegio_niños_papá_hijo,0.1925782537133879,11.0,11_hijos_mamá_papá_hijo,0.0559383210916291,Los Locos del Humor,2014,2010,5,5_colegio_niños_papá_hijo,"¿Te das cuenta? Si los cabros chicos están todos cambiados, A ver qué están cambiados están los cabros chicos. Los cabros chicos ya no ven monos antiguos ahora,",0.1366399326217588
1790,2,0.11860372790724841,9,9_auto_dijo dijo_micro_carabineros,0.062685390038182,0.0,0_presidente_país_huevón_pesos,0.0559183378690664,Coco Legrand,2010,2010,18,18_doctor_farmacia_examen_consulta,"Bravo. Yo estoy trabajando con un laboratorio alemán para inventar una pastilla cara sí la buena. 600 lucas la grajea. Pero que va a tener, huevones, resultados",0.006767052169115606
3179,2,0.11862056098647811,5,5_colegio_niños_papá_hijo,0.0627168593424995,26.0,26_celular_pegado_teléfono_whatsapp,0.0559037016439786,Bombo Fica,2018,2010,5,5_colegio_niños_papá_hijo,"Oye, si no quería estar ni en la casa, tomaba desayuno y salía, salía por ahí a firmar, cualquier huevada, lo que había, firmar, firmar, firmar. Un día llegué t",0.006813157698520901
3813,2,0.112849294330362,16,16_comida_comer_dieta_mamá,0.0569660944233085,18.0,18_doctor_farmacia_examen_consulta,0.0558831999070535,Pamela Leiva,2023,2020,7,7_vieja_suegra_abuela_abuelita,Jimmy de que salga los resultados en el diario se acuerdan que un se conseguía los rut de la gente que le caía mal para ver cómo le ha habido en la prueba. Buen,0.001082894516254998
1854,2,0.13966485928939948,24,24_amor_dije_pa_pa pa,0.0837974019032073,20.0,20_hermana_fea_curado_marihuana,0.0558674573861922,Óscar Gangas,2011,2010,7,7_vieja_suegra_abuela_abuelita,"Ese compadre que se ganó el loto, 2900 millones de pesos. Ustedes lo vieron en las noticias, 2900 millones de pesos. Estaba en la agencia, revisó la cartilla y ",0.027929944517015096
2044,2,0.4998275067983122,7,7_vieja_suegra_abuela_abuelita,0.4439853948447976,23.0,23_amante_marido_mujer_matrimonio,0.0558421119535146,Hermógenes Conache,2013,2010,7,7_vieja_suegra_abuela_abuelita,"El papá me dijo, ""Sí, pero la diferencia de edad es muy grande. Usted va a esperar que un tiempo, a esperar que mi hija sea mayor."" Y le dije, ""Falta mucho tiem",0.38814328289128297
1394,2,0.2198967518915197,1,1_canción_almas_cantar_vivo vivo,0.1640555100624797,13.0,13_ay ay_salta salta_salta_ay,0.05584124182904,Carlos García,2006,2000,1,1_canción_almas_cantar_vivo vivo,"Ahí está Sarah Brightman, una de las sopranos más importantes del mundo. Se nota, no tiene sostén. Está Andrea Bocelli. Vamos a hacer juntos una canción, pero a",0.1082142682334397
4141,2,0.1147079637671849,16,16_comida_comer_dieta_mamá,0.0588868215745143,18.0,18_doctor_farmacia_examen_consulta,0.0558211421926706,Lucho Miranda,2024,2020,5,5_colegio_niños_papá_hijo,"Olvídame. Eh, y en mi cuña Otra discapacidad, vamos. Eh El tejo está muy bueno, eh. Y en mi cuña en mi cuña todavía no termina ni el primer Bueno, eh. Es mi cuñ",0.003065679381843704
2363,2,0.1626155539158013,6,6_quinta_vergara_público_quinta vergara,0.1068241497871577,14.0,14_ho_ho ho_aplauso_muchas,0.0557914041286436,Dinamita Show,2015,2010,12,12_perro_perrito_selva_lobo,"¿Cómo está, mi quinta Vergara? Flaquito, flaquito. ¿Cómo eso? ¿Qué dijiste? Flaquito, flaquito. Ah. ¿Cómo está, mi querida, fiel y terriblemente eterna galería?",0.051032745658514095
2880,2,0.11360756099533079,9,9_auto_dijo dijo_micro_carabineros,0.0578167694769126,4.0,4_chileno_chile_argentino_chilenos,0.0557907915184182,Juan Pablo López,2017,2010,9,9_auto_dijo dijo_micro_carabineros,"Está mal pelado el chancho, amigo, está mal pelado el chancho, mientras los amigos de la fuerza armada gozan de salud gratis, buenas buenos sueldos, buenas pens",0.0020259779584944
3606,2,0.12253379694584729,14,14_ho_ho ho_aplauso_muchas,0.0668069919489588,22.0,22_verdad_agradecer_emocionado_quiero agradecer,0.0557268049968885,Ernesto Belloni,2020,2020,7,7_vieja_suegra_abuela_abuelita,"cantado de teléfono, huevón, este, todo eso. Fui animador de una casa que se llamaba Los años de la hora tía Carolina, donde los hombres se vestían de mujer. Es",0.011080186952070296
769,2,0.1174018769620051,6,6_quinta_vergara_público_quinta vergara,0.0616903931747399,14.0,14_ho_ho ho_aplauso_muchas,0.0557114837872652,Gloria Benavides,1998,1990,19,19_través_mar_viña_viña mar,"En un escenario siempre se quedará la Cuatro Vientos y el niño del mar. Las puertas están abiertas para volver siempre. Gloria Benavides, la Cuatro Vientos. En ",0.005978909387474703
1892,2,0.14501661290182472,21,21_buenas noches_noches_buenas_pecadora,0.0893650063302457,22.0,22_verdad_agradecer_emocionado_quiero agradecer,0.055651606571579,Ricardo Meruane,2011,2010,21,21_buenas noches_noches_buenas_pecadora,"Gracias, mijito, gracias. Gracias, no se preocupe. Gracias, gracias. No se preocupe. Gracias, no se preocupe.",0.033713399758666704
1853,2,0.2417749117518736,24,24_amor_dije_pa_pa pa,0.1861476516959287,27.0,27_soltera_bebé_arturo vidal_tinder,0.0556272600559449,Óscar Gangas,2011,2010,7,7_vieja_suegra_abuela_abuelita,"Nos reímos, compadre, buenas ondas. ¿Cómo así lo vas? Bueno, para el chacoteo, hasta las tragedias se han prestado para la broma. Esa pobre señora que arrancó d",0.1305203916399838
4152,2,0.2714477699835248,2,2_chiste_programa_hoy hoy_chistes,0.2158275428630145,3.0,3_humor_quinta_quinta vergara_vergara,0.0556202271205103,Lucho Miranda,2024,2020,2,2_chiste_programa_hoy hoy_chistes,"Así que estoy muy contento, estoy muy feliz Y no me gusta ser ese tipo comediante que en el escenario contar chistes fáciles. No sé, como lo dicen en Central en",0.1602073157425042
4201,2,0.1364328365607595,0,0_presidente_país_huevón_pesos,0.0808510689912488,4.0,4_chileno_chile_argentino_chilenos,0.0555817675695107,Sergio Freire,2024,2020,0,0_presidente_país_huevón_pesos,"Oye, pero que informado. Oye, pero no, oye, pero no sé. Pero quédate piola, mucha gente quédate callado, si nosotros ese edificio le cambiamos el nombre, ahora ",0.025269301421738104
4413,2,0.1416482233090301,1,1_canción_almas_cantar_vivo vivo,0.086069431022118,29.0,29_reggaeton_calmado_dale_ten,0.0555787922869121,Edo Caroe,2025,2020,1,1_canción_almas_cantar_vivo vivo,"le dije, ""Oye, Camila, ¿cómo haces humor con una cosa así?"" Huevón, ¿realmente Dios te va a precastigar? ¿Le gusta ¿Le gusta, amigos? ¿Le gusta la música ¿Le gu",0.030490638735205904
4221,2,0.11364063781148359,16,16_comida_comer_dieta_mamá,0.0580673621471426,11.0,11_hijos_mamá_papá_hijo,0.055573275664341,Alex Ortiz,2024,2020,11,11_hijos_mamá_papá_hijo,"que ella me pida cosas que ella puede resolver, porque yo ya me cambié, porque ya no vivo con ella. Ahora me ha ido un poquito mejor. Me cambié al barrio alto, ",0.0024940864828016038
4304,2,0.113364232997889,23,23_amante_marido_mujer_matrimonio,0.0577991012668485,27.0,27_soltera_bebé_arturo vidal_tinder,0.0555651317310405,"Daniela ""Chiqui"" Aguayo",2025,2020,15,15_hombres_mujeres_mujer_hombre,"el uno, ya, el hijo rojo. Y yo mira, yendo feliz, chao, chao, chao, chao, cuando aparece el doble estándar del chileno y cada cierto tiempo aparece en todo, por",0.0022339695358079975
117,2,0.1198709265785522,9,9_auto_dijo dijo_micro_carabineros,0.0643072343916307,0.0,0_presidente_país_huevón_pesos,0.0555636921869215,Carlos Helo,1979,1970,0,0_presidente_país_huevón_pesos,así haciendo recuerdo no de cosas. Recién vengo yo al festival de los animales donde la gallina perdió justamente le miraron ayer porque se le atravesó un gallo,0.008743542204709208
1374,2,0.1131701368316737,24,24_amor_dije_pa_pa pa,0.0576440479873377,27.0,27_soltera_bebé_arturo vidal_tinder,0.055526088844336,Carlos García,2006,2000,10,10_maestro_hora hora_ruperto_hora,"Bueno, está bien. Dos venganzas. Menos que la otra, pero venganza al fin, apenas una vengancita. Y al rato ella lo mira y le dice: ""Odio, siento odio, vamos a s",0.0021179591430017033
2824,2,0.1110713507856783,4,4_chileno_chile_argentino_chilenos,0.0556113520922478,9.0,9_auto_dijo dijo_micro_carabineros,0.0554599986934305,Ricardo Meruane,2016,2010,0,0_presidente_país_huevón_pesos,"todos dentro de las posibilidades. Compré pollo, papel, palojo pollo. Me compré Me compré unas callampa, una bandeja de champiñones. ¿Ustedes han visto las cosa",0.00015135339881730547
1602,2,0.20096891674377632,24,24_amor_dije_pa_pa pa,0.1455541394679243,27.0,27_soltera_bebé_arturo vidal_tinder,0.055414777275852,Álvaro Salas,2007,2000,25,25_bailar_fiesta_bailemos_baile,"en Viña, 2007. Cuatro amigos en una esquina, cacho este lotecito conversaba, un sádico, un degenerado, un pirómano y un masoquista. Cállate el lotecito, ¿ah? No",0.0901393621920723
557,2,0.3007733323888806,9,9_auto_dijo dijo_micro_carabineros,0.2453688583214872,18.0,18_doctor_farmacia_examen_consulta,0.0554044740673934,Dinamita Show,1996,1990,9,9_auto_dijo dijo_micro_carabineros,"juzgado no entiende porque vienen de otro país. Ah. Ah, sí. Eh, bueno, los que no entienden, por favor, vayan leyendo la letra abajo, ¿ah? Esa es. Oye, que me c",0.1899643842540938
2675,2,0.1176891598003559,24,24_amor_dije_pa_pa pa,0.0623154336884249,27.0,27_soltera_bebé_arturo vidal_tinder,0.055373726111931,Rodrigo González,2016,2010,26,26_celular_pegado_teléfono_whatsapp,"ni Facebook, no. Twitter, no. Instagram, no. Photolog, My Space, no. LinkedIn, no, esa huevada menos. Y me dice, ""¿Qué tenís?"" Y le digo, ""Huevón, tengo una vid",0.0069417075764939
242,2,0.1159342496278124,9,9_auto_dijo dijo_micro_carabineros,0.0606311907862973,4.0,4_chileno_chile_argentino_chilenos,0.0553030588415151,Palta Meléndez,1991,1990,9,9_auto_dijo dijo_micro_carabineros,"Documentos, tampoco tengo. ¿Y qué tiene? No, si esta cuestión se salió el Fantasilandia. Mira, en otro. Gracias por el dechile. Así nuestra capital tan salvaje,",0.005328131944782197
534,2,0.191645674515365,9,9_auto_dijo dijo_micro_carabineros,0.1363496798269521,18.0,18_doctor_farmacia_examen_consulta,0.0552959946884129,Dino Gordillo,1996,1990,9,9_auto_dijo dijo_micro_carabineros,"baño de ferrocarriles. Y siempre te lo ponen como cuatro carros más allá. O sea, para ir al baño como a las 6 de la mañana le dais pegando patadas en la cabeza ",0.0810536851385392
1528,2,0.22422404646385088,2,2_chiste_programa_hoy hoy_chistes,0.1689578562233419,3.0,3_humor_quinta_quinta vergara_vergara,0.055266190240509,Ruperto,2006,2000,2,2_chiste_programa_hoy hoy_chistes,"qué es lo que hace en un escenario como este? Pero mire, escuchen, escuchen, mire, yo hago atos astros. Ya. Por ejemplo, Ya. escuchen Yo soy cantante Ah. Cantan",0.1136916659828329
1105,2,0.3986746498846548,5,5_colegio_niños_papá_hijo,0.3434148657790218,11.0,11_hijos_mamá_papá_hijo,0.055259784105633,Arturo Ruiz-Tagle,2002,2000,5,5_colegio_niños_papá_hijo,"Tengo un sobrino, el Arturito. Pregunta de matemáticas: ""No me pregunte de matemáticas"". ¿Y por qué no le va a preguntar de matemáticas? ""Es que no tengo el lib",0.2881550816733888
3856,2,0.1125086651263005,19,19_través_mar_viña_viña mar,0.0572806724672515,2.0,2_chiste_programa_hoy hoy_chistes,0.055227992659049,Diego Urrutia,2023,2020,4,4_chileno_chile_argentino_chilenos,"Y viene como si nada, como si nada. Como si no importara. Ay, eso es Está todo conectado, está todo conectado, ¿cachái? Yo siempre he tenido cariño a Argentina ",0.0020526798082024997
4184,2,0.21858251160279568,4,4_chileno_chile_argentino_chilenos,0.1633776897705718,0.0,0_presidente_país_huevón_pesos,0.0552048218322239,Sergio Freire,2024,2020,4,4_chileno_chile_argentino_chilenos,público de Chile. Solo por eso. Solo por eso. Mi primera propuesta es en materia de educación. Propongo eliminar el pronombre personal vosotros. Nunca lo hemos ,0.10817286793834789
3765,2,0.11057520404514651,11,11_hijos_mamá_papá_hijo,0.0554127036677972,16.0,16_comida_comer_dieta_mamá,0.0551625003773493,Pedro Ruminot,2020,2020,26,26_celular_pegado_teléfono_whatsapp,"Muchas gracias. Me cae mal mi mamá, yo la amo, pero me cae mal. Le regalé un celular, ahí la embarré. Me empieza a mandar WhatsApp. Le regalé un celular en Navi",0.0002502032904478993
2303,2,0.377472324093476,27,27_soltera_bebé_arturo vidal_tinder,0.3223550384031515,25.0,25_bailar_fiesta_bailemos_baile,0.0551172856903245,Gigi Martin,2014,2010,25,25_bailar_fiesta_bailemos_baile,"año, hueón. ¿Quién es la más contenta? Tu mujer, pues, hueón. Porque esta viejita tiene una salida segura en el año. Entonces, están felices, hueón. Y el primer",0.267237752712827
409,2,0.1142310074320005,19,19_través_mar_viña_viña mar,0.0591227523582407,14.0,14_ho_ho ho_aplauso_muchas,0.0551082550737598,"Jorge ""Chino"" Navarrete",1994,1990,19,19_través_mar_viña_viña mar,Jorge Chino Navarrete en el escenario de la canta Vergara. Esta noche no hay en Viña del Mar. Esta noche decimos adiós al Chino.,0.004014497284480903
1037,2,0.468383324176925,1,1_canción_almas_cantar_vivo vivo,0.4132762116290791,13.0,13_ay ay_salta salta_salta_ay,0.0551071125478459,"Daniel Muñoz ""El Carmelo""",2001,2000,1,1_canción_almas_cantar_vivo vivo,"Fuerte, fuerte el aplauso para el Carmelo. Gracias, muy amable. su canción, Carmelito, tan creativo. Para el otro lado. Para el otro lado, ahí. Me encantó su ca",0.35816909908123323
2769,2,0.4140884038965931,4,4_chileno_chile_argentino_chilenos,0.3589838888581619,0.0,0_presidente_país_huevón_pesos,0.0551045150384312,Pedro Ruminot,2016,2010,4,4_chileno_chile_argentino_chilenos,"¡Oh! Chile tiene tantas tragedias, volcanes, terremotos, maremotos, tsunami, eh la tragedia de Juan Fernández, 33 mineros atrapados debajo de la tierra, Piñera,",0.3038793738197307
2489,2,0.2045532326232337,23,23_amante_marido_mujer_matrimonio,0.1494648483275044,15.0,15_hombres_mujeres_mujer_hombre,0.0550883842957293,León Murillo,2015,2010,15,15_hombres_mujeres_mujer_hombre,"Puta, a ustedes les debe pasar que yo me levanto a las 3 de la mañana, camino para el baño, huevón, despacito, huevón, no enciendo ni la luz para no despertar a",0.0943764640317751
807,2,0.1120494001102734,24,24_amor_dije_pa_pa pa,0.0569719951534675,20.0,20_hermana_fea_curado_marihuana,0.0550774049568059,Los Indolatinos,1999,1990,4,4_chileno_chile_argentino_chilenos,Este es tan tonto que va a ver a la sogra para volver quemado. Y este sí que es tonto. Este es tonto. Se fue a quedar a mi casa cuando yo no estaba. No si es ta,0.0018945901966615983
179,2,0.11305971725938019,19,19_través_mar_viña_viña mar,0.0579914722532829,2.0,2_chiste_programa_hoy hoy_chistes,0.0550682450060973,Hugo Varela,1989,1980,25,25_bailar_fiesta_bailemos_baile,"Yo nací en una provincia argentina, en Córdoba... una provincia por dos veces que salió al fondo. Bueno. Y luego, por esas cosas de la vida, ¿viste? Por esos os",0.002923227247185599
2221,2,0.1125968823666999,14,14_ho_ho ho_aplauso_muchas,0.0575642627222439,6.0,6_quinta_vergara_público_quinta vergara,0.055032619644456,Los Locos del Humor,2014,2010,3,3_humor_quinta_quinta vergara_vergara,"dicho toda esta noche. Así cerramos esta parte del humor, ese oficio tan difícil, tan bonito y tan importante que se realiza en vivo, en directo para todo el pú",0.002531643077787901
2529,2,0.1224606266951994,14,14_ho_ho ho_aplauso_muchas,0.0674438531903872,6.0,6_quinta_vergara_público_quinta vergara,0.0550167735048122,Arturo Ruiz-Tagle,2015,2010,3,3_humor_quinta_quinta vergara_vergara,"Esto en este escenario, un escenario que se comparte. En Viña 2015 le damos la calurosa bienvenida a Arturo Ruiz Zales.",0.012427079685575007
3121,2,0.1644552719770577,0,0_presidente_país_huevón_pesos,0.1094535589375994,9.0,9_auto_dijo dijo_micro_carabineros,0.0550017130394583,Fabrizio Copano,2017,2010,0,0_presidente_país_huevón_pesos,"Y esto pasa, y esto pasa, porque a veces en Chile, a veces en Chile nosotros mismos no nos organizamos y nos empezamos a traicionar. Y esto voy a dar un ejemplo",0.054451845898141095
64,2,0.1126385010722744,19,19_través_mar_viña_viña mar,0.0576571928253413,2.0,2_chiste_programa_hoy hoy_chistes,0.0549813082469331,Gloria Benavides,1977,1970,1,1_canción_almas_cantar_vivo vivo,"muy como visitados por los argentinos. Pero fíjese que es increíble, ¿eh? En realidad estamos muy visitados por los argentinos. Y han sido ilustres visitas en t",0.0026758845784081997
320,2,0.1194799069871066,23,23_amante_marido_mujer_matrimonio,0.0645538350902933,24.0,24_amor_dije_pa_pa pa,0.0549260718968133,Sandy,1993,1990,23,23_amante_marido_mujer_matrimonio,"Guadalupe era una mujer muy linda y querida Guadalupe en ese pueblo, y de un síncope cardíaco dejó de existir el esposo. Estaban preocupados, dice: ""¿Y cómo le ",0.009627763193480007
4180,2,0.11600768184002189,24,24_amor_dije_pa_pa pa,0.0611000171062001,12.0,12_perro_perrito_selva_lobo,0.0549076647338218,Sergio Freire,2024,2020,11,11_hijos_mamá_papá_hijo,"a reemplazar los garabatos. No se podrían decir garabatos en una casa tan tierna. Por ejemplo, este garabato que es muy feo, que es el conchetumare, ese garabat",0.0061923523723783
1840,2,0.3100747999658744,2,2_chiste_programa_hoy hoy_chistes,0.2552525875530863,28.0,28_puta puta_noticias_puta_ta,0.0548222124127881,Dino Gordillo,2011,2010,2,2_chiste_programa_hoy hoy_chistes,"se lo sacó. Es su desesperación. Ahora esta historia que les voy a contar ahora la tengo guardada de hace 10 años que no podía contar chiste cura, pero ahora me",0.20043037514029818
1533,2,0.25888522956337934,10,10_maestro_hora hora_ruperto_hora,0.2040993161796474,2.0,2_chiste_programa_hoy hoy_chistes,0.0547859133837319,Ruperto,2006,2000,10,10_maestro_hora hora_ruperto_hora,"¿Qué pasó? Ya ya la presentación. Pero que la mostramos en lo que hay nuevo. Es verdad. Es lo que había en el paquete. Horacio Horacio Horacio Bisagra No, no sí",0.1493134027959155
3110,2,0.18384469888478588,15,15_hombres_mujeres_mujer_hombre,0.1291394955926623,23.0,23_amante_marido_mujer_matrimonio,0.0547052032921236,Fabrizio Copano,2017,2010,15,15_hombres_mujeres_mujer_hombre,"Superahuevonado, ¿eh? Eso. Yo hice eso, mi papá se terminó agarrando mi polola porque se confundió. Ahora, dejemos de hablar de cosas que nos dividen entre homb",0.0744342923005387
1966,2,0.1306481655537768,12,12_perro_perrito_selva_lobo,0.0759651117193493,24.0,24_amor_dije_pa_pa pa,0.0546830538344275,Zip-Zup,2012,2010,4,4_chileno_chile_argentino_chilenos,"¿Sabe cómo le ponen nombre a los chinos? Toman un tarro, lo tiran por una escalera para abajo y se te ton chinguan, ya sé se llama este ya. Oye, a propósito de ",0.021282057884921803
1734,2,0.1332747822405923,12,12_perro_perrito_selva_lobo,0.0786098925411362,24.0,24_amor_dije_pa_pa pa,0.0546648896994561,Dinamita Show,2009,2000,1,1_canción_almas_cantar_vivo vivo,"¿Cómo están los hemos? La tribu urbana que no se puede sentar, los hemorroides, ¿dónde están? Hoy hay tribus urbanas para todos, compadre, pero yo quiero que la",0.023945002841680108
4551,2,0.1303184412951088,18,18_doctor_farmacia_examen_consulta,0.0756581093712548,9.0,9_auto_dijo dijo_micro_carabineros,0.054660331923854,Pedro Ruminot,2025,2020,9,9_auto_dijo dijo_micro_carabineros,¿Quién es el cuji que se está riendo allá? Y ahí todos agarramos la mochila y la cartera. Y todos le compramos parte de cuita porque antes robaba. nunca estuvo ,0.020997777447400806
2287,2,0.12898477459644,23,23_amante_marido_mujer_matrimonio,0.0743773484449121,24.0,24_amor_dije_pa_pa pa,0.0546074261515279,Rudy Rey,2014,2010,10,10_maestro_hora hora_ruperto_hora,"Allah Allah A ver, mijo, ¿qué hace usted con esa cosa que tiene en la nariz? ¿Hasta cuándo se va a comer mi empolvados de la ligua. La próxima vez que lo vea ha",0.0197699222933842
2070,2,0.11185705652200251,22,22_verdad_agradecer_emocionado_quiero agradecer,0.0572663529683338,10.0,10_maestro_hora hora_ruperto_hora,0.0545907035536687,Los Atletas de la Risa,2013,2010,21,21_buenas noches_noches_buenas_pecadora,"Sí, sí, sí, sí, sí. Sí, sí, sí. Así. Déjale. Hola, ¿cómo están? Eso, qué lindo ese nuestro pueblo, muchacho. Ahí arriba mira la galería, todo nuestro pueblo aba",0.002675649414665103
869,2,0.14974337008330668,1,1_canción_almas_cantar_vivo vivo,0.0952267318083343,13.0,13_ay ay_salta salta_salta_ay,0.0545166382749724,Melón y Melame,1999,1990,1,1_canción_almas_cantar_vivo vivo,"No, los días y las noches son. No, es que él es mi amigo, te quiero con... Bien, hermano, sí, ¿viste? Dice que me canta canciones. Claro, dice que me quiere. Sí",0.0407100935333619
532,2,0.3101664151607475,9,9_auto_dijo dijo_micro_carabineros,0.2556715974285932,18.0,18_doctor_farmacia_examen_consulta,0.0544948177321543,Dino Gordillo,1996,1990,9,9_auto_dijo dijo_micro_carabineros,"de Concepción para acá. Turbu. Y es verdad. Me vine en el último asiento atrás, me tocó el 42. Venía feliz, al lado del baño. Calcula que el chofer me pasó a mí",0.20117677969643888
3184,2,0.1899858889990437,15,15_hombres_mujeres_mujer_hombre,0.1354986470230649,23.0,23_amante_marido_mujer_matrimonio,0.0544872419759788,Bombo Fica,2018,2010,15,15_hombres_mujeres_mujer_hombre,"Porque si de algo somos penca los hombres chilenos, es para mentir, huevón. No tenemos seriedad con la mentira. Sí, el hombre chileno empieza a inventar una hue",0.08101140504708612
3855,2,0.11349765361514999,19,19_través_mar_viña_viña mar,0.0590104799977949,2.0,2_chiste_programa_hoy hoy_chistes,0.0544871736173551,Diego Urrutia,2023,2020,4,4_chileno_chile_argentino_chilenos,"Qué rico empezar así el 2023, bien cabrón. El 2022 igual tuvo cosas buenas; terminamos con la final del mundial. ¿Se acuerdan del mundial? Gran final, muy entre",0.004523306380439802
1262,2,0.37997675724493973,1,1_canción_almas_cantar_vivo vivo,0.3254958204882341,13.0,13_ay ay_salta salta_salta_ay,0.0544809367567056,Los Indolatinos,2004,2000,1,1_canción_almas_cantar_vivo vivo,"Ayer me encontré con tu hermana y me tiró la gotita. Yo sé que no rima, pero pega. Sapo cancionero. Oye, oye. Le quiero dedicar a ustedes una canción bonita, un",0.2710148837315285
70,2,0.2099837274024022,13,13_ay ay_salta salta_salta_ay,0.1555135301875342,29.0,29_reggaeton_calmado_dale_ten,0.054470197214868,Gloria Benavides,1977,1970,13,13_ay ay_salta salta_salta_ay,"...los espacios. Te serás el ángel del espacio del futuro. Jeje. La la la la la la. La la la la la la. La la la la la... 1, 2, 3, 4, 5, 6, 7, 8, 9, 10, 11, 16.",0.10104333297266618
3336,2,0.1573290305974819,27,27_soltera_bebé_arturo vidal_tinder,0.1029234396643448,23.0,23_amante_marido_mujer_matrimonio,0.0544055909331371,Alison Mandel,2018,2010,0,0_presidente_país_huevón_pesos,"¿Y la que te cae mal? No puedo. Tengo pilates. Entonces, ¿qué hace una? Hace otro grupo de WhatsApp para pelar a esa huevada. Que siempre haya alguien mala onda",0.04851784873120771
720,2,0.24078962949147528,3,3_humor_quinta_quinta vergara_vergara,0.1863849512032316,17.0,17_natalia_chiqui_alison_javiera,0.0544046782882437,Óscar Gangas,1998,1990,3,3_humor_quinta_quinta vergara_vergara,"Y ahora vamos a comenzar a sonreír. ¿Te gusta el humor? Me fascina el humor. ¿Sí? ¿Qué tipo de humor? El chiste corto, la historia. El chiste corto me fascina. ",0.1319802729149879
165,2,0.2299956510075118,2,2_chiste_programa_hoy hoy_chistes,0.175610980846503,28.0,28_puta puta_noticias_puta_ta,0.0543846701610088,El Huaso Clavel,1988,1980,2,2_chiste_programa_hoy hoy_chistes,"Cuando llego adentro la pieza la fiesta y tanto llorando, oiga, todos llorando, llorando, ""¿Qué le pasa tonto que están llorando?"". Y mi mujer la única que se r",0.1212263106854942
11,2,0.1429266972599298,19,19_través_mar_viña_viña mar,0.0885680771029004,3.0,3_humor_quinta_quinta vergara_vergara,0.0543586201570294,Los Acetatos,1973,1970,3,3_humor_quinta_quinta vergara_vergara,"¿Qué tal, amigos? De nuevo reunidos en Televisión Nacional de Chile para recordar a aquellos que cantaron en Viña un día. Y hoy, bueno, hoy estamos de muy buen ",0.034209456945871006
3640,2,0.3167743719826656,0,0_presidente_país_huevón_pesos,0.2624191635876512,9.0,9_auto_dijo dijo_micro_carabineros,0.0543552083950144,Fusión Humor,2020,2020,0,0_presidente_país_huevón_pesos,"Dale. Hasta que pierde el derecho de vivir en paz. Hasta que pierde el derecho de vivir en paz. Ah. El rulo El rulo siempre pelea por sus derechos. Sí, señor. P",0.20806395519263682
3091,2,0.6749949817230085,22,22_verdad_agradecer_emocionado_quiero agradecer,0.6206634870423875,21.0,21_buenas noches_noches_buenas_pecadora,0.054331494680621,Rodrigo Villegas,2017,2010,22,22_verdad_agradecer_emocionado_quiero agradecer,"¿Qué siente en este momento? Ah. Estoy emocionadísimo, de verdad. Gracias por el cariño, gracias por el cariño. Eh Se lo merece, ha sido se lo merece Rodrigo, d",0.5663319923617665
1099,2,0.1316964872939301,12,12_perro_perrito_selva_lobo,0.0773674216143844,24.0,24_amor_dije_pa_pa pa,0.0543290656795457,Millenium Show,2001,2000,1,1_canción_almas_cantar_vivo vivo,"Bueno, muchachos, vamos con lo nuestro, vale. Parece que la jodimos. No, pero igual, vamos con lo nuestro a la segunda parte y esto se lo vamos a agradecer. Chi",0.023038355934838696
1283,2,0.1097843960253784,12,12_perro_perrito_selva_lobo,0.055458734037388,24.0,24_amor_dije_pa_pa pa,0.0543256619879904,Hugo Varela,2005,2000,1,1_canción_almas_cantar_vivo vivo,"Cuando estaba cantando un bolero bajo tu ventana, por el vibrato de mi voz se me aflojó la prótesis dental. Y cual saeta partiendo de mi boca, sin poderlo yo ev",0.001133072049397596
3198,2,0.12202365958396891,24,24_amor_dije_pa_pa pa,0.0677037027391712,12.0,12_perro_perrito_selva_lobo,0.0543199568447977,Bombo Fica,2018,2010,9,9_auto_dijo dijo_micro_carabineros,"así que dele, nomás. Ahí lloró como hasta las 2 de la mañana, se quedó dormida, despertó como las 6:30, pescó los cabros chicos de la mañana, los fue a dejar al",0.013383745894373501
2359,2,0.1782958735791583,12,12_perro_perrito_selva_lobo,0.123980170581686,24.0,24_amor_dije_pa_pa pa,0.0543157029974723,Payahop,2014,2010,12,12_perro_perrito_selva_lobo,"Follá, cabrón. 1 2 4 1 2 3 5 0",0.06966446758421371
4215,2,0.32937879804916137,19,19_través_mar_viña_viña mar,0.2750898891306472,3.0,3_humor_quinta_quinta vergara_vergara,0.0542889089185142,Alex Ortiz,2024,2020,19,19_través_mar_viña_viña mar,"Y ahora quiero saludar a mi amigo y compañero, mi querido Eduardo Fuentes, a quien adoro y desde este lunes les vamos a decir, ""Buenos días a todos desde la 8 a",0.22080098021213299
2404,2,0.1690955560344884,6,6_quinta_vergara_público_quinta vergara,0.1148078055862615,14.0,14_ho_ho ho_aplauso_muchas,0.0542877504482269,Dinamita Show,2015,2010,6,6_quinta_vergara_público_quinta vergara,"Aquí está Paul Vázquez, el Flaco. ¿Aló, Tomás? ¿Y a dónde está Mauricio? ¿A dónde está el Indio? Gol, estás emocionado. Me imagino que sientes muchas cosas en e",0.060520055138034594
1240,2,0.26851178471717896,1,1_canción_almas_cantar_vivo vivo,0.2142325799805546,13.0,13_ay ay_salta salta_salta_ay,0.0542792047366244,Natalia Cuevas,2004,2000,1,1_canción_almas_cantar_vivo vivo,"Mario Trix, recargada en vivo. Demo promocional de Kaguya City viene Mario Trix por el 13. Él es el agente Smith. Ella una chica ingenua que va a ser acorralada",0.1599533752439302
1990,2,0.3068567553177929,9,9_auto_dijo dijo_micro_carabineros,0.2526120650091794,18.0,18_doctor_farmacia_examen_consulta,0.0542446903086135,Bombo Fica,2012,2010,9,9_auto_dijo dijo_micro_carabineros,"que uno va al centro de Santiago: las micros echando carrera, los autos echando carrera; aparecen esas ambulancias coronarias, salvan a uno, pero matan como a c",0.19836737470056587
4436,2,0.11466045978617401,26,26_celular_pegado_teléfono_whatsapp,0.0604171670371039,5.0,5_colegio_niños_papá_hijo,0.0542432927490701,Juan Pablo López,2025,2020,5,5_colegio_niños_papá_hijo,"pero, hermano. Y en el de atrás yo me rajo, hermano. Mi hijo me pidió la Play 5 para Navidad. Mucha plata, ¿no? Mucha plata para para para un niño de 13 años. ¿",0.006173874288033794
3497,2,0.1996684625341517,5,5_colegio_niños_papá_hijo,0.145450617050279,16.0,16_comida_comer_dieta_mamá,0.0542178454838727,Mauricio Palma,2019,2010,5,5_colegio_niños_papá_hijo,"Y las dos y po, una zapatilla que es básicamente de plástico y que por dentro tiene plástico. Loco, los mis hongos el pie de atleta mío entrenaba en mi... Tenía",0.0912327715664063
1654,2,0.21031214145700172,23,23_amante_marido_mujer_matrimonio,0.1561055075634729,15.0,15_hombres_mujeres_mujer_hombre,0.0542066338935288,Palta Meléndez,2007,2000,15,15_hombres_mujeres_mujer_hombre,Se compran ropa de talla chica y después se quejan. Comen como chanchas y toman bebidas light. Son las quejas del los hombres de mi patria. Compran todo lo que ,0.10189887366994411
1725,2,0.3482338884982553,1,1_canción_almas_cantar_vivo vivo,0.2940293720802848,13.0,13_ay ay_salta salta_salta_ay,0.0542045164179705,Profesor Salomón y Tutu-Tutu,2008,2000,1,1_canción_almas_cantar_vivo vivo,"No, no me refiero a eso, me refiero Usted no tiene idea de música, hombre. No, yo tengo una canción. ¿Tiene una canción? Sí. ¿Cuál? Tengo una canción que me ens",0.2398248556623143
1223,2,0.1192675043591063,16,16_comida_comer_dieta_mamá,0.0651081536889077,11.0,11_hijos_mamá_papá_hijo,0.0541593506701986,Palta Meléndez,2004,2000,26,26_celular_pegado_teléfono_whatsapp,"Mi señora, ¿dónde está? Al teléfono. Soy maluca. Una que está ahí mal. Aló. Sí. Sí. Sí, está todo bien. Sí. Sí. Ya, de hecho. Cualquier así está, le digo que te",0.010948803018709097
2797,2,0.1179042096714259,4,4_chileno_chile_argentino_chilenos,0.0638429622072298,9.0,9_auto_dijo dijo_micro_carabineros,0.0540612474641961,Los Locos del Humor,2016,2010,4,4_chileno_chile_argentino_chilenos,"Yo entendí que me decían a mí que al caer la noche iban a cruzar donde estaba yo. Oh, por favor. Me lo iban a mandar a guardar. Hasta sacármelo. No, ya, por fav",0.009781714743033708
73,2,0.2348107755888106,10,10_maestro_hora hora_ruperto_hora,0.1807649213294859,2.0,2_chiste_programa_hoy hoy_chistes,0.0540458542593247,Gloria Benavides,1977,1970,10,10_maestro_hora hora_ruperto_hora,"¿Qué es lo que pasa a veces? ¿Qué es lo que ha pasado otra vez? ¿Ah? ¿Qué bajó? ¡Ay! ¿Qué bajó? Camilla... Un momento, a ver, un momento. Wait a moment, please.",0.1267190670701612
1097,2,0.1244633733836857,17,17_natalia_chiqui_alison_javiera,0.0704486006952962,3.0,3_humor_quinta_quinta vergara_vergara,0.0540147726883895,Millenium Show,2001,2000,3,3_humor_quinta_quinta vergara_vergara,"Esta noche triunfaron en la Quinta Vergara, que nace una estrella al escenario de la ciudad de Jardín. Millennium Show. Gracias. Definitivamente, esta noche hay",0.016433828006906695
1520,2,0.2334051874353631,12,12_perro_perrito_selva_lobo,0.1793948615279455,10.0,10_maestro_hora hora_ruperto_hora,0.0540103259074176,Ruperto,2006,2000,12,12_perro_perrito_selva_lobo,"No. El monstruo de la quinta Vergara, por favor, no no le ¿Ah? Este es el monstruo se lo presento Mucho gusto. No, no. No, no, no. Ellos son el monstruo. Claro.",0.12538453562052793
2525,2,0.13619460315144089,6,6_quinta_vergara_público_quinta vergara,0.0821949483833936,14.0,14_ho_ho ho_aplauso_muchas,0.0539996547680473,León Murillo,2015,2010,3,3_humor_quinta_quinta vergara_vergara,"Así se despide un grande. Un hombre que debutó en esta en la Quinta Vergara, en su primera vez triunfó, se fue con todo el cariño de ustedes. Cambiamos el escen",0.028195293615346298
512,2,0.1314745235823707,17,17_natalia_chiqui_alison_javiera,0.077563024316555,19.0,19_través_mar_viña_viña mar,0.0539114992658157,Dino Gordillo,1996,1990,3,3_humor_quinta_quinta vergara_vergara,"Y ahora les invito a la alegría de vivir. Pero hablando de la alegría de vivir, hace un instante divisé un rostro dentro de los miles y miles que nos acompañan ",0.0236515250507393
3553,2,0.30560086745020487,10,10_maestro_hora hora_ruperto_hora,0.2517515178809377,2.0,2_chiste_programa_hoy hoy_chistes,0.0538493495692672,Javiera Contador,2020,2020,10,10_maestro_hora hora_ruperto_hora,"huevona, sororidad familiar. Vamos, equipo, vamos, somos un equipo. Y ahí nos encontramos con esta familia perfecta. Igual al mundo intergaláctica tiene un defe",0.19790216831167048
4021,2,0.2152015798632537,11,11_hijos_mamá_papá_hijo,0.161365831929484,16.0,16_comida_comer_dieta_mamá,0.0538357479337697,Alison Mandel,2024,2020,11,11_hijos_mamá_papá_hijo,"Buenas noches, viña. Ay, qué emoción estar acá. Quiero saber si hoy día en el público hay mamás. Oye, yo también soy mamá. ¿Sabían eso? Ay, pensé que no contaba",0.10753008399571432
1969,2,0.1155205024365521,21,21_buenas noches_noches_buenas_pecadora,0.0616872664014056,22.0,22_verdad_agradecer_emocionado_quiero agradecer,0.0538332360351465,Zip-Zup,2012,2010,26,26_celular_pegado_teléfono_whatsapp,"Todos... todos son parte... todos son parte de un plan perfecto. Solamente puedo decir: ""Señor,",0.007854030366259097
3059,2,0.109935208478592,18,18_doctor_farmacia_examen_consulta,0.0561024694699306,16.0,16_comida_comer_dieta_mamá,0.0538327390086614,Rodrigo Villegas,2017,2010,18,18_doctor_farmacia_examen_consulta,"y el cinturón. Y que ahí apretado y paso vergüenza porque la zapata me dice, ""Oiga, póngase el cinturón."" Y lo tengo puesto ahí está, señorita, de bajo pliegue.",0.002269730461269201
1404,2,0.1177156629032261,27,27_soltera_bebé_arturo vidal_tinder,0.0638836675769781,24.0,24_amor_dije_pa_pa pa,0.053831995326248,Carlos García,2006,2000,13,13_ay ay_salta salta_salta_ay,"Listo, un temazo, muy bueno. Me mata, me mata, un temazo. Es un tema corto, corto como beso de esposo: ""Chao, vieja"". Yo tenía un amigo que tenía una esposa tan",0.010051672250730094
4542,2,0.1250309294660762,22,22_verdad_agradecer_emocionado_quiero agradecer,0.0712204065804462,14.0,14_ho_ho ho_aplauso_muchas,0.05381052288563,Pedro Ruminot,2025,2020,6,6_quinta_vergara_público_quinta vergara,"Muchas gracias. Oye, mire, le quiero le quiero contar algo, no, es que le quiero contar algo. Escúchame, porfa, que yo fui este verano al festival de Angol. Y l",0.017409883694816206
1798,2,0.1178043662338341,24,24_amor_dije_pa_pa pa,0.0640044959736395,12.0,12_perro_perrito_selva_lobo,0.0537998702601946,Coco Legrand,2010,2010,9,9_auto_dijo dijo_micro_carabineros,"Que tipo, como te digo, era inmensamente rico y mandó toda su familia para fuera, Europa. Y como el huevón era muy ocupado agarró su helicóptero y se fue hasta ",0.010204625713444895
1707,2,0.10988696750753299,13,13_ay ay_salta salta_salta_ay,0.0560872597898539,10.0,10_maestro_hora hora_ruperto_hora,0.0537997077176791,Stefan Kramer,2008,2000,11,11_hijos_mamá_papá_hijo,¿Qué haces si estás de dos? Todo bien. Mhm. Ah. Ah.,0.002287552072174799
2646,2,0.2893005891771977,4,4_chileno_chile_argentino_chilenos,0.2355476996608214,0.0,0_presidente_país_huevón_pesos,0.0537528895163763,Rodrigo González,2016,2010,4,4_chileno_chile_argentino_chilenos,"y porque porque Chile está en crisis. Siempre hemos estado en crisis. Ahora es crisis política, económica, religiosa, climática, pues, huevón. Ahora el clima ca",0.1817948101444451
2241,2,0.3119407517619508,9,9_auto_dijo dijo_micro_carabineros,0.2581883796533465,18.0,18_doctor_farmacia_examen_consulta,0.0537523721086043,Jorge Alís,2014,2010,9,9_auto_dijo dijo_micro_carabineros,"Me dejan en la línea amarilla. Y yo le digo, ""Gracias, ya llegué."" Gracias, gracias, gracias. Me salgo del anticucho sola. Y me dejan donde acá para la puerta y",0.20443600754474223
1489,2,0.1550326577786162,0,0_presidente_país_huevón_pesos,0.1013305417260951,9.0,9_auto_dijo dijo_micro_carabineros,0.0537021160525211,Coco Legrand,2006,2000,0,0_presidente_país_huevón_pesos,"tierra, huevón. El gringo inventa una huevada y el chileno, ""Pa, se la copia igual de atrás."" El gringo, por ejemplo, inventa la tarjeta de presentación, llega ",0.047628425673574
3631,2,0.1521157933166297,12,12_perro_perrito_selva_lobo,0.0984218611138695,20.0,20_hermana_fea_curado_marihuana,0.0536939322027602,Fusión Humor,2020,2020,5,5_colegio_niños_papá_hijo,"Yo, lo que tú deberías llevar con orgullo es este vestuario, ¿por qué no le gustó la ropa? Ya, al león no le di tanto color, si vestido así parecí grifo con ret",0.0447279289111093
2412,2,0.3168061701397164,2,2_chiste_programa_hoy hoy_chistes,0.2631619538653163,28.0,28_puta puta_noticias_puta_ta,0.0536442162744001,Dinamita Show,2015,2010,2,2_chiste_programa_hoy hoy_chistes,"Eso. Contentísimo, feliz, eh... maravilloso, muchas emociones. Estamos... yo en lo personal estaba muerto de miedo, pero ahora ya me tranquilicé, ya me emocioné",0.20951773759091621
3203,2,0.1136037546696877,14,14_ho_ho ho_aplauso_muchas,0.0599847271220161,6.0,6_quinta_vergara_público_quinta vergara,0.0536190275476716,Bombo Fica,2018,2010,6,6_quinta_vergara_público_quinta vergara,Qué lindo gesto. Eres un grande bombo No. No solamente porque nos hace reír sino porque nos enseñas. Nos hace reflexionar en este momento. Y la gente se emocion,0.006365699574344498
3815,2,0.2807680937910663,2,2_chiste_programa_hoy hoy_chistes,0.2271865607068026,28.0,28_puta puta_noticias_puta_ta,0.0535815330842637,Pamela Leiva,2023,2020,2,2_chiste_programa_hoy hoy_chistes,"Oye, no oye. Porque aparte yo soy yo soy yo soy yo le dije Todavía me queda un rato de rutina. No, pero de verdad, no y me encima yo le dije yo soy sanguchito d",0.1736050276225389
2905,2,0.11927362771328809,6,6_quinta_vergara_público_quinta vergara,0.0657302146624009,17.0,17_natalia_chiqui_alison_javiera,0.0535434130508872,Juan Pablo López,2017,2010,3,3_humor_quinta_quinta vergara_vergara,"difícil de su vida. Pero quiero Mira. Mira. Quiero, Carolina, que escuchemos al público porque Juan Pablo López hasta hace algunos minutos para muchos y para la",0.012186801611513691
3899,2,0.3024460536957974,9,9_auto_dijo dijo_micro_carabineros,0.2489078928504713,18.0,18_doctor_farmacia_examen_consulta,0.0535381608453261,Belén Mora,2023,2020,9,9_auto_dijo dijo_micro_carabineros,"chico lo vamos a tener a lo maldito. Y lo fui a parir a la clínica más cuica de la comuna más cuica de Santiago, otro Chile. Nos tuvimos que preparar con el tot",0.19536973200514518
536,2,0.108917739129934,14,14_ho_ho ho_aplauso_muchas,0.0554036672289098,22.0,22_verdad_agradecer_emocionado_quiero agradecer,0.0535140719010242,Dino Gordillo,1996,1990,14,14_ho_ho ho_aplauso_muchas,"¡Buenas noches, Viña! Muy amable, gracias por su amor. Muy amable. Saludos a mi tierra Chimbayante. Muy amable, gracias. Felicidades, Dino Cordillo. El humor es",0.0018895953278855945
905,2,0.2299128516149917,13,13_ay ay_salta salta_salta_ay,0.1764067308302345,29.0,29_reggaeton_calmado_dale_ten,0.0535061207847572,"Daniel Muñoz ""El Malo""",2000,2000,13,13_ay ay_salta salta_salta_ay,"¡Oh, aló! Ahí va y ¡bájalo! Baila, ¡qué rico te sobra!, baila que baila de... A cerca de sus dedos saluda, baila, ¡qué rico te sobra! Baila que baila que que qu",0.12290061004547731
596,2,0.36727993834837913,5,5_colegio_niños_papá_hijo,0.3137784042961974,11.0,11_hijos_mamá_papá_hijo,0.0535015340521817,Dino Gordillo,1997,1990,5,5_colegio_niños_papá_hijo,Lo llevé a inscribir al colegio el cabro chico para que tomara la responsabilidad de la inscripción para adelante. Y son churos ahora que antes uno caminaba de ,0.2602768702440157
2704,2,0.11668399165001479,27,27_soltera_bebé_arturo vidal_tinder,0.0632816037138506,24.0,24_amor_dije_pa_pa pa,0.0534023879361642,Natalia Valdebenito,2016,2010,11,11_hijos_mamá_papá_hijo,"quiere enojada, ¿por qué era? Tú tenías la sensación de estar enojada, pero no sabías por qué chucha. La cuestión es que si uno ha sido o has No sé, o es celoso",0.009879215777686398
1405,2,0.11405103829538421,22,22_verdad_agradecer_emocionado_quiero agradecer,0.0606583808310426,10.0,10_maestro_hora hora_ruperto_hora,0.0533926574643416,Carlos García,2006,2000,19,19_través_mar_viña_viña mar,"un espacio cultural, momento muy especial para el alma. Por supuesto, auspiciado por esta empresa que me acompaña. Adelante con la publicidad: ""En ningún otro l",0.007265723366700998
4190,2,0.1258805851354551,23,23_amante_marido_mujer_matrimonio,0.0725441092860091,27.0,27_soltera_bebé_arturo vidal_tinder,0.053336475849446,Sergio Freire,2024,2020,1,1_canción_almas_cantar_vivo vivo,"yo tengo para las parejas, pero esto lo doy solo cuando hay parejas. Porque si andan todos solos el consejo vale verga, así que no. Levante la mano a las pareja",0.0192076334365631
3895,2,0.1330938076785615,27,27_soltera_bebé_arturo vidal_tinder,0.0798589849937228,24.0,24_amor_dije_pa_pa pa,0.0532348226848387,Belén Mora,2023,2020,11,11_hijos_mamá_papá_hijo,"indecente usted. Son indecentes. Pero saben qué, yo tengo que reconocer algo. Yo hice lo más ordinario por lejos que se pueda hacer en una pandemia. Y espero qu",0.026624162308884106
1985,2,0.3087671557304965,9,9_auto_dijo dijo_micro_carabineros,0.2555482767346443,18.0,18_doctor_farmacia_examen_consulta,0.0532188789958522,Bombo Fica,2012,2010,9,9_auto_dijo dijo_micro_carabineros,"cero respeto porque eso es lo otro que hemos perdido en este país, el respeto. Ya nadie respeta nada. Ya nadie para la micro en una esquina. Había una señora es",0.2023293977387921
4163,2,0.1989740828720536,3,3_humor_quinta_quinta vergara_vergara,0.1457968785204044,19.0,19_través_mar_viña_viña mar,0.0531772043516492,Lucho Miranda,2024,2020,3,3_humor_quinta_quinta vergara_vergara,"de la comedia en Chile. Una propuesta refrescante, original. Muchas gracias. Y muy necesaria. Buen día, triunfo en el humor. Amigo, listo. Mira hasta Quinta Ver",0.0926196741687552
1470,2,0.1116422840400957,23,23_amante_marido_mujer_matrimonio,0.0584668479811655,27.0,27_soltera_bebé_arturo vidal_tinder,0.0531754360589302,Coco Legrand,2006,2000,7,7_vieja_suegra_abuela_abuelita,"Tú me dijiste, ""Después voy a estar prostático."" He dicho, ""Mierda, es lo que le dije a mi mujer ahora. Esto se llama presencia presente. Esto que estamos vivie",0.005291411922235298
481,2,0.23595089269635758,3,3_humor_quinta_quinta vergara_vergara,0.1827906980424734,19.0,19_través_mar_viña_viña mar,0.0531601946538842,Paulo Iglesias,1995,1990,3,3_humor_quinta_quinta vergara_vergara,"El humor de Paulo Iglesias esta noche. Cuarta jornada en Viña del Mar, 36 Festival. A través de la pantalla de Megavisión recorriendo todo Chile y América y a t",0.1296305033885892
3791,2,0.3771483053041368,7,7_vieja_suegra_abuela_abuelita,0.3239965607799263,23.0,23_amante_marido_mujer_matrimonio,0.0531517445242105,Pamela Leiva,2023,2020,7,7_vieja_suegra_abuela_abuelita,preparó durante la pandemia a ver a nuestros papás envejecer. Nadie nos dijo lo duro que era ver a nuestro papá envejecer y como que la pandemia lo envejeció ma,0.27084481625571577
3622,2,0.1874394074566517,10,10_maestro_hora hora_ruperto_hora,0.1342975491171588,2.0,2_chiste_programa_hoy hoy_chistes,0.0531418583394929,Ernesto Belloni,2020,2020,10,10_maestro_hora hora_ruperto_hora,"público, ¿quiere seguir escuchándote? Vamos a seguir disfrutando porque continúa en el escenario de la Quinta Vergara Ernesto Pelé Pelé. Muchas gracias. Muchas ",0.0811556907776659
3490,2,0.1107519828005053,12,12_perro_perrito_selva_lobo,0.0576226619659488,24.0,24_amor_dije_pa_pa pa,0.0531293208345565,Mauricio Palma,2019,2010,7,7_vieja_suegra_abuela_abuelita,"se detuvo. Recién ahí pude sacar mi Ray Filter, mi toalla del chimuelo. Y dije, ""No, esto no lo quiero vivir más."" Así que agarré mi mochilita y me fui para el ",0.004493341131392298
49,2,0.2559470730366464,12,12_perro_perrito_selva_lobo,0.2028186692850163,24.0,24_amor_dije_pa_pa pa,0.0531284037516301,Hugo Goodman,1974,1970,12,12_perro_perrito_selva_lobo,"así. Es porque comen mucho arroz. El arroz, que contiene almidón. Entonces, cuando van al baño, hacen... Es que los ojos... los ojos son muy importantes. Fíjese",0.14969026553338619
3841,2,0.1226005900151377,3,3_humor_quinta_quinta vergara_vergara,0.0694815517678438,17.0,17_natalia_chiqui_alison_javiera,0.0531190382472939,Diego Urrutia,2023,2020,3,3_humor_quinta_quinta vergara_vergara,"El hecho de las redes sociales, realmente un teatro para el humor. Mires y miles de espectadores celebran sus videos, sus sketches y su visión de la vida; es mu",0.016362513520549904
3659,2,0.16272923363547198,29,29_reggaeton_calmado_dale_ten,0.1096153405491072,13.0,13_ay ay_salta salta_salta_ay,0.0531138930863648,Fusión Humor,2020,2020,29,29_reggaeton_calmado_dale_ten,"¡Ah! ¿Qué onda, mi pana? ¿Qué parecí antireligiosa así, huevón? ¿Qué rapear con estilo conmigo? Bailando la lose, huevón. Déjame, hermano, sea. ¿Y rapear? Ya, r",0.056501447462742396
2484,2,0.1120751232727976,17,17_natalia_chiqui_alison_javiera,0.0589812057020054,3.0,3_humor_quinta_quinta vergara_vergara,0.0530939175707922,Huaso Filomeno,2015,2010,3,3_humor_quinta_quinta vergara_vergara,"este aplauso el humor de la Quinta Vergara con el guaso, con el Guasito Filomeno, Roger Jara. Se va de este escenario con el corazón lleno de alegría. Todo ese ",0.0058872881312131975
2664,2,0.14074114193685638,1,1_canción_almas_cantar_vivo vivo,0.0877061305888355,13.0,13_ay ay_salta salta_salta_ay,0.0530350113480209,Rodrigo González,2016,2010,25,25_bailar_fiesta_bailemos_baile,"No quieres bailar. Ah, no quieres bailar conmigo. No, sí, está bien, sí, sí, sí. Sí, sí, sí. Sí. Y González, no, tenía muy lejos nomás, huevón. Pero esas fiesta",0.034671119240814605
2159,2,0.14128657948237822,12,12_perro_perrito_selva_lobo,0.0882806893434456,20.0,20_hermana_fea_curado_marihuana,0.0530058901389326,Bastián Paz,2013,2010,16,16_comida_comer_dieta_mamá,"Gracias, gracias, chiquillo. Tengo contento que la suja. Ya. Ay, que digo... estaba la Juana le digo a Mario: «Oye, Mario, ¿con cuenta mujer ha dormido?». «Cont",0.035274799204513
2855,2,0.2161391581388588,10,10_maestro_hora hora_ruperto_hora,0.1631350235929129,2.0,2_chiste_programa_hoy hoy_chistes,0.0530041345459459,Juan Pablo López,2017,2010,10,10_maestro_hora hora_ruperto_hora,"Y por ti, Chico García, para que dejes de vender queso para hacerte unos pesitos extra. Por ti lo voy a hacer porque tienes talento, chico. Tenés la oficina pas",0.110130889046967
2663,2,0.11736248873077709,12,12_perro_perrito_selva_lobo,0.0643887658801787,24.0,24_amor_dije_pa_pa pa,0.0529737228505984,Rodrigo González,2016,2010,25,25_bailar_fiesta_bailemos_baile,"uno debía ser como William Wallace en Corazón Valiente. Vamos, vamos, vamos. Vamos, miti miti. ¡Pa, miti miti! Quiero una huevada más intensa. ¡Pa, un freche en",0.011415043029580296
1640,2,0.1310971137659842,19,19_través_mar_viña_viña mar,0.0781627472122541,14.0,14_ho_ho ho_aplauso_muchas,0.0529343665537301,Palta Meléndez,2007,2000,0,0_presidente_país_huevón_pesos,"Y ahí ando penando Entonces, varios destacados van a estado haciéndose presente en la tierra como a Pablo Longueira que se le apareció su compañero y llamará",0.025228380658523994
1574,2,0.1875888288929345,0,0_presidente_país_huevón_pesos,0.1346645779711581,9.0,9_auto_dijo dijo_micro_carabineros,0.0529242509217764,Álvaro Salas,2007,2000,0,0_presidente_país_huevón_pesos,"que se levanta amargado, se queda bien todo negro. ¿Cómo está ahí? Bien, pero se me va a pasar. Aunque y reclaman por todo, ah. Puta, otra vez para subir la vec",0.08174032704938171
621,2,0.1494427137657377,1,1_canción_almas_cantar_vivo vivo,0.0965290050574139,13.0,13_ay ay_salta salta_salta_ay,0.0529137087083238,Gilberto Gless,1997,1990,1,1_canción_almas_cantar_vivo vivo,"canción que quiero saber si la han escuchado, maestro. ¿Ya escucharon Romance 2? A ver si es cierto. ""La noche que..."" Cuando yo digo ""la noche que"", todo el mu",0.043615296349090095
4383,2,0.36283593211260484,11,11_hijos_mamá_papá_hijo,0.3099722935236802,16.0,16_comida_comer_dieta_mamá,0.0528636385889246,Edo Caroe,2025,2020,11,11_hijos_mamá_papá_hijo,"Bien. Eh, hablé con mi hija, me habló de su bisexualidad, me habló de esta chica. Fue un bonito momento de conexión entre padre e hija. Ahora la pregunta es, ¿m",0.2571086549347556
4567,2,0.1064128889442035,19,19_través_mar_viña_viña mar,0.0535513981328787,6.0,6_quinta_vergara_público_quinta vergara,0.0528614908113248,Pedro Ruminot,2025,2020,3,3_humor_quinta_quinta vergara_vergara,"¡Chao, Pedro! Éxito, se lleva todos los reconocimientos. Le buscamos una trompeta porque no había corneta. Se llevó el cono, se llevó todo. Gracias, Pedro. El a",0.0006899073215538981
1149,2,0.13450179701569498,6,6_quinta_vergara_público_quinta vergara,0.0816791059471322,14.0,14_ho_ho ho_aplauso_muchas,0.0528226910685628,Gloria Benavides,2002,2000,3,3_humor_quinta_quinta vergara_vergara,"vida se quedará. Adiós, Quinta de Gala. Tu vida ha sido el escenario y esta noche se despide de Villa del Mar las cuatro mentiras. Como dijo Gloria, hace 25 año",0.028856414878569395
3109,2,0.19570127329024858,15,15_hombres_mujeres_mujer_hombre,0.142892482598913,23.0,23_amante_marido_mujer_matrimonio,0.0528087906913356,Fabrizio Copano,2017,2010,15,15_hombres_mujeres_mujer_hombre,"Pero lo dije solamente porque de verdad me causa mucha curiosidad como la persona del lenguaje sordomudo está haciendo pitufi pene. Bueno, amigos, la verdad el ",0.0900836919075774
4505,2,0.1280396977551416,9,9_auto_dijo dijo_micro_carabineros,0.0752845760940707,18.0,18_doctor_farmacia_examen_consulta,0.0527551216610709,Pedro Ruminot,2025,2020,18,18_doctor_farmacia_examen_consulta,"de hueones también, saben que somos hueones. Cuando vamos caminando y llegamos a de con otra bolsa suben el mercado y el guardia nos detiene. Momento. Esa bolsa",0.0225294544329998
992,2,0.1443926977202483,5,5_colegio_niños_papá_hijo,0.0916513364240255,18.0,18_doctor_farmacia_examen_consulta,0.0527413612962228,Dino Gordillo,2000,2000,24,24_amor_dije_pa_pa pa,"este hotel no se mueve con nada. El tipo pasó una noche maravillosa, la mañana se levantó y dijo: «Voy a ir a comprarle una rosa a mi mujer». Y salió, como a la",0.0389099751278027
259,2,0.1085895471770654,17,17_natalia_chiqui_alison_javiera,0.0558527285236916,6.0,6_quinta_vergara_público_quinta vergara,0.0527368186533738,Palta Meléndez,1991,1990,6,6_quinta_vergara_público_quinta vergara,"Implica todo. Implica cariño, implica respeto a tu trabajo, implica todo lo que siente la Quinta Vergara con tu arte, el difícil arte de hacer reír. El aplauso ",0.003115909870317804
3532,2,0.1438585399702511,27,27_soltera_bebé_arturo vidal_tinder,0.0911272054298026,24.0,24_amor_dije_pa_pa pa,0.0527313345404485,Javiera Contador,2020,2020,8,8_anthony_amas_your_you,"yo partí, que fue hace como 2 años, mucho tema sexual, mucha sexualidad, mucho de la cintura para abajo, gente que lamentablemente confunde libertad con liberti",0.038395870889354096
658,2,0.136107030166341,4,4_chileno_chile_argentino_chilenos,0.0833974948735565,0.0,0_presidente_país_huevón_pesos,0.0527095352927845,Palta Meléndez,1997,1990,10,10_maestro_hora hora_ruperto_hora,"Yo que soy bueno para la talla. Ya. Ya. A ver, Eduardo, Eduardo me cae bien. Bombalé, ¿y qué haces aquí? Primero que nada, me caes bien. Me caes bien porque te ",0.030687959580771994
1936,2,0.2218108700388719,10,10_maestro_hora hora_ruperto_hora,0.1691642742533251,2.0,2_chiste_programa_hoy hoy_chistes,0.0526465957855468,Dinamita Show,2012,2010,10,10_maestro_hora hora_ruperto_hora,"¿Qué? Audio. Audio. Como estamos en la tele, vos mete para allá para que no veas que está los de la casa no ven esto. No, yo con mientras chapeo aquí. Sí. Yo po",0.11651767846777829
2515,2,0.1296123509373385,3,3_humor_quinta_quinta vergara_vergara,0.0769880765914165,17.0,17_natalia_chiqui_alison_javiera,0.052624274345922,León Murillo,2015,2010,3,3_humor_quinta_quinta vergara_vergara,"Buenas noches, muchas gracias. Fue el debut en la Quinta Vergara de León Murillo, un actor, un comediante, un guionista que se ha hecho cargo de lo que vemos al",0.024363802245494504
4044,2,0.1211500687008111,11,11_hijos_mamá_papá_hijo,0.0685513510452219,5.0,5_colegio_niños_papá_hijo,0.0525987176555892,Alison Mandel,2024,2020,11,11_hijos_mamá_papá_hijo,"¿no? Y mira, ya habíamos lo habíamos pasado bien, era de noche, eran como las 2 de la mañana, nos estamos devolviendo y cuando nos estamos devolviendo le digo a",0.01595263338963271
4198,2,0.1111979243014382,3,3_humor_quinta_quinta vergara_vergara,0.0586058811708765,17.0,17_natalia_chiqui_alison_javiera,0.0525920431305617,Sergio Freire,2024,2020,2,2_chiste_programa_hoy hoy_chistes,Yo me acuerdo cuando cuando tuve la suerte de encontrarme con la comedia muy joven en mi vida y en un programa con muchos talentos de los cuales aprendí muchísi,0.006013838040314801
3169,2,0.3020310370574994,10,10_maestro_hora hora_ruperto_hora,0.2494679062487534,2.0,2_chiste_programa_hoy hoy_chistes,0.052563130808746,Bombo Fica,2018,2010,10,10_maestro_hora hora_ruperto_hora,"¿Quién es? ¿Cuál es algo muy piola? Oiga, ¿es quién? Estoy tranquila. A no ser que se sienta opaco, no sé. No, pero oiga, pero es que sabe que Usted se está arr",0.1969047754400074
3859,2,0.172202017008375,24,24_amor_dije_pa_pa pa,0.1196570335031236,27.0,27_soltera_bebé_arturo vidal_tinder,0.0525449835052514,Diego Urrutia,2023,2020,2,2_chiste_programa_hoy hoy_chistes,"opciones Sí, no, igual hay relaciones bonitas, no todas son malas. Porque está como de moda que en los ex son malos, hay que echar como que hay tres apodos, el ",0.0671120499978722
1559,2,0.1123702782698876,22,22_verdad_agradecer_emocionado_quiero agradecer,0.0598444673449428,14.0,14_ho_ho ho_aplauso_muchas,0.0525258109249448,Ruperto,2006,2000,22,22_verdad_agradecer_emocionado_quiero agradecer,"La verdad, amigo, me van a disculpar un poco, pero no puedo hablar bien porque estoy muy emocionado en estos momentos. Estoy muy emocionado. Quisiera darle las ",0.007318656419998001
4340,2,0.16969617237136908,5,5_colegio_niños_papá_hijo,0.1171794367131835,11.0,11_hijos_mamá_papá_hijo,0.0525167356581856,"Daniela ""Chiqui"" Aguayo",2025,2020,5,5_colegio_niños_papá_hijo,"No puedo creer esta huevada. ¿Vas a tener una hija cuica? Te quitamos una y me dice, ""Mamita, me compráis un helado."" Yo miré a su papá y le dije, ""Le voy a ir ",0.0646627010549979
3220,2,0.1980658388539625,11,11_hijos_mamá_papá_hijo,0.1455540826732247,16.0,16_comida_comer_dieta_mamá,0.0525117561807378,Jenny Cavallo,2018,2010,27,27_soltera_bebé_arturo vidal_tinder,"tiene la guagua y te quieren imponer esto, como que te tenés que chantar el uniforme de mamita. Están los bomberos, las damas de rojo y las mamites. Ay, amigos,",0.0930423264924869
667,2,0.1225021513008227,6,6_quinta_vergara_público_quinta vergara,0.0700043474554331,14.0,14_ho_ho ho_aplauso_muchas,0.0524978038453896,Palta Meléndez,1997,1990,6,6_quinta_vergara_público_quinta vergara,"Buenas noches, Quinta Vergara. Esa fue la presentación del Panta Meléndez, aquí en la Quinta Vergara, un hombre que vino desde Copiapó acá a la Quinta Región. Q",0.0175065436100435
4281,2,0.1252301229113108,0,0_presidente_país_huevón_pesos,0.0727383898779524,9.0,9_auto_dijo dijo_micro_carabineros,0.0524917330333584,George Harris,2025,2020,0,0_presidente_país_huevón_pesos,"pasa la noticia. Están en la casa, en la oficina y si si si el sismo de día la gente baja de la oficina, todo el mundo recto, ta ta ta ta ta, todo el mundo con ",0.020246656844594008
1644,2,0.616176687362222,15,15_hombres_mujeres_mujer_hombre,0.5636889827265747,23.0,23_amante_marido_mujer_matrimonio,0.0524877046356472,Palta Meléndez,2007,2000,15,15_hombres_mujeres_mujer_hombre,"Falta, gracias por la presentación. Nuestra historia también es para la risa. Bueno, y hemos llegado a los tiempos actuales en este recorrido de la generación m",0.5112012780909275
4009,2,0.1770793080523373,22,22_verdad_agradecer_emocionado_quiero agradecer,0.1246172439177915,21.0,21_buenas noches_noches_buenas_pecadora,0.0524620641345458,Fabrizio Copano,2023,2020,6,6_quinta_vergara_público_quinta vergara,"a a todas de de repito, lo repito muchas veces al día porque es tanta la buena onda que me llega que me dan ganas a mí de poner mala onda contra mí en internet,",0.0721551797832457
4058,2,0.2252551573911033,3,3_humor_quinta_quinta vergara_vergara,0.1728195380527247,19.0,19_través_mar_viña_viña mar,0.0524356193383786,Alison Mandel,2024,2020,3,3_humor_quinta_quinta vergara_vergara,"El humor de esta noche en Viña 2024 tuvo su mejor arranque. Líder de una generación de comediantes. Éxito en cada rincón de Chile. ¿Cuánto material te ha dado, ",0.12038391871434612
845,2,0.19581571431498013,3,3_humor_quinta_quinta vergara_vergara,0.1433905847044374,17.0,17_natalia_chiqui_alison_javiera,0.0524251296105427,Sandy,1999,1990,3,3_humor_quinta_quinta vergara_vergara,"gran figura internacional del humor. Gracias, Sandy. Sandy. No se vaya. Hay más humor con este gran amigo de la Quinta Vergara. A veces nos reímos de esta desgr",0.09096545509389471
4445,2,0.1251534794157324,0,0_presidente_país_huevón_pesos,0.0727305857935931,18.0,18_doctor_farmacia_examen_consulta,0.0524228936221393,Juan Pablo López,2025,2020,9,9_auto_dijo dijo_micro_carabineros,"Me carga ir a cargar combustible y que sea autoservicio, loco. Me carga eso. Tenés que bajarme, bueno, arriesgando la vida. Pescar la manguera, enchufarla, auto",0.020307692171453798
4246,2,0.109488825599037,9,9_auto_dijo dijo_micro_carabineros,0.057067217709084,4.0,4_chileno_chile_argentino_chilenos,0.052421607889953,Alex Ortiz,2024,2020,5,5_colegio_niños_papá_hijo,"Y encuentro que es bonito porque mi es carísimo ir a Fantasilandia, carísimo, primera vez estaba mi señora emocionada con mi hijo ahí en el boomerang sacándose ",0.004645609819131001
1469,2,0.11431396756673701,23,23_amante_marido_mujer_matrimonio,0.0619039068979587,24.0,24_amor_dije_pa_pa pa,0.0524100606687783,Coco Legrand,2006,2000,4,4_chileno_chile_argentino_chilenos,cosas. Yo vengo vestido así porque voy a interpretar a un veterano de la nostalgia que quiere arrancar de esta tierra envenenada. ¿Me entiende usted? Y ese ese ,0.009493846229180404
371,2,0.1160660049477851,22,22_verdad_agradecer_emocionado_quiero agradecer,0.0636999588851108,14.0,14_ho_ho ho_aplauso_muchas,0.0523660460626743,Julio Sabala,1994,1990,17,17_natalia_chiqui_alison_javiera,ustedes que estoy encantado y maravillado de venir a Chile por primera vez a esta quinta de Vergara a compartir mis personajes con todos ustedes. Decirles que d,0.011333912822436502
2212,2,0.1263298261126852,1,1_canción_almas_cantar_vivo vivo,0.0740414614871367,29.0,29_reggaeton_calmado_dale_ten,0.0522883646255485,Los Locos del Humor,2014,2010,1,1_canción_almas_cantar_vivo vivo,"Sí. Rima. R K acento la J, rima. Junta las letras. A E. I O. Me van a disculpar, chiquillos. ¿Se dan cuenta? En estos momentos pasa un camión recolectando hueon",0.021753096861588196
2488,2,0.1754529311535811,24,24_amor_dije_pa_pa pa,0.1232052948533377,23.0,23_amante_marido_mujer_matrimonio,0.0522476363002434,León Murillo,2015,2010,11,11_hijos_mamá_papá_hijo,"Yo sé lo que están pensando ustedes: ""Puta que vamos a comer rico esta noche"". Me presento y me hago cargo de mi condición de desconocido; mi nombre es León Mur",0.0709576585530943
303,2,0.1929475995137483,10,10_maestro_hora hora_ruperto_hora,0.1407034716604285,13.0,13_ay ay_salta salta_salta_ay,0.0522441278533198,Lucho Navarro,1992,1990,10,10_maestro_hora hora_ruperto_hora,Una vez en nuestro campo se vio un toro MU guaso ladino Pero para evitar problemas con la gente voy a imitar el helicóptero pero al revés se va a ir acercando a,0.08845934380710868
1058,2,0.1860747967332146,13,13_ay ay_salta salta_salta_ay,0.133881824068091,29.0,29_reggaeton_calmado_dale_ten,0.0521929726651236,Memo Bunke y Natalia Cuevas,2001,2000,13,13_ay ay_salta salta_salta_ay,"¡Aleluya! Es grande el mar, más grande el cielo, el universo también lo es. Eso es un mundo donde hay vida. Ojalá haya un lugar para los dos. ¡Aleluya! ¡Aleluya",0.08168885140296739
1676,2,0.1642497497516586,23,23_amante_marido_mujer_matrimonio,0.112077667244551,15.0,15_hombres_mujeres_mujer_hombre,0.0521720825071076,Stefan Kramer,2008,2000,23,23_amante_marido_mujer_matrimonio,"Llego a mi casa con una virutilla envuelta en un papel de regalo. Llevo 2 años con el piso impecable, weón. Ahí. Y ahí me entretengo. Soy el nuevo hombre, el ma",0.059905584737443396
3759,2,0.1494960407998533,0,0_presidente_país_huevón_pesos,0.0973312516129407,18.0,18_doctor_farmacia_examen_consulta,0.0521647891869126,Pedro Ruminot,2020,2020,0,0_presidente_país_huevón_pesos,"Sí, reclamen. En todos los comerciales de promoción siempre aparece una voz al final que dice, ""promociones bolivianas promocionales bolivianas.cl"". Ahí te caga",0.045166462426028106
1587,2,0.1383579240628956,29,29_reggaeton_calmado_dale_ten,0.086214314011814,13.0,13_ay ay_salta salta_salta_ay,0.0521436100510816,Álvaro Salas,2007,2000,7,7_vieja_suegra_abuela_abuelita,"Cuando empiece la clase. Viene a hablar del Tran Santiago, un hombre que ha sido el personaje televisivo del año. La Quinta Vergara baila con el regalón de este",0.0340707039607324
3039,2,0.2534032466299213,0,0_presidente_país_huevón_pesos,0.2012721050234692,9.0,9_auto_dijo dijo_micro_carabineros,0.0521311416064521,"Juan Luis ""Jajá"" Calderón",2017,2010,0,0_presidente_país_huevón_pesos,"Mira, hoy en día nuestro país, como decíamos, tenía tantos problemas, tantas cosas. El otro día andaba en el centro Santiago, se me acercó una gitana, me dijo, ",0.1491409634170171
2814,2,0.1297399500138329,3,3_humor_quinta_quinta vergara_vergara,0.0776180858994683,17.0,17_natalia_chiqui_alison_javiera,0.0521218641143646,Los Locos del Humor,2016,2010,3,3_humor_quinta_quinta vergara_vergara,"Vale. Porque esta noche, 15 noches del festival, de los festivales, hay cabiota de oro para los locos del humor. Hugo Silva, ellos son los locos del humor. Grac",0.025496221785103697
2907,2,0.1775042411677764,22,22_verdad_agradecer_emocionado_quiero agradecer,0.1253982175535727,14.0,14_ho_ho ho_aplauso_muchas,0.0521060236142037,Juan Pablo López,2017,2010,6,6_quinta_vergara_público_quinta vergara,"La gaviota de oro. Bueno, Juan Pablo, ahora vamos Gracias. a contar algo Gracias. Gracias. Toda para ti. Vamos a contar algo. Vamos a contar que tuviste un sueñ",0.07329219393936899
527,2,0.1156934427803645,19,19_través_mar_viña_viña mar,0.0635965282947528,17.0,17_natalia_chiqui_alison_javiera,0.0520969144856117,Dino Gordillo,1996,1990,6,6_quinta_vergara_público_quinta vergara,"Gracias, adiós, viña. Gracias, muy amable. Y bueno, que eso que acabamos de ver fue el humor de Dino Gordillo, pero que es simpático. Ven para acá que te tenemo",0.011499613809141107
3630,2,0.1122024835832023,9,9_auto_dijo dijo_micro_carabineros,0.0601315415676063,4.0,4_chileno_chile_argentino_chilenos,0.052070942015596,Fusión Humor,2020,2020,0,0_presidente_país_huevón_pesos,"Buenas noches, Quinta Vergara. ¿Nuestro mejor atuendo? ¿A dónde? Mira, vestido así son igual a los monos del banco BCI. Somos enteros de diferentes. Está buena ",0.0080605995520103
3702,2,0.3623957559918746,24,24_amor_dije_pa_pa pa,0.3103299544640442,27.0,27_soltera_bebé_arturo vidal_tinder,0.0520658015278304,"Paul Vásquez ""El Flaco""",2020,2020,24,24_amor_dije_pa_pa pa,"Ella abrió la puerta y decía, ""Jorge."" Y uno, ""Hola."" La chiquilla queda escarchada, po, huevón. ""Ay, Jorge."" Y cuando mi polola de la época no tenía mucha pech",0.2582641529362138
1981,2,0.1064637439273125,9,9_auto_dijo dijo_micro_carabineros,0.0544057983841317,0.0,0_presidente_país_huevón_pesos,0.0520579455431808,Bombo Fica,2012,2010,9,9_auto_dijo dijo_micro_carabineros,"para marcarlo. Bueno, hay que recordar las cosas con humor. Fue triste para alguno, pero no debemos quedarnos en el pasado. Que de esperar que este 2012 no sea ",0.0023478528409508967
3029,2,0.2679747989696532,5,5_colegio_niños_papá_hijo,0.2159206760365218,11.0,11_hijos_mamá_papá_hijo,0.0520541229331314,"Juan Luis ""Jajá"" Calderón",2017,2010,5,5_colegio_niños_papá_hijo,"Mi madre siempre dijo, ""La gran herencia que le voy a dejar a mis hijos es la educación."" Por eso yo repetí tres veces el segundo medio, quería aprovechar bien ",0.16386655310339038
2330,2,0.2343977879449591,1,1_canción_almas_cantar_vivo vivo,0.1823623011926676,13.0,13_ay ay_salta salta_salta_ay,0.0520354867522915,Payahop,2014,2010,1,1_canción_almas_cantar_vivo vivo,"aquí, papito rico, C H I, el es de congreso. Y yo todas las noches, al señor le rezo porque yo no creo en la mala suerte, cada uno tiene lo que se merece. Esto ",0.1303268144403761
1677,2,0.1077792330200151,2,2_chiste_programa_hoy hoy_chistes,0.05577366293634,28.0,28_puta puta_noticias_puta_ta,0.0520055700836751,Stefan Kramer,2008,2000,28,28_puta puta_noticias_puta_ta,"Y ahí me entretengo viendo tele, me encanta ver al Quique Morandé. Muchachita, muchachita, la peleta, ponerte al pelo, vamos para misa. Español o colorado no te",0.0037680928526648977
1206,2,0.1095531426943634,27,27_soltera_bebé_arturo vidal_tinder,0.0575769732404177,23.0,23_amante_marido_mujer_matrimonio,0.0519761694539457,Sandy,2004,2000,15,15_hombres_mujeres_mujer_hombre,"Los gangosos son apocados, son tranquilos, son tímidos. Va a ver al psicoanalista y dice, ""No, no."" Mi mujer me pega. Me pega muy fuerte. Yo me aguanto el dolor",0.005600803786472
3310,2,0.2153691618174047,17,17_natalia_chiqui_alison_javiera,0.1634467553106439,6.0,6_quinta_vergara_público_quinta vergara,0.0519224065067608,Stefan Kramer,2018,2010,8,8_anthony_amas_your_you,"Estaba bastante nervioso ahí atrás. Me temblaban las piernas, las tres. Las tres veces que he estado acá. Y esta canción se la quiero dedicar a una mujer que me",0.1115243488038831
2976,2,0.1072646053380173,27,27_soltera_bebé_arturo vidal_tinder,0.0553423708024811,23.0,23_amante_marido_mujer_matrimonio,0.0519222345355362,"Carlos ""El Mono"" Sánchez",2017,2010,10,10_maestro_hora hora_ruperto_hora,"Secreto para nosotros los hombres: ¿quieren evitar una pelea con su señora cuando lleguen después de tomarse los tragos, lleguen borrachos? Quieren evitar una p",0.003420136266944894
610,2,0.123962516585347,19,19_través_mar_viña_viña mar,0.07204844927418,17.0,17_natalia_chiqui_alison_javiera,0.051914067311167,Dino Gordillo,1997,1990,3,3_humor_quinta_quinta vergara_vergara,"Adiós, muy amable. El aplauso para Dino Gordillo. Otro año de éxito en este escenario de la Quinta Vergara. Otro desafío importante para el humor en nuestra pri",0.020134381963012996
2152,2,0.3080671690223111,16,16_comida_comer_dieta_mamá,0.2561568597589424,11.0,11_hijos_mamá_papá_hijo,0.0519103092633687,Bastián Paz,2013,2010,16,16_comida_comer_dieta_mamá,"Mira arriba. La desengolo. ¿Trae ya? Ah, claro. A un niño le dijo: «Mamá, eh, la tía es una verdad... una verdad gay». ¿Una barata gay? ¿Cómo va a ser gay? No, ",0.20424655049557372
3261,2,0.1957377839189813,23,23_amante_marido_mujer_matrimonio,0.1438380006846937,15.0,15_hombres_mujeres_mujer_hombre,0.0518997832342876,Jenny Cavallo,2018,2010,15,15_hombres_mujeres_mujer_hombre,"Ahora me quedo piola. Esto puede parecer una tontera, este tema, pero no es una tontera. Por ejemplo, pienso: ¿qué hacían las mujeres de la antigüedad? Ahora ha",0.09193821745040612
2144,2,0.1077234710821863,22,22_verdad_agradecer_emocionado_quiero agradecer,0.0558615894467521,10.0,10_maestro_hora hora_ruperto_hora,0.0518618816354342,Bastián Paz,2013,2010,17,17_natalia_chiqui_alison_javiera,"¡Qué elegancia, Bastián! Qué impresionante este escenario, ¿no? Sí, es gigante la wea. Parece un coliseo romano. Pasando cuchufleta.",0.0039997078113179
3117,2,0.259929185224026,4,4_chileno_chile_argentino_chilenos,0.2080827265845056,0.0,0_presidente_país_huevón_pesos,0.0518464586395204,Fabrizio Copano,2017,2010,4,4_chileno_chile_argentino_chilenos,"¿De dónde es tu apellido? Basta, ¿qué importa de dónde es tu apellido, huevón? ¿Hay algún apellido acá normal, algún chileno real, un Soto, un Pérez? ¿Dónde est",0.1562362679449852
1719,2,0.11594048231296081,1,1_canción_almas_cantar_vivo vivo,0.0641677166166039,22.0,22_verdad_agradecer_emocionado_quiero agradecer,0.0517727656963569,Profesor Salomón y Tutu-Tutu,2008,2000,1,1_canción_almas_cantar_vivo vivo,"a este hermoso público que está aquí esta noche. Sí. Ahora a este hermoso jurado, jurado anónimo elegido entre más de 250, pero son la gente que sabe mucho de m",0.012394950920247005
3391,2,0.11409910796568501,27,27_soltera_bebé_arturo vidal_tinder,0.0623289134019011,24.0,24_amor_dije_pa_pa pa,0.0517701945637839,Alejandra Azcárate,2018,2010,15,15_hombres_mujeres_mujer_hombre,haber visto este lugar con todo este público de pie. Tengo el corazón que se me sale. Muchas gracias. Miren. Tengo unos cortos minutos para este bis. Así que le,0.010558718838117202
2607,2,0.138938241571434,0,0_presidente_país_huevón_pesos,0.087225749920803,9.0,9_auto_dijo dijo_micro_carabineros,0.051712491650631,Edo Caroe,2016,2010,0,0_presidente_país_huevón_pesos,"mal, puta, que me asustaste, huevón, pasa nomás, adelante. Llévate todo lo que queráis, huevón. Entonces Porque están haciendo cosas muy irregulares, recibiendo",0.035513258270171995
3748,2,0.22381178232734492,7,7_vieja_suegra_abuela_abuelita,0.1721073636254407,23.0,23_amante_marido_mujer_matrimonio,0.0517044187019042,Pedro Ruminot,2020,2020,7,7_vieja_suegra_abuela_abuelita,"cambia, todo cambia, ya nada te motiva. ¿Quién, por ejemplo, acá tiene, no sé, 20 años? ¿Quién nació en el año 99? Allá, allá, allá, allá, joven, allá. Gabrieli",0.12040294492353651
4146,2,0.1034571936667547,14,14_ho_ho ho_aplauso_muchas,0.0517537786756686,6.0,6_quinta_vergara_público_quinta vergara,0.0517034149910861,Lucho Miranda,2024,2020,5,5_colegio_niños_papá_hijo,"de trabajo, ejercicio, que quizás uno no podía hacer de la mejor manera posible, de la mejor manera posible, pero con el solo hecho de intentarlo, con solo inte",5.036368458249951e-05
1086,2,0.1555123058966367,0,0_presidente_país_huevón_pesos,0.1038467937556322,18.0,18_doctor_farmacia_examen_consulta,0.0516655121410045,Millenium Show,2001,2000,11,11_hijos_mamá_papá_hijo,"Julio, dime, ¿cuánto es 1 + 1? Soprole. ¿Cómo? ¿Cómo que Soprole? En la televisión así: Soprole. Pero en la tele, compadre. Bueno, que enseñen cuestiones buenas",0.0521812816146277
4088,2,0.3965871719851709,1,1_canción_almas_cantar_vivo vivo,0.3449247528332979,13.0,13_ay ay_salta salta_salta_ay,0.051662419151873,Javiera Contador,2024,2020,1,1_canción_almas_cantar_vivo vivo,"Ni siquiera rima. ¡Chúpalo, entonces! Eh, ya, es que era mi sueño, así que lo vamos a lograr. Eh, con la familia La Raín vamos aquí en la Quinta Vergara a hacer",0.29326233368142485
552,2,0.1187119289490367,9,9_auto_dijo dijo_micro_carabineros,0.0670585309443177,18.0,18_doctor_farmacia_examen_consulta,0.051653398004719,Los Indolatinos,1996,1990,0,0_presidente_país_huevón_pesos,"Oye, el tipo está en el restaurante. Él dice, ""Gazón, gazón, dame un sándwich de botito, yo te lo puedo usar el de bien."" Y llegó el tipo a la mobletería y le d",0.0154051329395987
2234,2,0.1494087253005043,26,26_celular_pegado_teléfono_whatsapp,0.0977857494873281,5.0,5_colegio_niños_papá_hijo,0.0516229758131762,Jorge Alís,2014,2010,26,26_celular_pegado_teléfono_whatsapp,"47 años. Cuando yo era chico no había iPhone, iPod, notebook, computador, no había nada. ¿A qué jugábamos la gente que éramos más grandes? A la botellita, a la ",0.0461627736741519
1067,2,0.126553604385621,22,22_verdad_agradecer_emocionado_quiero agradecer,0.0749407894555362,6.0,6_quinta_vergara_público_quinta vergara,0.0516128149300848,Memo Bunke y Natalia Cuevas,2001,2000,3,3_humor_quinta_quinta vergara_vergara,"Tenemos más. Llámenlo porque si no no van a venir. Me invito. Gracias, Ceci. ¿Queda algo más todavía? Sí. Muy bien, entonces el será Gracias, Ceci, por arriba. ",0.0233279745254514
990,2,0.188657289689926,12,12_perro_perrito_selva_lobo,0.137047259777642,24.0,24_amor_dije_pa_pa pa,0.051610029912284,Dino Gordillo,2000,2000,9,9_auto_dijo dijo_micro_carabineros,"agua en una pileta. Y chileno así medio cortotilleta, se acercó a pegar el el manazo, a salvar el papeo. Y me lo agarra un guardia y dice: «Señor, por favor, es",0.08543722986535801
2165,2,0.3645014824415841,24,24_amor_dije_pa_pa pa,0.3128997836811515,27.0,27_soltera_bebé_arturo vidal_tinder,0.0516016987604326,Bastián Paz,2013,2010,24,24_amor_dije_pa_pa pa,Esto es una historia ¿Una historia triste? Mía. ¿Qué te pasó? ¿Te pasó algo terrible? Terrible. Cuando era era yo era chico Ya. estaba jugando con una amiguita.,0.26129808492071893
474,2,0.1935343464251312,9,9_auto_dijo dijo_micro_carabineros,0.1419344882555521,18.0,18_doctor_farmacia_examen_consulta,0.0515998581695791,Paulo Iglesias,1995,1990,9,9_auto_dijo dijo_micro_carabineros,"te van a terminar legalizando la cocaína; o sea, que los los concursos ya no van a ser «rap pegane», van a ser «jalegane». Y más aquí se legalizan las marihuana",0.090334630085973
4264,2,0.1165061292874328,12,12_perro_perrito_selva_lobo,0.0649250498863056,24.0,24_amor_dije_pa_pa pa,0.0515810794011272,George Harris,2025,2020,27,27_soltera_bebé_arturo vidal_tinder,"más. No tienen que meterle ningún chip en el brazo. Ya tú posteaste fotos tuyas, ya se las mandaste a ese novio y a esa novia, le pusiste tu muñeco dormido para",0.013343970485178394
3164,2,0.1090478202019114,1,1_canción_almas_cantar_vivo vivo,0.0574748902705553,10.0,10_maestro_hora hora_ruperto_hora,0.0515729299313561,Bombo Fica,2018,2010,1,1_canción_almas_cantar_vivo vivo,"Oye, insistió con la huevada, ""Hagamos la fonomímica."" ""Vamos a revivir la fonomímica, vamos a chufar con la fonomímica."" Y como le queda tan poco ya hace la hu",0.005901960339199201
2829,2,0.1707359218440368,0,0_presidente_país_huevón_pesos,0.1191770922079968,9.0,9_auto_dijo dijo_micro_carabineros,0.05155882963604,Ricardo Meruane,2016,2010,0,0_presidente_país_huevón_pesos,"Puta, por algo se llama la Ucrania esto. El deber nos llama, huevón. Bueno, chiquillo, pero como le decía yo, alguien se ha preguntado cómo vivimos en el Chile ",0.0676182625719568
509,2,0.1280144337316491,9,9_auto_dijo dijo_micro_carabineros,0.0764645955758564,18.0,18_doctor_farmacia_examen_consulta,0.0515498381557927,El Pampero,1995,1990,9,9_auto_dijo dijo_micro_carabineros,Se le ocurre hacer un concurso de quién se demoraba menos en comprar una cajetilla de cigarrillo en el quiosco de ahí. Imagínate un tartamudo concursando. Se le,0.024914757420063702
1161,2,0.1101456115257665,6,6_quinta_vergara_público_quinta vergara,0.0585982746694057,14.0,14_ho_ho ho_aplauso_muchas,0.0515473368563608,Vanessa Miller,2003,2000,6,6_quinta_vergara_público_quinta vergara,"1977. Antonio, ¿quieren ver los premios o no? Levanten la mano los chips. Se les... Antonio se gana el chorito de oro. ¡Por favor! ¡Por favor! Este premio se lo",0.007050937813044902
19,2,0.11865122071683631,29,29_reggaeton_calmado_dale_ten,0.0671322877283859,13.0,13_ay ay_salta salta_salta_ay,0.0515189329884504,Los Acetatos,1973,1970,8,8_anthony_amas_your_you,Es el sábado de la home again in Indiana. In Indiana. Was the show so gay? It's your destiny. It's your destiny. It's your destiny. It's your destiny. It's your,0.015613354739935505
4074,2,0.1424899176271962,5,5_colegio_niños_papá_hijo,0.0909972066927238,18.0,18_doctor_farmacia_examen_consulta,0.0514927109344724,Javiera Contador,2024,2020,11,11_hijos_mamá_papá_hijo,"resulta que fuimos a Disney de nuevo con mis hijos, ahora tienen siete y nueve y y resulta que nada, llegamos al al el hotel que está dentro del parque, porque ",0.03950449575825141
3163,2,0.146972728770319,13,13_ay ay_salta salta_salta_ay,0.0954803845834471,29.0,29_reggaeton_calmado_dale_ten,0.0514923441868719,Bombo Fica,2018,2010,13,13_ay ay_salta salta_salta_ay,"Ay, ay, ay, ay, ay, ay. Ay. Y este lunar que tiene cielo todo lindo junto a la bota. No, no, no se lo de a la diligencia. Y todo lindo que me toca vivir. Este l",0.043988040396575195
615,2,0.4424281373832442,1,1_canción_almas_cantar_vivo vivo,0.3909404004530022,13.0,13_ay ay_salta salta_salta_ay,0.051487736930242,Gilberto Gless,1997,1990,1,1_canción_almas_cantar_vivo vivo,La canción de la luna. La canción de la luna. La canción de la luna. La canción de la luna. La canción de la luna. La canción de la luna. La canción de la luna.,0.3394526635227602
587,2,0.21521503969791558,12,12_perro_perrito_selva_lobo,0.1637394992430342,24.0,24_amor_dije_pa_pa pa,0.0514755404548814,Dinamita Show,1996,1990,5,5_colegio_niños_papá_hijo,¿Qué? No había agua caliente. ¿En qué se parece la misma? ¿En qué se parece la misma vaca tuya a un edificio que es mío? ¿En qué? Tú sabes que tú dijiste que va,0.11226395878815279
2689,2,0.1369548141547646,24,24_amor_dije_pa_pa pa,0.0854864484422418,12.0,12_perro_perrito_selva_lobo,0.0514683657125228,Natalia Valdebenito,2016,2010,11,11_hijos_mamá_papá_hijo,"No me voy a censurar. Ni a ustedes tampoco. En una parte de mi vida La zorra, eso me excita. En serio, me remoja, loco. Me remoja, me repone. Estoy remedicada N",0.034018082729719006
47,2,0.107362839682378,22,22_verdad_agradecer_emocionado_quiero agradecer,0.055927040556492,6.0,6_quinta_vergara_público_quinta vergara,0.051435799125886,Hugo Goodman,1974,1970,4,4_chileno_chile_argentino_chilenos,"Bueno, este me están diciendo que tengo que acortarme disimuladamente, entonces vamos a hacer para terminar y accediendo un gentil pedido que hice una familia q",0.004491241430606002
1967,2,0.1098241026158551,9,9_auto_dijo dijo_micro_carabineros,0.0584033161769311,0.0,0_presidente_país_huevón_pesos,0.051420786438924,Zip-Zup,2012,2010,9,9_auto_dijo dijo_micro_carabineros,"no más. Yo no estar traduciendo ni una cuestión, ¿ya? Llegó el chino a carabinero. Oiga, señor carabinero, vengo a hacer una denuncia. Ah, ya no cacharrear. Oig",0.006982529738007101
2890,2,0.1145950444694362,12,12_perro_perrito_selva_lobo,0.0631980885443147,24.0,24_amor_dije_pa_pa pa,0.0513969559251215,Juan Pablo López,2017,2010,9,9_auto_dijo dijo_micro_carabineros,"¿Se levanta limpiar las canaletas? No. No vi que tiene depresión. ¿Cómo tiene que volver a la escuela? No, si estamos cagados, si en este país no hay hombre de ",0.011801132619193203
1461,2,0.1069534061962204,22,22_verdad_agradecer_emocionado_quiero agradecer,0.0555670311517291,1.0,1_canción_almas_cantar_vivo vivo,0.0513863750444913,Julio Sabala,2006,2000,8,8_anthony_amas_your_you,"...y yo. Ahora viene la parte, el do de pecho. No se preocupen, que si no me sale el do de pecho les doy el sí de culo, pero algo les voy a dar. Ay, redoble, po",0.0041806561072378
2388,2,0.33216410644195726,24,24_amor_dije_pa_pa pa,0.2807802905267759,12.0,12_perro_perrito_selva_lobo,0.0513838159151814,Dinamita Show,2015,2010,24,24_amor_dije_pa_pa pa,"Entramos a la pieza del motel, hermano. Entra una pieza del motel. Flaco. ¿Qué? Aquí en Grupi. ¿De qué? Ibo con 500 pesos estáis listo. Lo que sale del estacion",0.2293964746115945
4223,2,0.10900691617092659,16,16_comida_comer_dieta_mamá,0.057636577228432,11.0,11_hijos_mamá_papá_hijo,0.0513703389424946,Alex Ortiz,2024,2020,18,18_doctor_farmacia_examen_consulta,"Quería ayudar a tu mamá. Amigos, ¿qué hacen ustedes? Igual la ayudan, ¿cierto? Hay que ayudar a la mamita siempre. Me meto ahí a internet, donde queda el Hospit",0.006266238285937399
1997,2,0.12487729446314941,0,0_presidente_país_huevón_pesos,0.0735105631226854,18.0,18_doctor_farmacia_examen_consulta,0.051366731340464,Bombo Fica,2012,2010,0,0_presidente_país_huevón_pesos,"100 y ahí vamos en 6500. Y abajo decía: ""Cliente peligroso"". Yo dije: ""Esto es estafa. Legal, pero estafa"". Llamé inmediatamente a mi abogado. Que mi abogado es",0.0221438317822214
1261,2,0.1769443768763748,1,1_canción_almas_cantar_vivo vivo,0.125620145571569,13.0,13_ay ay_salta salta_salta_ay,0.0513242313048058,Los Indolatinos,2004,2000,1,1_canción_almas_cantar_vivo vivo,"Muchas gracias, son muy amables. Bueno, y para retribuir, eh, todo el cariño que ustedes nos defensan, vamos a cantar ahora una canción en serio. Eh, en serio, ",0.07429591426676321
2840,2,0.1867961906099251,10,10_maestro_hora hora_ruperto_hora,0.1355483760152816,2.0,2_chiste_programa_hoy hoy_chistes,0.0512478145946435,Ricardo Meruane,2016,2010,10,10_maestro_hora hora_ruperto_hora,"Bueno, yo no yo yo vine yo vine a trabajar acá, no no me la vine a decir que me la regalaron. Si quieren seguimos un rato y ahí verán si me la me... Vamos, vamo",0.0843005614206381
1888,2,0.1337162708062614,18,18_doctor_farmacia_examen_consulta,0.082476853469237,9.0,9_auto_dijo dijo_micro_carabineros,0.0512394173370244,Ricardo Meruane,2011,2010,18,18_doctor_farmacia_examen_consulta,"huevón, con cinco lucas, huevón. ¿Qué así con cinco lucas para esos menesteres, eh? Así que, compadre, huevón, agarra el diario. Decía, ""Motel Los Cuernos, 3 ho",0.031237436132212602
266,2,0.1968924364345159,12,12_perro_perrito_selva_lobo,0.1456568794156079,24.0,24_amor_dije_pa_pa pa,0.051235557018908,Palta Meléndez,1991,1990,14,14_ho_ho ho_aplauso_muchas,"la Codufa, la Codufa, la Codufa va creciendo, la Codufa, la Codufa, la Codufa retón, señor. Lo tengo a todos callado y sin nada de madre mía, señor. Yo no tengo",0.0944213223966999
2764,2,0.1076792826511037,4,4_chileno_chile_argentino_chilenos,0.0564452635150957,0.0,0_presidente_país_huevón_pesos,0.051234019136008,Pedro Ruminot,2016,2010,4,4_chileno_chile_argentino_chilenos,"Llevamos 4 horas y la señora bachelé, no hace nada. Mire cómo estamos acá, me está haciendo el almuerzo, acá estoy sentado una cena. Tengo a la vieja enferma qu",0.0052112443790876956
1015,2,0.1346556931937535,1,1_canción_almas_cantar_vivo vivo,0.0834241078604911,13.0,13_ay ay_salta salta_salta_ay,0.0512315853332624,"Daniel Muñoz ""El Carmelo""",2001,2000,14,14_ho_ho ho_aplauso_muchas,"agüite. Venga, fuerte el aplauso para saludar al Carmelo en Viña del Mar. Que me alegres de corazón. Que me alegres de corazón. Que me alegres de corazón. Que m",0.032192522527228706
4144,2,0.41339269009347307,5,5_colegio_niños_papá_hijo,0.3621616475285799,11.0,11_hijos_mamá_papá_hijo,0.0512310425648932,Lucho Miranda,2024,2020,5,5_colegio_niños_papá_hijo,"estudiar contabilidad. Yo soy contador, ese es mi título. Y estudié contabilidad porque en mi cuña no hay universidad. Entonces, yo tenía que viajar. Y en ese e",0.3109306049636867
1589,2,0.1265484236992985,0,0_presidente_país_huevón_pesos,0.0753242620569434,9.0,9_auto_dijo dijo_micro_carabineros,0.0512241616423551,Álvaro Salas,2007,2000,0,0_presidente_país_huevón_pesos,"Soy bien. ¡Ay, los felices! ¡Ay, los palos! Deja ¡Viva Chile libre! ¡Viva el paraíso! ¡Viva el Wonder eh! Quieren llevarse el congreso los coches los padres. A ",0.0241001004145883
3938,2,0.23953652774573062,5,5_colegio_niños_papá_hijo,0.1883266727774965,11.0,11_hijos_mamá_papá_hijo,0.0512098549682341,Belén Mora,2023,2020,5,5_colegio_niños_papá_hijo,"La PID, nació en Los Ángeles, ¿sé cómo va la matemática? No, po. Si yo fuera buena para la matemática, no sería triste, pues estaría comprando dólares. Me pide ",0.1371168178092624
908,2,0.1159574476093092,24,24_amor_dije_pa_pa pa,0.0647570157801225,12.0,12_perro_perrito_selva_lobo,0.0512004318291867,"Daniel Muñoz ""El Malo""",2000,2000,0,0_presidente_país_huevón_pesos,¿Sabes qué más no lo hago? Este no al final que yo quería por loco. ¿Sabes loco lo que yo quería? Que llegar un hombre así para llegar así los marcianos me tira,0.013556583950935792
2820,2,0.1405250546533961,3,3_humor_quinta_quinta vergara_vergara,0.089346837513731,17.0,17_natalia_chiqui_alison_javiera,0.0511782171396651,Ricardo Meruane,2016,2010,3,3_humor_quinta_quinta vergara_vergara,"Aquí en Viña 2016. Es el turno del humor. ¡Eso! Gracias, no se molesten; es una frase que nació en este mismo escenario. Hoy él viene por su revancha, merecida ",0.038168620374065904
3374,2,0.10516991251756369,11,11_hijos_mamá_papá_hijo,0.0540180692054507,16.0,16_comida_comer_dieta_mamá,0.051151843312113,Alejandra Azcárate,2018,2010,11,11_hijos_mamá_papá_hijo,"Lo único físicamente imposible de hacer durante el día es trasnochar; de resto todo se logra, créanme. Y en esta adolescencia, los papás tienen una costumbre ba",0.0028662258933377024
479,2,0.6146072801494618,7,7_vieja_suegra_abuela_abuelita,0.5634736851563437,23.0,23_amante_marido_mujer_matrimonio,0.0511335949931181,Paulo Iglesias,1995,1990,7,7_vieja_suegra_abuela_abuelita,"Otra cosa que está de moda, o sea, que está ahí, son las cirugías estéticas. Todo el mundo quiere hacerse una cirugía estética; algunos no tienen plata, otras s",0.5123400901632256
681,2,0.113104742529424,12,12_perro_perrito_selva_lobo,0.0620006355349694,2.0,2_chiste_programa_hoy hoy_chistes,0.0511041069944546,Pancho del Sur,1997,1990,10,10_maestro_hora hora_ruperto_hora,"La galería, la galería, la galería, un grito, un grito, un grito, un grito, un grito, un grito. Dice, ""Cosas raras están pasando en la parcé en la herramiento. ",0.010896528540514802
4076,2,0.1049545114587698,5,5_colegio_niños_papá_hijo,0.0538641969381897,16.0,16_comida_comer_dieta_mamá,0.0510903145205801,Javiera Contador,2024,2020,5,5_colegio_niños_papá_hijo,"Cuando paró, yo salí corriendo, salí corriendo, pero ahí caché la frase cuando dice cuando el alma se te va del cuerpo, porque yo salí corriendo, pero mi cuerpo",0.002773882417609605
134,2,0.3841096575808059,19,19_través_mar_viña_viña mar,0.3330247082303776,17.0,17_natalia_chiqui_alison_javiera,0.0510849493504283,Jorge Romero,1979,1970,19,19_través_mar_viña_viña mar,"Niña del Mar, el escenario más importante de la canción latina americana en este instante, les saluda a ustedes, amigos, a través de todo el país. A través de T",0.2819397588799493
826,2,0.1390755737129305,14,14_ho_ho ho_aplauso_muchas,0.0880169159344759,6.0,6_quinta_vergara_público_quinta vergara,0.0510586577784546,Sandy,1999,1990,10,10_maestro_hora hora_ruperto_hora,"Llega a los Estados Unidos, va a la Casa Blanca, dijo: «El señor Bill Clinton está en Ohio». «Amigo». Estaba de visita Samuel en la casa de de Jacobo y Jacobo t",0.0369582581560213
2671,2,0.1301605682763433,5,5_colegio_niños_papá_hijo,0.0791284997500683,26.0,26_celular_pegado_teléfono_whatsapp,0.051032068526275,Rodrigo González,2016,2010,28,28_puta puta_noticias_puta_ta,"despierto, veo a mis hijos viendo tele y dije, ""Ah, no, está la cagada del mundo."" Y perdón que esta parte me detenga, huevón. Pero ustedes han visto los monos ",0.0280964312237933
2335,2,0.490200431745179,1,1_canción_almas_cantar_vivo vivo,0.4391851778550736,13.0,13_ay ay_salta salta_salta_ay,0.0510152538901054,Payahop,2014,2010,1,1_canción_almas_cantar_vivo vivo,"¿Por qué jimená? ¿Cómo le dicen a tu hermana? No sé, po. Jime. Soy terrible, soy un bárbaro. Todos dicen, Dime. ""Jime"" Dime. Oye, yo quería cantar una canción q",0.3881699239649682
3068,2,0.1289703617619573,11,11_hijos_mamá_papá_hijo,0.0779930598333705,16.0,16_comida_comer_dieta_mamá,0.0509773019285868,Rodrigo Villegas,2017,2010,11,11_hijos_mamá_papá_hijo,"En todo caso yo tengo mis propios superhéroes. Sí, mi mamá y mi papá. O sea, sí. Pero en todo caso, eh mira, si no si nosotros tuviéramos una guerra con cualqui",0.0270157579047837
1742,2,0.1027298230322634,12,12_perro_perrito_selva_lobo,0.0518060485088271,24.0,24_amor_dije_pa_pa pa,0.0509237745234363,Dinamita Show,2009,2000,9,9_auto_dijo dijo_micro_carabineros,"Te odio. Te odio. Te odio. Déjate. Ven para acá. A lo que vinimos. Yo te voy a sacar la cresta y flaco. ¿A quién? Loco, el último que me dijo eso está bajo tier",0.0008822739853907996
1890,2,0.1068765397436431,24,24_amor_dije_pa_pa pa,0.0559945970644557,12.0,12_perro_perrito_selva_lobo,0.0508819426791874,Ricardo Meruane,2011,2010,18,18_doctor_farmacia_examen_consulta,"Bien curado, señor. Gracias, Dios nos salve. Gracias, gracias. ¿Cómo está, cómo va? Así es la casa, pues. Oh. Muy amable, gracias. Güey, compadre que andaba bie",0.005112654385268298
3307,2,0.1228847726364155,22,22_verdad_agradecer_emocionado_quiero agradecer,0.0720117434921235,14.0,14_ho_ho ho_aplauso_muchas,0.050873029144292,Stefan Kramer,2018,2010,22,22_verdad_agradecer_emocionado_quiero agradecer,"¿Ya? Esto yo lo hago así, a la cuenta de tres y la palabra mágica power. Se hace realidad. ¿Me ayudarían? Ya. Uno, dos, tres. ¡Vamos! Señoras y señores, bienven",0.021138714347831496
2142,2,0.1056271133656866,14,14_ho_ho ho_aplauso_muchas,0.0547629800069318,22.0,22_verdad_agradecer_emocionado_quiero agradecer,0.0508641333587548,Nancho Parra,2013,2010,6,6_quinta_vergara_público_quinta vergara,"Un nuevo año de que la tierra sacudiera a nuestro país especialmente A tu zona, al borde costero, a Talcahuano, para todos ellos nuestro afecto y la gaviota par",0.0038988466481769957
169,2,0.2058131438653765,3,3_humor_quinta_quinta vergara_vergara,0.1549512552829964,17.0,17_natalia_chiqui_alison_javiera,0.0508618885823801,Hugo Varela,1989,1980,3,3_humor_quinta_quinta vergara_vergara,La próxima figura no es fácil. Tiene la difícil misión de entregarles el humor. Es el hombre de las palabras esdrújuulas y de los laray laray. Vamos a ver si es,0.10408936670061628
1829,2,0.1306030432789551,16,16_comida_comer_dieta_mamá,0.0797481180170105,18.0,18_doctor_farmacia_examen_consulta,0.0508549252619446,Dino Gordillo,2011,2010,5,5_colegio_niños_papá_hijo,"Se dio, se dio. Ahora Ahora que uno ve tantas mamás, tantos papás, quiero hacer una pregunta como pasando a ya a analizar la vida. Quiero hacer una pregunta que",0.028893192755065897
1539,2,0.32721671834606747,1,1_canción_almas_cantar_vivo vivo,0.2763714988389129,13.0,13_ay ay_salta salta_salta_ay,0.0508452195071546,Ruperto,2006,2000,1,1_canción_almas_cantar_vivo vivo,"¿Quiere que cantemos de verdad o quiere irse de acá? Porque ya la cosa se está poniendo insoportable. Pero venga, tranquilo nomás. No, no. Pero ¿qué tengo que d",0.22552627933175828
879,2,0.2488357648403216,12,12_perro_perrito_selva_lobo,0.1980068383662687,24.0,24_amor_dije_pa_pa pa,0.0508289264740529,Melón y Melame,1999,1990,12,12_perro_perrito_selva_lobo,"con la otra... ¡Ya! Más respeto con la mucha grosería. ¿Quiere, por favor? Ya. Ya. Les gusta los Dragon Ball Z. Y me lame el Picoro. Sí, yo tengo uno que te voy",0.1471779118922158
387,2,0.1024408977581885,24,24_amor_dije_pa_pa pa,0.0516267056658827,12.0,12_perro_perrito_selva_lobo,0.0508141920923058,"Jorge ""Chino"" Navarrete",1994,1990,9,9_auto_dijo dijo_micro_carabineros,"¿Y qué me dicen de la violencia? Uno va en la calle, le pegan un manotón, le cortan la cadena, salen arrancando a lo que he tenido que llegar sacar a mi suegra ",0.0008125135735768951
3104,2,0.323222910381439,5,5_colegio_niños_papá_hijo,0.2724143433042624,18.0,18_doctor_farmacia_examen_consulta,0.0508085670771766,Fabrizio Copano,2017,2010,5,5_colegio_niños_papá_hijo,"¿Quién descubrió América? Y ella rellenaba Arturo Prat, porque yo era superahuevonado en el colegio. Después de esto, después de esto, me cambié a un colegio de",0.2216057762270858
3329,2,0.13334259877389049,24,24_amor_dije_pa_pa pa,0.08253706153205,20.0,20_hermana_fea_curado_marihuana,0.0508055372418405,Alison Mandel,2018,2010,16,16_comida_comer_dieta_mamá,"Pero yo también soy mata pasiones porque desde que supe que venía Viña del Mar, me puse muy nerviosa, entonces cuando dormía apretaba los dientes y me dieron de",0.0317315242902095
228,2,0.1129012254084096,4,4_chileno_chile_argentino_chilenos,0.0621251060565162,0.0,0_presidente_país_huevón_pesos,0.0507761193518934,Pujillay,1990,1990,20,20_hermana_fea_curado_marihuana,"¡Ah! ¡Ah! ¡Ah! ¡Ah! ¡Temendá en barra, la que quedó en el Maracana! La Rusia la venció en el pasto y no le pegó. El fútbol no podrá jugar a la pelota mientras e",0.011348986704622803
3053,2,0.39839963492451125,3,3_humor_quinta_quinta vergara_vergara,0.3476270630430978,19.0,19_través_mar_viña_viña mar,0.0507725718814134,Rodrigo Villegas,2017,2010,3,3_humor_quinta_quinta vergara_vergara,"Ya estamos de regreso en esta noche, viernes del Festival de Viña del Mar 2017, pero llegó el turno del humor. Vamos a reírnos acá en el festival. Nuestro próxi",0.2968544911616844
2493,2,0.2653207882941287,0,0_presidente_país_huevón_pesos,0.2146010820776532,9.0,9_auto_dijo dijo_micro_carabineros,0.0507197062164755,León Murillo,2015,2010,0,0_presidente_país_huevón_pesos,"¿Y cómo vive uno, huevón? ¿Cómo vive uno? ¿Cómo vivimos todos los chilenos, puta, viviendo pidiendo plata restada, po, huevón. Porque me has te he dado cuenta q",0.16388137586117768
2437,2,0.42169371939179323,5,5_colegio_niños_papá_hijo,0.3709930516609371,11.0,11_hijos_mamá_papá_hijo,0.0507006677308561,Centella,2015,2010,5,5_colegio_niños_papá_hijo,"Usted no pude entrar porque a los niños le habían hablado nomás del cuco, pero no la habían visto. A la wea ahí están de cerca, po, weón. Y y de entrar al coleg",0.32029238393008097
2552,2,0.262634331923904,0,0_presidente_país_huevón_pesos,0.2119389388048516,4.0,4_chileno_chile_argentino_chilenos,0.0506953931190524,Arturo Ruiz-Tagle,2015,2010,0,0_presidente_país_huevón_pesos,"nivela. Y al frente viven los Piñera, que son gente de clase trabajadora. A ver, a ver, señores. Los Piñera tienen lo que tienen gracias al esfuerzo de todos no",0.16124354568579918
1908,2,0.1155008933980046,19,19_través_mar_viña_viña mar,0.0648078883266068,3.0,3_humor_quinta_quinta vergara_vergara,0.0506930050713978,Dinamita Show,2012,2010,6,6_quinta_vergara_público_quinta vergara,¿para qué era? Para que volviéramos nuevamente el año 2009 al Festival de la Canción de Viña del Mar. Logrando Porque siempre hablaron lo malo y nunca lo bueno ,0.014114883255209008
941,2,0.1364225100003077,1,1_canción_almas_cantar_vivo vivo,0.0858030735784794,13.0,13_ay ay_salta salta_salta_ay,0.0506194364218283,Memo Bunke,2000,2000,1,1_canción_almas_cantar_vivo vivo,"¿Me van a dejar cantar o no? Muchas gracias, muy amables. Estoy realmente... no puedo decir que estoy contento porque no sé realmente lo que siento, nunca había",0.0351836371566511
1125,2,0.10353010227107759,3,3_humor_quinta_quinta vergara_vergara,0.0529125217690338,17.0,17_natalia_chiqui_alison_javiera,0.0506175805020438,Gloria Benavides,2002,2000,17,17_natalia_chiqui_alison_javiera,"Mañana también te quiero contar: para estar con nosotros, va a estar con nosotros Cecilia Echenique. La verdad, amigos, que en el día de mañana nos vamos a sorp",0.0022949412669900013
60,2,0.10487350381161589,6,6_quinta_vergara_público_quinta vergara,0.0542708460593041,19.0,19_través_mar_viña_viña mar,0.0506026577523118,Gloria Benavides,1977,1970,3,3_humor_quinta_quinta vergara_vergara,"Y esta noche es noche de alegría en la Quinta Obregón. El encuentro con los artistas nacionales e internacionales que forman la gala del final de fiesta, festiv",0.0036681883069923024
3267,2,0.4214635319572039,19,19_través_mar_viña_viña mar,0.3708838259959918,3.0,3_humor_quinta_quinta vergara_vergara,0.0505797059612121,Jenny Cavallo,2018,2010,19,19_través_mar_viña_viña mar,No te despistes de la sintonía. Participa usando el hashtag Viña 2018. Ya viene.,0.3203041200347797
4081,2,0.2002083154301972,27,27_soltera_bebé_arturo vidal_tinder,0.1496439998228011,25.0,25_bailar_fiesta_bailemos_baile,0.0505643156073961,Javiera Contador,2024,2020,25,25_bailar_fiesta_bailemos_baile,"¿cachái? Y entonces digo, me fui a acostar, me fui a enojar y al día siguiente como que me levanté y en el coche igual tenían razón y lo quiero compartir porque",0.099079684215405
2722,2,0.120426838253649,6,6_quinta_vergara_público_quinta vergara,0.0698833286351411,17.0,17_natalia_chiqui_alison_javiera,0.0505435096185079,Natalia Valdebenito,2016,2010,6,6_quinta_vergara_público_quinta vergara,"¿Sabes lo que creo yo? Que no he tenido un pelo de huevo. Yo creo que eres brillante, eres genial, tienes escenario. Lo has demostrado más allá de nuestra front",0.019339819016633203
2384,2,0.1363529132699412,12,12_perro_perrito_selva_lobo,0.0858128480828478,20.0,20_hermana_fea_curado_marihuana,0.0505400651870934,Dinamita Show,2015,2010,10,10_maestro_hora hora_ruperto_hora,"Espero que se hayan reído por la ignorancia del flaco. What a fuck ¿Qué dijiste? Que la guata está flaca. ¿Quién sois vos? Flaquito, flaquito. Ya, para. Flaquit",0.0352727828957544
1540,2,0.1079400834074155,6,6_quinta_vergara_público_quinta vergara,0.0574086537762141,17.0,17_natalia_chiqui_alison_javiera,0.0505314296312014,Ruperto,2006,2000,3,3_humor_quinta_quinta vergara_vergara,"seguir pensando que Villa del Mar tiene grandes artistas. No, no, no, no, usted retírese simplemente. ¿Qué podemos seguir pensando que tiene grandes artistas? N",0.0068772241450126975
1427,2,0.2467330713988993,13,13_ay ay_salta salta_salta_ay,0.1962062350826393,29.0,29_reggaeton_calmado_dale_ten,0.05052683631626,Carlos García,2006,2000,13,13_ay ay_salta salta_salta_ay,"Que bella cosa la jornada de sol, la aria serena después de tempestad.",0.14567939876637928
2178,2,0.3745795198203986,19,19_través_mar_viña_viña mar,0.3240829046773276,3.0,3_humor_quinta_quinta vergara_vergara,0.050496615143071,Bastián Paz,2013,2010,19,19_través_mar_viña_viña mar,"Así le pedimos a Bastián Paz y seguimos, vamos avanzando en el Festival de Viña del Mar. Nos preparamos para escuchar toda la música del artista rock-pop del mo",0.27358628953425657
2909,2,0.3301516416406529,9,9_auto_dijo dijo_micro_carabineros,0.2796834980716073,18.0,18_doctor_farmacia_examen_consulta,0.0504681435690456,Juan Pablo López,2017,2010,9,9_auto_dijo dijo_micro_carabineros,"Gracias. Llevamos una vida llena de estrés ya del hecho de levantarte de tu cama, tenés que ir a sortear esa locomoción colectiva, todo el mundo enojado. Por ej",0.2292153545025617
1859,2,0.198161509674747,10,10_maestro_hora hora_ruperto_hora,0.1477209856724149,13.0,13_ay ay_salta salta_salta_ay,0.0504405240023321,Óscar Gangas,2011,2010,10,10_maestro_hora hora_ruperto_hora,"Obligado reino aquellos muchachos delicados y finos que son como los anteguinos que viven en el centro, sufren por el ojin. Por el smock. Esos muchachos delicad",0.09728046167008281
912,2,0.1315705489608623,3,3_humor_quinta_quinta vergara_vergara,0.0811428055694023,17.0,17_natalia_chiqui_alison_javiera,0.05042774339146,"Daniel Muñoz ""El Malo""",2000,2000,3,3_humor_quinta_quinta vergara_vergara,"Fuerte el aplauso para el malo que esta noche estuvo con nosotros en este escenario. Embregando su humor, un personaje que nació en la televisión y que se fue e",0.0307150621779423
2623,2,0.3435580265640325,3,3_humor_quinta_quinta vergara_vergara,0.2931843630500877,19.0,19_través_mar_viña_viña mar,0.0503736635139448,Edo Caroe,2016,2010,3,3_humor_quinta_quinta vergara_vergara,"Frozen. Esa canción la estuve escuchando tanto tiempo que... El público ha interrumpido esta rutina donde Edu Caroé, uno de los comediantes más jóvenes que se h",0.24281069953614293
4374,2,0.572966707960996,7,7_vieja_suegra_abuela_abuelita,0.5226175191677547,23.0,23_amante_marido_mujer_matrimonio,0.0503491887932414,Edo Caroe,2025,2020,7,7_vieja_suegra_abuela_abuelita,"estoy en un limbo, estoy en una No, como no no sabe dónde pertenecer generacionalmente y eso me hace sentir obsoleto. A veces estoy un poco A veces me siento un",0.47226833037451327
4432,2,0.2755768894644322,5,5_colegio_niños_papá_hijo,0.2252581185542996,11.0,11_hijos_mamá_papá_hijo,0.0503187709101326,Juan Pablo López,2025,2020,5,5_colegio_niños_papá_hijo,"A mi hijo le está yendo supermal en matemáticas, yo no soy quien va a exigirle porque a mí me fue como el hoyo en matemáticas. Con cueca sabía lo que era un tip",0.17493934764416702
2371,2,0.11802162154558099,20,20_hermana_fea_curado_marihuana,0.0677099222065795,24.0,24_amor_dije_pa_pa pa,0.0503116993390015,Dinamita Show,2015,2010,16,16_comida_comer_dieta_mamá,"vivito. Mi chimbombo. Ah, espere. ¿Qué? No voy a andar con el jugo yo. Tanto jugo para qué? Para, para revolverlo, para socavarlo. Ah, ya. ¡Ay, ya caché! Ahora ",0.017398222867577993
1318,2,0.1139578436685144,2,2_chiste_programa_hoy hoy_chistes,0.0636571055701563,12.0,12_perro_perrito_selva_lobo,0.0503007380983581,Felo,2005,2000,1,1_canción_almas_cantar_vivo vivo,"Tito Fernández, Héctor Baez, el Temucano. Y bien, amigos, vamos a continuar con esta versión del 46º Festival de la Canción de Viña del Mar. Me voy a despedir. ",0.013356367471798206
121,2,0.1156900716394332,9,9_auto_dijo dijo_micro_carabineros,0.0654437396460782,4.0,4_chileno_chile_argentino_chilenos,0.050246331993355,Carlos Helo,1979,1970,0,0_presidente_país_huevón_pesos,"también. Un señor árabe se va a confesar y le dice al padre, ""Padre, quiero hablar con usted en forma sanforizada y doble ancho."" ¿De qué se acusa, hijo? ""Me ac",0.015197407652723205
2441,2,0.1432191486913372,16,16_comida_comer_dieta_mamá,0.0929744622758181,11.0,11_hijos_mamá_papá_hijo,0.0502446864155191,Centella,2015,2010,11,11_hijos_mamá_papá_hijo,"¿Y qué pasó? Tengo un problema. ¿Qué problema tienes? Es que estoy esperando familia y no sé qué hacer. Yo le dije, ""Algo una parrillá, po, una hueva que alcanc",0.042729775860298996
1424,2,0.11313158252936559,22,22_verdad_agradecer_emocionado_quiero agradecer,0.0628905166165322,14.0,14_ho_ho ho_aplauso_muchas,0.0502410659128334,Carlos García,2006,2000,28,28_puta puta_noticias_puta_ta,"¿Van a aprender o no van a aprender? Drogarse es malo. Para ir despidiéndome, agradeciéndoles sinceramente estos minutos y a la gente de Canal 13 esta muestra, ",0.012649450703698793
1505,2,0.48829913513429907,7,7_vieja_suegra_abuela_abuelita,0.4380805580517176,23.0,23_amante_marido_mujer_matrimonio,0.0502185770825815,Coco Legrand,2006,2000,7,7_vieja_suegra_abuela_abuelita,"En 26 años de trabajo nunca había visto algo igual. Ustedes están prisioneros en dos cuerpos de octogenarios, pero realmente son dos quinceañeros. Y el viejo sa",0.3878619809691361
2654,2,0.2041154676310189,11,11_hijos_mamá_papá_hijo,0.1539028469770207,16.0,16_comida_comer_dieta_mamá,0.0502126206539982,Rodrigo González,2016,2010,5,5_colegio_niños_papá_hijo,"A nadie le falta Dios. Julio César es mejor que un jurado a MasterChef. Ha comido mucho más rico este huevón. Sí, yo soy padre, me he casado tres veces. O sea, ",0.1036902263230225
1861,2,0.14577564303433171,9,9_auto_dijo dijo_micro_carabineros,0.095579369510345,0.0,0_presidente_país_huevón_pesos,0.0501962735239867,Óscar Gangas,2011,2010,0,0_presidente_país_huevón_pesos,"Bueno, ahí entraría a pensarlo. ¿Ves? Y maricones, ahí lo que falta es plata. Sí, es verdad. Ay, que puro reírse. Ay, que puro reírse, chiquilla. Porque somos u",0.0453830959863583
15,2,0.14795973918413272,19,19_través_mar_viña_viña mar,0.0977878811033805,17.0,17_natalia_chiqui_alison_javiera,0.0501718580807522,Los Acetatos,1973,1970,19,19_través_mar_viña_viña mar,En el ranking internacional de Los Acetatos canta Sandro. Así como una rosa resechea por el viento. Así como una hoja reseca por el sol. Así como se enroja de c,0.0476160230226283
2115,2,0.1090203224770232,1,1_canción_almas_cantar_vivo vivo,0.0588487846607155,22.0,22_verdad_agradecer_emocionado_quiero agradecer,0.0501715378163077,Nancho Parra,2013,2010,8,8_anthony_amas_your_you,"Ay, nena, necesito mucho más amor. I am very very happy with you this night. Do you speak in English? Do you speak in English? Mi también. I am we are. Everybod",0.0086772468444078
2790,2,0.18556844967357838,16,16_comida_comer_dieta_mamá,0.1354143494106567,11.0,11_hijos_mamá_papá_hijo,0.0501541002629217,Los Locos del Humor,2016,2010,16,16_comida_comer_dieta_mamá,"¿Eh? Y es mamá por segunda vez. Si eso no es nada, ¿ah? Donde vivo yo, al lado de mi casa hay un cabrochico que tiene 8 años. ¿Y? Y es abuelo. No. Y al lado de ",0.085260249147735
4071,2,0.1454242247035957,5,5_colegio_niños_papá_hijo,0.0952749434634256,18.0,18_doctor_farmacia_examen_consulta,0.0501492812401701,Javiera Contador,2024,2020,2,2_chiste_programa_hoy hoy_chistes,"¿Cachái? Ah, ojo que yo encuentro bonita la balera separada, pero con un límite, o sea, si en vez de hilo dental usáis la bufanda, quizás es como mucha la separ",0.0451256622232555
2129,2,0.16754260710464858,24,24_amor_dije_pa_pa pa,0.1174239530532424,20.0,20_hermana_fea_curado_marihuana,0.0501186540514062,Nancho Parra,2013,2010,18,18_doctor_farmacia_examen_consulta,"la culebra y dice, ""Ay, de veras que la tía dijo que si me comía otro cliente me iba a echar de la pega, guá."" Y como las culebras no digieren al tiro, lo escup",0.0673052990018362
4077,2,0.118449129379433,10,10_maestro_hora hora_ruperto_hora,0.0683687738008515,2.0,2_chiste_programa_hoy hoy_chistes,0.0500803555785815,Javiera Contador,2024,2020,2,2_chiste_programa_hoy hoy_chistes,"y con esto... Sí, voy, voy. Yo lo lo voy a... Gracias, gracias. Yo lo voy a transparentar porque voy a tener que hablar de esto, vamos a hablar toda la semana, ",0.018288418222270002
1797,2,0.138193728575652,11,11_hijos_mamá_papá_hijo,0.0881165853377828,16.0,16_comida_comer_dieta_mamá,0.0500771432378692,Coco Legrand,2010,2010,0,0_presidente_país_huevón_pesos,"Debemos estar al lado del cariño, del afecto, de la enseñanza. Los seres humanos somos seres estructurados, sociales y esa estructura tiene una memoria que se l",0.0380394420999136
1928,2,0.1402123517550854,12,12_perro_perrito_selva_lobo,0.0901370051058553,10.0,10_maestro_hora hora_ruperto_hora,0.0500753466492301,Dinamita Show,2012,2010,18,18_doctor_farmacia_examen_consulta,"Imposible. Nadie va a querer. Mi amor, ¿a usted también? Mira, mira quién está ahí. Pero imagínale ahí yo ahí poniéndole todo mi talento ahí y estoy allá son 5 ",0.0400616584566252
2568,2,0.4253121137780955,1,1_canción_almas_cantar_vivo vivo,0.3752417515769107,13.0,13_ay ay_salta salta_salta_ay,0.0500703622011848,Arturo Ruiz-Tagle,2015,2010,1,1_canción_almas_cantar_vivo vivo,"Un cancionero. Al lado del pandero, por favor, vamos a alabaré, alabaré. Cuando el número de los reprimidos y todos alaban al señor, todos cantando todo y todos",0.32517138937572587
862,2,0.1304598896064511,0,0_presidente_país_huevón_pesos,0.0804109073830785,18.0,18_doctor_farmacia_examen_consulta,0.0500489822233726,Melón y Melame,1999,1990,0,0_presidente_país_huevón_pesos,"queso no venga con esa Oye, no tengo nada. Pero que en todo caso no hay que decir una cosa por otra porque la gente se puede se puede tergiversar. Claro que sí.",0.030361925159705906
1334,2,0.1285498589178545,0,0_presidente_país_huevón_pesos,0.078522438277555,9.0,9_auto_dijo dijo_micro_carabineros,0.0500274206402995,Paulo Iglesias,2005,2000,0,0_presidente_país_huevón_pesos,"Hoy es una época, hoy en día, estamos viviendo una época complicada. Vamos a hablar solamente de cosas positivas, tengo una ¿Qué sería lo más positivo, por ejem",0.02849501763725551
4454,2,0.1379183430665257,16,16_comida_comer_dieta_mamá,0.0878910773116141,20.0,20_hermana_fea_curado_marihuana,0.0500272657549116,Juan Pablo López,2025,2020,25,25_bailar_fiesta_bailemos_baile,"piscina templada, piscina no templada, lios, lagos, catalatas, yacuchis, estoy buscando huevadas con agua. ¿Pero dónde se desquita uno con los chinos? Por todos",0.037863811556702494
784,2,0.1137072713153013,16,16_comida_comer_dieta_mamá,0.0636826182079112,20.0,20_hermana_fea_curado_marihuana,0.0500246531073901,Dino Gordillo,1998,1990,9,9_auto_dijo dijo_micro_carabineros,"Muchas gracias, de verdad. Apaga la luz. Voy candidato fijo al otro año. He estado tantos años aquí para comunista designado ya que culas. Oye, llega la cosa el",0.0136579651005211
878,2,0.11076128907160221,12,12_perro_perrito_selva_lobo,0.0607505713424975,24.0,24_amor_dije_pa_pa pa,0.0500107177291047,Melón y Melame,1999,1990,27,27_soltera_bebé_arturo vidal_tinder,"Si hay que variar hay que darle espectáculo a la gente, hombre. Melón y melón y como nos animo por eso que siempre Anda muy unido. Ah, bueno. Pelote, sí. Tú me ",0.010739853613392795
3991,2,0.30559456631905363,1,1_canción_almas_cantar_vivo vivo,0.2555859075820645,13.0,13_ay ay_salta salta_salta_ay,0.0500086587369891,Fabrizio Copano,2023,2020,1,1_canción_almas_cantar_vivo vivo,"Ahora, voy a decir mi canción favorita del género urbano, una canción que se llama Los Malveques. ¿La conocen Los Malveques? Ya, me encantan Los Malveques y par",0.20557724884507542
1303,2,0.1109318186040523,3,3_humor_quinta_quinta vergara_vergara,0.0609308797920949,19.0,19_través_mar_viña_viña mar,0.0500009388119574,Felo,2005,2000,3,3_humor_quinta_quinta vergara_vergara,"Él es tremendo realmente, él sabe conjugar perfectamente, Ricardo, lo que es el humor negro con la inocencia, con su alegría que lo caracteriza. Esta noche le e",0.010929940980137498
